Q0口径,g,L_ctx,log10C,N,D,DN,dlnDN_dlnC,DN_slope_baseline,DN_slope_dev,regime
主口径p*加权,指数型,2048,17.0,30161574.288203552,517267349.9902996,17.14987901651431,0.09677430321494959,0.09677419354838708,1.0966656251165663e-07,0
主口径p*加权,指数型,2048,17.05,31771275.33714243,550978210.4139142,17.342023716932424,0.09677477092995979,0.09677419354838708,5.773815727055931e-07,0
主口径p*加权,指数型,2048,17.1,33466883.14570862,586886074.8770041,17.536323066651015,0.09677361334191659,0.09677419354838708,-5.80206470493505e-07,0
主口径p*加权,指数型,2048,17.15,35252990.79698912,625133977.93914,17.732792702301197,0.09677376770590129,0.09677419354838708,-4.258424857878085e-07,0
主口径p*加权,指数型,2048,17.2,37134414.34291416,665874668.3094777,17.931470849668518,0.09677480206597622,0.09677419354838708,6.085175891373806e-07,0
主口径p*加权,指数型,2048,17.25,39116251.29500591,709270414.8193018,18.132371874547612,0.09677463009196963,0.09677419354838708,4.365435825465225e-07,0
主口径p*加权,指数型,2048,17.3,41203854.73830286,755494357.2505987,18.33552617950319,0.09677390337728298,0.09677419354838708,-2.9017110410312075e-07,0
主口径p*加权,指数型,2048,17.35,43402878.42514439,804730645.0157014,18.54095106626616,0.09677390413145837,0.09677419354838708,-2.8941692871431446e-07,0
主口径p*加权,指数型,2048,17.4,45719255.769453265,857175836.981263,18.74868307795102,0.09677391533763569,0.09677419354838708,-2.782107513948917e-07,0
主口径p*加权,指数型,2048,17.45,48159263.49349298,913038804.9304063,18.958736880471005,0.09677351609525431,0.09677419354838708,-6.774531327718991e-07,0
主口径p*加权,指数型,2048,17.5,50729487.68431904,972542515.5443499,19.1711479839165,0.0967745737554182,0.09677419354838708,3.8020703112262577e-07,0
主口径p*加权,指数型,2048,17.55,53436881.80553276,1035924166.259396,19.385939659228736,0.09677486971131088,0.09677419354838708,6.761629238044575e-07,0
主口径p*加权,指数型,2048,17.6,56288766.6552875,1103436484.2488248,19.60313842025127,0.0967745554100592,0.09677419354838708,3.6186167211293974e-07,0
主口径p*加权,指数型,2048,17.65,59292857.406661816,1175348594.3628142,19.82276863976467,0.09677412066129243,0.09677419354838708,-7.28870946514748e-08,0
主口径p*加权,指数型,2048,17.7,62457274.248998456,1251947293.110832,20.04485959665311,0.09677402572610028,0.09677419354838708,-1.67822286803454e-07,0
主口径p*加权,指数型,2048,17.75,65790574.50680264,1333537993.4377694,20.269438341808122,0.09677383427728259,0.09677419354838708,-3.5927110449140987e-07,0
主口径p*加权,指数型,2048,17.8,69301771.3307069,1420446029.6746943,20.496532807168084,0.09677379638194594,0.09677419354838708,-3.971664411378528e-07,0
主口径p*加权,指数型,2048,17.85,73000357.84304872,1513017960.3871965,20.72617183110521,0.09677448321899007,0.09677419354838708,2.8967060299034397e-07,0
主口径p*加权,指数型,2048,17.9,76896329.66696084,1611623017.2513049,20.958386755665302,0.09677472607524784,0.09677419354838708,5.325268607608846e-07,0
主口径p*加权,指数型,2048,17.95,81000230.12061708,1716654197.1403148,21.19320148330508,0.09677432535685249,0.09677419354838708,1.3180846540616908e-07,0
主口径p*加权,指数型,2048,18.0,85323152.78782602,1828530368.8192658,21.430647005816716,0.09677475206288477,0.09677419354838708,5.585144976921752e-07,0
主口径p*加权,指数型,2048,18.05,89876782.16686296,1947697726.3523529,21.670754998062865,0.09677377722326241,0.09677419354838708,-4.163251246663835e-07,0
主口径p*加权,指数型,2048,18.1,94673450.50928251,2074631016.6255658,21.913546041317602,0.09677331337048578,0.09677419354838708,-8.801779012995725e-07,0
主口径p*加权,指数型,2048,18.15,99726103.22980836,2209836909.0377274,22.159062045625003,0.09677457428558967,0.09677419354838708,3.8073720258491317e-07,0
主口径p*加权,指数型,2048,18.2,105048408.5031994,2353854397.7752485,22.407330404282693,0.09677403584227307,0.09677419354838708,-1.5770611401511037e-07,0
主口径p*加权,指数型,2048,18.25,110654771.99341734,2507257417.134738,22.658375883544277,0.09677387068954779,0.09677419354838708,-3.22858839288398e-07,0
主口径p*加权,指数型,2048,18.3,116560334.11258532,2670658074.958284,22.912237643199465,0.0967746180465987,0.09677419354838708,4.244982116236029e-07,0
主口径p*加权,指数型,2048,18.35,122781070.82923909,2844707748.084475,23.168943949355395,0.09677433605780372,0.09677419354838708,1.4250941664240013e-07,0
主口径p*加权,指数型,2048,18.4,129333808.6136077,3030100307.911158,23.42852453192467,0.09677358930066582,0.09677419354838708,-6.042477212614417e-07,0
主口径p*加权,指数型,2048,18.45,136236267.69895053,3227574942.348931,23.69101118859992,0.09677451425165629,0.09677419354838708,3.2070326920485837e-07,0
主口径p*加权,指数型,2048,18.5,143507084.41844323,3437919721.1565056,23.9564460185958,0.0967745872780359,0.09677419354838708,3.937296488149e-07,0
主口径p*加权,指数型,2048,18.55,151165960.50737885,3661972380.9578342,24.224847767755776,0.09677352338776757,0.09677419354838708,-6.701606195119725e-07,0
主口径p*加权,指数型,2048,18.6,159233582.0647769,3900626863.7193556,24.496257718629757,0.0967737906077275,0.09677419354838708,-4.029406595745799e-07,0
主口径p*加权,指数型,2048,18.65,167731765.5422168,4154834737.6773043,24.77070890088237,0.09677409315873753,0.09677419354838708,-1.0038964955161322e-07,0
主口径p*加权,指数型,2048,18.7,176683486.37065452,4425609718.107852,25.04823630672314,0.09677443518927653,0.09677419354838708,2.416408894506672e-07,0
主口径p*加权,指数型,2048,18.75,186112951.55109033,4714031451.531492,25.32887374169353,0.09677433487141052,0.09677419354838708,1.413230234365015e-07,0
主口径p*加权,指数型,2048,18.8,196045665.00724536,5021249816.081782,25.61265415328724,0.09677450716264424,0.09677419354838708,3.1361425716081026e-07,0
主口径p*加权,指数型,2048,18.85,206508471.0464182,5348490159.824888,25.899616285584116,0.09677425596777312,0.09677419354838708,6.241938603490649e-08,0
主口径p*加权,指数型,2048,18.9,217529684.9001645,5697056697.815532,26.18978968516505,0.09677426068165573,0.09677419354838708,6.713326865248614e-08,0
主口径p*加权,指数型,2048,18.95,229139076.3978516,6068340118.664824,26.483218026629526,0.096774122649812,0.09677419354838708,-7.08985750802471e-08,0
主口径p*加权,指数型,2048,19.0,241368073.79703358,6463819907.148943,26.779929115995554,0.09677416284340445,0.09677419354838708,-3.070498262591759e-08,0
主口径p*加权,指数型,2048,19.05,254249700.54654256,6885074157.490297,27.07996958379869,-0.21304988486421905,0.09677419354838708,-0.3098240784126061,0
主口径p*加权,指数型,2048,19.1,274247995.243483,6992748297.986081,25.49790123999913,-0.5443520226498109,0.09677419354838708,-0.641126216198198,1
主口径p*加权,指数型,2048,19.15,296278061.8640865,7078031074.086369,23.88982508375297,-0.5259587272192547,0.09677419354838708,-0.6227329207676419,1
主口径p*加权,指数型,2048,19.2,319077033.6385681,7207822909.437901,22.589601098029835,-0.455323951661617,0.09677419354838708,-0.5520981452100041,1
主口径p*加权,指数型,2048,19.25,342801307.04915106,7374338076.172234,21.511989378485353,-0.39931556570592086,0.09677419354838708,-0.4960897592543079,1
主口径p*加权,指数型,2048,19.3,367561074.4578433,7573672435.1103945,20.605208117539775,-0.3532992097782035,0.09677419354838708,-0.45007340332659057,1
主口径p*加权,指数型,2048,19.35,393468157.34084845,7802975535.136296,19.831275770498593,-0.3150450339526074,0.09677419354838708,-0.4118192275009945,1
主口径p*加权,指数型,2048,19.4,420625237.21462697,8060608505.068292,19.163397228481823,-0.28285733921350165,0.09677419354838708,-0.3796315327618887,1
主口径p*加权,指数型,2048,19.45,449139792.7617484,8345386484.335982,18.58082187067066,-0.2554075013610557,0.09677419354838708,-0.3521816949094428,1
主口径p*加权,指数型,2048,19.5,479110216.63049895,8656995340.375572,18.068901559350486,-0.23203641909558925,0.09677419354838708,-0.3288106126439763,1
主口径p*加权,指数型,2048,19.55,510656743.82585835,8994775941.934122,17.614133271882288,-0.21182127065785394,0.09677419354838708,-0.308595464206241,1
主口径p*加权,指数型,2048,19.6,543874042.5346754,9359398880.52038,17.208761861297436,-0.19437496576906987,0.09677419354838708,-0.29114915931745694,1
主口径p*加权,指数型,2048,19.65,578897769.6654521,9750472409.799496,16.843168035410365,-0.1789833331586248,0.09677419354838708,-0.27575752670701187,1
主口径p*加权,指数型,2048,19.7,615816687.3831596,10169573621.096693,16.513962400582383,-0.165405709770722,0.09677419354838708,-0.26217990331910906,1
主口径p*加权,指数型,2048,19.75,654783016.4440538,10616481730.11874,16.21374022156825,-0.1534578323858362,0.09677419354838708,-0.2502320259342233,1
主口径p*加权,指数型,2048,19.8,695897222.50239,11093040825.861238,15.940630982793065,-0.14297932627598087,0.09677419354838708,-0.23975351982436793,1
主口径p*加权,指数型,2048,19.85,739331775.5896386,11599109539.72772,15.688639285761921,-0.13384169993298123,0.09677419354838708,-0.2306158934813683,1
主口径p*加权,指数型,2048,19.9,785201445.0385882,12136750620.911932,15.456862309156193,-0.125519651352068,0.09677419354838708,-0.22229384490045506,1
主口径p*加权,指数型,2048,19.95,833676430.9086488,12706643231.61536,15.241696610957336,-0.11876159791011176,0.09677419354838708,-0.21553579145849883,1
主口径p*加权,指数型,2048,20.0,884941179.4179718,13309433886.049114,15.039907957275492,-0.11265042006322723,0.09677419354838708,-0.2094246136116143,1
主口径p*加权,指数型,2048,20.05,939135508.6179951,13947505204.49259,14.8514299337029,-0.10670075418858538,0.09677419354838708,-0.20347494773697244,1
主口径p*加权,指数型,2048,20.1,996434018.6411208,14622567981.317425,14.674898395439007,-0.10211871449519094,0.09677419354838708,-0.198892908043578,1
主口径p*加权,指数型,2048,20.15,1057090222.9073316,15334458878.509346,14.50629146520223,-0.09801148420681294,0.09677419354838708,-0.1947856777552,1
主口径p*加权,指数型,2048,20.2,1121239303.9504445,16086896501.92061,14.347424715885277,-0.09434058312329796,0.09677419354838708,-0.19111477667168503,1
主口径p*加权,指数型,2048,20.25,1189166931.7933583,16879717142.888708,14.194573269400244,-0.09148881454979474,0.09677419354838708,-0.1882630080981818,1
主口径p*加权,指数型,2048,20.3,1261066136.483574,17715888441.476013,14.048342056726675,-0.08857455841829598,0.09677419354838708,-0.18534875196668305,1
主口径p*加权,指数型,2048,20.35,1337178472.7050238,18597486892.858677,13.908006502106774,0.13597864781784708,0.09677419354838708,0.039204454269459996,1
主口径p*加权,指数型,2048,20.4,1393620607.5767634,20200750168.731422,14.495157476077093,0.38550250321501345,0.09677419354838708,0.2887283096666264,2
主口径p*加权,指数型,2048,20.45,1449503043.289624,22031002861.094154,15.199004212571465,0.4084557300291092,0.09677419354838708,0.3116815364807221,2
主口径p*加权,指数型,2048,20.5,1508037478.7689507,24014892447.778023,15.924599213132282,0.4016717273300827,0.09677419354838708,0.30489753378169565,2
主口径p*加权,指数型,2048,20.55,1569364471.5383277,26164119534.4097,16.67179295117024,0.39487410269730105,0.09677419354838708,0.298099909148914,2
主口径p*加权,指数型,2048,20.6,1633632632.5384965,28491172438.96496,17.440379110628207,0.38806840107019447,0.09677419354838708,0.2912942075218074,2
主口径p*加权,指数型,2048,20.65,1700998551.427624,31009380636.487267,18.230104082370637,0.38126055799462755,0.09677419354838708,0.2844863644462405,2
主口径p*加权,指数型,2048,20.7,1771627706.4038384,33732959163.100563,19.04065907366839,0.374455337260887,0.09677419354838708,0.2776811437124999,2
主口径p*加权,指数型,2048,20.75,1845694756.86912,36677063775.0613,19.871684436746822,0.3676606923221719,0.09677419354838708,0.27088649877378485,2
主口径p*加权,指数型,2048,20.8,1923383501.9062605,39857855901.65219,20.722781422503193,0.36088294876717164,0.09677419354838708,0.2641087552187846,2
主口径p*加权,指数型,2048,20.85,2004888306.8243673,43292549253.450035,21.593496807821204,0.3541271926375398,0.09677419354838708,0.2573529990891527,2
主口径p*加权,指数型,2048,20.9,2090414037.6234248,46999482775.91423,22.483336760093504,0.34740014643304207,0.09677419354838708,0.250625952884655,2
主口径p*加权,指数型,2048,20.95,2180176869.2325954,50998184889.03218,23.391764956658367,0.34070747164279425,0.09677419354838708,0.24393327809440718,2
主口径p*加权,指数型,2048,21.0,2274404921.7525616,55309444814.8781,24.318204856969334,0.3340568104989412,0.09677419354838708,0.23728261695055414,2
主口径p*加权,指数型,2048,21.05,2373338280.856711,59955401655.12238,25.26205477690273,0.32745311600343463,0.09677419354838708,0.23067892245504756,2
主口径p*加权,指数型,2048,21.1,2477231038.133874,64959599260.11711,26.22266484641332,0.32090251607271547,0.09677419354838708,0.2241283225243284,2
主口径p*加权,指数型,2048,21.15,2586350217.6869044,70347109352.71062,27.199374961533774,0.3144128377132862,0.09677419354838708,0.21763864416489914,2
主口径p*加权,指数型,2048,21.2,2700977735.5468516,76144600470.63605,28.191495053260585,0.30798708190953583,0.09677419354838708,0.21121288836114877,2
主口径p*加权,指数型,2048,21.25,2821411426.1792955,82380429737.60324,29.198304427781146,0.3016325506398658,0.09677419354838708,0.20485835709147876,2
主口径p*加权,指数型,2048,21.3,2947964141.586361,89084789807.94907,30.219088675892333,0.2953548652541613,0.09677419354838708,0.19858067170577426,2
主口径p*加权,指数型,2048,21.35,3080966844.563122,96289768719.43738,31.253101242993473,0.28915809190499786,0.09677419354838708,0.1923838983566108,2
主口径p*加权,指数型,2048,21.4,3220767699.1228905,104029515137.43425,32.299602099761664,0.2830498532985306,0.09677419354838708,0.18627565975014354,2
主口径p*加权,指数型,2048,21.45,3367733418.7004805,112340359852.35207,33.35785404763458,0.277032685079762,0.09677419354838708,0.1802584915313749,2
主口径p*加权,指数型,2048,21.5,3522251719.6142917,121260912106.09567,34.42709998005892,0.2711110518467663,0.09677419354838708,0.17433685829837925,2
主口径p*加权,指数型,2048,21.55,3684730045.5134387,130832272502.49336,35.50660995146604,0.26529089332064615,0.09677419354838708,0.16851669977225908,2
主口径p*加权,指数型,2048,21.6,3855598267.551564,141098145777.0222,36.5956554562476,0.259575274230361,0.09677419354838708,0.1628010806819739,2
主口径p*加权,指数型,2048,21.65,4035309278.8562074,152105025347.55136,37.69352355333342,0.2539674885571017,0.09677419354838708,0.15719329500871465,2
主口径p*加权,指数型,2048,21.7,4224340610.2643657,163902360112.8876,38.799513399709106,0.24847092123494186,0.09677419354838708,0.1516967276865548,2
主口径p*加权,指数型,2048,21.75,4423195117.774574,176542765919.78543,39.912950077727686,0.2430895397069488,0.09677419354838708,0.14631534615856173,2
主口径p*加权,指数型,2048,21.8,4632402440.380803,190082228379.03876,41.03318544219858,0.23782471269478123,0.09677419354838708,0.14105051914639416,2
主口径p*加权,指数型,2048,21.85,4852521526.321404,204580281003.1402,42.159582372471874,0.23267931291353605,0.09677419354838708,0.13590511936514899,2
主口径p*加权,指数型,2048,21.9,5084140012.084209,220100316117.99222,43.29155286731837,0.22765649008408673,0.09677419354838708,0.13088229653569966,2
主口径p*加权,指数型,2048,21.95,5327877554.420752,236709770555.90765,44.42853052422351,0.22275620322321643,0.09677419354838708,0.12598200967482936,2
主口径p*加权,指数型,2048,22.0,5584387413.668086,254480391447.5286,45.56997439408918,0.2179807965970717,0.09677419354838708,0.12120660304868462,2
主口径p*加权,指数型,2048,22.05,5854356624.657613,273488584376.87222,46.715395373247695,0.21333095992168083,0.09677419354838708,0.11655676637329375,2
主口径p*加权,指数型,2048,22.1,6138510319.2491455,293815613581.33575,47.86431858882578,0.20880587693353903,0.09677419354838708,0.11203168338515195,2
主口径p*加权,指数型,2048,22.15,6437612043.556435,315547989421.3014,49.01631028498233,0.2044081520449339,0.09677419354838708,0.10763395849654682,2
主口径p*加权,指数型,2048,22.2,6752464767.89468,338777861777.9432,50.17099287784498,0.20013819237823327,0.09677419354838708,0.10336399882984619,2
主口径p*加权,指数型,2048,22.25,7083915341.480613,363603284920.2812,51.328011049364726,0.1959936123036634,0.09677419354838708,0.09921941875527633,2
主口径p*加权,指数型,2048,22.3,7432856503.249566,390128614593.5877,52.487037039263114,0.1919745169030982,0.09677419354838708,0.09520032335471111,2
主口径p*加权,指数型,2048,22.35,7800227425.109809,418465012353.975,53.64779634589743,0.18808111389671822,0.09677419354838708,0.09130692034833114,2
主口径p*加权,指数型,2048,22.4,8187017718.807182,448730819639.24786,54.81004622824076,0.18431185576067222,0.09677419354838708,0.08753766221228514,2
主口径p*加权,指数型,2048,22.45,8594269875.159517,481052039438.34064,55.97357849196141,0.18066569260910015,0.09677419354838708,0.08389149906071307,2
主口径p*加权,指数型,2048,22.5,9023081651.408169,515562860971.10626,57.138224044625154,0.1771404885314709,0.09677419354838708,0.08036629498308383,2
主口径p*加权,指数型,2048,22.55,9474610401.716274,552406121517.718,58.30383499649259,0.17373568600172007,0.09677419354838708,0.07696149245333299,2
主口径p*加权,指数型,2048,22.6,9950072852.716469,591734058616.503,59.470324225309945,0.17044909713649403,0.09677419354838708,0.07367490358810695,2
主口径p*加权,指数型,2048,22.65,10450753385.26121,633708643956.9541,60.63760387367661,0.1672781995907613,0.09677419354838708,0.07050400604237421,2
主口径p*加权,指数型,2048,22.7,10978002572.004614,678502503420.8503,61.80564259942179,0.16422068435711878,0.09677419354838708,0.0674464908087317,2
主口径p*加权,指数型,2048,22.75,11533245666.307442,726299329001.1104,62.974408940484054,0.1612757703211436,0.09677419354838708,0.06450157677275652,2
主口径p*加权,指数型,2048,22.8,12117979073.094912,777295048856.9152,64.14395042014173,0.15844105629662408,0.09677419354838708,0.061666862748237,2
主口径p*加权,指数型,2048,22.85,12733783883.586723,831698044658.4069,65.31428931587479,0.15571115287815473,0.09677419354838708,0.058936959329767655,2
主口径p*加权,指数型,2048,22.9,13382324703.687729,889730301851.3871,66.48548152520964,0.15308737862305932,0.09677419354838708,0.05631318507467224,2
主口径p*加权,指数型,2048,22.95,14065349758.732685,951628586604.8566,67.65765536786766,0.15056495388785152,0.09677419354838708,0.053790760339464436,2
主口径p*加权,指数型,2048,23.0,14784709165.821703,1017644523377.6254,68.83087871151011,0.14814120345279136,0.09677419354838708,0.05136700990440428,2
主口径p*加权,指数型,2048,23.05,15542342637.322426,1088046716784.8292,70.00532301816978,0.14581452694992336,0.09677419354838708,0.04904033340153628,2
主口径p*加权,指数型,2048,23.1,16340300762.780603,1163120774074.713,71.18111171637862,0.14358100615645952,0.09677419354838708,0.04680681260807244,2
主口径p*加权,指数型,2048,23.15,17180737781.809727,1243171296040.9397,72.35843488381269,0.14143951200252047,0.09677419354838708,0.04466531845413339,2
主口径p*加权,指数型,2048,23.2,18065925449.39847,1328522553446.4778,73.53747568413179,0.13938592283102125,0.09677419354838708,0.04261172928263417,2
主口径p*加权,指数型,2048,23.25,18998256499.80937,1419519960297.0884,74.71843325787985,0.1374165213906089,0.09677419354838708,0.04064232784222181,2
主口径p*加权,指数型,2048,23.3,19980253681.889603,1516531264034.4001,75.9015019618598,0.13553026441633875,0.09677419354838708,0.03875607086795167,2
主口径p*加权,指数型,2048,23.35,21014567917.84957,1619948649307.134,77.08693586467534,0.13372521926158853,0.09677419354838708,0.036951025713201455,2
主口径p*加权,指数型,2048,23.4,22103995906.699463,1730189544837.2114,78.27496675896556,0.1319962153198233,0.09677419354838708,0.03522202177143623,2
主口径p*加权,指数型,2048,23.45,23251484991.711704,1847698472305.0247,79.46582650371195,0.13034181724761496,0.09677419354838708,0.033567623699227875,2
主口径p*加权,指数型,2048,23.5,24460135018.858482,1972949293147.871,80.65978751248716,0.12875996932408285,0.09677419354838708,0.031985775775695766,2
主口径p*加权,指数型,2048,23.55,25733214273.55979,2106446522538.8726,81.8571088767248,0.12724723268598837,0.09677419354838708,0.030473039137601285,2
主口径p*加权,指数型,2048,23.6,27074164400.484207,2248727642896.522,83.05806264721893,0.12580102288217532,0.09677419354838708,0.029026829333788237,2
主口径p*加权,指数型,2048,23.65,28486611771.99547,2400365083887.176,84.26291982702273,0.12441921117245514,0.09677419354838708,0.027645017624068055,2
主口径p*加权,指数型,2048,23.7,29974373743.723324,2561968797345.4146,85.47197079911952,0.12309939818082682,0.09677419354838708,0.026325204632439744,2
主口径p*加权,指数型,2048,23.75,31541473571.77009,2734188314416.8945,86.68549705502721,0.1218383675965562,0.09677419354838708,0.025064174048169116,2
主口径p*加权,指数型,2048,23.8,33192149754.933636,2917715456054.738,87.90378079145214,0.12063462684929505,0.09677419354838708,0.023860433300907966,2
主口径p*加权,指数型,2048,23.85,34930863151.95668,3113287470136.348,89.1271268217131,0.1194864339279249,0.09677419354838708,0.022712240379537826,2
主口径p*加权,指数型,2048,23.9,36762314106.062874,3321689545092.995,90.35583384412624,0.11838977086767244,0.09677419354838708,0.02161557731928536,2
主口径p*加权,指数型,2048,23.95,38691459704.76454,3543757522348.017,91.59017388820902,0.11734407627234589,0.09677419354838708,0.020569882723958807,2
主口径p*加权,指数型,2048,24.0,40723508385.326805,3780382914912.301,92.83048206805337,0.11634698243108943,0.09677419354838708,0.01957278888270235,2
主口径p*加权,指数型,2048,24.05,42863961254.97363,4032514015364.4556,94.07702641800402,0.11539579036326941,0.09677419354838708,0.018621596814882332,2
主口径p*加权,指数型,2048,24.1,45118600673.02178,4301162062838.6733,95.33012989497502,0.1144886940257237,0.09677419354838708,0.017714500477336623,2
主口径p*加权,指数型,2048,24.15,47493529875.07834,4587403062382.732,96.59006341387814,0.11362429920975003,0.09677419354838708,0.016850105661362955,2
主口径p*加权,指数型,2048,24.2,49995162056.13267,4892384653050.987,97.85716161011747,0.11280094555041842,0.09677419354838708,0.01602675200203134,2
主口径p*加权,指数型,2048,24.25,52630267861.73327,5217327826459.067,99.13169813548514,0.11201570504267266,0.09677419354838708,0.015241511494285584,2
主口径p*加权,指数型,2048,24.3,55405970199.54455,5563534036419.51,100.41398095516507,0.11126842892833366,0.09677419354838708,0.014494235379946582,2
主口径p*加权,指数型,2048,24.35,58329771773.19367,5932389612800.33,101.70431723730229,0.11055704237178432,0.09677419354838708,0.01378284882339724,2
主口径p*加权,指数型,2048,24.4,61409578170.60428,6325371007099.045,103.00300369310943,0.10987867563346754,0.09677419354838708,0.013104482085080457,2
主口径p*加权,指数型,2048,24.45,64653723360.2005,6744050238778.149,104.31031483222586,0.10923250623735115,0.09677419354838708,0.012458312688964066,2
主口径p*加权,指数型,2048,24.5,68070974695.05541,7190102958514.59,105.62656096412367,0.10861768618596912,0.09677419354838708,0.01184349263758204,2
主口径p*加权,指数型,2048,24.55,71670574504.46552,7665313306077.972,106.95202820789969,0.10803209984166529,0.09677419354838708,0.011257906293278205,2
主口径p*加权,指数型,2048,24.6,75462256532.2311,8171581898744.641,108.28700696558725,0.10747599283818587,0.09677419354838708,0.010701799289798794,2
主口径p*加权,指数型,2048,24.65,79456261640.59627,8710934578208.226,109.63182005227368,0.10694612621270494,0.09677419354838708,0.01017193266431786,2
主口径p*加权,指数型,2048,24.7,83663407127.20143,9285525982930.896,110.98670615712827,0.10644102755195917,0.09677419354838708,0.009666834003572086,2
主口径p*加权,指数型,2048,24.75,88095059344.26051,9897654263187.72,112.35197906512975,0.10596132095241728,0.09677419354838708,0.009187127404030201,2
主口径p*加权,指数型,2048,24.8,92763202915.75854,10549766083186.35,113.72791960155747,0.10550488358338228,0.09677419354838708,0.0087306900349952,2
主口径p*加权,指数型,2048,24.85,97680459317.82776,11244467882770.4,115.11481376417076,0.1050702237445762,0.09677419354838708,0.008296030196189116,2
主口径p*加权,指数型,2048,24.9,102860131309.04607,11984535095821.576,116.51292821913394,0.1046570402132474,0.09677419354838708,0.007882846664860318,2
主口径p*加权,指数型,2048,24.95,108316215019.3826,12772925966188.322,117.92256555403709,0.10426547000861319,0.09677419354838708,0.007491276460226112,2
主口径p*加权,指数型,2048,25.0,114063455471.42455,13612791359878.555,119.34402042807535,0.10389131909968086,0.09677419354838708,0.0071171255512937764,2
主口径p*加权,指数型,2048,25.05,120117424476.15117,14507482747199.508,120.77750426691766,0.10353541849893233,0.09677419354838708,0.00676122495054525,2
主口径p*加权,指数型,2048,25.1,126494461279.67934,15460577630757.889,122.22335645648975,0.10319867471323718,0.09677419354838708,0.006424481164850102,2
主口径p*加权,指数型,2048,25.15,133211816977.93631,16475881914790.666,123.6818346042044,0.10287714277042426,0.09677419354838708,0.006102949222037177,2
主口径p*加权,指数型,2048,25.200000000000003,140287667627.932,17557448982159.613,125.15318900821067,0.10257197253907435,0.09677419354838708,0.005797778990687272,2
主口径p*加权,指数型,2048,25.25,147741125095.08002,18709600655637.75,126.63772963416268,0.1022820803477913,0.09677419354838708,0.005507886799404213,2
主口径p*加权,指数型,2048,25.3,155592361640.15796,19936935371732.938,128.13569484755007,0.10200607776502224,0.09677419354838708,0.00523188421663516,2
主口径p*加权,指数型,2048,25.35,163862595406.78598,21244355145734.766,129.64737372184317,0.10174390015525248,0.09677419354838708,0.0049697066068653956,2
主口径p*加权,指数型,2048,25.4,172574198026.57083,22637078775647.047,131.17302026900725,0.10149533830024993,0.09677419354838708,0.004721144751862846,2
主口径p*加权,指数型,2048,25.450000000000003,181750702839.22498,24120669412406.47,132.7129361020595,0.10125772422872359,0.09677419354838708,0.004483530680336509,2
主口径p*加权,指数型,2048,25.5,191416975939.40323,25701042606586.094,134.26731082995616,0.10103211549136759,0.09677419354838708,0.004257921942980511,2
主口径p*加权,指数型,2048,25.55,201599095885.82404,27384514714191.676,135.83649566415187,0.10081970606174195,0.09677419354838708,0.004045512513354874,2
主口径p*加权,指数型,2048,25.6,212324609683.83194,29177803538430.906,137.42073319658496,0.10061651367880486,0.09677419354838708,0.003842320130417784,2
主口径p*加权,指数型,2048,25.65,223622534576.0816,31088064616253.438,139.0202676809235,0.10042209650985967,0.09677419354838708,0.0036479029614725905,2
主口径p*加权,指数型,2048,25.700000000000003,235523439723.84613,33122919292834.445,140.63534114341843,0.10023908133733883,0.09677419354838708,0.003464887788951751,2
主口径p*加权,指数型,2048,25.75,248059438767.86884,35290497868749.74,142.26629731987012,0.10006500070164392,0.09677419354838708,0.0032908071532568445,2
主口径p*加权,指数型,2048,25.8,261264503070.05417,37599440203085.93,143.91331298842462,0.099899467294005,0.09677419354838708,0.0031252737456179264,2
主口径p*加权,指数型,2048,25.85,275174264447.8689,40058971018785.586,145.5767351614913,0.09974253382406673,0.09677419354838708,0.0029683402756796456,2
主口径p*加权,指数型,2048,25.9,289826401668.0229,42678895272673.85,147.25675448146274,0.0995936154085797,0.09677419354838708,0.002819421860192614,2
主口径p*加权,指数型,2048,25.950000000000003,305260455787.6435,45469678674471.47,148.95371415583145,0.09945046048526507,0.09677419354838708,0.0026762669368779884,2
主口径p*加权,指数型,2048,26.0,321518302689.99023,48442435650761.04,150.66773880512025,0.0993786739991215,0.09677419354838708,0.0026044804507344144,2
主口径p*加权,幂函数型,2048,17.0,30161574.288203552,517267349.9902996,17.14987901651431,0.09677430321494959,0.09677419354838708,1.0966656251165663e-07,0
主口径p*加权,幂函数型,2048,17.05,31771275.33714243,550978210.4139142,17.342023716932424,0.09677477092995979,0.09677419354838708,5.773815727055931e-07,0
主口径p*加权,幂函数型,2048,17.1,33466883.14570862,586886074.8770041,17.536323066651015,0.09677361334191659,0.09677419354838708,-5.80206470493505e-07,0
主口径p*加权,幂函数型,2048,17.15,35252990.79698912,625133977.93914,17.732792702301197,0.09677376770590129,0.09677419354838708,-4.258424857878085e-07,0
主口径p*加权,幂函数型,2048,17.2,37134414.34291416,665874668.3094777,17.931470849668518,0.09677480206597622,0.09677419354838708,6.085175891373806e-07,0
主口径p*加权,幂函数型,2048,17.25,39116251.29500591,709270414.8193018,18.132371874547612,0.09677463009196963,0.09677419354838708,4.365435825465225e-07,0
主口径p*加权,幂函数型,2048,17.3,41203854.73830286,755494357.2505987,18.33552617950319,0.09677390337728298,0.09677419354838708,-2.9017110410312075e-07,0
主口径p*加权,幂函数型,2048,17.35,43402878.42514439,804730645.0157014,18.54095106626616,0.09677390413145837,0.09677419354838708,-2.8941692871431446e-07,0
主口径p*加权,幂函数型,2048,17.4,45719255.769453265,857175836.981263,18.74868307795102,0.09677391533763569,0.09677419354838708,-2.782107513948917e-07,0
主口径p*加权,幂函数型,2048,17.45,48159263.49349298,913038804.9304063,18.958736880471005,0.09677351609525431,0.09677419354838708,-6.774531327718991e-07,0
主口径p*加权,幂函数型,2048,17.5,50729487.68431904,972542515.5443499,19.1711479839165,0.0967745737554182,0.09677419354838708,3.8020703112262577e-07,0
主口径p*加权,幂函数型,2048,17.55,53436881.80553276,1035924166.259396,19.385939659228736,0.09677486971131088,0.09677419354838708,6.761629238044575e-07,0
主口径p*加权,幂函数型,2048,17.6,56288766.6552875,1103436484.2488248,19.60313842025127,0.0967745554100592,0.09677419354838708,3.6186167211293974e-07,0
主口径p*加权,幂函数型,2048,17.65,59292857.406661816,1175348594.3628142,19.82276863976467,0.09677412066129243,0.09677419354838708,-7.28870946514748e-08,0
主口径p*加权,幂函数型,2048,17.7,62457274.248998456,1251947293.110832,20.04485959665311,0.09677402572610028,0.09677419354838708,-1.67822286803454e-07,0
主口径p*加权,幂函数型,2048,17.75,65790574.50680264,1333537993.4377694,20.269438341808122,0.09677383427728259,0.09677419354838708,-3.5927110449140987e-07,0
主口径p*加权,幂函数型,2048,17.8,69301771.3307069,1420446029.6746943,20.496532807168084,0.09677379638194594,0.09677419354838708,-3.971664411378528e-07,0
主口径p*加权,幂函数型,2048,17.85,73000357.84304872,1513017960.3871965,20.72617183110521,0.09677448321899007,0.09677419354838708,2.8967060299034397e-07,0
主口径p*加权,幂函数型,2048,17.9,76896329.66696084,1611623017.2513049,20.958386755665302,0.09677472607524784,0.09677419354838708,5.325268607608846e-07,0
主口径p*加权,幂函数型,2048,17.95,81000230.12061708,1716654197.1403148,21.19320148330508,0.09677432535685249,0.09677419354838708,1.3180846540616908e-07,0
主口径p*加权,幂函数型,2048,18.0,85323152.78782602,1828530368.8192658,21.430647005816716,0.09677475206288477,0.09677419354838708,5.585144976921752e-07,0
主口径p*加权,幂函数型,2048,18.05,89876782.16686296,1947697726.3523529,21.670754998062865,0.09677377722326241,0.09677419354838708,-4.163251246663835e-07,0
主口径p*加权,幂函数型,2048,18.1,94673450.50928251,2074631016.6255658,21.913546041317602,0.09677331337048578,0.09677419354838708,-8.801779012995725e-07,0
主口径p*加权,幂函数型,2048,18.15,99726103.22980836,2209836909.0377274,22.159062045625003,0.09677457428558967,0.09677419354838708,3.8073720258491317e-07,0
主口径p*加权,幂函数型,2048,18.2,105048408.5031994,2353854397.7752485,22.407330404282693,0.09677403584227307,0.09677419354838708,-1.5770611401511037e-07,0
主口径p*加权,幂函数型,2048,18.25,110654771.99341734,2507257417.134738,22.658375883544277,0.09677387068954779,0.09677419354838708,-3.22858839288398e-07,0
主口径p*加权,幂函数型,2048,18.3,116560334.11258532,2670658074.958284,22.912237643199465,0.0967746180465987,0.09677419354838708,4.244982116236029e-07,0
主口径p*加权,幂函数型,2048,18.35,122781070.82923909,2844707748.084475,23.168943949355395,0.09677433605780372,0.09677419354838708,1.4250941664240013e-07,0
主口径p*加权,幂函数型,2048,18.4,129333808.6136077,3030100307.911158,23.42852453192467,0.09677358930066582,0.09677419354838708,-6.042477212614417e-07,0
主口径p*加权,幂函数型,2048,18.45,136236267.69895053,3227574942.348931,23.69101118859992,0.09677451425165629,0.09677419354838708,3.2070326920485837e-07,0
主口径p*加权,幂函数型,2048,18.5,143507084.41844323,3437919721.1565056,23.9564460185958,0.0967745872780359,0.09677419354838708,3.937296488149e-07,0
主口径p*加权,幂函数型,2048,18.55,151165960.50737885,3661972380.9578342,24.224847767755776,0.09677352338776757,0.09677419354838708,-6.701606195119725e-07,0
主口径p*加权,幂函数型,2048,18.6,159233582.0647769,3900626863.7193556,24.496257718629757,0.0967737906077275,0.09677419354838708,-4.029406595745799e-07,0
主口径p*加权,幂函数型,2048,18.65,167731765.5422168,4154834737.6773043,24.77070890088237,0.09677409315873753,0.09677419354838708,-1.0038964955161322e-07,0
主口径p*加权,幂函数型,2048,18.7,176683486.37065452,4425609718.107852,25.04823630672314,0.09677443518927653,0.09677419354838708,2.416408894506672e-07,0
主口径p*加权,幂函数型,2048,18.75,186112951.55109033,4714031451.531492,25.32887374169353,0.09677433487141052,0.09677419354838708,1.413230234365015e-07,0
主口径p*加权,幂函数型,2048,18.8,196045665.00724536,5021249816.081782,25.61265415328724,0.09677450716264424,0.09677419354838708,3.1361425716081026e-07,0
主口径p*加权,幂函数型,2048,18.85,206508471.0464182,5348490159.824888,25.899616285584116,0.09677425596777312,0.09677419354838708,6.241938603490649e-08,0
主口径p*加权,幂函数型,2048,18.9,217529684.9001645,5697056697.815532,26.18978968516505,0.09677426068165573,0.09677419354838708,6.713326865248614e-08,0
主口径p*加权,幂函数型,2048,18.95,229139076.3978516,6068340118.664824,26.483218026629526,0.096774122649812,0.09677419354838708,-7.08985750802471e-08,0
主口径p*加权,幂函数型,2048,19.0,241368073.79703358,6463819907.148943,26.779929115995554,0.09677416284340445,0.09677419354838708,-3.070498262591759e-08,0
主口径p*加权,幂函数型,2048,19.05,254249700.54654256,6885074157.490297,27.07996958379869,0.0967741255827157,0.09677419354838708,-6.796567138256382e-08,0
主口径p*加权,幂函数型,2048,19.1,267818836.1076158,7333781287.83294,27.38336628752302,0.09677415034783365,0.09677419354838708,-4.320055342621476e-08,0
主口径p*加权,幂函数型,2048,19.15,282112118.7062969,7811731900.151727,27.690167781428823,0.09677486219601583,0.09677419354838708,6.686476287515175e-07,0
主口径p*加权,幂函数型,2048,19.2,297168228.4356209,8320830919.11407,28.000405571340245,0.09677374679192496,0.09677419354838708,-4.467564621163378e-07,0
主口径p*加权,幂函数型,2048,19.25,313027905.4314851,8863107506.003946,28.314113062178365,0.0967734018932358,0.09677419354838708,-7.916551512804348e-07,0
主口径p*加权,幂函数型,2048,19.3,329733980.3347489,9440725435.746243,28.631339197015524,0.09677424997292228,0.09677419354838708,5.642453519694168e-08,0
主口径p*加权,幂函数型,2048,19.35,347331636.6263426,10055987611.684063,28.95212111789931,0.09677476996316692,0.09677419354838708,5.764147798376085e-07,0
主口径p*加权,幂函数型,2048,19.4,365868455.1680255,10711347419.209387,29.276498883431174,0.09677405211665047,0.09677419354838708,-1.4143173661385067e-07,0
主口径p*加权,幂函数型,2048,19.45,385394613.24794185,11409416446.134565,29.6045041989063,0.09677384901717367,0.09677419354838708,-3.4453121340594084e-07,0
主口径p*加权,幂函数型,2048,19.5,405962832.65679455,12152980419.883274,29.936189823952525,-0.2504868046005395,0.09677419354838708,-0.3472609981489266,0
主口径p*加权,幂函数型,2048,19.55,439223418.9898398,12274239690.970825,27.945321584172532,-0.9562894326219613,0.09677419354838708,-1.0530636261703483,1
主口径p*加权,幂函数型,2048,19.6,488421300.1713214,11731733154.265678,24.019700103477447,-1.2050862466698788,0.09677419354838708,-1.3018604402182659,1
主口径p*加权,幂函数型,2048,19.65,538457538.1163502,11401236335.781305,21.173881928861995,-1.025918423425594,0.09677419354838708,-1.122692616973981,1
主口径p*加权,幂函数型,2048,19.7,590381140.5651253,11197168510.269749,18.965999658375914,-0.9084831682987407,0.09677419354838708,-1.0052573618471277,1
主口径p*加权,幂函数型,2048,19.75,644865970.342153,11076986590.017057,17.177192004936824,-0.8266584981918825,0.09677419354838708,-0.9234326917402697,1
主口径p*加权,幂函数型,2048,19.8,702501342.5709906,11014303698.412792,15.678694161783403,-0.7688264023172913,0.09677419354838708,-0.8656005958656784,1
主口径p*加权,幂函数型,2048,19.85,763835464.2602671,10991813433.322025,14.390289463670026,-0.7278410863531004,0.09677419354838708,-0.8246152799014875,1
主口径p*加权,幂函数型,2048,19.9,829408053.2920452,10997501448.6799,13.259458242573318,-0.6993070151432441,0.09677419354838708,-0.7960812086916312,1
主口径p*加权,幂函数型,2048,19.95,899780977.480996,11022386508.313723,12.250077278997068,-0.6806742720290089,0.09677419354838708,-0.777448465577396,1
主口径p*加权,幂函数型,2048,20.0,975571325.5008302,11059038744.038553,11.335961251588818,-0.6700117711544582,0.09677419354838708,-0.7667859647028453,1
主口径p*加权,幂函数型,2048,20.05,1057434464.1190771,11101741538.534922,10.498751379153802,-0.6664902982073642,0.09677419354838708,-0.7632644917557513,1
主口径p*加权,幂函数型,2048,20.1,1146159336.2492757,11144339124.865746,9.723202326593436,-0.17245792686060746,0.09677419354838708,-0.2692321204089945,1
主口径p*加权,幂函数型,2048,20.15,1196120261.675785,12068872681.697021,10.0900160864998,0.3923862568122676,0.09677419354838708,0.2956120632638805,2
主口径p*加权,幂函数型,2048,20.2,1241518770.3978124,13212994024.987818,10.642605122074842,0.4598837712318211,0.09677419354838708,0.36310957768343405,2
主口径p*加权,幂函数型,2048,20.25,1288976291.1887305,14458564108.791334,11.217090808906374,0.45338181421717927,0.09677419354838708,0.3566076206687922,2
主口径p*加权,幂函数型,2048,20.3,1338599439.9018567,15813819192.370325,11.813705221279461,0.44682917354281315,0.09677419354838708,0.3500549799944261,2
主口径p*加权,幂函数型,2048,20.35,1390500913.2000377,17287589102.33489,12.43263412359075,0.4402277030762374,0.09677419354838708,0.3434535095278503,2
主口径p*加权,幂函数型,2048,20.4,1444799943.3641608,18889332714.22285,13.074012634745658,0.43358214492207203,0.09677419354838708,0.33680795137368497,2
主口径p*加权,幂函数型,2048,20.45,1501622053.1021533,20629181903.496197,13.737932165340156,0.426897909900088,0.09677419354838708,0.33012371635170096,2
主口径p*加权,幂函数型,2048,20.5,1561099932.9604294,22517978306.279354,14.424431025102182,0.4201797396212097,0.09677419354838708,0.3234055460728226,2
主口径p*加权,幂函数型,2048,20.55,1623373463.981918,24567320081.27334,15.133498622684757,0.41343312003628974,0.09677419354838708,0.31665892648790267,2
主口径p*加权,幂函数型,2048,20.6,1688590381.2118812,26789605258.548283,15.86507039044111,0.40666292860599107,0.09677419354838708,0.309888735057604,2
主口径p*加权,幂函数型,2048,20.65,1756906603.0545168,29198081030.72033,16.619028569849547,0.39987468203649357,0.09677419354838708,0.3031004884881065,2
主口径p*加权,幂函数型,2048,20.7,1828486683.8829947,31806894870.1714,17.395201808429867,0.393074258699853,0.09677419354838708,0.29630006515146595,2
主口径p*加权,幂函数型,2048,20.75,1903504228.5976126,34631149423.84935,18.19336616308097,0.38626699318943913,0.09677419354838708,0.28949279964105207,2
主口径p*加权,幂函数型,2048,20.8,1982142614.1350658,37686956760.86161,19.013241777916576,0.3794596484663355,0.09677419354838708,0.28268545491794844,2
主口径p*加权,幂函数型,2048,20.85,2064594945.9388824,40991507011.42579,19.85450322449799,0.3726574038167776,0.09677419354838708,0.2758832102683905,2
主口径p*加权,幂函数型,2048,20.9,2151065620.4407125,44563118040.40809,20.716763643536805,0.3658658262828105,0.09677419354838708,0.26909163273442344,2
主口径p*加权,幂函数型,2048,20.95,2241769801.4383984,48421319762.72917,21.599594985917086,0.35909355397699727,0.09677419354838708,0.2623193604286102,2
主口径p*加权,幂函数型,2048,21.0,2336934290.439014,52586923960.084175,22.50252571295244,0.3523443974510574,0.09677419354838708,0.2555702039026703,2
主口径p*加权,幂函数型,2048,21.05,2436799269.408429,57082081763.45661,23.425024161844146,0.34562618243545096,0.09677419354838708,0.2488519888870639,2
主口径p*加权,幂函数型,2048,21.1,2541616656.7809753,61930406820.93213,24.366541136604223,0.3389441898955692,0.09677419354838708,0.24216999634718211,2
主口径p*加权,幂函数型,2048,21.15,2651653969.08685,67157004452.321526,25.32645859348246,0.33230420944431494,0.09677419354838708,0.23553001589592787,2
主口径p*加权,幂函数型,2048,21.2,2767191643.1438594,72788629653.81682,26.304152021477,0.3257149862212252,0.09677419354838708,0.22894079267283812,2
主口径p*加权,幂函数型,2048,21.25,2888526288.3790545,78853738722.08673,27.298951385461283,0.3191800521594903,0.09677419354838708,0.22240585861110324,2
主口径p*加权,幂函数型,2048,21.3,3015970686.255547,85382610160.12329,28.310159163426537,0.31270614690554055,0.09677419354838708,0.21593195335715348,2
主口径p*加权,幂函数型,2048,21.35,3149854361.7856736,92407464435.09717,29.337059375250213,0.30629867270919675,0.09677419354838708,0.20952447916080968,2
主口径p*加权,幂函数型,2048,21.4,3290525213.290693,99962567247.34372,30.378909373976825,0.2999637710981098,0.09677419354838708,0.20318957754972272,2
主口径p*加权,幂函数型,2048,21.45,3438349345.267337,108084385300.60773,31.43496324751841,0.29370751718667343,0.09677419354838708,0.19693332363828636,2
主口径p*加权,幂函数型,2048,21.5,3593713126.5523925,116811697732.64386,32.504458096438675,0.28753493382235185,0.09677419354838708,0.19076074027396478,2
主口径p*加权,幂函数型,2048,21.55,3757023462.6482563,126185762846.41823,33.5866315717582,0.2814490160039078,0.09677419354838708,0.18467482245552075,2
主口径p*加权,幂函数型,2048,21.6,3928710591.1896815,136250426143.49579,34.68069815298785,0.2754557978762904,0.09677419354838708,0.1786816043279033,2
主口径p*加权,幂函数型,2048,21.65,4109226011.6095757,147052380279.01376,35.78590709383094,0.26956135006915716,0.09677419354838708,0.1727871565207701,2
主口径p*加权,幂函数型,2048,21.7,4299046784.868971,158641255419.0114,36.901495461126174,0.26376875285431645,0.09677419354838708,0.16699455930592938,2
主口径p*加权,幂函数型,2048,21.75,4498674917.946217,171069866635.49875,38.026723369822285,0.2580809249552285,0.09677419354838708,0.16130673140684143,2
主口径p*加权,幂函数型,2048,21.8,4708640736.346833,184394352086.381,39.16084543528842,0.25250174149364923,0.09677419354838708,0.15572754794526217,2
主口径p*加权,幂函数型,2048,21.85,4929501555.968656,198674481177.10083,40.30315822429251,0.2470360412609356,0.09677419354838708,0.15026184771254852,2
主口径p*加权,幂函数型,2048,21.9,5161845215.50417,213973820358.20642,41.45297106459382,0.2416854610762158,0.09677419354838708,0.14491126752782874,2
主口径p*加权,幂函数型,2048,21.95,5406291201.304337,230359994885.6138,42.60961652047831,0.23645259280672803,0.09677419354838708,0.13967839925834097,2
主口径p*加权,幂函数型,2048,22.0,5663492073.081641,247904961965.4605,43.77245677516584,0.2313398033539542,0.09677419354838708,0.13456560980556714,2
主口径p*加权,幂函数型,2048,22.05,5934135383.702222,266685286917.2903,44.940883494118935,0.22634798761825792,0.09677419354838708,0.12957379406987085,2
主口径p*加权,幂函数型,2048,22.1,6218946182.614081,286782416457.0859,46.11431069444298,0.22148040425788196,0.09677419354838708,0.12470621070949488,2
主口径p*加权,幂函数型,2048,22.15,6518686327.77345,308283109007.3003,47.29221402996987,0.21673840181752269,0.09677419354838708,0.1199642082691356,2
主口径p*加权,幂函数型,2048,22.2,6834160295.672873,331279622389.889,48.47407846134989,0.21212105571530415,0.09677419354838708,0.11534686216691707,2
主口径p*加权,幂函数型,2048,22.25,7166215047.26209,355870172233.62646,49.6594324739933,0.2076308163488214,0.09677419354838708,0.11085662280043433,2
主口径p*加权,幂函数型,2048,22.3,7515741731.238968,382159351077.5671,50.84785570652761,0.20326633844518938,0.09677419354838708,0.1064921448968023,2
主口径p*加权,幂函数型,2048,22.35,7883681594.651218,410258380713.2008,52.03893330643207,0.19902866331989344,0.09677419354838708,0.10225446977150636,2
主口径p*加权,幂函数型,2048,22.4,8271022527.172323,440285834680.7956,53.232334120037684,0.19491870490332985,0.09677419354838708,0.09814451135494277,2
主口径p*加权,幂函数型,2048,22.45,8678807594.823292,472367834119.473,54.427734335443674,0.19093375665616108,0.09677419354838708,0.094159563107774,2
主口径p*加权,幂函数型,2048,22.5,9108135020.85959,506638681938.98267,55.62485413080405,0.18707132843747942,0.09677419354838708,0.09029713488909234,2
主口径p*加权,幂函数型,2048,22.55,9560164081.120983,543241244284.6903,56.82342266043955,0.18333386146635888,0.09677419354838708,0.0865596679179718,2
主口径p*加权,幂函数型,2048,22.6,10036109453.663996,582327983370.6897,58.02327944501369,0.17972148015442002,0.09677419354838708,0.08294728660603294,2
主口径p*加权,幂函数型,2048,22.65,10537255355.016546,624060998794.5076,59.22424557144346,0.1762290915162339,0.09677419354838708,0.07945489796784681,2
主口径p*加权,幂函数型,2048,22.7,11064953717.767113,668612947174.7751,60.426185615324925,0.1728546749870432,0.09677419354838708,0.07608048143865613,2
主口径p*加权,幂函数型,2048,22.75,11620629956.587334,716167611967.3304,61.62898350974164,0.1695982078788596,0.09677419354838708,0.07282401433047252,2
主口径p*加权,幂函数型,2048,22.8,12205781596.66501,766920939932.9097,62.832595672730676,0.16645882384814925,0.09677419354838708,0.06968463029976217,2
主口径p*加权,幂函数型,2048,22.85,12821988217.13199,821081487636.542,64.03698659927491,0.16343145679951476,0.09677419354838708,0.06665726325112768,2
主口径p*加权,幂函数型,2048,22.9,13470915518.085344,878871253008.5714,65.24213234272348,0.16051540535284303,0.09677419354838708,0.06374121180445595,2
主口径p*加权,幂函数型,2048,22.95,14154313619.108276,940526944110.7146,66.44807861548344,0.15770831101925964,0.09677419354838708,0.06093411747087256,2
主口径p*加权,幂函数型,2048,23.0,14874030390.48515,1006300393407.1504,67.65485661847755,0.15500726168117396,0.09677419354838708,0.05823306813278688,2
主口径p*加权,幂函数型,2048,23.05,15632008228.228193,1076460079676.9677,68.86255840968035,0.15241006798166623,0.09677419354838708,0.05563587443327915,2
主口径p*加权,幂函数型,2048,23.1,16430296558.329882,1151291735397.9805,70.07126933532402,0.1499137710045204,0.09677419354838708,0.05313957745613333,2
主口径p*加权,幂函数型,2048,23.15,17271051003.56891,1231099904316.655,71.28112261739365,0.14751661205273336,0.09677419354838708,0.050742418504346284,2
主口径p*加权,幂函数型,2048,23.2,18156543388.194668,1316208883889.1233,72.4922610955188,0.1452147731198039,0.09677419354838708,0.04844057957141683,2
主口径p*加权,幂函数型,2048,23.25,19089167512.32298,1406964038561.1106,73.70484006978552,0.14300647747608863,0.09677419354838708,0.046232283927701553,2
主口径p*加权,幂函数型,2048,23.3,20071441721.756016,1503733456709.7244,74.91905551955365,0.14088836728677023,0.09677419354838708,0.04411417373838315,2
主口径p*加权,幂函数型,2048,23.35,21106023110.667152,1606908892991.9766,76.13508639530637,0.13885592621523557,0.09677419354838708,0.04208173266684849,2
主口径p*加权,幂函数型,2048,23.4,22195710248.980865,1716907639621.1257,77.35312906690872,0.13690893763213907,0.09677419354838708,0.04013474408375199,2
主口径p*加权,幂函数型,2048,23.45,23343444861.696186,1834174643365.5505,78.57343482217625,0.13504542372506734,0.09677419354838708,0.03827123017668026,2
主口径p*加权,幂函数型,2048,23.5,24552329389.610706,1959183572368.516,79.79624015624125,0.1332603645126369,0.09677419354838708,0.03648617096424982,2
主口径p*加权,幂函数型,2048,23.55,25825633876.014862,2092438802011.2915,81.0217790609434,0.13155168359052283,0.09677419354838708,0.03477749004213575,2
主口径p*加权,幂函数型,2048,23.6,27166798790.42755,2234477898029.1284,82.25032015242316,0.1299176125922159,0.09677419354838708,0.03314341904382882,2
主口径p*加权,幂函数型,2048,23.65,28579449277.964096,2385873382639.3384,83.48213289326546,0.1283529303151809,0.09677419354838708,0.03157873676679383,2
主口径p*加权,幂函数型,2048,23.7,30067411205.72327,2547234494035.84,84.717452946231,0.1268575573410935,0.09677419354838708,0.030083363792706416,2
主口径p*加权,幂函数型,2048,23.75,31634698427.072983,2719211515738.449,85.95661254704257,0.12542864157106948,0.09677419354838708,0.028654448022682397,2
主口径p*加权,幂函数型,2048,23.8,33285556595.37688,2902495651907.152,87.1998532934338,0.12406382626149792,0.09677419354838708,0.027289632713110842,2
主口径p*加权,幂函数型,2048,23.85,35024438417.57365,3097824821517.1187,88.44752297192503,0.12276050705047226,0.09677419354838708,0.025986313502085176,2
主口径p*加权,幂函数型,2048,23.9,36856054901.56995,3305983267477.9536,89.69986821180716,0.12151480300739692,0.09677419354838708,0.02474060945900984,2
主口径p*加权,幂函数型,2048,23.95,38785352988.547386,3527807696460.4756,90.95721515032166,0.12032581765961226,0.09677419354838708,0.023551624111225175,2
主口径p*加权,幂函数型,2048,24.0,40817553694.83015,3764188464641.662,92.21984474582624,0.11919073241073619,0.09677419354838708,0.02241653886234911,2
主口径p*加权,幂函数型,2048,24.05,42958148441.260574,4016074704083.536,93.48807734520895,0.1181084595061428,0.09677419354838708,0.021334265957755713,2
主口径p*加权,幂函数型,2048,24.1,45212924552.51118,4284477165226.453,94.76222136991774,0.11707567590707058,0.09677419354838708,0.020301482358683495,2
主口径p*加权,幂函数型,2048,24.15,47587980909.598915,4570472230226.082,96.04257509702786,0.11609048833319946,0.09677419354838708,0.01931629478481238,2
主口径p*加权,幂函数型,2048,24.2,50089738099.63099,4875206797959.555,97.32945275662102,0.11515175119116705,0.09677419354838708,0.01837755764277997,2
主口径p*加权,幂函数型,2048,24.25,52724958057.46969,5199902660137.236,98.6231730041282,0.11425652159925193,0.09677419354838708,0.017482328050864845,2
主口径p*加权,幂函数型,2048,24.3,55500770580.357346,5545860569870.877,99.92402829508912,0.11340235709025848,0.09677419354838708,0.016628163541871396,2
主口径p*加权,幂函数型,2048,24.35,58424682564.976425,5914466389382.666,101.23232390359934,0.1125900654377503,0.09677419354838708,0.015815871889363217,2
主口径p*加权,幂函数型,2048,24.4,61504587238.10137,6307197761872.882,102.54841216080297,0.11181479664399063,0.09677419354838708,0.015040603095603552,2
主口径p*加权,幂函数型,2048,24.45,64748835310.04263,6725624975670.125,103.87252440086705,0.11107601006680667,0.09677419354838708,0.014301816518419594,2
主口径p*加权,幂函数型,2048,24.5,68166177390.169785,7171425343199.437,105.20503888829806,0.11037411098690342,0.09677419354838708,0.013599917438516337,2
主口径p*加权,幂函数型,2048,24.55,71765862581.76799,7646382278189.005,106.54623247197696,0.10970463700218147,0.09677419354838708,0.01293044345379439,2
主口径p*加权,幂函数型,2048,24.6,75557623339.3798,8152396496816.051,107.8964125194646,0.109067076666161,0.09677419354838708,0.01229288311777392,2
主口径p*加权,幂函数型,2048,24.65,79551714496.74246,8691492287067.123,109.25587640757922,0.10845972707933882,0.09677419354838708,0.011685533530951739,2
主口径p*加权,幂函数型,2048,24.7,83758937563.7652,9265825938008.082,110.62492203836828,0.10788225275742747,0.09677419354838708,0.011108059209040386,2
主口径p*加权,幂函数型,2048,24.75,88190660867.89456,9877695350493.984,112.00387040176855,0.1073334586982213,0.09677419354838708,0.010559265149834227,2
主口径p*加权,幂函数型,2048,24.8,92858866942.07129,10529547392315.969,113.39302038743031,0.10681023635767062,0.09677419354838708,0.010036042809283538,2
主口径p*加权,幂函数型,2048,24.85,97776189064.51836,11223987133669.445,114.79264267768927,0.1063118291020686,0.09677419354838708,0.00953763555368152,2
主口径p*加权,幂函数型,2048,24.9,102955918899.45172,11963791219270.771,116.20304444035692,0.10583809024229751,0.09677419354838708,0.009063896693910431,2
主口径p*加权,幂函数型,2048,24.95,108412062171.2436,12751916742107.172,117.6245196956472,0.10538830446459713,0.09677419354838708,0.008614110916210047,2
主口径p*加权,幂函数型,2048,25.0,114159360696.50008,13591514878871.332,119.05738430863536,0.10495965576625466,0.09677419354838708,0.008185462217867576,2
主口径p*加权,幂函数型,2048,25.05,120213377171.75117,14485938152411.498,120.50188168089778,0.10455137460159492,0.09677419354838708,0.007777181053207835,2
主口径p*加权,幂函数型,2048,25.1,126590466747.50146,15438762113129.277,121.95833153789991,0.1041641872957122,0.09677419354838708,0.007389993747325116,2
主口径p*加权,幂函数型,2048,25.15,133307872436.58499,16453793580234.553,123.42702107155509,0.10379578790293564,0.09677419354838708,0.007021594354548563,2
主口径p*加权,幂函数型,2048,25.200000000000003,140383760965.48926,17535087056324.621,124.90822966792645,0.10344436670274249,0.09677419354838708,0.006670173154355405,2
主口径p*加权,幂函数型,2048,25.25,147837280838.20364,18686959744183.33,126.4022149097476,0.10311171293352928,0.09677419354838708,0.006337519385142196,2
主口径p*加权,幂函数型,2048,25.3,155688544916.90988,19914017484691.957,127.90933010081093,0.10279497378754598,0.09677419354838708,0.006020780239158904,2
主口径p*加权,幂函数型,2048,25.35,163958834172.83987,21221154293582.477,129.4297705923662,0.10249403339251728,0.09677419354838708,0.005719839844130201,2
主口径p*加权,幂函数型,2048,25.4,172670453578.15637,22613597484428.957,130.9639085079098,0.10220798022218958,0.09677419354838708,0.005433786673802496,2
主口径p*加权,幂函数型,2048,25.450000000000003,181847018909.7337,24096899441985.48,132.51193000830463,0.10193499979581233,0.09677419354838708,0.005160806247425251,2
主口径p*加权,幂函数型,2048,25.5,191513303597.83542,25676987852470.38,134.07417328244864,0.10167717064731363,0.09677419354838708,0.00490297709892655,2
主口径p*加权,幂函数型,2048,25.55,201695450809.2275,27360170498234.586,135.65090530531126,0.10143032090159565,0.09677419354838708,0.0046561273532085695,2
主口径p*加权,幂函数型,2048,25.6,212421028914.21906,29153162134133.88,137.24235440883143,0.10119675551667129,0.09677419354838708,0.004422561968284208,2
主口径p*加权,幂函数型,2048,25.65,223718977479.45947,31063128821724.367,138.84887715695194,0.10097518428651497,0.09677419354838708,0.004200990738127894,2
主口径p*加权,幂函数型,2048,25.700000000000003,235619900600.11215,33097687160491.27,140.4706778849881,0.10076411875312985,0.09677419354838708,0.00398992520474277,2
主口径p*加权,幂函数型,2048,25.75,248155933915.40002,35264964293537.71,142.10808396610838,0.1005640680181692,0.09677419354838708,0.0037898744697821146,2
主口径p*加权,幂函数型,2048,25.8,261361005994.26202,37573606098416.375,143.76133101982808,0.10037397716219942,0.09677419354838708,0.0035997836138123435,2
主口径p*加权,幂函数型,2048,25.85,275270788807.2277,40032831537348.58,145.43072917694727,0.1001923961839779,0.09677419354838708,0.003418202635590825,2
主口径p*加权,幂函数型,2048,25.9,289922961103.94727,42652445461109.39,147.11647983554167,0.10002052044096033,0.09677419354838708,0.0032463268925732452,2
主口径p*加权,幂函数型,2048,25.950000000000003,305357050678.50323,45442915412126.09,148.81894919783892,0.09985707091838236,0.09677419354838708,0.003082877369995282,2
主口径p*加权,幂函数型,2048,26.0,321614892625.4758,48415361915092.484,150.53830847153188,0.09977596156653463,0.09677419354838708,0.003001768018147555,2
主口径p*加权,对数型,2048,17.0,30161574.288203552,517267349.9902996,17.14987901651431,0.09677430321494959,0.09677419354838708,1.0966656251165663e-07,0
主口径p*加权,对数型,2048,17.05,31771275.33714243,550978210.4139142,17.342023716932424,0.09677477092995979,0.09677419354838708,5.773815727055931e-07,0
主口径p*加权,对数型,2048,17.1,33466883.14570862,586886074.8770041,17.536323066651015,0.09677361334191659,0.09677419354838708,-5.80206470493505e-07,0
主口径p*加权,对数型,2048,17.15,35252990.79698912,625133977.93914,17.732792702301197,0.09677376770590129,0.09677419354838708,-4.258424857878085e-07,0
主口径p*加权,对数型,2048,17.2,37134414.34291416,665874668.3094777,17.931470849668518,0.09677480206597622,0.09677419354838708,6.085175891373806e-07,0
主口径p*加权,对数型,2048,17.25,39116251.29500591,709270414.8193018,18.132371874547612,0.09677463009196963,0.09677419354838708,4.365435825465225e-07,0
主口径p*加权,对数型,2048,17.3,41203854.73830286,755494357.2505987,18.33552617950319,0.09677390337728298,0.09677419354838708,-2.9017110410312075e-07,0
主口径p*加权,对数型,2048,17.35,43402878.42514439,804730645.0157014,18.54095106626616,0.09677390413145837,0.09677419354838708,-2.8941692871431446e-07,0
主口径p*加权,对数型,2048,17.4,45719255.769453265,857175836.981263,18.74868307795102,0.09677391533763569,0.09677419354838708,-2.782107513948917e-07,0
主口径p*加权,对数型,2048,17.45,48159263.49349298,913038804.9304063,18.958736880471005,0.09677351609525431,0.09677419354838708,-6.774531327718991e-07,0
主口径p*加权,对数型,2048,17.5,50729487.68431904,972542515.5443499,19.1711479839165,0.0967745737554182,0.09677419354838708,3.8020703112262577e-07,0
主口径p*加权,对数型,2048,17.55,53436881.80553276,1035924166.259396,19.385939659228736,0.09677486971131088,0.09677419354838708,6.761629238044575e-07,0
主口径p*加权,对数型,2048,17.6,56288766.6552875,1103436484.2488248,19.60313842025127,0.0967745554100592,0.09677419354838708,3.6186167211293974e-07,0
主口径p*加权,对数型,2048,17.65,59292857.406661816,1175348594.3628142,19.82276863976467,0.09677412066129243,0.09677419354838708,-7.28870946514748e-08,0
主口径p*加权,对数型,2048,17.7,62457274.248998456,1251947293.110832,20.04485959665311,0.09677402572610028,0.09677419354838708,-1.67822286803454e-07,0
主口径p*加权,对数型,2048,17.75,65790574.50680264,1333537993.4377694,20.269438341808122,0.09677383427728259,0.09677419354838708,-3.5927110449140987e-07,0
主口径p*加权,对数型,2048,17.8,69301771.3307069,1420446029.6746943,20.496532807168084,0.09677379638194594,0.09677419354838708,-3.971664411378528e-07,0
主口径p*加权,对数型,2048,17.85,73000357.84304872,1513017960.3871965,20.72617183110521,0.09677448321899007,0.09677419354838708,2.8967060299034397e-07,0
主口径p*加权,对数型,2048,17.9,76896329.66696084,1611623017.2513049,20.958386755665302,0.09677472607524784,0.09677419354838708,5.325268607608846e-07,0
主口径p*加权,对数型,2048,17.95,81000230.12061708,1716654197.1403148,21.19320148330508,0.09677432535685249,0.09677419354838708,1.3180846540616908e-07,0
主口径p*加权,对数型,2048,18.0,85323152.78782602,1828530368.8192658,21.430647005816716,0.09677475206288477,0.09677419354838708,5.585144976921752e-07,0
主口径p*加权,对数型,2048,18.05,89876782.16686296,1947697726.3523529,21.670754998062865,0.09677377722326241,0.09677419354838708,-4.163251246663835e-07,0
主口径p*加权,对数型,2048,18.1,94673450.50928251,2074631016.6255658,21.913546041317602,0.09677331337048578,0.09677419354838708,-8.801779012995725e-07,0
主口径p*加权,对数型,2048,18.15,99726103.22980836,2209836909.0377274,22.159062045625003,0.09677457428558967,0.09677419354838708,3.8073720258491317e-07,0
主口径p*加权,对数型,2048,18.2,105048408.5031994,2353854397.7752485,22.407330404282693,0.09677403584227307,0.09677419354838708,-1.5770611401511037e-07,0
主口径p*加权,对数型,2048,18.25,110654771.99341734,2507257417.134738,22.658375883544277,0.09677387068954779,0.09677419354838708,-3.22858839288398e-07,0
主口径p*加权,对数型,2048,18.3,116560334.11258532,2670658074.958284,22.912237643199465,0.0967746180465987,0.09677419354838708,4.244982116236029e-07,0
主口径p*加权,对数型,2048,18.35,122781070.82923909,2844707748.084475,23.168943949355395,0.09677433605780372,0.09677419354838708,1.4250941664240013e-07,0
主口径p*加权,对数型,2048,18.4,129333808.6136077,3030100307.911158,23.42852453192467,0.09677358930066582,0.09677419354838708,-6.042477212614417e-07,0
主口径p*加权,对数型,2048,18.45,136236267.69895053,3227574942.348931,23.69101118859992,0.09677451425165629,0.09677419354838708,3.2070326920485837e-07,0
主口径p*加权,对数型,2048,18.5,143507084.41844323,3437919721.1565056,23.9564460185958,0.0967745872780359,0.09677419354838708,3.937296488149e-07,0
主口径p*加权,对数型,2048,18.55,151165960.50737885,3661972380.9578342,24.224847767755776,-4.925935836734787,0.09677419354838708,-5.022710030283174,0
主口径p*加权,对数型,2048,18.6,232414327.36934274,1790983989.29483,7.705996482947784,-4.74864503247553,0.09677419354838708,-4.845419226023917,2
主口径p*加权,对数型,2048,18.65,241349826.11343995,1959041082.5756528,8.117018827495897,0.4480707022730197,0.09677419354838708,0.35129650872463264,2
主口径p*加权,对数型,2048,18.7,250695107.87030286,2141813915.0900788,8.543501041105863,0.441477767374689,0.09677419354838708,0.34470357382630196,2
主口径p*加权,对数型,2048,18.75,260471605.17912903,2340478826.002921,8.985543066751362,0.43483994791566083,0.09677419354838708,0.33806575436727376,2
主口径p*加权,对数型,2048,18.8,270701878.8681083,2556296006.6197715,9.443214865402739,0.4281632558910573,0.09677419354838708,0.33138906234267024,2
主口径p*加权,对数型,2048,18.85,281409756.0805189,2790614235.8640537,9.916551134302479,0.42145139638478035,0.09677419354838708,0.3246772028363933,2
主口径p*加权,对数型,2048,18.9,292620414.9042008,3044876153.018693,10.405549298450474,0.4147102688070756,0.09677419354838708,0.31793607525868856,2
主口径p*加权,对数型,2048,18.95,304360368.0058499,3320624616.255294,10.9101741399901,0.4079439145877437,0.09677419354838708,0.31116972103935664,2
主口径p*加权,对数型,2048,19.0,316657711.9405516,3619507425.744552,11.430346678005645,0.4011578879115252,0.09677419354838708,0.3043836943631381,2
主口径p*加权,对数型,2048,19.05,329541979.7536113,3943285463.208124,11.965957921829567,0.3943595645630946,0.09677419354838708,0.29758537101470756,2
主口径p*加权,对数型,2048,19.1,343044386.5925564,4293838208.0284414,12.51685897174687,0.38755327318452437,0.09677419354838708,0.2907790796361373,2
主口径p*加权,对数型,2048,19.15,357197887.502895,4673171080.168355,13.082863151396662,0.38074493040126356,0.09677419354838708,0.2839707368528765,2
主口径p*加权,对数型,2048,19.2,372037244.24550027,5083423249.533315,13.663748262200492,0.37394118664213494,0.09677419354838708,0.27716699309374787,2
主口径p*加权,对数型,2048,19.25,387599120.1425758,5526875731.280686,14.259257681616154,0.3671479016510517,0.09677419354838708,0.27037370810266464,2
主口径p*加权,对数型,2048,19.3,403922227.3648082,6005959437.610789,14.869098630183627,0.36037085879438635,0.09677419354838708,0.2635966652459993,2
主口径p*加权,对数型,2048,19.35,421047400.0443294,6523264572.453056,15.492945857797158,0.3536173611144289,0.09677419354838708,0.2568431675660418,2
主口径p*加权,对数型,2048,19.4,439017666.2307061,7081550802.836933,16.13044610171915,0.3468927965211783,0.09677419354838708,0.25011860297279126,2
主口径p*加权,对数型,2048,19.45,457878513.6081837,7683755679.633531,16.7812104112155,0.3402029311951189,0.09677419354838708,0.24342873764673184,2
主口径p*加权,对数型,2048,19.5,477677850.05901325,8333007543.426417,17.444827182999884,0.3335554564912311,0.09677419354838708,0.23678126294284402,2
主口径p*加权,对数型,2048,19.55,498466190.296399,9032636536.14568,18.12086097709992,0.32695570215223135,0.09677419354838708,0.2301815086038443,2
主口径p*加权,对数型,2048,19.6,520296872.80563444,9786185807.019192,18.808849944164443,0.3204097384414464,0.09677419354838708,0.2236355448930593,2
主口径p*加权,对数型,2048,19.65,543226079.2133608,10597426514.181751,19.508316923089847,0.3139238868188077,0.09677419354838708,0.2171496932704206,2
主口径p*加权,对数型,2048,19.7,567313094.8536572,11470370300.06935,20.21876527110346,0.3075040215796996,0.09677419354838708,0.21072982803131252,2
主口径p*加权,对数型,2048,19.75,592620377.8610228,12409285759.154558,20.9396879060151,0.3011551753727755,0.09677419354838708,0.2043809818243884,2
主口径p*加权,对数型,2048,19.8,619213877.6684546,13418711909.546019,21.670560679408403,0.2948830940189513,0.09677419354838708,0.19810890047056423,2
主口径p*加权,对数型,2048,19.85,647162997.301213,14503479039.256016,22.41085955120758,0.28869317683147955,0.09677419354838708,0.19191898328309248,2
主口径p*加权,对数型,2048,19.9,676541015.3464496,15668722766.143606,23.160048556878426,0.282590621214748,0.09677419354838708,0.18581642766636092,2
主口径p*加权,对数型,2048,19.95,707425036.4630938,16919908178.339006,23.917598764857562,0.27658137773743263,0.09677419354838708,0.17980718418904557,2
主口径p*加权,对数型,2048,20.0,739896363.7595162,18262847655.234455,24.682980684535856,0.2706679803977128,0.09677419354838708,0.17389378684932572,2
主口径p*加权,对数型,2048,20.05,774040824.5139849,19703720616.774055,25.455660725835607,0.2648547492897535,0.09677419354838708,0.16808055574136643,2
主口径p*加权,对数型,2048,20.1,809948723.3663745,21249103090.440777,26.235121406357102,0.25914746885300666,0.09677419354838708,0.1623732753046196,2
主口径p*加权,对数型,2048,20.15,847715192.1925325,22905991081.890232,27.020857114340636,0.2535478860374756,0.09677419354838708,0.1567736924890885,2
主口径p*加权,对数型,2048,20.2,887440698.0410206,24681821575.618538,27.812361581007476,0.2480593294548168,0.09677419354838708,0.15128513590642972,2
主口径p*加权,对数型,2048,20.25,929230877.1981881,26584511616.877773,28.60915652849941,0.24268681000608794,0.09677419354838708,0.14591261645770087,2
主口径p*加权,对数型,2048,20.3,973197037.3952013,28622484316.813534,29.41078036306265,0.23743160407405206,0.09677419354838708,0.140657410525665,2
主口径p*加权,对数型,2048,20.35,1019456597.1434832,30804697961.855873,30.216782203549048,0.23229559008307454,0.09677419354838708,0.13552139653468748,2
主口径p*加权,对数型,2048,20.4,1068133167.7804005,33140687070.206394,31.02673718022756,0.2272821003393517,0.09677419354838708,0.13050790679096463,2
主口径p*加权,对数型,2048,20.45,1119356899.5361788,35640599851.267044,31.840246722055518,0.22239118049425421,0.09677419354838708,0.12561698694586715,2
主口径p*加权,对数型,2048,20.5,1173265192.653482,38315227765.39889,32.65692019614452,0.21762447502053917,0.09677419354838708,0.12085028147215209,2
主口径p*加权,对数型,2048,20.55,1230002451.1941257,41176065751.22218,33.47640950735273,0.21298318855772358,0.09677419354838708,0.1162089950093365,2
主口径p*加权,对数型,2048,20.6,1289721121.9932451,44235338629.51569,34.29837495500626,0.20846885369164703,0.09677419354838708,0.11169466014325995,2
主口径p*加权,对数型,2048,20.65,1352581310.9032602,47506073847.75156,35.12252717437503,0.20408155921992233,0.09677419354838708,0.10730736567153525,2
主口径p*加权,对数型,2048,20.7,1418752202.874095,51002122330.34262,35.948576662663854,0.1998198977989425,0.09677419354838708,0.10304570425055541,2
主口径p*加权,对数型,2048,20.75,1488411700.8247743,54738239120.95483,36.77627573783698,0.19568468227871527,0.09677419354838708,0.09891048873032819,2
主口径p*加权,对数型,2048,20.8,1561747350.14833,58730127774.08823,37.60539614074595,0.19167568339855912,0.09677419354838708,0.09490148985017204,2
主口径p*加权,对数型,2048,20.85,1638956483.1683047,62994515178.08209,38.435746052455244,0.18779162220186763,0.09677419354838708,0.09101742865348054,2
主口径p*加权,对数型,2048,20.9,1720247275.2833414,67549199824.52412,39.267145366295146,0.18403151786639427,0.09677419354838708,0.08725732431800719,2
主口径p*加权,对数型,2048,20.95,1805838661.987073,72413145666.87619,40.099454724928556,0.18039534907675758,0.09677419354838708,0.0836211555283705,2
主口径p*加权,对数型,2048,21.0,1895961334.548497,77606543577.35576,40.93255604067313,0.17687887622302867,0.09677419354838708,0.08010468267464159,2
主口径p*加权,对数型,2048,21.05,1990858814.2798264,83150873717.22488,41.766333765513096,0.1734825734113059,0.09677419354838708,0.07670837986291883,2
主口径p*加权,对数型,2048,21.1,2090786573.579906,89069050973.04306,42.60073797036893,0.17020544506572932,0.09677419354838708,0.07343125151734224,2
主口径p*加权,对数型,2048,21.15,2196014550.8177943,95385445549.3784,43.435707433658365,0.167042946395064,0.09677419354838708,0.07026875284667693,2
主口径p*加权,对数型,2048,21.2,2306826829.711346,102126020889.09244,44.27121254778864,0.16399403623801945,0.09677419354838708,0.06721984268963237,2
主口径p*加权,对数型,2048,21.25,2423522626.2151246,109318428913.4523,45.107245020516935,0.1610574526813764,0.09677419354838708,0.06428325913298931,2
主口径p*加权,对数型,2048,21.3,2546416823.5815773,116992132499.10516,45.94382640566826,0.15823042436035095,0.09677419354838708,0.06145623081196387,2
主口径p*加权,对数型,2048,21.35,2675841475.1578836,125178495126.8061,46.78098321180262,0.1555094355295985,0.09677419354838708,0.058735241981211425,2
主口径p*加权,对数型,2048,21.4,2812146254.7929173,133910924921.07121,47.61876260626147,0.1528928425159961,0.09677419354838708,0.05611864896760903,2
主口径p*加权,对数型,2048,21.45,2955699274.034769,143225014357.48776,48.457235015649616,0.15037812887570112,0.09677419354838708,0.05360393532731404,2
主口径p*加权,对数型,2048,21.5,3106888429.532884,153158666522.5468,49.296481027989145,0.14796197152333335,0.09677419354838708,0.051187777974946266,2
主口径p*加权,对数型,2048,21.55,3266122356.412359,163752250388.1529,50.13659395419129,0.1456425261529155,0.09677419354838708,0.04886833260452843,2
主口径p*加权,对数型,2048,21.6,3433831079.531858,175048784107.08865,50.9776922780236,0.14341700743049657,0.09677419354838708,0.04664281388210949,2
主口径p*加权,对数型,2048,21.65,3610467950.892608,187094069585.61017,51.81989485306338,0.14128097116033445,0.09677419354838708,0.044506777611947365,2
主口径p*加权,对数型,2048,21.7,3796510786.944207,199936878150.68576,52.66332413389874,0.13923297739544083,0.09677419354838708,0.042458783847053747,2
主口径p*加权,对数型,2048,21.75,3992462030.297825,213629202737.41953,53.5081363620341,0.13727084120132815,0.09677419354838708,0.04049664765294107,2
主口径p*加权,对数型,2048,21.8,4198851516.2849417,228226394627.62262,54.354480919952294,0.13539111303289175,0.09677419354838708,0.03861691948450467,2
主口径p*加权,对数型,2048,21.85,4416237007.933856,243787430116.42242,55.20252415766037,0.1335909125180308,0.09677419354838708,0.03681671896964371,2
主口径p*加权,对数型,2048,21.9,4645206430.245522,260375107601.34808,56.05242985672566,0.13186897477060455,0.09677419354838708,0.03509478122221747,2
主口径p*加权,对数型,2048,21.95,4886377810.059621,278056388138.6492,56.904398093453295,0.13022105574665588,0.09677419354838708,0.0334468621982688,2
主口径p*加权,对数型,2048,22.0,5140404274.415243,296902480182.4431,57.75858557666028,0.1286427853832599,0.09677419354838708,0.031868591834872825,2
主口径p*加权,对数型,2048,22.05,5407972641.071164,316989296725.302,58.61518128215152,0.12713526476352044,0.09677419354838708,0.03036107121513336,2
主口径p*加权,对数型,2048,22.1,5689805302.247481,338397761552.11316,59.474400893550005,0.12569410732602293,0.09677419354838708,0.02891991377763585,2
主口径p*加权,对数型,2048,22.15,5986665404.623059,361213945808.9708,60.3364179214078,0.12431654426848127,0.09677419354838708,0.027542350720094186,2
主口径p*加权,对数型,2048,22.2,6299354672.538688,385529656603.8495,61.201452632048436,0.12300219809338486,0.09677419354838708,0.026228004544997782,2
主口径p*加权,对数型,2048,22.25,6628718287.7523985,411442647122.2415,62.06971382121437,0.12174600674161695,0.09677419354838708,0.024971813193229872,2
主口径p*加权,对数型,2048,22.3,6975647759.300048,439056967509.2524,62.94139019905276,0.12054545413766249,0.09677419354838708,0.02377126058927541,2
主口径p*加权,对数型,2048,22.35,7341081125.706478,468483513230.79285,63.81669201152,0.11940125709897842,0.09677419354838708,0.02262706355059134,2
主口径p*加权,对数型,2048,22.4,7726005031.440186,499840501247.48425,64.69585500053839,0.11831030518372998,0.09677419354838708,0.0215361116353429,2
主口径p*加权,对数型,2048,22.45,8131460880.458489,533253722669.482,65.57907988600132,0.11726730857046519,0.09677419354838708,0.02049311502207811,2
主口径p*加权,对数型,2048,22.5,8558546390.758261,568857117946.8549,66.46655775110612,0.1162730124771798,0.09677419354838708,0.019498818928792724,2
主口径p*加权,对数型,2048,22.55,9008414442.49676,606793581650.5773,67.35853301642716,0.11532509086636011,0.09677419354838708,0.018550897317973034,2
主口径p*加权,对数型,2048,22.6,9482283265.348637,647215070884.0967,68.25519263374383,0.11442163229043345,0.09677419354838708,0.01764743874204637,2
主口径p*加权,对数型,2048,22.65,9981431963.728722,690283725389.657,69.15678310467496,0.11356069514721412,0.09677419354838708,0.01678650159882704,2
主口径p*加权,对数型,2048,22.7,10507212247.068491,736171959554.6145,70.06348993854257,0.11274061383188894,0.09677419354838708,0.015966420283501856,2
主口径p*加权,对数型,2048,22.75,11061043118.680819,785063760282.2107,70.9755627799994,0.11195940611782262,0.09677419354838708,0.015185212569435544,2
主口径p*加权,对数型,2048,22.8,11644424601.261715,837154738791.0411,71.893182141463,0.11121274168121076,0.09677419354838708,0.014438548132823678,2
主口径p*加权,对数型,2048,22.85,12258934870.169966,892653386037.9346,72.81655343565409,0.11050303484978485,0.09677419354838708,0.013728841301397773,2
主口径p*加权,对数型,2048,22.9,12906232797.835966,951782038510.5178,73.74592209975528,0.10982835026154802,0.09677419354838708,0.013054156713160944,2
主口径p*加权,对数型,2048,22.95,13588069695.017715,1014777244017.2083,74.68148653883433,0.10918525672597923,0.09677419354838708,0.01241106317759215,2
主口径p*加权,对数型,2048,23.0,14306289073.933908,1081891060135.4114,75.62345864425593,0.10857318215898104,0.09677419354838708,0.01179898861059396,2
主口径p*加权,对数型,2048,23.05,15062832770.926323,1153391978705.3552,76.57204964338356,0.10798987302862528,0.09677419354838708,0.011215679480238203,2
主口径p*加权,对数型,2048,23.1,15859747811.72656,1229565872579.6934,77.5274542304237,0.10743439998867998,0.09677419354838708,0.010660206440292905,2
主口径p*加权,对数型,2048,23.15,16699188200.63897,1310717420185.512,78.48988851657826,0.10690670902034327,0.09677419354838708,0.010132515471956191,2
主口径p*加权,对数型,2048,23.2,17583422842.597855,1397171165628.0718,79.45956701008546,0.10640404051418173,0.09677419354838708,0.00962984696579465,2
主口径p*加权,对数型,2048,23.25,18514844726.002384,1489272569710.6255,80.4366761779579,0.1059256526035206,0.09677419354838708,0.009151459055133523,2
主口径p*加权,对数型,2048,23.3,19495970561.49903,1587389926025.6099,81.42143634338544,0.10547116964886882,0.09677419354838708,0.008696976100481743,2
主口径p*加权,对数型,2048,23.35,20529453797.294056,1691915339930.394,82.41404552874182,0.10503854183574646,0.09677419354838708,0.008264348287359377,2
主口径p*加权,对数型,2048,23.4,21618089089.39522,1803266504897.396,83.41470411378731,0.10462714515752225,0.09677419354838708,0.00785295160913517,2
主口径p*加权,对数型,2048,23.45,22764819673.17798,1921888385600.852,84.42361561358047,0.1042369108575727,0.09677419354838708,0.007462717309185615,2
主口径p*加权,对数型,2048,23.5,23972743837.2347,2048255121374.4307,85.44099646170085,0.10386402664925143,0.09677419354838708,0.007089833100864348,2
主口径p*加权,对数型,2048,23.55,25245135217.17728,2182870901635.624,86.46699187217489,0.10350912600108941,0.09677419354838708,0.006734932452702333,2
主口径p*加权,对数型,2048,23.6,26585427704.963356,2326274011629.035,87.50184640417623,0.10317316795125109,0.09677419354838708,0.006398974402864008,2
主口径p*加权,对数型,2048,23.65,27997247911.307655,2479037008120.4126,88.54573906598755,0.10285372458106679,0.09677419354838708,0.006079531032679705,2
主口径p*加权,对数型,2048,23.7,29484410693.203445,2641770229193.998,89.59888181868806,0.10255030994151682,0.09677419354838708,0.005776116393129735,2
主口径p*加权,对数型,2048,23.75,31050938986.8243,2815123395626.233,90.66145783291002,0.10226070245213847,0.09677419354838708,0.005486508903751394,2
主口径p*加权,对数型,2048,23.8,32701071058.127346,2999788510140.433,91.73364703584784,0.10198502642917617,0.09677419354838708,0.005210832880789093,2
主口径p*加权,对数型,2048,23.85,34439268027.874695,3196502977037.801,92.81564795310379,0.10172442090308209,0.09677419354838708,0.004950227354695011,2
主口径p*加权,对数型,2048,23.9,36270225200.2073,3406052628796.8633,93.90767799195788,0.10147685863201161,0.09677419354838708,0.004702665083624533,2
主口径p*加权,对数型,2048,23.95,38198897645.09146,3629273660446.036,95.00990563041539,0.10124045970859896,0.09677419354838708,0.004466266160211882,2
主口径p*加权,对数型,2048,24.0,40230500918.25083,3867057129913.9233,96.12252001962042,0.10101625655822133,0.09677419354838708,0.004242063009834249,2
主口径p*加权,对数型,2048,24.05,42370525945.008125,4120352456243.432,97.24572363324347,0.10080296629694274,0.09677419354838708,0.004028772748555662,2
主口径p*加权,对数型,2048,24.1,44624763135.096176,4390170312603.677,98.37968885824574,0.10060073481032106,0.09677419354838708,0.0038265412619339773,2
主口径p*加权,对数型,2048,24.15,46999301591.38455,4677588253724.031,99.52463324649659,0.10040849675063868,0.09677419354838708,0.003634303202251596,2
主口径p*加权,对数型,2048,24.2,49500569000.49232,4983752717464.833,100.68071575935352,0.10022552675675911,0.09677419354838708,0.003451333208372029,2
主口径p*加权,对数型,2048,24.25,52135323206.690384,5309886142237.956,101.8481485419573,0.10005162789576971,0.09677419354838708,0.0032774343473826323,2
主口径p*加权,对数型,2048,24.3,54910694844.476654,5657289409878.615,103.02709564870257,0.0998875045297325,0.09677419354838708,0.0031133109813454157,2
主口径p*加权,对数型,2048,24.35,57834174699.049446,6027350283485.324,104.2177970870982,0.0997313134232023,0.09677419354838708,0.0029571198748152144,2
主口径p*加权,对数型,2048,24.4,60913683598.60072,6421543837161.739,105.42038270870967,0.09958155574223682,0.09677419354838708,0.0028073621938497356,2
主口径p*加权,对数型,2048,24.45,64157541594.19413,6841443721371.912,106.63506660908313,0.09944068830679242,0.09677419354838708,0.002666494758405344,2
主口径p*加权,对数型,2048,24.5,67574517000.75632,7288725716806.635,107.86204682343578,0.09930629952530268,0.09677419354838708,0.002532105976915597,2
主口径p*加权,对数型,2048,24.55,71173856652.83844,7765173679778.745,109.10148817218924,0.09917795886091696,0.09677419354838708,0.002403765312529879,2
主口径p*加权,对数型,2048,24.6,74965291194.37273,8272688763296.243,110.35358672650942,0.09905771356337922,0.09677419354838708,0.0022835200149921436,2
主口径p*加权,对数型,2048,24.65,78959060067.94553,8813297203172.645,111.61856784501566,0.0989420237979779,0.09677419354838708,0.002167830249590816,2
主口径p*加权,对数型,2048,24.7,83165988723.43904,9389152881171.547,112.89654611567626,0.09883191784079415,0.09677419354838708,0.0020577242924070677,2
主口径p*加权,对数型,2048,24.75,87597427542.77017,10002555969648.277,114.1877821099763,0.09872881000822176,0.09677419354838708,0.0019546164598346766,2
主口径p*加权,对数型,2048,24.8,92265370561.00865,10655952279265.074,115.49243464230209,0.0986310092579501,0.09677419354838708,0.0018568157095630172,2
主口径p*加权,对数型,2048,24.85,97182425390.13269,11351950067409.346,116.8107301483541,0.09853642344608815,0.09677419354838708,0.0017622298977010703,2
主口径p*加权,对数型,2048,24.9,102361921822.222,12093321814947.41,118.142778092332,0.09844666574762684,0.09677419354838708,0.0016724721992397579,2
主口径p*加权,对数型,2048,24.95,107817829193.93677,12883029125929.055,119.48885654853774,0.09836324584217948,0.09677419354838708,0.0015890522937924006,2
主口径p*加权,对数型,2048,25.0,113564915086.90121,13724220405859.969,120.84912312361642,0.09828330006083519,0.09677419354838708,0.001509106512448108,2
主口径p*加权,对数型,2048,25.05,119618712261.55269,14620251985995.406,122.22378681044022,0.09820654716450505,0.09677419354838708,0.0014323536161179734,2
主口径p*加权,对数型,2048,25.1,125995609216.00697,15574695660716.238,123.61300332311555,0.09813393701533357,0.09677419354838708,0.001359743466946492,2
主口径p*加权,对数型,2048,25.15,132712825214.2994,16591361402441.795,125.01701606947726,0.09806659212178559,0.09677419354838708,0.0012923985733985094,2
主口径p*加权,对数型,2048,25.200000000000003,139788522865.97144,17674304511950.434,126.436020279694,0.09800116486232113,0.09677419354838708,0.0012269713139340527,2
主口径p*加权,对数型,2048,25.25,147241857975.49542,18827841531445.81,127.87017082179996,0.09793796050573178,0.09677419354838708,0.0011637669573447001,2
主口径p*加权,对数型,2048,25.3,155092978980.05743,20056574052958.445,129.31967768532843,0.09787968845285633,0.09677419354838708,0.001105494904469248,2
主口径p*加权,对数型,2048,25.35,163363089889.3822,21365406166172.887,130.78478241712992,0.09782342379397235,0.09677419354838708,0.0010492302455852726,2
主口径p*加权,对数型,2048,25.4,172074596745.1557,22759552378227.984,132.2656150805056,0.09776968021878929,0.09677419354838708,0.0009954866704022097,2
主口径p*加权,对数型,2048,25.450000000000003,181251016357.25412,24244578198078.527,133.76243998704726,0.09772016356395952,0.09677419354838708,0.0009459700155724365,2
主口径p*加权,对数型,2048,25.5,190917170605.59427,25826405270770.938,135.27544530881588,0.09767323166224173,0.09677419354838708,0.0008990381138546527,2
主口径p*加权,对数型,2048,25.55,201099183022.39938,27511344274019.426,136.8048535083063,0.09762767855930932,0.09677419354838708,0.0008534850109222364,2
主口径p*加权,对数型,2048,25.6,211824621618.645,29306110270645.92,138.35082081915246,0.09758357508997761,0.09677419354838708,0.0008093815415905342,2
主口径p*加权,对数型,2048,25.65,223122471642.9136,31217863338267.914,139.91357799329666,0.09754243473983593,0.09677419354838708,0.0007682411914488457,2
主口径p*加权,对数型,2048,25.700000000000003,235023281597.59558,33254227957427.28,141.4933351767457,0.09750350267148278,0.09677419354838708,0.0007293091230956977,2
主口径p*加权,对数型,2048,25.75,247559228336.86136,35423325796041.3,143.0903062431577,0.09746730447985641,0.09677419354838708,0.000693110931469329,2
主口径p*加权,对数型,2048,25.8,260764188570.4948,37733810352171.57,144.7047255952887,0.09743226291744023,0.09677419354838708,0.0006580693690531464,2
主口径p*加权,对数型,2048,25.85,274673908384.22827,40194890201688.97,146.33676142789014,0.09739924000922073,0.09677419354838708,0.0006250464608336531,2
主口径p*加权,对数型,2048,25.9,289325948480.9494,42816387627471.23,147.9866837118153,0.09736732416313387,0.09677419354838708,0.0005931306147467924,2
主口径p*加权,对数型,2048,25.950000000000003,304759999775.93555,45608746509707.64,149.65463493647437,0.0973367210540701,0.09677419354838708,0.0005625275056830165,2
主口径p*加权,对数型,2048,26.0,321017731548.19916,48583112163734.41,151.3408992376482,0.09732276524185511,0.09677419354838708,0.0005485716934680307,2
副口径网页pile_cc,指数型,2048,17.0,30031775.58617778,519503003.03839815,17.29844449415442,0.0967739947390753,0.09677419354838708,-1.9880931177718164e-07,0
副口径网页pile_cc,指数型,2048,17.05,31634549.935544632,553359553.5101166,17.492253078914864,0.09677432602028624,0.09677419354838708,1.324718991585483e-07,0
副口径网页pile_cc,指数型,2048,17.1,33322861.932828914,589422593.0337092,17.688234408612534,0.09677449956179451,0.09677419354838708,3.060134074334142e-07,0
副口径网页pile_cc,指数型,2048,17.15,35101278.50158916,627835888.37586,17.886410842483578,0.09677438268397864,0.09677419354838708,1.891355915634163e-07,0
副口径网页pile_cc,指数型,2048,17.2,36974607.677259706,668752622.0504649,18.08680778678726,0.0967739255919362,0.09677419354838708,-2.6795645087507314e-07,0
副口径网页pile_cc,指数型,2048,17.25,38947917.27318944,712335902.0094,18.289447854500562,0.09677380738363439,0.09677419354838708,-3.861647526887113e-07,0
副口径网页pile_cc,指数型,2048,17.3,41026539.26283022,758759581.2636354,18.49435986795666,0.09677419040407642,0.09677419354838708,-3.1443106590645087e-09,0
副口径网页pile_cc,指数型,2048,17.35,43216095.77846652,808208740.7814395,18.701567696546743,0.0967742209234892,0.09677419354838708,2.7375102115700933e-08,0
副口径网页pile_cc,指数型,2048,17.4,45522507.18762289,860880556.7061728,18.911097166902916,0.09677435150006453,0.09677419354838708,1.5795167744581118e-07,0
副口径网页pile_cc,指数型,2048,17.45,47952009.515551515,916985061.3281779,19.12297462801401,0.09677439055760395,0.09677419354838708,1.9700921687071382e-07,0
副口径网页pile_cc,指数型,2048,17.5,50511172.94831139,976745949.163968,19.337225650322598,0.09677402255466205,0.09677419354838708,-1.7099372502660248e-07,0
副口径网页pile_cc,指数型,2048,17.55,53206918.90927894,1040401480.985673,19.55387574235639,0.09677369071606456,0.09677419354838708,-5.028323225159115e-07,0
副口径网页pile_cc,指数型,2048,17.6,56046535.127533585,1108205505.2909071,19.772953007160773,0.09677420832375283,0.09677419354838708,1.477536575034133e-08,0
副口径网页pile_cc,指数型,2048,17.65,59037695.97712201,1180428461.0917163,19.994487277233006,0.09677421381223361,0.09677419354838708,2.026384653130986e-08,0
副口径网页pile_cc,指数型,2048,17.7,62188496.66866459,1257358187.1213543,20.218501081003126,0.09677485894560078,0.09677419354838708,6.653972137032893e-07,0
副口径网页pile_cc,指数型,2048,17.75,65507444.4575582,1339301684.5858188,20.445030266041634,0.09677468431021552,0.09677419354838708,4.907618284394344e-07,0
副口径网页pile_cc,指数型,2048,17.8,69003532.50416148,1426585311.8489182,20.674091022265902,0.09677364425488832,0.09677419354838708,-5.492934987555431e-07,0
副口径网页pile_cc,指数型,2048,17.85,72686201.7300877,1519557356.1729403,20.905719655233206,0.09677409454088881,0.09677419354838708,-9.9007498269299e-08,0
副口径网页pile_cc,指数型,2048,17.9,76565411.23232621,1618588509.338478,21.139944046367294,0.09677406960510027,0.09677419354838708,-1.239432868144208e-07,0
副口径网页pile_cc,指数型,2048,17.95,80651652.75446276,1724073596.2251503,21.376791886385128,0.09677415703897374,0.09677419354838708,-3.6509413339769203e-08,0
副口径网页pile_cc,指数型,2048,18.0,84955971.70537065,1836433306.6192596,21.616294531808247,0.096774209800504,0.09677419354838708,1.6252116916137815e-08,0
副口径网页pile_cc,指数型,2048,18.05,89490010.92657702,1956115576.0936103,21.858479575988934,0.09677472420062294,0.09677419354838708,5.306522358611288e-07,0
副口径网页pile_cc,指数型,2048,18.1,94266020.92192535,2083597832.565768,22.10338160227938,0.09677464480411935,0.09677419354838708,4.512557322672306e-07,0
副口径网页pile_cc,指数型,2048,18.15,99296931.69392355,2219388051.0934563,22.35102347305734,0.09677356527376269,0.09677419354838708,-6.282746243951864e-07,0
副口径网页pile_cc,指数型,2048,18.2,104596342.17248385,2364027777.632894,22.601438334569206,0.09677463926624874,0.09677419354838708,4.457178616606994e-07,0
副口径网页pile_cc,指数型,2048,18.25,110178561.24974397,2518094216.1058908,22.854665985318828,0.09677453396470703,0.09677419354838708,3.404163199521859e-07,0
副口径网页pile_cc,指数型,2048,18.3,116058718.38804783,2682200887.974562,23.11072296185881,0.09677341774764514,0.09677419354838708,-7.75800741939503e-07,0
副口径网页pile_cc,指数型,2048,18.35,122252690.58327964,2857002670.7765174,23.36965065672973,0.09677421905515082,0.09677419354838708,2.55067637427997e-08,0
副口径网页pile_cc,指数型,2048,18.4,128777224.1596128,3043196620.0613422,23.6314817307248,0.09677474605201652,0.09677419354838708,5.525036294445895e-07,0
副口径网页pile_cc,指数型,2048,18.45,135649965.83476797,3241525061.6419435,23.89624679736646,0.09677363785780102,0.09677419354838708,-5.556905860598649e-07,0
副口径网页pile_cc,指数型,2048,18.5,142889520.08293703,3452778309.8541746,24.163971632419834,0.09677383037373843,0.09677419354838708,-3.631746486459919e-07,0
副口径网页pile_cc,指数型,2048,18.55,150515420.83066273,3677799718.2213817,24.434703752774194,0.09677416774387382,0.09677419354838708,-2.5804513262284168e-08,0
副口径网页pile_cc,指数型,2048,18.6,158548329.00151214,3917485549.7985444,24.70846318261217,0.09677354715777042,0.09677419354838708,-6.463906166570554e-07,0
副口径网页pile_cc,指数型,2048,18.65,167009939.9370456,4172792148.475971,24.985292193080873,0.09677468567190672,0.09677419354838708,4.921235196436724e-07,0
副口径网页pile_cc,指数型,2048,18.7,175923126.5922173,4444737707.076069,25.265226881618535,0.09677513177795127,0.09677419354838708,9.382295641929828e-07,0
副口径网页pile_cc,指数型,2048,18.75,185312008.53226304,4734406119.161189,25.548296392982667,0.09677405001269612,0.09677419354838708,-1.4353569095792995e-07,0
副口径网页pile_cc,指数型,2048,18.8,195201986.23236316,5042952063.968577,25.834532533729362,0.09677373707770442,0.09677419354838708,-4.564706826554188e-07,0
副口径网页pile_cc,指数型,2048,18.85,205619773.4894983,5371606565.691805,26.12397861612347,0.09677394280497786,0.09677419354838708,-2.507434092163807e-07,0
副口径网页pile_cc,指数型,2048,18.9,216593557.86512548,5721679631.422339,26.41666579476604,0.09677450187599312,0.09677419354838708,3.083276060439344e-07,0
副口径网页pile_cc,指数型,2048,18.95,228152982.97182232,6094567916.4344635,26.712637446371513,0.0967743250585329,0.09677419354838708,1.3151014581491705e-07,0
副口径网页pile_cc,指数型,2048,19.0,240329353.96603122,6491756976.885885,27.011918726346874,0.09677359211249126,0.09677419354838708,-6.014358958222887e-07,0
副口径网页pile_cc,指数型,2048,19.05,253155560.9058849,6914831483.529753,27.314554966858758,0.09677439408175204,0.09677419354838708,2.0053336495517993e-07,0
副口径网页pile_cc,指数型,2048,19.1,266666278.01882994,7365478617.572103,27.620585070947772,-0.04812605179632534,0.09677419354838708,-0.1449002453447124,0
副口径网页pile_cc,指数型,2048,19.15,284040110.81624943,7672929312.205891,27.01354146833735,-0.4126833197415287,0.09677419354838708,-0.5094575132899158,1
副口径网页pile_cc,指数型,2048,19.2,307667501.8450045,7727627280.652911,25.11681355460774,-0.5854094960570801,0.09677419354838708,-0.6821836896054673,1
副口径网页pile_cc,指数型,2048,19.25,332032966.90032023,7838298173.925691,23.60698772504367,-0.5025224458144315,0.09677419354838708,-0.5992966393628186,1
副口径网页pile_cc,指数型,2048,19.3,357317038.97613406,7994034599.081606,22.372385660610895,-0.43791998619885497,0.09677419354838708,-0.5346941797472421,1
副口径网页pile_cc,指数型,2048,19.35,383662592.6841469,8188380830.31622,21.34266145945942,-0.38565261855565325,0.09677419354838708,-0.4824268121040403,1
副口径网页pile_cc,指数型,2048,19.4,411188157.3373079,8417587380.296383,20.47137601142347,-0.3429546514748001,0.09677419354838708,-0.43972884502318715,1
副口径网页pile_cc,指数型,2048,19.45,440029883.0178395,8678312434.683878,19.722097906546146,-0.3069720440883348,0.09677419354838708,-0.40374623763672185,1
副口径网页pile_cc,指数型,2048,19.5,470272141.570807,8970137149.890823,19.074353670895103,-0.276603740909227,0.09677419354838708,-0.3733779344576141,1
副口径网页pile_cc,指数型,2048,19.55,502063617.5248842,9290765259.711302,18.505155393481218,-0.2510779231564104,0.09677419354838708,-0.3478521167047975,1
副口径网页pile_cc,指数型,2048,19.6,535499432.5595503,9640533177.682245,18.00288215358691,-0.22853241354727238,0.09677419354838708,-0.32530660709565945,1
副口径网页pile_cc,指数型,2048,19.65,570695184.5262208,10019445862.648119,17.556562827783544,-0.20936825236094592,0.09677419354838708,-0.306142445909333,1
副口径网页pile_cc,指数型,2048,19.7,607792631.0447458,10427030495.663195,17.155572415776057,-0.1928241516452207,0.09677419354838708,-0.2895983451936078,1
副口径网页pile_cc,指数型,2048,19.75,646905868.650507,10864210478.631187,16.79411334031445,-0.17821262771187207,0.09677419354838708,-0.27498682126025914,1
副口径网页pile_cc,指数型,2048,19.8,688175213.8216958,11331384517.500687,16.465842259231113,-0.16532111781614844,0.09677419354838708,-0.2620953113645355,1
副口径网页pile_cc,指数型,2048,19.85,731728993.7229729,11829740875.390266,16.166833591220136,-0.1539754128319455,0.09677419354838708,-0.25074960638033256,1
副口径网页pile_cc,指数型,2048,19.9,777726096.8964742,12359846621.39317,15.892287362755722,-0.14403012555377792,0.09677419354838708,-0.240804319102165,1
副口径网页pile_cc,指数型,2048,19.95,826312286.7881641,12923083963.134998,15.639467268926134,-0.1353658254248451,0.09677419354838708,-0.23214001897323217,1
副口径网页pile_cc,指数型,2048,20.0,877668796.6908847,13520118097.568445,15.404578752878047,-0.12788282109258198,0.09677419354838708,-0.22465701464096904,1
副口径网页pile_cc,指数型,2048,20.05,931962698.6838784,14152468720.18756,15.185660048598226,-0.12108954615894874,0.09677419354838708,-0.2178637397073358,1
副口径网页pile_cc,指数型,2048,20.1,989370781.3550352,14821766001.284193,14.981002350791488,-0.11491337000564705,0.09677419354838708,-0.21168756355403412,1
副口径网页pile_cc,指数型,2048,20.15,1050079791.9375594,15529756178.819273,14.789120120257218,-0.1097003226047022,0.09677419354838708,-0.20647451615308926,1
副口径网页pile_cc,指数型,2048,20.2,1114322634.9730687,16277278425.885704,14.607329973404964,-0.1053999086131352,0.09677419354838708,-0.20217410216152226,1
副口径网页pile_cc,指数型,2048,20.25,1182315352.6943352,17066154562.683962,14.434519964400806,-0.10155703473611055,0.09677419354838708,-0.19833122828449762,1
副口径网页pile_cc,指数型,2048,20.3,1254286919.79068,17898310160.94039,14.269709648193835,-0.09792200647993532,0.09677419354838708,-0.19469620002832239,1
副口径网页pile_cc,指数型,2048,20.35,1330458978.9706368,18776369955.95825,14.11270114504796,0.1081754446776042,0.09677419354838708,0.011401251129217124,1
副口径网页pile_cc,指数型,2048,20.4,1389130674.4407408,20322436831.417515,14.629607714622857,0.361293004153767,0.09677419354838708,0.2645188106053799,2
副口径网页pile_cc,指数型,2048,20.45,1444932399.235462,22160878593.973736,15.336965664068043,0.40674456043942975,0.09677419354838708,0.3099703668910427,2
副口径网页pile_cc,指数型,2048,20.5,1503385923.220358,24153363444.89189,16.06597685386976,0.39995635372096494,0.09677419354838708,0.3031821601725779,2
副口径网页pile_cc,指数型,2048,20.55,1564631853.8348775,26311599401.81667,16.8164794404048,0.3931563687238704,0.09677419354838708,0.2963821751754833,2
副口径网页pile_cc,指数型,2048,20.6,1628818807.2166252,28648081868.24615,17.588255821530485,0.38634919616446695,0.09677419354838708,0.2895750026160799,2
副口径网页pile_cc,指数型,2048,20.65,1696103635.5839555,31176143036.60275,18.381036619775326,0.37954074748360433,0.09677419354838708,0.28276655393521727,2
副口径网页pile_cc,指数型,2048,20.7,1766651847.7471046,33910002401.768547,19.194501986914826,0.37273882568691263,0.09677419354838708,0.27596463213852557,2
副口径网页pile_cc,指数型,2048,20.75,1840637678.630835,36864826205.73827,20.028290539591858,0.36594788604216966,0.09677419354838708,0.2691736924937826,2
副口径网页pile_cc,指数型,2048,20.8,1918245768.3356428,40056766236.25102,20.881978158099155,0.3591747526848632,0.09677419354838708,0.26240055913647614,2
副口径网页pile_cc,指数型,2048,20.85,1999669927.2434645,43503046700.136185,21.75511373524776,0.35242581078622415,0.09677419354838708,0.2556516172378371,2
副口径网页pile_cc,指数型,2048,20.9,2085115595.7358985,47221997608.15356,22.647184503690564,0.34570641096571997,0.09677419354838708,0.2489322174173329,2
副口径网页pile_cc,指数型,2048,20.95,2174798708.422396,51233150816.84317,23.557651849999402,0.339024364409811,0.09677419354838708,0.24225017086142392,2
副口径网页pile_cc,指数型,2048,21.0,2268947400.087346,55557293747.0786,24.48593288012752,0.33238488406834854,0.09677419354838708,0.23561069051996147,2
副口径网页pile_cc,指数型,2048,21.05,2367802170.474546,60216554462.63381,25.431412815440336,0.3257938546434822,0.09677419354838708,0.22901966109509514,2
副口径网页pile_cc,指数型,2048,21.1,2471616856.4482737,65234477556.043495,26.393442570134344,0.3192580239094944,0.09677419354838708,0.22248383036110736,2
副口径网页pile_cc,指数型,2048,21.15,2580658714.6240673,70636124611.58818,27.371354534912985,0.31278348972355197,0.09677419354838708,0.2160092961751649,2
副口径网页pile_cc,指数型,2048,21.2,2695209930.532153,76448151242.30754,28.3644514574838,0.3063754883502714,0.09677419354838708,0.20960129480188433,2
副口径网页pile_cc,指数型,2048,21.25,2815567822.7340417,82698918892.76733,29.372021595438962,0.3000400066694233,0.09677419354838708,0.20326581312103625,2
副口径网页pile_cc,指数型,2048,21.3,2942045944.4858904,89418594735.60664,30.393337297535695,0.2937818871905016,0.09677419354838708,0.1970076936421145,2
副口径网页pile_cc,指数型,2048,21.35,3074974972.0743833,96639263809.69853,31.427658659772934,0.2876079101855602,0.09677419354838708,0.19083371663717313,2
副口径网页pile_cc,指数型,2048,21.4,3214702753.7969546,104395073180.12943,32.47425381921428,0.28152185155478193,0.09677419354838708,0.18474765800639487,2
副口径网页pile_cc,指数型,2048,21.45,3361597160.815543,112722310223.51817,33.53236715495413,0.2755273610028066,0.09677419354838708,0.17875316745441955,2
副口径网页pile_cc,指数型,2048,21.5,3516045136.442433,121659592794.1816,34.60126024356954,0.2696320532717955,0.09677419354838708,0.17285785972340845,2
副口径网页pile_cc,指数型,2048,21.55,3678453953.826179,131248014457.43156,35.6802113346866,0.26383759942767604,0.09677419354838708,0.16706340587928897,2
副口径网页pile_cc,指数型,2048,21.6,3849254467.092315,141531235966.7235,36.76848002040111,0.25814828537152934,0.09677419354838708,0.16137409182314227,2
副口径网页pile_cc,指数型,2048,21.65,4028898828.9301834,152555759502.1611,37.8653736367637,0.25256879401698207,0.09677419354838708,0.155794600468595,2
副口径网页pile_cc,指数型,2048,21.7,4217864896.5181403,164371008918.32718,38.97019296516964,0.24710101735335854,0.09677419354838708,0.15032682380497148,2
副口径网页pile_cc,指数型,2048,21.75,4416655391.24567,177029589843.17142,40.08227361230511,0.24174904838652544,0.09677419354838708,0.14497485483813838,2
副口径网页pile_cc,指数型,2048,21.8,4625800199.315694,190587464140.4446,41.20097192451993,0.23651510667399478,0.09677419354838708,0.1397409131256077,2
副口径网页pile_cc,指数型,2048,21.85,4845857565.444113,205104176412.71616,42.32567169850746,0.2314006113808844,0.09677419354838708,0.13462641783249735,2
副口径网页pile_cc,指数型,2048,21.9,5077416157.10922,220643065585.61383,43.45577726117194,0.22640714867503675,0.09677419354838708,0.12963295512664968,2
副口径网页pile_cc,指数型,2048,21.95,5321095841.871826,237271543379.0126,44.59072913363397,0.2215375152632042,0.09677419354838708,0.12476332171481712,2
副口径网页pile_cc,指数型,2048,22.0,5577549206.896617,255061367738.41895,45.730007621095766,0.21679473082628675,0.09677419354838708,0.12002053727789967,2
副口径网页pile_cc,指数型,2048,22.05,5847462897.364823,274088946621.99957,46.87313992971526,0.21217625980945698,0.09677419354838708,0.1154020662610699,2
副口径网页pile_cc,指数型,2048,22.1,6131563449.77474,294435469415.2191,48.01963998693286,0.2076834965069736,0.09677419354838708,0.11090930295858652,2
副口径网页pile_cc,指数型,2048,22.15,6430612354.853062,316187522137.7939,49.16911558184239,0.2033186663939084,0.09677419354838708,0.1065444728455213,2
副口径网页pile_cc,指数型,2048,22.2,6745414272.229965,339437166601.64166,50.32117419371297,0.19907953777675402,0.09677419354838708,0.10230534422836694,2
副口径网页pile_cc,指数型,2048,22.25,7076815895.197226,364282449224.9364,51.47547352081909,0.19496651563433431,0.09677419354838708,0.09819232208594723,2
副口径网页pile_cc,指数型,2048,22.3,7425709513.575237,390827733420.2149,52.63170242597385,0.1909795476793832,0.09677419354838708,0.09420535413099611,2
副口径网页pile_cc,指数型,2048,22.35,7793034109.755899,419184178303.08716,53.78959881342252,0.18711765774559908,0.09677419354838708,0.090343464197212,2
副口径网页pile_cc,指数型,2048,22.4,8179779791.686351,449470088950.9432,54.94892288026742,0.18337963400297852,0.09677419354838708,0.08660544045459144,2
副口径网页pile_cc,指数型,2048,22.45,8586988485.6415615,481811486073.3791,56.10948318831726,0.17976457145799074,0.09677419354838708,0.08299037790960366,2
副口径网页pile_cc,指数型,2048,22.5,9015758274.968153,516342531917.953,57.271115326101274,0.17627005685559283,0.09677419354838708,0.07949586330720575,2
副口径网页pile_cc,指数型,2048,22.55,9467246109.96151,553206075935.4805,58.433684886821815,0.17289475534158427,0.09677419354838708,0.07612056179319719,2
副口径网页pile_cc,指数型,2048,22.6,9942669933.485043,592554279213.9292,59.597098483408146,0.16963684858227168,0.09677419354838708,0.0728626550338846,2
副口径网页pile_cc,指数型,2048,22.65,10443313299.206419,634549149137.6382,60.761286285058326,0.16649500142768403,0.09677419354838708,0.06972080787929695,2
副口径网页pile_cc,指数型,2048,22.7,10970526596.948463,679363314296.2443,61.926226447982394,0.1634670058670018,0.09677419354838708,0.06669281231861472,2
副口径网页pile_cc,指数型,2048,22.75,11525733823.52971,727180535183.188,63.09190775329668,0.1605498428564438,0.09677419354838708,0.06377564930805672,2
副口径网页pile_cc,指数型,2048,22.8,12110434122.226397,778196570212.6017,64.2583546021996,0.15774140050840657,0.09677419354838708,0.06096720696001949,2
副口径网页pile_cc,指数型,2048,22.85,12726206968.801008,832619890751.8168,65.42561289416633,0.1550392576881876,0.09677419354838708,0.058265064139800524,2
副口径网页pile_cc,指数型,2048,22.9,13374715482.659554,890672572377.9647,66.59375846407576,0.1524410578459694,0.09677419354838708,0.055666864297582316,2
副口径网页pile_cc,指数型,2048,22.95,14057711655.676466,952591137170.1309,67.76288776598125,0.1499437316023844,0.09677419354838708,0.05316953805399731,2
副口径网页pile_cc,指数型,2048,23.0,14777041343.381134,1018627479961.1458,68.93311430149072,0.14754475549273138,0.09677419354838708,0.0507705619443443,2
副口径网页pile_cc,指数型,2048,23.05,15534648070.700941,1089049951556.1317,70.10457826914856,0.14524197111677495,0.09677419354838708,0.04846777756838787,2
副口径网页pile_cc,指数型,2048,23.1,16332578685.204634,1164144407127.0105,71.27744060290898,0.14303156001147244,0.09677419354838708,0.046257366463085356,2
副口径网页pile_cc,指数型,2048,23.15,17172991475.52714,1244215167855.5745,72.45185963253279,0.1409130109157175,0.09677419354838708,0.04413881736733043,2
副口径网页pile_cc,指数型,2048,23.2,18058152789.7355,1329586880783.9053,73.62806684965366,0.13888063217404323,0.09677419354838708,0.04210643862565615,2
副口径网页pile_cc,指数型,2048,23.25,18990463142.44957,1420604404286.9524,74.8062010721298,0.1369322616190587,0.09677419354838708,0.04015806807067161,2
副口径网页pile_cc,指数型,2048,23.3,19972436039.301517,1517636150957.4507,75.98653203700664,0.13506733437418106,0.09677419354838708,0.03829314082579398,2
副口径网页pile_cc,指数型,2048,23.35,21006729664.999683,1621073775877.9023,77.16925964819983,0.1332808043997531,0.09677419354838708,0.036506610851366014,2
副口径网页pile_cc,指数型,2048,23.4,22096138172.315395,1731334891963.9014,78.35463728829858,0.13157143453888054,0.09677419354838708,0.03479724099049346,2
副口径网页pile_cc,指数型,2048,23.45,23243607126.78117,1848864158179.2554,79.54291036217882,0.1299365517272193,0.09677419354838708,0.033162358178832216,2
副口径网页pile_cc,指数型,2048,23.5,24452236389.651203,1974135441202.461,80.73435123659954,0.12837160690681415,0.09677419354838708,0.03159741335842707,2
副口径网页pile_cc,指数型,2048,23.55,25725299522.528908,2107652839113.9946,81.92918559677875,0.12687525832243907,0.09677419354838708,0.030101064774051986,2
副口径网页pile_cc,指数型,2048,23.6,27066232503.206287,2249954282907.2676,83.12772317465078,0.12544655182836095,0.09677419354838708,0.028672358279973872,2
副口径网页pile_cc,指数型,2048,23.65,28478662142.786938,2401612174054.9326,84.33023159633262,0.12408006606182909,0.09677419354838708,0.027305872513442006,2
副口径网页pile_cc,指数型,2048,23.7,29966410160.21,2563236104600.43,85.53697593060201,0.12277502051951927,0.09677419354838708,0.026000826971132193,2
副口径网页pile_cc,指数型,2048,23.75,31533495237.116653,2735475986078.3564,86.7482645202791,0.1215299871430453,0.09677419354838708,0.024755793594658224,2
副口径网页pile_cc,指数型,2048,23.8,33184153856.983852,2919023821525.893,87.96438909083598,0.12033965661234092,0.09677419354838708,0.023565463063953837,2
副口径网页pile_cc,指数型,2048,23.85,34922856265.930916,3114616050074.349,89.1856045896458,0.11920418519312292,0.09677419354838708,0.022429991644735844,2
副口径网页pile_cc,指数型,2048,23.9,36754293782.32762,3323038644167.8384,90.41225669708386,0.1181216908970093,0.09677419354838708,0.02134749734862222,2
副口径网页pile_cc,指数型,2048,23.95,38683424480.88987,3545127369997.7793,91.64461051655651,0.11708836345660245,0.09677419354838708,0.02031416990821537,2
副口径网页pile_cc,指数型,2048,24.0,40715460848.37729,3781773380601.2188,92.88298110352694,0.11610170965511202,0.09677419354838708,0.019327516106724937,2
副口径网页pile_cc,指数型,2048,24.05,42855906683.678925,4033924713012.8896,94.12762499198631,0.11516146867143107,0.09677419354838708,0.018387275123043986,2
副口径网页pile_cc,指数型,2048,24.1,45110537278.759766,4302593257474.9204,95.37889630724462,0.11426694302169338,0.09677419354838708,0.0174927494733063,2
副口径网页pile_cc,指数型,2048,24.15,47485452079.97314,4588855392742.109,96.63707918403597,0.11341285762964404,0.09677419354838708,0.016638664081256957,2
副口径网页pile_cc,指数型,2048,24.2,49987077211.45456,4893857533099.739,97.90245411624727,0.11259891733227079,0.09677419354838708,0.015824723783883707,2
副口径网页pile_cc,指数型,2048,24.25,52622172466.80641,5218821711447.408,99.17533744429487,0.11182452484062466,0.09677419354838708,0.015050331292237581,2
副口径网页pile_cc,指数型,2048,24.3,55397860671.852394,5565049408867.67,100.45603460812463,0.11108590906541238,0.09677419354838708,0.0143117155170253,2
副口径网页pile_cc,指数型,2048,24.35,58321655197.01267,5933925899482.447,101.74481295905319,0.11038193063647128,0.09677419354838708,0.013607737088084201,2
副口径网页pile_cc,指数型,2048,24.4,61401456819.948555,6326928103118.984,103.04198679962664,0.10971173238647935,0.09677419354838708,0.012937538838092275,2
副口径网页pile_cc,指数型,2048,24.45,64645597375.82727,6745628255687.18,104.34783696823803,0.1090738330247163,0.09677419354838708,0.012299639476329213,2
副口径网页pile_cc,指数型,2048,24.5,68062842914.9101,7191702149195.043,105.66267645014284,0.10846734213813392,0.09677419354838708,0.011693148589746835,2
副口径网页pile_cc,指数型,2048,24.55,71662433298.5374,7666934195166.63,106.98679687901567,0.10788958395336579,0.09677419354838708,0.011115390404978706,2
副口径网页pile_cc,指数型,2048,24.6,75454105267.58836,8173224708451.685,108.32047745402832,0.10733949692981781,0.09677419354838708,0.010565303381430732,2
副口径网页pile_cc,指数型,2048,24.65,79448109242.15921,8712598497914.668,109.6640131656062,0.1068159411111651,0.09677419354838708,0.010041747562778022,2
副口径网页pile_cc,指数型,2048,24.7,83655247793.39618,9287211793849.568,111.01768315582838,0.1063183493952451,0.09677419354838708,0.009544155846858013,2
副口径网页pile_cc,指数型,2048,24.75,88086887930.05081,9899362702707.918,112.38179637551656,0.10584436980009926,0.09677419354838708,0.009070176251712178,2
副口径网页pile_cc,指数型,2048,24.8,92755027572.58528,10551496411464.23,113.75659829551746,0.10539249496697778,0.09677419354838708,0.008618301418590699,2
副口径网页pile_cc,指数型,2048,24.85,97672284546.74577,11246219748656.102,115.1423845653337,0.10496372401145138,0.09677419354838708,0.008189530463064296,2
副口径网页pile_cc,指数型,2048,24.9,102851948528.06427,11986309650366.18,116.53945133665198,0.10455653574637935,0.09677419354838708,0.007782342197992273,2
副口径网页pile_cc,指数型,2048,24.95,108308024103.81067,12774723409788.064,117.94807924428383,0.10416931389496753,0.09677419354838708,0.00739512034658045,2
副口径网页pile_cc,指数型,2048,25.0,114055264257.22018,13614610952898.11,119.36854507823602,0.1038001134629205,0.09677419354838708,0.007025919914533427,2
副口径网页pile_cc,指数型,2048,25.05,120109221997.99466,14509325980824.861,120.80109869554487,0.10344890042328458,0.09677419354838708,0.006674706874897504,2
副口径网页pile_cc,指数型,2048,25.1,126486256400.9361,15462443636331.287,122.24603744551058,0.10311592707477146,0.09677419354838708,0.006341733526384383,2
副口径网页pile_cc,指数型,2048,25.15,133203607989.78075,16477771091663.994,123.70363941589444,0.10279868600975917,0.09677419354838708,0.006024492461372086,2
副口径网页pile_cc,指数型,2048,25.200000000000003,140279453390.7249,17559361670675.01,125.17415235263535,0.1024971251054545,0.09677419354838708,0.0057229315570674205,2
副口径网页pile_cc,指数型,2048,25.25,147732911588.7637,18711536308095.8,126.6578726897505,0.10221125278347287,0.09677419354838708,0.005437059235085792,2
副口径网页pile_cc,指数型,2048,25.3,155584137328.97144,19938895654464.54,128.15506771300974,0.10193871208976901,0.09677419354838708,0.005164518541381932,2
副口径网页pile_cc,指数型,2048,25.35,163854373444.98746,21246338591779.9,129.66598416070445,0.10167906321336417,0.09677419354838708,0.004904869664977093,2
副口径网页pile_cc,指数型,2048,25.4,172565980868.80777,22639085261220.43,131.1908937511366,0.10143325970187078,0.09677419354838708,0.004659066153483701,2
副口径网页pile_cc,指数型,2048,25.450000000000003,181742498547.62128,24122698065073.26,132.73008931784045,0.10119998812337272,0.09677419354838708,0.004425794574985639,2
副口径网页pile_cc,指数型,2048,25.5,191408749813.92282,25703098245149.73,134.28382072468935,0.10097795036254453,0.09677419354838708,0.004203756814157453,2
副口径网页pile_cc,指数型,2048,25.55,201590868324.84637,27386594862167.83,135.85235824291743,0.10076715001969916,0.09677419354838708,0.0039929564713120785,2
副口径网页pile_cc,指数型,2048,25.6,212316385035.59924,29179907826822.734,137.4359676570893,0.10056588481355178,0.09677419354838708,0.0037916912651646956,2
副口径网页pile_cc,指数型,2048,25.65,223614326664.57663,31090191344864.58,139.03488121089902,0.10037511032217594,0.09677419354838708,0.003600916773788862,2
副口径网页pile_cc,指数型,2048,25.700000000000003,235515205186.52435,33125074722728.98,140.64941028539724,0.10019487098410806,0.09677419354838708,0.003420677435720984,2
副口径网页pile_cc,指数型,2048,25.75,248051210926.69232,35292677592537.92,142.27980367718553,0.10002358930321265,0.09677419354838708,0.0032493957548255653,2
副口径网页pile_cc,指数型,2048,25.8,261256228328.02707,37601652135967.25,143.9263376670795,0.09985847514413848,0.09677419354838708,0.003084281595751401,2
副口径网页pile_cc,指数型,2048,25.85,275166049863.7316,40061200006507.04,145.5891816099633,0.09970274989899863,0.09677419354838708,0.0029285563506115525,2
副口径网页pile_cc,指数型,2048,25.9,289818163581.6952,42681153658171.67,147.26873267948412,0.09955620949349608,0.09677419354838708,0.0027820159451090037,2
副口径网页pile_cc,指数型,2048,25.950000000000003,305252271214.1525,45471955338944.85,148.96516628059283,0.0994166259830429,0.09677419354838708,0.0026424324346558253,2
副口径网页pile_cc,指数型,2048,26.0,321510029502.2456,48444752045210.13,150.6788205649795,0.09934972783426425,0.09677419354838708,0.0025755342858771735,2
副口径网页pile_cc,幂函数型,2048,17.0,30031775.58617778,519503003.03839815,17.29844449415442,0.0967739947390753,0.09677419354838708,-1.9880931177718164e-07,0
副口径网页pile_cc,幂函数型,2048,17.05,31634549.935544632,553359553.5101166,17.492253078914864,0.09677432602028624,0.09677419354838708,1.324718991585483e-07,0
副口径网页pile_cc,幂函数型,2048,17.1,33322861.932828914,589422593.0337092,17.688234408612534,0.09677449956179451,0.09677419354838708,3.060134074334142e-07,0
副口径网页pile_cc,幂函数型,2048,17.15,35101278.50158916,627835888.37586,17.886410842483578,0.09677438268397864,0.09677419354838708,1.891355915634163e-07,0
副口径网页pile_cc,幂函数型,2048,17.2,36974607.677259706,668752622.0504649,18.08680778678726,0.0967739255919362,0.09677419354838708,-2.6795645087507314e-07,0
副口径网页pile_cc,幂函数型,2048,17.25,38947917.27318944,712335902.0094,18.289447854500562,0.09677380738363439,0.09677419354838708,-3.861647526887113e-07,0
副口径网页pile_cc,幂函数型,2048,17.3,41026539.26283022,758759581.2636354,18.49435986795666,0.09677419040407642,0.09677419354838708,-3.1443106590645087e-09,0
副口径网页pile_cc,幂函数型,2048,17.35,43216095.77846652,808208740.7814395,18.701567696546743,0.0967742209234892,0.09677419354838708,2.7375102115700933e-08,0
副口径网页pile_cc,幂函数型,2048,17.4,45522507.18762289,860880556.7061728,18.911097166902916,0.09677435150006453,0.09677419354838708,1.5795167744581118e-07,0
副口径网页pile_cc,幂函数型,2048,17.45,47952009.515551515,916985061.3281779,19.12297462801401,0.09677439055760395,0.09677419354838708,1.9700921687071382e-07,0
副口径网页pile_cc,幂函数型,2048,17.5,50511172.94831139,976745949.163968,19.337225650322598,0.09677402255466205,0.09677419354838708,-1.7099372502660248e-07,0
副口径网页pile_cc,幂函数型,2048,17.55,53206918.90927894,1040401480.985673,19.55387574235639,0.09677369071606456,0.09677419354838708,-5.028323225159115e-07,0
副口径网页pile_cc,幂函数型,2048,17.6,56046535.127533585,1108205505.2909071,19.772953007160773,0.09677420832375283,0.09677419354838708,1.477536575034133e-08,0
副口径网页pile_cc,幂函数型,2048,17.65,59037695.97712201,1180428461.0917163,19.994487277233006,0.09677421381223361,0.09677419354838708,2.026384653130986e-08,0
副口径网页pile_cc,幂函数型,2048,17.7,62188496.66866459,1257358187.1213543,20.218501081003126,0.09677485894560078,0.09677419354838708,6.653972137032893e-07,0
副口径网页pile_cc,幂函数型,2048,17.75,65507444.4575582,1339301684.5858188,20.445030266041634,0.09677468431021552,0.09677419354838708,4.907618284394344e-07,0
副口径网页pile_cc,幂函数型,2048,17.8,69003532.50416148,1426585311.8489182,20.674091022265902,0.09677364425488832,0.09677419354838708,-5.492934987555431e-07,0
副口径网页pile_cc,幂函数型,2048,17.85,72686201.7300877,1519557356.1729403,20.905719655233206,0.09677409454088881,0.09677419354838708,-9.9007498269299e-08,0
副口径网页pile_cc,幂函数型,2048,17.9,76565411.23232621,1618588509.338478,21.139944046367294,0.09677406960510027,0.09677419354838708,-1.239432868144208e-07,0
副口径网页pile_cc,幂函数型,2048,17.95,80651652.75446276,1724073596.2251503,21.376791886385128,0.09677415703897374,0.09677419354838708,-3.6509413339769203e-08,0
副口径网页pile_cc,幂函数型,2048,18.0,84955971.70537065,1836433306.6192596,21.616294531808247,0.096774209800504,0.09677419354838708,1.6252116916137815e-08,0
副口径网页pile_cc,幂函数型,2048,18.05,89490010.92657702,1956115576.0936103,21.858479575988934,0.09677472420062294,0.09677419354838708,5.306522358611288e-07,0
副口径网页pile_cc,幂函数型,2048,18.1,94266020.92192535,2083597832.565768,22.10338160227938,0.09677464480411935,0.09677419354838708,4.512557322672306e-07,0
副口径网页pile_cc,幂函数型,2048,18.15,99296931.69392355,2219388051.0934563,22.35102347305734,0.09677356527376269,0.09677419354838708,-6.282746243951864e-07,0
副口径网页pile_cc,幂函数型,2048,18.2,104596342.17248385,2364027777.632894,22.601438334569206,0.09677463926624874,0.09677419354838708,4.457178616606994e-07,0
副口径网页pile_cc,幂函数型,2048,18.25,110178561.24974397,2518094216.1058908,22.854665985318828,0.09677453396470703,0.09677419354838708,3.404163199521859e-07,0
副口径网页pile_cc,幂函数型,2048,18.3,116058718.38804783,2682200887.974562,23.11072296185881,0.09677341774764514,0.09677419354838708,-7.75800741939503e-07,0
副口径网页pile_cc,幂函数型,2048,18.35,122252690.58327964,2857002670.7765174,23.36965065672973,0.09677421905515082,0.09677419354838708,2.55067637427997e-08,0
副口径网页pile_cc,幂函数型,2048,18.4,128777224.1596128,3043196620.0613422,23.6314817307248,0.09677474605201652,0.09677419354838708,5.525036294445895e-07,0
副口径网页pile_cc,幂函数型,2048,18.45,135649965.83476797,3241525061.6419435,23.89624679736646,0.09677363785780102,0.09677419354838708,-5.556905860598649e-07,0
副口径网页pile_cc,幂函数型,2048,18.5,142889520.08293703,3452778309.8541746,24.163971632419834,0.09677383037373843,0.09677419354838708,-3.631746486459919e-07,0
副口径网页pile_cc,幂函数型,2048,18.55,150515420.83066273,3677799718.2213817,24.434703752774194,0.09677416774387382,0.09677419354838708,-2.5804513262284168e-08,0
副口径网页pile_cc,幂函数型,2048,18.6,158548329.00151214,3917485549.7985444,24.70846318261217,0.09677354715777042,0.09677419354838708,-6.463906166570554e-07,0
副口径网页pile_cc,幂函数型,2048,18.65,167009939.9370456,4172792148.475971,24.985292193080873,0.09677468567190672,0.09677419354838708,4.921235196436724e-07,0
副口径网页pile_cc,幂函数型,2048,18.7,175923126.5922173,4444737707.076069,25.265226881618535,0.09677513177795127,0.09677419354838708,9.382295641929828e-07,0
副口径网页pile_cc,幂函数型,2048,18.75,185312008.53226304,4734406119.161189,25.548296392982667,0.09677405001269612,0.09677419354838708,-1.4353569095792995e-07,0
副口径网页pile_cc,幂函数型,2048,18.8,195201986.23236316,5042952063.968577,25.834532533729362,0.09677373707770442,0.09677419354838708,-4.564706826554188e-07,0
副口径网页pile_cc,幂函数型,2048,18.85,205619773.4894983,5371606565.691805,26.12397861612347,0.09677394280497786,0.09677419354838708,-2.507434092163807e-07,0
副口径网页pile_cc,幂函数型,2048,18.9,216593557.86512548,5721679631.422339,26.41666579476604,0.09677450187599312,0.09677419354838708,3.083276060439344e-07,0
副口径网页pile_cc,幂函数型,2048,18.95,228152982.97182232,6094567916.4344635,26.712637446371513,0.0967743250585329,0.09677419354838708,1.3151014581491705e-07,0
副口径网页pile_cc,幂函数型,2048,19.0,240329353.96603122,6491756976.885885,27.011918726346874,0.09677359211249126,0.09677419354838708,-6.014358958222887e-07,0
副口径网页pile_cc,幂函数型,2048,19.05,253155560.9058849,6914831483.529753,27.314554966858758,0.09677439408175204,0.09677419354838708,2.0053336495517993e-07,0
副口径网页pile_cc,幂函数型,2048,19.1,266666278.01882994,7365478617.572103,27.620585070947772,0.09677463871668124,0.09677419354838708,4.4516829415808257e-07,0
副口径网页pile_cc,幂函数型,2048,19.15,280898059.97957003,7845494686.854204,27.930042263107172,0.09677379043271728,0.09677419354838708,-4.031156698031113e-07,0
副口径网页pile_cc,幂函数型,2048,19.2,295889401.7769819,8356793344.052194,28.242962721425506,0.09677370425915655,0.09677419354838708,-4.892892305347063e-07,0
副口径网页pile_cc,幂函数型,2048,19.25,311680803.32373625,8901414359.28211,28.559392379505642,0.09677476237694371,0.09677419354838708,5.68828556632428e-07,0
副口径网页pile_cc,幂函数型,2048,19.3,328314959.57251287,9481529502.12609,28.87937093841733,0.09677401304692346,0.09677419354838708,-1.8050146362302844e-07,0
副口径网页pile_cc,幂函数型,2048,19.35,345836919.3224187,10099449884.944757,29.202925774183143,0.09677376114212244,0.09677419354838708,-4.324062646415827e-07,0
副口径网页pile_cc,幂函数型,2048,19.4,364293970.84500396,10757642032.735004,29.530112748728566,0.09677394321215793,0.09677419354838708,-2.503362291489397e-07,0
副口径网页pile_cc,幂函数型,2048,19.45,383736099.40873986,11458728134.8245,29.86095953046923,0.09677497331846752,0.09677419354838708,7.797700804362817e-07,0
副口径网页pile_cc,幂函数型,2048,19.5,404215753.20905805,12205507373.995678,30.195526218601035,0.09677484193762353,0.09677419354838708,6.483892364544941e-07,0
副口径网页pile_cc,幂函数型,2048,19.55,425788487.36477655,13000952086.446148,30.53382717534146,-0.18468250372904293,0.09677419354838708,-0.28145669727743,0
副口径网页pile_cc,幂函数型,2048,19.6,458359933.27437025,13264198106.699862,28.938389121284796,-0.9594539224305869,0.09677419354838708,-1.056228115978974,1
副口径网页pile_cc,幂函数型,2048,19.65,512462893.0176126,12545797542.97062,24.48137750832125,-1.3207221747065159,0.09677419354838708,-1.4174963682549029,1
副口径网页pile_cc,幂函数型,2048,19.7,567028497.7531607,12106177044.306204,21.3502091910313,-1.107453162858933,0.09677419354838708,-1.20422735640732,1
副口径网页pile_cc,幂函数型,2048,19.75,623404180.026466,11826609155.97312,18.971013565342204,-0.9724341092503046,0.09677419354838708,-1.0692083027986916,1
副口径网页pile_cc,幂函数型,2048,19.8,682484690.4029958,11648007386.472326,17.06706033155758,-0.8809617463272712,0.09677419354838708,-0.9777359398756583,1
副口径网页pile_cc,幂函数型,2048,19.85,744946813.45743,11537710211.190006,15.487965050338898,-0.8171866260471781,0.09677419354838708,-0.9139608195955652,1
副口径网页pile_cc,幂函数型,2048,19.9,811449354.3880816,11473646893.689005,14.139695634290504,-0.7727007008933828,0.09677419354838708,-0.86947489444177,1
副口径网页pile_cc,幂函数型,2048,19.95,882602173.4368349,11441666436.102888,12.963560231841795,-0.7418326600020784,0.09677419354838708,-0.8386068535504655,1
副口径网页pile_cc,幂函数型,2048,20.0,959041744.1739782,11431265355.526514,11.91946588870566,-0.7217691723663311,0.09677419354838708,-0.8185433659147182,1
副口径网页pile_cc,幂函数型,2048,20.05,1041468719.6094289,11433879294.230062,10.97861037873321,-0.7110954864660783,0.09677419354838708,-0.8078696800144655,1
副口径网页pile_cc,幂函数型,2048,20.1,1130690835.3977458,11441714809.289234,10.119224858901731,-0.2936218569679756,0.09677419354838708,-0.39039605051636267,1
副口径网页pile_cc,幂函数型,2048,20.15,1189120091.0611455,12201434807.752016,10.26089366370365,0.290661031497347,0.09677419354838708,0.19388683794895994,2
副口径网页pile_cc,幂函数型,2048,20.2,1234380026.9894094,13355564084.56991,10.819653423219636,0.4573151885579616,0.09677419354838708,0.36054099500957454,2
副口径网页pile_cc,幂函数型,2048,20.25,1281697621.3337362,14611751718.264074,11.40031117718629,0.45079265400235435,0.09677419354838708,0.3540184604539673,2
副口径网页pile_cc,幂函数型,2048,20.3,1331179799.2128646,15978254472.974745,12.003077632655478,0.4442198830838695,0.09677419354838708,0.34744568953548244,2
副口径网页pile_cc,幂函数型,2048,20.35,1382939336.077261,17463923644.372307,12.628119823324374,0.43760042679318367,0.09677419354838708,0.3408262332447966,2
副口径网页pile_cc,幂函数型,2048,20.4,1437095505.6592574,19078239167.83838,13.275554124766657,0.4309387024695166,0.09677419354838708,0.33416450892112953,2
副口径网页pile_cc,幂函数型,2048,20.45,1493773994.838161,20831352064.35842,13.945451009552043,0.4242412425386881,0.09677419354838708,0.32746704899030105,2
副口径网页pile_cc,幂函数型,2048,20.5,1553107327.2458568,22734125366.163513,14.637832793228915,0.4175113917928943,0.09677419354838708,0.32073719824450725,2
副口径网页pile_cc,幂函数型,2048,20.55,1615235858.5283186,24798171031.363728,15.352662523204478,0.41075445532500154,0.09677419354838708,0.3139802617766145,2
副口径网页pile_cc,幂函数型,2048,20.6,1680307214.3126895,27035905482.809013,16.08985859997497,0.4039761821523271,0.09677419354838708,0.30720198860394005,2
副口径网页pile_cc,幂函数型,2048,20.65,1748477653.3235714,29460587812.055115,16.849279003397804,0.39718215070045915,0.09677419354838708,0.3004079571520721,2
副口径网页pile_cc,幂函数型,2048,20.7,1819911611.7474554,32086381178.944916,17.63073600488542,0.39037846227771666,0.09677419354838708,0.2936042687293296,2
副口径网页pile_cc,幂函数型,2048,20.75,1894783016.4336822,34928396732.75437,18.43398237677674,0.3835704628554808,0.09677419354838708,0.28679626930709373,2
副口径网页pile_cc,幂函数型,2048,20.8,1973275118.482184,38002759094.838844,19.25872309385325,0.37676427669284607,0.09677419354838708,0.279990083144459,2
副口径网页pile_cc,幂函数型,2048,20.85,2055581544.1012137,41326659823.01248,20.10460735143554,0.36996588288666565,0.09677419354838708,0.2731916893382786,2
副口径网页pile_cc,幂函数型,2048,20.9,2141906350.6562784,44918428689.7399,20.97123839050056,0.36318146965498954,0.09677419354838708,0.2664072761066025,2
副口径网页pile_cc,幂函数型,2048,20.95,2232465075.905011,48797594773.918945,21.858167144736658,0.35641758884711194,0.09677419354838708,0.2596433952987249,2
副口径网页pile_cc,幂函数型,2048,21.0,2327484754.044443,52984968546.583855,22.764904669950035,0.3496796286392154,0.09677419354838708,0.25290543509082836,2
副口径网页pile_cc,幂函数型,2048,21.05,2427205510.9861403,57502702357.13398,23.690907958498915,0.3429740152135956,0.09677419354838708,0.24619982166520854,2
副口径网页pile_cc,幂函数型,2048,21.1,2531879949.1907706,62374395110.959465,24.635605306205502,0.3363095142569019,0.09677419354838708,0.23953532070851485,2
副口径网页pile_cc,幂函数型,2048,21.15,2641774378.5213246,67625171687.24544,25.598390323210396,0.32968873952940214,0.09677419354838708,0.23291454598101508,2
副口径网页pile_cc,幂函数型,2048,21.2,2757170967.7194276,73281746016.39417,26.578600628820848,0.32311925967258226,0.09677419354838708,0.2263450661241952,2
副口径网页pile_cc,幂函数型,2048,21.25,2878365456.7994876,79372583596.86346,27.575575370168398,0.31660867896511213,0.09677419354838708,0.21983448541672507,2
副口径网页pile_cc,幂函数型,2048,21.3,3005671005.8960614,85927944152.05771,28.588605999624555,0.3101598563637875,0.09677419354838708,0.21338566281540045,2
副口径网页pile_cc,幂函数型,2048,21.35,3139417590.694818,92980024409.26303,29.61696611653521,0.3037806069671145,0.09677419354838708,0.20700641341872744,2
副口径网页pile_cc,幂函数型,2048,21.4,3279952561.6582303,100563088409.94035,30.659921605420763,0.2974766748175579,0.09677419354838708,0.20070248126917084,2
副口径网页pile_cc,幂函数型,2048,21.45,3427642589.5959554,108713572208.25975,31.716717646770377,0.29125221680916624,0.09677419354838708,0.19447802326077918,2
副口径网页pile_cc,幂函数型,2048,21.5,3582874218.090849,117470231238.6644,32.78659090110592,0.2851135659997137,0.09677419354838708,0.18833937245132665,2
副口径网页pile_cc,幂函数型,2048,21.55,3746054366.853563,126874302766.69354,33.868783082627694,0.27906411850947954,0.09677419354838708,0.18228992496109248,2
副口径网页pile_cc,幂函数型,2048,21.6,3917613191.5246964,136969612462.99542,34.96251563562053,0.27310971081674396,0.09677419354838708,0.1763355172683569,2
副口径网页pile_cc,幂函数型,2048,21.65,4098002197.0399666,147802830313.77145,36.067045161793985,0.267255470311353,0.09677419354838708,0.17048127676296593,2
副口径网页pile_cc,幂函数型,2048,21.7,4287698739.1197534,159423553112.94415,37.18161251825102,0.2615026509644274,0.09677419354838708,0.1647284574160403,2
副口径网页pile_cc,幂函数型,2048,21.75,4487205763.807219,171884538964.1588,38.3054729405414,0.2558582530632112,0.09677419354838708,0.15908405951482413,2
副口径网页pile_cc,幂函数型,2048,21.8,4697051624.373212,185241965068.5785,39.43792401755808,0.25032384125928075,0.09677419354838708,0.1535496477108937,2
副口径网页pile_cc,幂函数型,2048,21.85,4917795786.356015,199555500641.1407,40.57824060014643,0.2449029339144566,0.09677419354838708,0.14812874036606954,2
副口径网页pile_cc,幂函数型,2048,21.9,5150024662.078397,214888734406.1548,41.72576803145484,0.23959872644279656,0.09677419354838708,0.1428245328944095,2
副口径网页pile_cc,幂函数型,2048,21.95,5394359048.612595,231309215272.27225,42.87983302330681,0.2344119269233147,0.09677419354838708,0.13763773337492763,2
副口径网页pile_cc,幂函数型,2048,22.0,5651451082.717601,248888886571.52948,44.03981967262235,0.2293474010595702,0.09677419354838708,0.13257320751118312,2
副口径网页pile_cc,幂函数型,2048,22.05,5921987961.035758,267704299194.1583,45.20514073239296,0.22440562062751823,0.09677419354838708,0.12763142707913117,2
副口径网页pile_cc,幂函数型,2048,22.1,6206694335.533139,287836888984.1426,46.375231874443216,0.2195872648124535,0.09677419354838708,0.12281307126406642,2
副口径网页pile_cc,幂函数型,2048,22.15,6506333460.638482,309373328570.567,47.549565426086765,0.2148944882632513,0.09677419354838708,0.11812029471486422,2
副口径网页pile_cc,幂函数型,2048,22.2,6821708733.003036,332405893597.5602,48.72765851016176,0.21032809217255277,0.09677419354838708,0.11355389862416569,2
副口径网页pile_cc,幂函数型,2048,22.25,7153667079.59401,357032775649.181,49.90905666656263,0.20588693643022893,0.09677419354838708,0.10911274288184185,2
副口径网页pile_cc,幂函数型,2048,22.3,7503101396.991617,383358460303.7217,51.09333327914641,0.2015727395955551,0.09677419354838708,0.10479854604716803,2
副口径网页pile_cc,幂函数型,2048,22.35,7870950134.713869,411494273956.8211,52.280127165585206,0.19738587629592885,0.09677419354838708,0.10061168274754177,2
副口径网页pile_cc,幂函数型,2048,22.4,8258203483.727085,441558657190.1749,53.46909386045923,0.19332464251471038,0.09677419354838708,0.0965504489663233,2
副口径网页pile_cc,幂函数型,2048,22.45,8665903935.762712,473677733441.3326,54.65993356867771,0.1893886845646371,0.09677419354838708,0.09261449101625001,2
副口径网页pile_cc,幂函数型,2048,22.5,9095149843.508446,507985775152.92523,55.85238109248898,0.18557761802522776,0.09677419354838708,0.08880342447684068,2
副口径网页pile_cc,幂函数型,2048,22.55,9547097265.480484,544625797017.6485,57.04621853878627,0.18188920650300489,0.09677419354838708,0.0851150129546178,2
副口径网页pile_cc,幂函数型,2048,22.6,10022966024.148703,583749970301.646,58.24124005760327,0.17832393010353798,0.09677419354838708,0.0815497365551509,2
副口径网页pile_cc,幂函数型,2048,22.65,10524036546.298128,625520578709.9762,59.43732482856168,0.17487840101939867,0.09677419354838708,0.07810420747101159,2
副口径网页pile_cc,幂函数型,2048,22.7,11051664324.066626,670110061622.0403,60.634311898414886,0.17155107922827284,0.09677419354838708,0.07477688567988576,2
副口径网页pile_cc,幂函数型,2048,22.75,11607269778.758059,717702469870.883,61.83215205218354,0.16834112189128092,0.09677419354838708,0.07156692834289384,2
副口径网页pile_cc,幂函数型,2048,22.8,12192355254.445509,768493456582.7719,63.0307631745366,0.16524517191068355,0.09677419354838708,0.06847097836229647,2
副口径网页pile_cc,幂函数型,2048,22.85,12808498464.4726,822691670079.5286,64.23014160180121,0.1622632035040077,0.09677419354838708,0.06548900995562061,2
副口径网页pile_cc,幂函数型,2048,22.9,13457362836.568552,880519235651.8947,65.43029613938947,0.15939119394048618,0.09677419354838708,0.0626170003920991,2
副口径网页pile_cc,幂函数型,2048,22.95,14140701236.139006,942212682030.9728,66.63125585476521,0.15662605066372137,0.09677419354838708,0.05985185711533429,2
副口径网页pile_cc,幂函数型,2048,23.0,14860360336.625443,1008023904994.9159,67.83307283003761,0.15396602763448897,0.09677419354838708,0.057191834086101886,2
副口径网页pile_cc,幂函数型,2048,23.05,15618283646.063532,1078221301273.1006,69.03583810535147,0.15140931969550664,0.09677419354838708,0.05463512614711956,2
副口径网页pile_cc,幂函数型,2048,23.1,16416518467.362192,1153090734733.7031,70.23966360627388,0.14895320937580436,0.09677419354838708,0.05217901582741728,2
副口径网页pile_cc,幂函数型,2048,23.15,17257220982.060673,1232936707929.315,71.44468447213978,0.14659389235109188,0.09677419354838708,0.0498196988027048,2
副口径网页pile_cc,幂函数型,2048,23.2,18142664754.773106,1318083391777.105,72.65103608500145,0.14432983484118012,0.09677419354838708,0.047555641292793036,2
副口径网页pile_cc,幂函数型,2048,23.25,19075239475.819695,1408876434401.5469,73.85891203030388,0.14215656698754842,0.09677419354838708,0.045382373439161336,2
副口径网页pile_cc,幂函数型,2048,23.3,20057471373.569214,1505683356889.8367,75.06845348780878,0.14007229983998926,0.09677419354838708,0.043298106291602176,2
副口径网页pile_cc,幂函数型,2048,23.35,21092009719.082157,1608896469942.1326,76.27990368725023,0.13807455990152562,0.09677419354838708,0.04130036635313854,2
副口径网页pile_cc,幂函数型,2048,23.4,22181656552.16208,1718932811233.468,77.49343729992614,0.13616100495333683,0.09677419354838708,0.03938681140494975,2
副口径网页pile_cc,幂函数型,2048,23.45,23329350014.76281,1836237597646.4119,78.70933379988902,0.13432932026318412,0.09677419354838708,0.037555126714797035,2
副口径网页pile_cc,幂函数型,2048,23.5,24538197427.867157,1961284125855.2185,79.92779957128627,0.1325749963314209,0.09677419354838708,0.03580080278303381,2
副口径网页pile_cc,幂函数型,2048,23.55,25811463585.893566,2094577177574.4902,81.14910534245004,0.13089570489736246,0.09677419354838708,0.034121511348975384,2
副口径网页pile_cc,幂函数型,2048,23.6,27152595199.91277,2236653827527.963,82.37348257359754,0.12928894448460326,0.09677419354838708,0.03251475093621618,2
副口径网页pile_cc,幂函数型,2048,23.65,28565214244.365963,2388086845170.7485,83.60122296795869,0.1277526335077077,0.09677419354838708,0.030978439959320633,2
副口径网页pile_cc,幂函数型,2048,23.7,30053143105.720737,2549485757324.8486,84.83258301324042,0.12628511968302902,0.09677419354838708,0.029510926134641943,2
副口径网页pile_cc,幂函数型,2048,23.75,31620396895.788322,2721500756765.333,86.06788731130138,0.1248814297434393,0.09677419354838708,0.028107236195052218,2
副口径网页pile_cc,幂函数型,2048,23.8,33271225392.087353,2904822702531.4424,87.30735547907636,0.12353960747745418,0.09677419354838708,0.026765413929067103,2
副口径网页pile_cc,幂函数型,2048,23.85,35010082100.479385,3100189439340.736,88.55133302581675,0.12225973370951237,0.09677419354838708,0.025485540161125295,2
副口径网页pile_cc,幂函数型,2048,23.9,36841672015.71104,3308385730721.0107,89.80009727327679,0.121037483434705,0.09677419354838708,0.024263289886317915,2
副口径网页pile_cc,幂函数型,2048,23.95,38770944186.755516,3530248109662.145,91.05396279897944,0.1198696333950231,0.09677419354838708,0.02309543984663602,2
副口径网页pile_cc,幂函数型,2048,24.0,40803123463.370636,3766666589627.2656,92.31319246941081,0.11875620541621146,0.09677419354838708,0.021982011867824378,2
副口径网页pile_cc,幂函数型,2048,24.05,42943690600.2581,4018591278563.9985,93.57815367968969,0.11769440268940912,0.09677419354838708,0.020920209141022036,2
副口径网页pile_cc,幂函数型,2048,24.1,45198445194.19726,4287031812362.998,94.84909921001847,0.11667973225197059,0.09677419354838708,0.01990553870358351,2
副口径网页pile_cc,幂函数型,2048,24.15,47573481154.39862,4573065029999.987,96.12634852509977,0.1157133012121605,0.09677419354838708,0.018939107663773422,2
副口径网页pile_cc,幂函数型,2048,24.2,50075216706.2557,4877838062767.943,97.41022373166433,0.11479159862181731,0.09677419354838708,0.018017405073430234,2
副口径网页pile_cc,幂函数型,2048,24.25,52710421617.72678,5202571952954.634,98.7010119305322,0.11391307529536121,0.09677419354838708,0.01713888174697413,2
副口径网页pile_cc,幂函数型,2048,24.3,55486215175.76222,5548568475800.22,99.99904405489121,0.11307633155187702,0.09677419354838708,0.016302138003489938,2
副口径网页pile_cc,幂函数型,2048,24.35,58410105681.88205,5917213377975.875,101.30461687918684,0.11227883941845107,0.09677419354838708,0.01550464587006399,2
副口径网页pile_cc,幂函数型,2048,24.4,61489997125.07844,6309983230298.08,102.61804399604664,0.11151772896040058,0.09677419354838708,0.014743535412013495,2
副口径网页pile_cc,幂函数型,2048,24.45,64734229208.84549,6728449428354.77,103.93959286434777,0.11079343175042666,0.09677419354838708,0.014019238202039583,2
副口径网页pile_cc,幂函数型,2048,24.5,68151557000.26316,7174288842329.679,105.26962490823175,0.11010492959165674,0.09677419354838708,0.013330736043269661,2
副口径网页pile_cc,幂函数型,2048,24.55,71751228248.56712,7649285030911.445,106.60841936269156,0.10944795436131827,0.09677419354838708,0.012673760812931187,2
副口径网页pile_cc,幂函数型,2048,24.6,75542979440.02446,8155338286777.987,107.95627002311609,0.10882274545519977,0.09677419354838708,0.012048551906812685,2
副口径网页pile_cc,幂函数型,2048,24.65,79537057641.02866,8694473731594.917,109.31349473393055,0.10822874917505487,0.09677419354838708,0.011454555626667792,2
副口径网页pile_cc,幂函数型,2048,24.7,83744257332.40111,9268848450263.71,110.68040657968248,0.10766156577169994,0.09677419354838708,0.01088737222331286,2
副口径网页pile_cc,幂函数型,2048,24.75,88175977480.92894,9880756988183.738,112.05724359926477,0.1071220548315992,0.09677419354838708,0.01034786128321212,2
副口径网页pile_cc,幂函数型,2048,24.8,92844174974.74898,10532649026991.04,113.4443709565584,0.1066101747551329,0.09677419354838708,0.009835981206745822,2
副口径网页pile_cc,幂函数型,2048,24.85,97761483574.32118,11227129613477.354,114.84205438578637,0.10612163527338936,0.09677419354838708,0.009347441725002278,2
副口径网页pile_cc,幂函数型,2048,24.9,102941204337.40506,11966974337720.764,116.25057638239039,0.10565737803174358,0.09677419354838708,0.008883184483356496,2
副口径网页pile_cc,幂函数型,2048,24.95,108397331937.15768,12755141575791.281,117.67025394302097,0.105215384544465,0.09677419354838708,0.008441190996077916,2
副口径网页pile_cc,幂函数型,2048,25.0,114144635885.2864,13594779262256.857,119.10134152882489,0.1047951590360725,0.09677419354838708,0.008020965487685425,2
副口径网页pile_cc,幂函数型,2048,25.05,120198637298.44713,14489244821753.291,120.54416878102562,0.10439609295526253,0.09677419354838708,0.007621899406875451,2
副口径网页pile_cc,幂函数型,2048,25.1,126575717756.23236,15442110696309.318,121.99899767543666,0.10401604925669616,0.09677419354838708,0.007241855708309083,2
副口径网页pile_cc,幂函数型,2048,25.15,133293115736.62543,16457184245110.973,123.46612316894752,0.1036545188119753,0.09677419354838708,0.006880325263588213,2
副口径网页pile_cc,幂函数型,2048,25.200000000000003,140369002423.13022,17538519418763.879,124.94581507315645,0.10331100358786927,0.09677419354838708,0.006536810039482185,2
副口径网页pile_cc,幂函数型,2048,25.25,147822499035.28098,18690436837022.453,126.43837683031988,0.10298519659617256,0.09677419354838708,0.006211003047785477,2
副口径网页pile_cc,幂函数型,2048,25.3,155673757613.263,19917537456578.887,127.94409129674636,0.10267386378482257,0.09677419354838708,0.005899670236435492,2
副口径网页pile_cc,幂函数型,2048,25.35,163944038303.9551,21224717904069.316,129.4631883150171,0.10237870844108699,0.09677419354838708,0.005604514892699905,2
副口径网页pile_cc,幂函数型,2048,25.4,172655656927.5438,22617204102534.67,130.9960212425947,0.10209867671265371,0.09677419354838708,0.005324483164266633,2
副口径网页pile_cc,幂函数型,2048,25.450000000000003,181832207427.86133,24100551290398.266,132.54280763191926,0.10183098041644456,0.09677419354838708,0.005056786868057481,2
副口径网页pile_cc,幂函数型,2048,25.5,191498495339.0104,25680682939034.74,134.10383665716088,0.10157751070333987,0.09677419354838708,0.004803317154952788,2
副口径网页pile_cc,幂函数型,2048,25.55,201680645846.39655,27363909185453.273,135.67940082011685,0.10133715465876136,0.09677419354838708,0.004562961110374283,2
副口径网页pile_cc,幂函数型,2048,25.6,212406190778.5638,29156949792526.242,137.26977394421962,0.10110695922174173,0.09677419354838708,0.004332765673354652,2
副口径网页pile_cc,幂函数型,2048,25.65,223704176530.53186,31066956214484.75,138.87517299099076,0.10088969592062824,0.09677419354838708,0.0041155023722411616,2
副口径网页pile_cc,幂函数型,2048,25.700000000000003,235605068186.62442,33101564192702.684,140.49597679487397,0.10068432824794016,0.09677419354838708,0.003910134699553078,2
副口径网页pile_cc,幂函数型,2048,25.75,248141102477.62204,35268886885495.5,142.1323857004953,0.10048742492190854,0.09677419354838708,0.003713231373521461,2
副口径网页pile_cc,幂函数型,2048,25.8,261346165516.68924,37577576106899.695,143.7846850846566,0.10030131197147085,0.09677419354838708,0.003527118423083772,2
副口径网页pile_cc,幂函数型,2048,25.85,275255945345.62354,40036848546360.34,145.4531654024341,0.10012238636619486,0.09677419354838708,0.0033481928178077797,2
副口径网页pile_cc,幂函数型,2048,25.9,289908140896.0824,42656506067115.42,147.13800700893614,0.09995492271502471,0.09677419354838708,0.0031807291666376275,2
副口径网页pile_cc,幂函数型,2048,25.950000000000003,305342195758.3379,45447028595056.34,148.83965998274687,0.09979488520724189,0.09677419354838708,0.00302069165885481,2
副口径网页pile_cc,幂函数型,2048,26.0,321600059309.44403,48419519786674.23,150.55818052597093,0.09971377006343751,0.09677419354838708,0.002939576515050432,2
副口径网页pile_cc,对数型,2048,17.0,30031775.58617778,519503003.03839815,17.29844449415442,0.0967739947390753,0.09677419354838708,-1.9880931177718164e-07,0
副口径网页pile_cc,对数型,2048,17.05,31634549.935544632,553359553.5101166,17.492253078914864,0.09677432602028624,0.09677419354838708,1.324718991585483e-07,0
副口径网页pile_cc,对数型,2048,17.1,33322861.932828914,589422593.0337092,17.688234408612534,0.09677449956179451,0.09677419354838708,3.060134074334142e-07,0
副口径网页pile_cc,对数型,2048,17.15,35101278.50158916,627835888.37586,17.886410842483578,0.09677438268397864,0.09677419354838708,1.891355915634163e-07,0
副口径网页pile_cc,对数型,2048,17.2,36974607.677259706,668752622.0504649,18.08680778678726,0.0967739255919362,0.09677419354838708,-2.6795645087507314e-07,0
副口径网页pile_cc,对数型,2048,17.25,38947917.27318944,712335902.0094,18.289447854500562,0.09677380738363439,0.09677419354838708,-3.861647526887113e-07,0
副口径网页pile_cc,对数型,2048,17.3,41026539.26283022,758759581.2636354,18.49435986795666,0.09677419040407642,0.09677419354838708,-3.1443106590645087e-09,0
副口径网页pile_cc,对数型,2048,17.35,43216095.77846652,808208740.7814395,18.701567696546743,0.0967742209234892,0.09677419354838708,2.7375102115700933e-08,0
副口径网页pile_cc,对数型,2048,17.4,45522507.18762289,860880556.7061728,18.911097166902916,0.09677435150006453,0.09677419354838708,1.5795167744581118e-07,0
副口径网页pile_cc,对数型,2048,17.45,47952009.515551515,916985061.3281779,19.12297462801401,0.09677439055760395,0.09677419354838708,1.9700921687071382e-07,0
副口径网页pile_cc,对数型,2048,17.5,50511172.94831139,976745949.163968,19.337225650322598,0.09677402255466205,0.09677419354838708,-1.7099372502660248e-07,0
副口径网页pile_cc,对数型,2048,17.55,53206918.90927894,1040401480.985673,19.55387574235639,0.09677369071606456,0.09677419354838708,-5.028323225159115e-07,0
副口径网页pile_cc,对数型,2048,17.6,56046535.127533585,1108205505.2909071,19.772953007160773,0.09677420832375283,0.09677419354838708,1.477536575034133e-08,0
副口径网页pile_cc,对数型,2048,17.65,59037695.97712201,1180428461.0917163,19.994487277233006,0.09677421381223361,0.09677419354838708,2.026384653130986e-08,0
副口径网页pile_cc,对数型,2048,17.7,62188496.66866459,1257358187.1213543,20.218501081003126,0.09677485894560078,0.09677419354838708,6.653972137032893e-07,0
副口径网页pile_cc,对数型,2048,17.75,65507444.4575582,1339301684.5858188,20.445030266041634,0.09677468431021552,0.09677419354838708,4.907618284394344e-07,0
副口径网页pile_cc,对数型,2048,17.8,69003532.50416148,1426585311.8489182,20.674091022265902,0.09677364425488832,0.09677419354838708,-5.492934987555431e-07,0
副口径网页pile_cc,对数型,2048,17.85,72686201.7300877,1519557356.1729403,20.905719655233206,0.09677409454088881,0.09677419354838708,-9.9007498269299e-08,0
副口径网页pile_cc,对数型,2048,17.9,76565411.23232621,1618588509.338478,21.139944046367294,0.09677406960510027,0.09677419354838708,-1.239432868144208e-07,0
副口径网页pile_cc,对数型,2048,17.95,80651652.75446276,1724073596.2251503,21.376791886385128,0.09677415703897374,0.09677419354838708,-3.6509413339769203e-08,0
副口径网页pile_cc,对数型,2048,18.0,84955971.70537065,1836433306.6192596,21.616294531808247,0.096774209800504,0.09677419354838708,1.6252116916137815e-08,0
副口径网页pile_cc,对数型,2048,18.05,89490010.92657702,1956115576.0936103,21.858479575988934,0.09677472420062294,0.09677419354838708,5.306522358611288e-07,0
副口径网页pile_cc,对数型,2048,18.1,94266020.92192535,2083597832.565768,22.10338160227938,0.09677464480411935,0.09677419354838708,4.512557322672306e-07,0
副口径网页pile_cc,对数型,2048,18.15,99296931.69392355,2219388051.0934563,22.35102347305734,0.09677356527376269,0.09677419354838708,-6.282746243951864e-07,0
副口径网页pile_cc,对数型,2048,18.2,104596342.17248385,2364027777.632894,22.601438334569206,0.09677463926624874,0.09677419354838708,4.457178616606994e-07,0
副口径网页pile_cc,对数型,2048,18.25,110178561.24974397,2518094216.1058908,22.854665985318828,0.09677453396470703,0.09677419354838708,3.404163199521859e-07,0
副口径网页pile_cc,对数型,2048,18.3,116058718.38804783,2682200887.974562,23.11072296185881,0.09677341774764514,0.09677419354838708,-7.75800741939503e-07,0
副口径网页pile_cc,对数型,2048,18.35,122252690.58327964,2857002670.7765174,23.36965065672973,0.09677421905515082,0.09677419354838708,2.55067637427997e-08,0
副口径网页pile_cc,对数型,2048,18.4,128777224.1596128,3043196620.0613422,23.6314817307248,0.09677474605201652,0.09677419354838708,5.525036294445895e-07,0
副口径网页pile_cc,对数型,2048,18.45,135649965.83476797,3241525061.6419435,23.89624679736646,0.09677363785780102,0.09677419354838708,-5.556905860598649e-07,0
副口径网页pile_cc,对数型,2048,18.5,142889520.08293703,3452778309.8541746,24.163971632419834,0.09677383037373843,0.09677419354838708,-3.631746486459919e-07,0
副口径网页pile_cc,对数型,2048,18.55,150515420.83066273,3677799718.2213817,24.434703752774194,-4.793216690476916,0.09677419354838708,-4.889990884025303,0
副口径网页pile_cc,对数型,2048,18.6,229252939.22156802,1837221675.5086865,8.013950363066234,-4.619078165061577,0.09677419354838708,-4.715852358609964,2
副口径网页pile_cc,对数型,2048,18.65,238127278.7106366,2008669154.0738602,8.435275307180243,0.44174543254973386,0.09677419354838708,0.3449712390013468,2
副口径网页pile_cc,对数型,2048,18.7,247410971.8235318,2195028414.876739,8.871993019138875,0.43510982093823714,0.09677419354838708,0.33833562738985007,2
副口径网页pile_cc,对数型,2048,18.75,257125481.02418017,2397482030.515256,9.32417129942013,0.42843436306422866,0.09677419354838708,0.3316601695158416,2
副口径网页pile_cc,对数型,2048,18.8,267293402.63837558,2617296155.9534597,9.791847199066229,0.4217239824485475,0.09677419354838708,0.3249497889001604,2
副口径网页pile_cc,对数型,2048,18.85,277938644.0511764,2855824902.4104156,10.275019194108815,0.4149831211339894,0.09677419354838708,0.3182089275856023,2
副口径网页pile_cc,对数型,2048,18.9,289086403.49913156,3114516284.561668,10.773651914663722,0.4082178884023602,0.09677419354838708,0.3114436948539731,2
副口径网页pile_cc,对数型,2048,18.95,300763280.5688763,3394917648.2385883,11.287673288498842,0.4014327107628297,0.09677419354838708,0.30465851721444265,2
副口径网页pile_cc,对数型,2048,19.0,312997384.84407866,3698681370.547858,11.816972120678825,0.3946347415086304,0.09677419354838708,0.29786054796024336,2
副口径网页pile_cc,对数型,2048,19.05,325818280.5559191,4027572364.601444,12.361406971178846,0.3878290207854427,0.09677419354838708,0.2910548272370556,2
副口径网页pile_cc,对数型,2048,19.1,339257300.6620171,4383472791.912647,12.92079133848811,0.381020375138009,0.09677419354838708,0.28424618158962195,2
副口径网页pile_cc,对数型,2048,19.15,353347419.03611565,4768391067.645235,13.49490844068641,0.37421684775238795,0.09677419354838708,0.2774426542040009,2
副口径网页pile_cc,对数型,2048,19.2,368123429.0113072,5184468695.891417,14.083506474487859,0.3674230322715708,0.09677419354838708,0.27064883872318374,2
副口径网页pile_cc,对数型,2048,19.25,383622111.43069184,5633987471.473941,14.686294933476015,0.36064461239831225,0.09677419354838708,0.2638704188499252,2
副口径网页pile_cc,对数型,2048,19.3,399882226.0053655,6119379115.906752,15.302953514679704,0.3538897307155118,0.09677419354838708,0.2571155371671247,2
副口径网页pile_cc,对数型,2048,19.35,416944611.7527955,6643234522.535805,15.933134366716668,0.3471641335966176,0.09677419354838708,0.2503899400482305,2
副口径网页pile_cc,对数型,2048,19.4,434852424.6255952,7208311870.48599,16.57645551060752,0.34047331112208745,0.09677419354838708,0.24369911757370039,2
副口径网页pile_cc,对数型,2048,19.45,453651147.8952526,7817548132.626768,17.23251041884684,0.3338238225574095,0.09677419354838708,0.23704962900902243,2
副口径网页pile_cc,对数型,2048,19.5,473388773.6722137,8474069257.749992,17.900866537273764,0.3272216150085949,0.09677419354838708,0.23044742146020786,2
副口径网页pile_cc,对数型,2048,19.55,494115908.33018494,9181202107.563158,18.581069649406974,0.32067371846365766,0.09677419354838708,0.2238995249152706,2
副口径网页pile_cc,对数型,2048,19.6,515885866.36958194,9942487558.868338,19.272649644069748,0.3141852745172926,0.09677419354838708,0.21741108096890555,2
副口径网页pile_cc,对数型,2048,19.65,538754971.8701333,10761691290.795149,19.975112718568564,0.30776222713004664,0.09677419354838708,0.21098803358165957,2
副口径网页pile_cc,对数型,2048,19.7,562782495.2907301,11642821251.349493,20.68795911169,0.30141038163873013,0.09677419354838708,0.20463618809034306,2
副口径网页pile_cc,对数型,2048,19.75,588031037.9797378,12590139056.42425,21.410670939546694,0.29513502539040815,0.09677419354838708,0.19836083184202108,2
副口径网页pile_cc,对数型,2048,19.8,614566493.9207358,13608179542.908867,22.142729350721797,0.28894229794927817,0.09677419354838708,0.1921681044008911,2
副口径网页pile_cc,对数型,2048,19.85,642458364.2940376,14701765602.910082,22.88360837058297,0.282836778048285,0.09677419354838708,0.18606258449989793,2
副口径网页pile_cc,对数型,2048,19.9,671779900.9053545,15876027243.785437,23.632780948625275,0.276822983846591,0.09677419354838708,0.18004879029820392,2
副口径网页pile_cc,对数型,2048,19.95,702608341.8886516,17136420353.634056,24.389719466709394,0.2709045544262274,0.09677419354838708,0.17413036087784034,2
副口径网页pile_cc,对数型,2048,20.0,735025141.2041879,18488746980.87689,25.1538973899408,0.2650878169473465,0.09677419354838708,0.16831362339895944,2
副口径网页pile_cc,对数型,2048,20.05,769115903.3107536,19939183870.46999,25.924810271949042,0.25937639445043636,0.09677419354838708,0.1626022009020493,2
副口径网页pile_cc,对数型,2048,20.1,804971107.3605262,21494295591.216564,26.701946684391757,0.2537718229490782,0.09677419354838708,0.15699762940069112,2
副口径网页pile_cc,对数型,2048,20.15,842686023.5280727,23161066843.807095,27.484811895703075,0.24827982594684173,0.09677419354838708,0.15150563239845466,2
副口径网页pile_cc,对数型,2048,20.2,882360872.13125,24946932289.487465,28.27293579919378,0.2429025412983652,0.09677419354838708,0.14612834774997813,2
副口径网页pile_cc,对数型,2048,20.25,924101505.7973377,26859795455.27687,29.06584967860384,0.23764232854941092,0.09677419354838708,0.14086813500102385,2
副口径网页pile_cc,对数型,2048,20.3,968019216.6311054,28908071396.32574,29.863117280802992,0.23250120562781973,0.09677419354838708,0.13572701207943266,2
副口径网页pile_cc,对数型,2048,20.35,1014231541.6493932,31100706606.91503,30.66430625529308,0.2274821175648043,0.09677419354838708,0.13070792401641723,2
副口径网页pile_cc,对数型,2048,20.4,1062861895.4214424,33447232501.39523,31.46902965049175,0.22258627218125504,0.09677419354838708,0.12581207863286797,2
副口径网页pile_cc,对数型,2048,20.45,1114040776.5705538,35957778951.76252,32.27689659839418,0.21781434396102028,0.09677419354838708,0.1210401504126332,2
副口径网页pile_cc,对数型,2048,20.5,1167905243.4914176,38643138748.657135,33.087563365273226,0.2131692613649605,0.09677419354838708,0.11639506781657342,2
副口径网页pile_cc,对数型,2048,20.55,1224599838.3565753,41514794725.71304,33.90070243797051,0.2086501500702198,0.09677419354838708,0.11187595652183273,2
副口径网页pile_cc,对数型,2048,20.6,1284276865.6323295,44584968123.06324,34.71600969866516,0.20425650829020547,0.09677419354838708,0.1074823147418184,2
副口径网页pile_cc,对数型,2048,20.65,1347096857.031111,47866665077.7826,35.533202254867355,0.19998915055465005,0.09677419354838708,0.10321495700626297,2
副口径网页pile_cc,对数型,2048,20.7,1413228704.8305836,51373737950.32024,36.35203401595135,0.1958494343986832,0.09677419354838708,0.0990752408502961,2
副口径网页pile_cc,对数型,2048,20.75,1482850254.9974167,55120936494.29294,37.172287834545344,0.19183634217913337,0.09677419354838708,0.09506214863074629,2
副口径网页pile_cc,对数型,2048,20.8,1556148964.1661654,59123960514.95461,37.99376658431613,0.18794716319176175,0.09677419354838708,0.09117296964337467,2
副口径网页pile_cc,对数型,2048,20.85,1633322512.8825598,63399517960.3694,38.8162885531279,0.18418101631074357,0.09677419354838708,0.08740682276235649,2
副口径网页pile_cc,对数型,2048,20.9,1714578888.4602146,67965407306.28347,39.6397084810254,0.18053881285032958,0.09677419354838708,0.0837646193019425,2
副口径网页pile_cc,对数型,2048,20.95,1800136983.493019,72840588084.13031,40.46391399769427,0.1770187332087616,0.09677419354838708,0.08024453966037452,2
副口径网页pile_cc,对数型,2048,21.0,1890227603.5825727,78045241041.28183,41.28880611697855,0.17361817904328447,0.09677419354838708,0.07684398549489739,2
副口径网页pile_cc,对数型,2048,21.05,1985093803.0011725,83600859117.14946,42.114311671698914,0.17033505247075453,0.09677419354838708,0.07356085892236745,2
副口径网页pile_cc,对数型,2048,21.1,2084991723.7033975,89530326007.34691,42.94037476960418,0.16716868373238114,0.09677419354838708,0.07039449018399406,2
副口径网页pile_cc,对数型,2048,21.15,2190190700.442355,95858031407.36676,43.7669794634806,0.1641160578799692,0.09677419354838708,0.06734186433158211,2
副口径网页pile_cc,对数型,2048,21.2,2300975118.065309,102609922282.4188,44.59410337678688,0.16117481441124681,0.09677419354838708,0.06440062086285973,2
副口径网页pile_cc,对数型,2048,21.25,2417643824.034918,109813662431.22575,45.42177029532524,0.15834237066159673,0.09677419354838708,0.06156817711320965,2
副口径网页pile_cc,对数型,2048,21.3,2540512397.204562,117498681130.31277,46.249993213810626,0.15561748468309844,0.09677419354838708,0.05884329113471136,2
副口径网页pile_cc,对数型,2048,21.35,2669912031.434784,125696376287.90472,47.07884559790412,0.15299699412396706,0.09677419354838708,0.056222800575579976,2
副口径网页pile_cc,对数型,2048,21.4,2806193009.252065,134440126099.74034,47.90836754866433,0.15047765297116555,0.09677419354838708,0.053703459422778474,2
副口径网页pile_cc,对数型,2048,21.45,2949722989.8779516,143765541173.2562,48.73865839829409,0.14805815770172615,0.09677419354838708,0.051283964153339065,2
副口径网页pile_cc,对数型,2048,21.5,3100890120.7852707,153710510853.29202,49.56980249734431,0.14573434032591948,0.09677419354838708,0.048960146777532396,2
副口径网页pile_cc,对数型,2048,21.55,3260102818.394355,164315412607.83606,50.40191115468059,0.1435046009442118,0.09677419354838708,0.04673040739582472,2
副口径网页pile_cc,对数型,2048,21.6,3427791293.3544283,175623254133.30658,51.23510712971153,0.14136596885524355,0.09677419354838708,0.04459177530685647,2
副口径网页pile_cc,对数型,2048,21.65,3604408729.7236543,187679844184.7681,52.069523258300755,0.13931443247336261,0.09677419354838708,0.042540238924975535,2
副口径网页pile_cc,对数型,2048,21.7,3790432966.16741,200533951867.0919,52.905289094152266,0.1373483092883916,0.09677419354838708,0.04057411574000451,2
副口径网页pile_cc,对数型,2048,21.75,3986366360.092927,214237573882.48135,53.74257018300928,0.135465760767584,0.09677419354838708,0.03869156721919691,2
副口径网页pile_cc,对数型,2048,21.8,4192738608.4711914,228846068401.18106,54.58152529203956,0.13366294698099068,0.09677419354838708,0.0368887534326036,2
副口径网页pile_cc,对数型,2048,21.85,4410107564.625519,244418406983.9887,55.42232324320718,0.1319373254819034,0.09677419354838708,0.03516313193351632,2
副口径网页pile_cc,对数型,2048,21.9,4639060836.173157,261017405416.44916,56.265139569018245,0.13028567934675905,0.09677419354838708,0.03351148579837197,2
副口径网页pile_cc,对数型,2048,21.95,4880217656.623708,278709958596.9825,57.11014922023028,0.1287054712353708,0.09677419354838708,0.031931277686983714,2
副口径网页pile_cc,对数型,2048,22.0,5134229953.546868,297567340646.1035,57.95754053449354,0.12719474726349844,0.09677419354838708,0.030420553715111362,2
副口径网页pile_cc,对数型,2048,22.05,5401784397.221772,317665474260.98157,58.80750709420432,0.12575076130377738,0.09677419354838708,0.0289765677553903,2
副口径网页pile_cc,对数型,2048,22.1,5683604410.963877,339085224814.904,59.660243798952024,0.12437165276657325,0.09677419354838708,0.02759745921818617,2
副口径网页pile_cc,对数型,2048,22.15,5980451412.645186,361912764944.3336,60.51596108265306,0.12305398324088657,0.09677419354838708,0.026279789692499486,2
副口径网页pile_cc,对数型,2048,22.2,6293128700.301168,386239810767.4162,61.3748469420198,0.12179573360630158,0.09677419354838708,0.0250215400579145,2
副口径网页pile_cc,对数型,2048,22.25,6622480827.507974,412164153555.15436,62.237122958988,0.12059319292184156,0.09677419354838708,0.023818999373454483,2
副口径网页pile_cc,对数型,2048,22.3,6969400173.4891,439789790493.3929,63.102961452308215,0.119446131993449,0.09677419354838708,0.02267193844506192,2
副口径网页pile_cc,对数型,2048,22.35,7334822220.281129,469227777220.8068,63.972617621647316,0.11835296501849157,0.09677419354838708,0.021578771470104494,2
副口径网页pile_cc,对数型,2048,22.4,7719736434.277063,500596156530.0393,64.84627561989026,0.11730806662190219,0.09677419354838708,0.020533873073515105,2
副口径网页pile_cc,对数型,2048,22.45,8125183858.198094,534020741173.2809,65.72414243087782,0.11631253771080097,0.09677419354838708,0.019538344162413887,2
副口径网页pile_cc,对数型,2048,22.5,8552259487.153005,569635649766.8961,66.60645068389107,0.11536328373432525,0.09677419354838708,0.01858909018593817,2
副口径网页pile_cc,对数型,2048,22.55,9002119363.137024,607583573220.9111,67.49339224593248,0.11445783485069683,0.09677419354838708,0.017683641302309747,2
副口径网页pile_cc,对数型,2048,22.6,9475979000.149263,648016650077.8285,68.38519271387379,0.11359548146304377,0.09677419354838708,0.016821287914656688,2
副口径网页pile_cc,对数型,2048,22.65,9975119803.876236,691096868410.9962,69.28206197006702,0.1127727194425816,0.09677419354838708,0.015998525894194524,2
副口径网页pile_cc,对数型,2048,22.7,10500892372.168438,736996718779.2191,70.18419889080617,0.11198937083272043,0.09677419354838708,0.015215177284333345,2
副口径网页pile_cc,对数型,2048,22.75,11054716656.23545,785900124156.9714,71.09183786394759,0.11124304009290142,0.09677419354838708,0.014468846544514344,2
副口径网页pile_cc,对数型,2048,22.8,11638092045.397144,838002740274.7712,72.00516519425541,0.11053218575328927,0.09677419354838708,0.013757992204902189,2
副口径网页pile_cc,对数型,2048,22.85,12252593950.655603,893513259293.6921,72.92441607810586,0.10985441581559385,0.09677419354838708,0.013080222267206773,2
副口径网页pile_cc,对数型,2048,22.9,12899887253.632893,952653587364.2657,73.84976074856604,0.10920976675561889,0.09677419354838708,0.012435573207231806,2
副口径网页pile_cc,对数型,2048,22.95,13581717733.68869,1015660674693.1711,74.78145950374758,0.10859798582726299,0.09677419354838708,0.011823792278875908,2
副口径网页pile_cc,对数型,2048,23.0,14299930519.154474,1082786465431.8827,75.71970115389803,0.1080129342199676,0.09677419354838708,0.011238740671580524,2
副口径网页pile_cc,对数型,2048,23.05,15056470414.805935,1154299228874.013,76.66466290392474,0.10745622898761553,0.09677419354838708,0.010682035439228452,2
副口径网页pile_cc,对数型,2048,23.1,15853380035.365585,1230485172452.0918,77.6165820605534,0.10692711050791104,0.09677419354838708,0.010152916959523958,2
副口径网页pile_cc,对数型,2048,23.15,16692816216.732668,1311648761194.9377,78.57564260967287,0.10642369695869291,0.09677419354838708,0.009649503410305835,2
副口径网页pile_cc,对数型,2048,23.2,17577046496.29826,1398114646642.508,79.5420690806588,0.1059448145576205,0.09677419354838708,0.009170621009233423,2
副口径网页pile_cc,对数型,2048,23.25,18508463993.986187,1490228282090.023,80.51604296143815,0.10548937169731332,0.09677419354838708,0.008715178148926236,2
副口径网页pile_cc,对数型,2048,23.3,19489584587.382545,1588358031678.6924,81.49778793679302,0.10505653825038408,0.09677419354838708,0.008282344701997,2
副口径网页pile_cc,对数型,2048,23.35,20523062964.201977,1692895904348.5586,82.48748772546513,0.10464332657232234,0.09677419354838708,0.007869133023935257,2
副口径网页pile_cc,对数型,2048,23.4,21611695391.495747,1804259461327.9114,83.48532721027948,0.10425140775587849,0.09677419354838708,0.007477214207491409,2
副口径网页pile_cc,对数型,2048,23.45,22758421047.913086,1922894005077.856,84.49153836417761,0.10387868899753983,0.09677419354838708,0.007104495449152745,2
副口径网页pile_cc,对数型,2048,23.5,23966345317.245293,2049273080246.6692,85.50628195998196,0.10352349778780123,0.09677419354838708,0.006749304239414153,2
副口径网页pile_cc,对数型,2048,23.55,25238731679.655422,2183901737631.4226,86.52977357779965,0.10318601850199727,0.09677419354838708,0.006411824953610187,2
副口径网页pile_cc,对数型,2048,23.6,26579022927.02116,2327317505582.953,87.5621918824157,0.10286663851359279,0.09677419354838708,0.0060924449652057094,2
副口径网页pile_cc,对数型,2048,23.65,27990836101.935326,2480093775879.639,88.60377613758247,0.10256183440515088,0.09677419354838708,0.0057876408567637955,2
副口径网页pile_cc,对数型,2048,23.7,29477999780.565968,2642839682406.7646,89.65464760431662,0.10227137383141383,0.09677419354838708,0.005497180283026745,2
副口径网页pile_cc,对数型,2048,23.75,31044526125.09333,2816205896947.8955,90.7150550663923,0.10199717374751671,0.09677419354838708,0.0052229801991296315,2
副口径网页pile_cc,对数型,2048,23.8,32694653695.1128,3000884406933.389,91.78517181792208,0.10173528489926653,0.09677419354838708,0.004961091350879451,2
副口径网页pile_cc,对数型,2048,23.85,34432846121.43827,3197612395286.2944,92.86517832446692,0.10148609377450768,0.09677419354838708,0.0047119002261205994,2
副口径网页pile_cc,对数型,2048,23.9,36263802863.15056,3407175308332.992,93.9552677690952,0.10124910404618603,0.09677419354838708,0.0044749104977989534,2
副口径网页pile_cc,对数型,2048,23.95,38192476295.687775,3630409585126.41,95.05562187221443,0.10102455039800873,0.09677419354838708,0.004250356849621648,2
副口径网页pile_cc,对数型,2048,24.0,40224077109.53724,3868206747889.966,96.16645118683913,0.10081212935632422,0.09677419354838708,0.00403793580793714,2
副口径网页pile_cc,对数型,2048,24.05,42364098581.07316,4121516001793.04,97.28794285344226,0.10060947056699376,0.09677419354838708,0.0038352770186066837,2
副口径网页pile_cc,对数型,2048,24.1,44618331049.254776,4391348033017.84,98.42026650817961,0.10041644532940808,0.09677419354838708,0.003642251781020997,2
副口径网页pile_cc,对数型,2048,24.15,46992868317.1496,4678779936322.203,99.56361686087433,0.10023235928018792,0.09677419354838708,0.0034581657318008413,2
副口径网页pile_cc,对数型,2048,24.2,49494136792.16024,4984958268005.652,100.71815756558983,0.10005790485852728,0.09677419354838708,0.0032837113101402,2
副口径网页pile_cc,对数型,2048,24.25,52128891698.43057,5311105727663.435,101.88410984044256,0.09989396885495339,0.09677419354838708,0.0031197753065663053,2
副口径网页pile_cc,对数型,2048,24.3,54904254801.25851,5658524112777.699,103.06166859490816,0.0997377052443369,0.09677419354838708,0.0029635116959498137,2
副口径网页pile_cc,对数型,2048,24.35,57827735894.87851,6028599244626.727,104.25099913276472,0.0995872219772238,0.09677419354838708,0.002813028428836725,2
副口径网页pile_cc,对数型,2048,24.4,60907248162.71481,6422806968577.477,105.45225999077863,0.09944544225070473,0.09677419354838708,0.0026712487023176495,2
副口径网页pile_cc,对数型,2048,24.45,64151102167.69407,6842721940297.664,106.66569566350489,0.0993116735666213,0.09677419354838708,0.0025374800182342144,2
副口径网页pile_cc,对数型,2048,24.5,67568079397.27007,7290018551161.441,107.89145727081267,0.09918357340100314,0.09677419354838708,0.0024093798526160642,2
副口径网页pile_cc,对数型,2048,24.55,71167416335.75111,7766481765808.119,109.1297417510239,0.09906200501749396,0.09677419354838708,0.002287811469106879,2
副口径网页pile_cc,对数型,2048,24.6,74958847807.20628,8274012296028.013,110.38072940113386,0.09894658731771955,0.09677419354838708,0.0021723937693324674,2
副口径网页pile_cc,对数型,2048,24.65,78952622908.9563,8814635305499.47,111.64461648935982,0.09883730013974912,0.09677419354838708,0.0020631065913620378,2
副口径网页pile_cc,对数型,2048,24.7,83159540483.89404,9390507642378.691,112.9215912899062,0.09873373052634093,0.09677419354838708,0.0019595369779538546,2
副口径网页pile_cc,对数型,2048,24.75,87590973534.81477,10003926968947.139,114.21184815317618,0.09863412956335793,0.09677419354838708,0.0018599360149708505,2
副口径网页pile_cc,对数型,2048,24.8,92258919615.80469,10657338671428.227,115.51553731399365,0.09853924128261227,0.09677419354838708,0.0017650477342251863,2
副口径网页pile_cc,对数型,2048,24.85,97175988907.07843,11353350675497.668,116.83288025351574,0.0984519867163236,0.09677419354838708,0.0016777931679365227,2
副口径网页pile_cc,对数型,2048,24.9,102355456891.24693,12094741828221.7,118.16411352716064,0.09836731459339276,0.09677419354838708,0.0015931210450056826,2
副口径网页pile_cc,对数型,2048,24.95,107811370066.19809,12884464698108.17,119.5093308822333,0.09828592215293952,0.09677419354838708,0.0015117286045524397,2
副口径网页pile_cc,对数型,2048,25.0,113558450268.22223,13725673077549.275,120.86879527793465,0.09820830126429314,0.09677419354838708,0.0014341077159060606,2
副口径网页pile_cc,对数型,2048,25.05,119612275632.7928,14621717805962.598,122.24261873297158,0.09813677782495134,0.09677419354838708,0.0013625842765642576,2
副口径网页pile_cc,对数型,2048,25.1,125989145343.6259,15576181570863.947,123.6311392412504,0.09806908555108862,0.09677419354838708,0.0012948920027015393,2
副口径网页pile_cc,对数型,2048,25.15,132706371304.52849,16592863006846.795,125.03441126251772,0.0980025391865631,0.09677419354838708,0.0012283456381760177,2
副口径网页pile_cc,对数型,2048,25.200000000000003,139782078612.1408,17675821999476.594,126.45270534660196,0.09794149064455837,0.09677419354838708,0.0011672970961712908,2
副口径网页pile_cc,对数型,2048,25.25,147235405396.66602,18829377352393.77,127.88620577819349,0.0978824059396537,0.09677419354838708,0.0011082123912666136,2
副口径网页pile_cc,对数型,2048,25.3,155086517384.28314,20058128503636.547,129.33508883905913,0.09782627187480841,0.09677419354838708,0.0010520783264213324,2
副口径网页pile_cc,对数型,2048,25.35,163356631649.70245,21366977841535.31,130.79957407149578,0.09777201185448803,0.09677419354838708,0.0009978183061009477,2
副口径网页pile_cc,对数型,2048,25.4,172068142273.77457,22761141401383.92,132.2798113619956,0.09772176283186695,0.09677419354838708,0.0009475692834798738,2
副口径网页pile_cc,对数型,2048,25.450000000000003,181244546909.77267,24246187254522.17,133.77609240068574,0.09767429398098315,0.09677419354838708,0.000900100432596071,2
副口径网页pile_cc,对数型,2048,25.5,190910713573.5039,25828030895267.348,135.28853573386866,0.09762882990904842,0.09677419354838708,0.00085463636066134,2
副口径网页pile_cc,对数型,2048,25.55,201092729088.55865,27512987898575.047,136.8174176325325,0.09758649615792336,0.09677419354838708,0.0008123026095362834,2
副口径网页pile_cc,对数型,2048,25.6,211818157695.7894,29307773893249.066,138.36289679820806,0.09754485899691545,0.09677419354838708,0.0007706654485283709,2
副口径网页pile_cc,对数型,2048,25.65,223116001295.58243,31219546692158.645,139.92518022407197,0.09750536442203384,0.09677419354838708,0.0007311708736467554,2
副口径网页pile_cc,对数型,2048,25.700000000000003,235016808616.54507,33255930730016.92,141.50447759793008,0.09746746057603772,0.09677419354838708,0.0006932670276506431,2
副口径网页pile_cc,对数型,2048,25.75,247552772364.81555,35425045392072.76,143.100984301914,0.09743261833241235,0.09677419354838708,0.000658424784025266,2
副口径网页pile_cc,对数型,2048,25.8,260757743705.11365,37735547779348.69,144.71496509811482,0.09740124434247122,0.09677419354838708,0.0006270507940841358,2
副口径网页pile_cc,对数型,2048,25.85,274667421889.22055,40196653349101.92,146.346636498136,0.09736949768863212,0.09677419354838708,0.0005953041402450426,2
副口径网页pile_cc,对数型,2048,25.9,289319484069.06573,42818167420713.375,147.99614190688905,0.09733780236963696,0.09677419354838708,0.0005636088212498808,2
副口径网页pile_cc,对数型,2048,25.950000000000003,304753534242.21075,45610546562992.99,149.6637165386992,0.09730900676952459,0.09677419354838708,0.0005348132211375062,2
副口径网页pile_cc,对数型,2048,26.0,321011278918.2961,48584930578114.44,151.349605975933,0.09729537939532118,0.09677419354838708,0.0005211858469340996,2
