N,D,Q,L,s_train,s_attn,s_Q,DN,regime,log10C,Q0口径,g,L_ctx
27893568.341112006,559325985.5749469,0.9878184086713434,4.353039065217926,0.9360958562156766,0.06390414378432352,0.0,20.052148894502064,0,17.0,主口径p*加权,指数型,2048
29382225.428779818,595777895.3897784,0.9878184086713434,4.306418541865614,0.9360958562156766,0.06390414378432352,0.0,20.27681316494888,0,17.05,主口径p*加权,指数型,2048
30950335.035472173,634605333.520347,0.9878184086713434,4.260614930073357,0.9360958562156766,0.06390414378432352,0.0,20.50398914238007,0,17.1,主口径p*加权,指数型,2048
32602130.86092299,675963251.1501979,0.9878184086713434,4.215613915448076,0.9360958562156765,0.06390414378432352,0.0,20.733713818700405,0,17.15,主口径p*加权,指数型,2048
34342084.07800505,720016460.7741846,0.9878184086713434,4.171401434421693,0.9360958562156765,0.06390414378432352,0.0,20.966009492572724,0,17.2,主口径p*加权,指数型,2048
36174893.41954252,766940747.009829,0.9878184086713434,4.127963669856042,0.9360958562156764,0.06390414378432352,0.0,21.200912415004098,0,17.25,主口径p*加权,指数型,2048
38105524.00444448,816923020.0883828,0.9878184086713434,4.0852870467247895,0.9360958562156765,0.06390414378432352,0.0,21.43844078861375,0,17.3,主口径p*加权,指数型,2048
40139186.202274665,870162792.4042263,0.9878184086713434,4.043358227870988,0.9360958562156765,0.06390414378432352,0.0,21.67863563598892,0,17.35,主口径p*加权,指数型,2048
42281388.360055126,926872149.9071051,0.9878184086713434,4.002164109839023,0.9360958562156765,0.0639041437843235,0.0,21.92151643683388,0,17.4,主口径p*加权,指数型,2048
44537913.08476515,987277430.4162086,0.9878184086713434,3.9616918187795265,0.9360958562156764,0.0639041437843235,0.0,22.167123738761827,0,17.45,主口径p*加权,指数型,2048
46914867.61100094,1051619370.9393512,0.9878184086713434,3.9219287064261246,0.9360958562156763,0.06390414378432352,0.0,22.415482010073067,0,17.5,主口径p*加权,指数型,2048
49418681.026250966,1120154485.760016,0.9878184086713434,3.882862346142616,0.9360958562156765,0.06390414378432352,0.0,22.66662044591994,0,17.55,主口径p*加权,指数型,2048
52056121.49290523,1193156097.6796572,0.9878184086713434,3.844480529039451,0.9360958562156766,0.06390414378432352,0.0,22.920572325817115,0,17.6,主口径p*加权,指数型,2048
54834316.61424904,1270915384.9574084,0.9878184086713434,3.8067712601582486,0.9360958562156764,0.06390414378432352,0.0,23.177372554820042,0,17.65,主口径p*加权,指数型,2048
57760784.08409509,1353742278.1046638,0.9878184086713434,3.7697227547231655,0.9360958562156765,0.06390414378432352,0.0,23.43704815595514,0,17.7,主口径p*加权,指数型,2048
60843436.00194084,1441967063.0061233,0.9878184086713434,3.7333234344579687,0.9360958562156764,0.06390414378432352,0.0,23.6996323310887,0,17.75,主口径p*加权,指数型,2048
64090605.636306204,1535941577.6898506,0.9878184086713434,3.6975619239676227,0.9360958562156766,0.06390414378432353,0.0,23.965159362135385,0,17.8,主口径p*加权,指数型,2048
67511076.11653541,1636040467.5014868,0.9878184086713434,3.6624270471832916,0.9360958562156764,0.06390414378432352,0.0,24.233660039389793,0,17.85,主口径p*加权,指数型,2048
71114088.04470673,1742663067.7666805,0.9878184086713434,3.6279078238696285,0.9360958562156765,0.06390414378432352,0.0,24.505173527236042,0,17.9,主口径p*加权,指数型,2048
74909396.44411388,1856234219.022528,0.9878184086713434,3.5939934661932713,0.9360958562156765,0.0639041437843235,0.0,24.779724669219174,0,17.95,主口径p*加权,指数型,2048
78907257.03979763,1977206937.4716437,0.9878184086713434,3.560673375351463,0.9360958562156764,0.06390414378432352,0.0,25.0573522847768,0,18.0,主口径p*加权,指数型,2048
83118480.86729562,2106063566.7505584,0.9878184086713434,3.527937138259752,0.9360958562156764,0.0639041437843235,0.0,25.338090215015285,0,18.05,主口径p*加权,指数型,2048
87554456.14773816,2243317879.1733837,0.9878184086713434,3.495774524297727,0.9360958562156765,0.06390414378432352,0.0,25.621972631387724,0,18.1,主口径p*加权,指数型,2048
92227164.51763222,2389517501.317137,0.9878184086713434,3.4641754821117763,0.9360958562156764,0.06390414378432352,0.0,25.90904224167385,0,18.15,主口径p*加权,指数型,2048
97149265.19555122,2545244761.6234775,0.9878184086713434,3.4331301364738724,0.9360958562156765,0.06390414378432352,0.0,26.199320772011692,0,18.2,主口径p*加权,指数型,2048
102334055.0839169,2711120922.49584,0.9878184086713434,3.4026287851954016,0.9360958562156765,0.06390414378432352,0.0,26.492851478157903,0,18.25,主口径p*加权,指数型,2048
107795546.30778345,2887807596.695991,0.9878184086713434,3.3726618960950656,0.9360958562156764,0.06390414378432352,0.0,26.789674486648757,0,18.3,主口径p*加权,指数型,2048
113548515.44660468,3076009070.944566,0.9878184086713434,3.3432201040199163,0.9360958562156766,0.06390414378432352,0.0,27.08982199235388,0,18.35,主口径p*加权,指数型,2048
119608523.35742037,3276475641.558891,0.9878184086713434,3.3142942079185906,0.9360958562156764,0.06390414378432352,0.0,27.393329083814177,0,18.4,主口径p*加权,指数型,2048
125991938.24969243,3490007138.3364654,0.9878184086713434,3.2858751679658202,0.9360958562156763,0.06390414378432352,0.0,27.70024167276421,0,18.45,主口径p*加权,指数型,2048
132716035.97374296,3717454579.079252,0.9878184086713434,3.2579541027373495,0.9360958562156764,0.0639041437843235,0.0,28.010590821253334,0,18.5,主口径p*加权,指数型,2048
139798998.18482885,3959724887.206364,0.9878184086713434,3.230522286434333,0.9360958562156765,0.06390414378432352,0.0,28.324415329294386,0,18.55,主口径p*加权,指数型,2048
147259970.8616602,4217784263.9369845,0.9878184086713434,3.2035711461563756,0.9360958562156764,0.06390414378432352,0.0,28.641756746640123,0,18.6,主口径p*加权,指数型,2048
155119123.30569,4492661841.01225,0.9878184086713434,3.177092259222368,0.9360958562156764,0.0639041437843235,0.0,28.96265621717482,0,18.65,主口径p*加权,指数型,2048
163397721.66452935,4785453226.309507,0.9878184086713434,3.1510773505382446,0.9360958562156765,0.06390414378432352,0.0,29.28714781063157,0,18.7,主口径p*加权,指数型,2048
172118136.87000224,5097326307.987157,0.9878184086713434,3.125518290010891,0.9360958562156765,0.0639041437843235,0.0,29.61527704565543,0,18.75,主口径p*加权,指数型,2048
181303958.55621547,5429524358.984353,0.9878184086713434,3.1004070900073497,0.9360958562156763,0.0639041437843235,0.0,29.947081146057073,0,18.8,主口径p*加权,指数型,2048
190980017.82854766,5783372197.105058,0.9878184086713434,3.0757359028585483,0.9360958562156765,0.06390414378432353,0.0,30.282603713531334,0,18.85,主口径p*加权,指数型,2048
201172480.63746744,6160280692.504293,0.9878184086713434,3.0514970184067773,0.9360958562156766,0.06390414378432352,0.0,30.621885622644996,0,18.9,主口径p*加权,指数型,2048
211908899.3998428,6561752970.247923,0.9878184086713434,3.027682861596131,0.9360958562156766,0.06390414378432352,0.0,30.964971215610923,0,18.95,主口径p*加权,指数型,2048
223218323.81744197,6989389283.450717,0.9878184086713434,3.0042859901051826,0.9360958562156765,0.06390414378432352,0.0,31.311897535647457,0,19.0,主口径p*加权,指数型,2048
235131326.433742,7444895026.677487,0.9878184086713434,2.981299092021132,0.9360958562156761,0.0639041437843235,0.0,31.66271011011115,0,19.05,主口径p*加权,指数型,2048
247680104.667144,7930086962.030344,0.9878184086713434,2.9587149835547075,0.9360958562156764,0.0639041437843235,0.0,32.01745643917402,0,19.1,主口径p*加权,指数型,2048
260898624.1271966,8446898654.563059,0.9878184086713434,2.93652660679512,0.9360958562156765,0.06390414378432352,0.0,32.37617171351935,0,19.15,主口径p*加权,指数型,2048
274822602.72413254,8997391622.215132,0.9878184086713434,2.9147270275043367,0.9360958562156764,0.06390414378432352,0.0,32.73890696409251,0,19.2,主口径p*加权,指数型,2048
289489669.7813976,9583761590.917986,0.9878184086713434,2.893309432950025,0.9360958562156765,0.06390414378432352,0.0,33.105711848560865,0,19.25,主口径p*加权,指数型,2048
304939545.8863729,10208344628.203978,0.9878184086713434,2.872267129776461,0.9360958562156766,0.06390414378432352,0.0,33.47661779495083,0,19.3,主口径p*加权,指数型,2048
321213926.47517884,10873633884.39619,0.9878184086713434,2.851593541912733,0.9360958562156765,0.06390414378432352,0.0,33.85168882220438,0,19.35,主口径p*加权,指数型,2048
338356881.9271098,11582279960.477913,0.9878184086713434,2.8312822085176252,0.9360958562156766,0.06390414378432352,0.0,34.23095724996371,0,19.4,主口径p*加权,指数型,2048
356414733.36058074,12337109628.389614,0.9878184086713434,2.8113267819604806,0.9360958562156765,0.06390414378432352,0.0,34.61447710666972,0,19.45,主口径p*加权,指数型,2048
375436349.27740926,13141131288.896332,0.9878184086713434,2.791721025837475,0.9360958562156764,0.0639041437843235,0.0,35.002288175315634,0,19.5,主口径p*加权,指数型,2048
395473125.5989955,13997552209.91406,0.9878184086713434,2.772458813022627,0.9360958562156765,0.06390414378432352,0.0,35.3944460542368,0,19.55,主口径p*加权,指数型,2048
416579230.01291704,14909787696.06133,0.9878184086713434,2.7535341237529716,0.9360958562156764,0.06390414378432352,0.0,35.79100113944475,0,19.6,主口径p*加权,指数型,2048
438811722.70691746,15881475585.651247,0.9878184086713434,2.7349410437472894,0.9360958562156765,0.06390414378432352,0.0,36.19200391384825,0,19.65,主口径p*加权,指数型,2048
462230769.70949,16916488592.97242,0.9878184086713434,2.7166737623577846,0.9360958562156764,0.06390414378432352,0.0,36.59749566997532,0,19.7,主口径p*加权,指数型,2048
486899718.3235131,18018952858.91827,0.9878184086713434,2.698726570754167,0.9360958562156767,0.06390414378432352,0.0,37.00752368672732,0,19.75,主口径p*加权,指数型,2048
512885230.01385033,19193265895.66009,0.9878184086713434,2.68109386013955,0.9360958562156765,0.06390414378432352,0.0,37.42214587685004,0,19.8,主口径p*加权,指数型,2048
540257539.7538948,20444111262.480316,0.9878184086713434,2.6637701199976007,0.9360958562156765,0.06390414378432352,0.0,37.84141776492982,0,19.85,主口径p*加权,指数型,2048
569090673.2650863,21776476167.215626,0.9878184086713434,2.646749936370417,0.9360958562156767,0.06390414378432352,0.0,38.265389313579554,0,19.9,主口径p*加权,指数型,2048
599462667.2356805,23195670490.55634,0.9878184086713434,2.6300279901665706,0.9360958562156765,0.06390414378432352,0.0,38.694103500255,0,19.95,主口径p*加权,指数型,2048
631455522.2701119,24707357926.81983,0.9878184086713434,2.613599055498809,0.9360958562156764,0.0639041437843235,0.0,39.12762982576466,0,20.0,主口径p*加权,指数型,2048
665155836.9125632,26317562676.86123,0.9878184086713434,2.597457998050873,0.9360958562156766,0.06390414378432353,0.0,39.56601027365073,0,20.05,主口径p*加权,指数型,2048
700654706.7521672,28032706407.979248,0.9878184086713434,2.5815997734729392,0.9360958562156766,0.06390414378432352,0.0,40.009302924578606,0,20.1,主口径p*加权,指数型,2048
738048114.3102659,29859628314.027878,0.9878184086713434,2.566019425805176,0.9360958562156764,0.0639041437843235,0.0,40.45756331473435,0,20.15,主口径p*加权,指数型,2048
777437239.2853793,31805610258.885494,0.9878184086713434,2.550712085928922,0.9360958562156766,0.06390414378432353,0.0,40.910839681568675,0,20.2,主口径p*加权,指数型,2048
818928528.0411111,33878414088.89362,0.9878184086713434,2.53567297004501,0.9360958562156765,0.06390414378432352,0.0,41.36919514811784,0,20.25,主口径p*加权,指数型,2048
862634097.0116473,36086308041.38135,0.9878184086713434,2.520897378178743,0.9360958562156764,0.0639041437843235,0.0,41.83269379959845,0,20.3,主口径p*加权,指数型,2048
908672256.5368437,38438090410.86126,0.9878184086713434,2.5063806927110814,0.9360958562156764,0.0639041437843235,0.0,42.30137999079839,0,20.35,主口径p*加权,指数型,2048
957167454.8579627,40943140232.61164,0.9878184086713434,2.4921183769355535,0.9360958562156764,0.0639041437843235,0.0,42.77531588105169,0,20.4,主口径p*加权,指数型,2048
1008250854.9126235,43611444683.81134,0.9878184086713434,2.478105973640461,0.9360958562156765,0.06390414378432352,0.0,43.2545576047052,0,20.45,主口径p*加权,指数型,2048
1062060414.23268,46453650756.231766,0.9878184086713434,2.4643391037159255,0.9360958562156766,0.06390414378432352,0.0,43.7391791782332,0,20.5,主口径p*加权,指数型,2048
1118741771.1422355,49481085501.419464,0.9878184086713434,2.450813464785349,0.9360958562156763,0.0639041437843235,0.0,44.229228565318756,0,20.55,主口径p*加权,指数型,2048
1178448240.0514665,52705818270.050064,0.9878184086713434,2.4375248298608407,0.9360958562156765,0.06390414378432352,0.0,44.72476302204689,0,20.6,主口径p*加权,指数型,2048
1280550073.8840115,52599525609.50292,1.0,2.424332020918027,0.9047521904419865,0.06176441620083961,0.03348339335717384,41.07572728488807,2,20.65,主口径p*加权,指数型,2048
1346329763.7299159,56226106568.42998,1.0,2.4112753560271454,0.9062347445349016,0.06186562522691596,0.03189963023818229,41.76250728696611,2,20.7,主口径p*加权,指数型,2048
1415611401.5659652,60093010113.749596,1.0,2.3984598899818357,0.9076517744021143,0.06196236113251767,0.030385864465367982,42.45021624386045,2,20.75,主口径p*加权,指数型,2048
1488582707.926247,64215877287.08683,1.0,2.3858806089129065,0.9090057704229342,0.06205479392753898,0.028939435649526935,43.138938095382244,2,20.8,主口径p*加权,指数型,2048
1565440324.1097586,68611413763.02881,1.0,2.37353263475305,0.9102991457934367,0.06214308835283196,0.027557765853731153,43.828827395287036,2,20.85,主口径p*加权,指数型,2048
1646392227.1528597,73297378750.40002,1.0,2.361411220144863,0.9115342703679115,0.06222740619044943,0.02623832344163914,44.51999805487099,2,20.9,主口径p*加权,指数型,2048
1731657279.6272368,78292697537.31818,1.0,2.349511743570781,0.9127134491395426,0.06230790479459279,0.024978646065864432,45.21258245405913,2,20.95,主口径p*加权,指数型,2048
1821466108.2820947,83617524881.29124,1.0,2.337829704696589,0.9138389257782407,0.0623847373331279,0.023776336888631427,45.906714652052806,2,21.0,主口径p*加权,指数型,2048
1916061056.6676629,89293355672.92415,1.0,2.3263607199202405,0.9149128738555623,0.062458052188539726,0.02262907395589785,46.602562774392794,2,21.05,主口径p*加权,指数型,2048
2015698364.8252664,95343042255.16853,1.0,2.3151005181178657,0.9159374141029598,0.06252799413609539,0.02153459176094483,47.300252815075076,2,21.1,主口径p*加权,指数型,2048
2120647234.3539324,101790958701.50693,1.0,2.304044936578944,0.9169145947631588,0.06259470300249831,0.020490702234342774,47.99994881398468,2,21.15,主口径p*加权,指数型,2048
2231191089.2651267,108663075111.72653,1.0,2.2931899171228274,0.91784639901801,0.06265831417296282,0.019495286809027044,48.70182371852166,2,21.2,主口径p*加权,指数型,2048
2347629427.030172,115987009162.24498,1.0,2.282531502388941,0.9187347533531117,0.0627189591622391,0.018546287484649156,49.40601264696718,2,21.25,主口径p*加权,指数型,2048
2470276557.5376062,123792234819.11632,1.0,2.2720658322931584,0.9195815108159032,0.062776764471699,0.017641724712397763,50.11270274228466,2,21.3,主口径p*加权,指数型,2048
2599464304.43877,132110111564.53262,1.0,2.2617891406430926,0.9203884664805699,0.06283185264507359,0.016779680874356454,50.822052581735875,2,21.35,主口径p*加权,指数型,2048
2735541789.0711465,140974063315.0955,1.0,2.2516977519052066,0.9211573497974904,0.06288434174617535,0.01595830845633436,51.53423862077547,2,21.4,主口径p*加权,指数型,2048
2878876898.5456357,150419686243.94476,1.0,2.2417880781168753,0.9218898291153677,0.0629343456676091,0.01517582521702334,52.24943321471456,2,21.45,主口径p*加权,指数型,2048
3029857487.7618146,160484879473.66196,1.0,2.232056615936766,0.9225875131785921,0.06298197423299189,0.014430512588415996,52.967798030729725,2,21.5,主口径p*加权,指数型,2048
3188891691.3092027,171210034028.9629,1.0,2.222499943827094,0.9232519485745388,0.06302733302268851,0.01372071840277259,53.68951052667218,2,21.55,主口径p*加权,指数型,2048
3356409327.468202,182638179302.81412,1.0,2.2131147193615694,0.9238846228941225,0.0630705235895721,0.013044853516305365,54.41475144528372,2,21.6,主口径p*加权,指数型,2048
3532863388.6225324,194815137176.67972,1.0,2.203897676653063,0.9244869672065743,0.0631116436279688,0.012401389165456758,55.1436938671547,2,21.65,主口径p*加权,指数型,2048
3718731157.0365167,207789709948.26703,1.0,2.19484562389524,0.9250603566700527,0.06315078701534227,0.011788856314604952,55.87650765102797,2,21.7,主口径p*加权,指数型,2048
3914515352.2826586,221613882542.70987,1.0,2.1859554410126614,0.9256061114115238,0.06318804387236003,0.011205844716116164,56.613364005196935,2,21.75,主口径p*加权,指数型,2048
4120744342.864943,236343095065.00858,1.0,2.1772240774140412,0.9261254953137927,0.06322350048008826,0.010651004206119015,57.354466911842266,2,21.8,主口径p*加权,指数型,2048
4337977292.592097,252036254518.39246,1.0,2.1686485498436143,0.9266197269288312,0.06325724002500822,0.010123033046160397,58.09994786021384,2,21.85,主口径p*加权,指数型,2048
4566800631.16887,268756253884.283,1.0,2.160225940325737,0.9270899682638287,0.06328934183347737,0.009620689902693984,58.85000804501838,2,21.9,主口径p*加权,指数型,2048
4807833376.183696,286570011829.608,1.0,2.1519533941981126,0.9275373355832528,0.06331988210915006,0.009142782307597004,59.60481352144489,2,21.95,主口径p*加权,指数型,2048
5061726487.746854,305548873576.15344,1.0,2.143828118229187,0.9279628960089785,0.0633489337008796,0.008688170290142044,60.36455630619496,2,22.0,主口径p*加权,指数型,2048
5329167268.017072,325768739569.8416,1.0,2.1358473788155137,0.9283676737414267,0.06337656652741473,0.008255759731158685,61.1293891120548,2,22.05,主口径p*加权,指数型,2048
5610879210.101634,347310485512.4109,1.0,2.1280085002550417,0.9287526477845841,0.06340284742209427,0.007844504793321576,61.89947644695773,2,22.1,主口径p*加权,指数型,2048
5907623071.564649,370260341567.4632,1.0,2.1203088630925113,0.9291187528386173,0.06342784019378293,0.007453406967599983,62.67501109704327,2,22.15,主口径p*加权,指数型,2048
6220201987.904097,394710048877.6664,1.0,2.112745902533293,0.9294668848423967,0.06345160600524097,0.007081509152362257,63.45614654399098,2,22.2,主口径p*加权,指数型,2048
6549461369.625419,420757363722.6046,1.0,2.1053171069222225,0.929797899294008,0.06347420325847095,0.006727897447520902,64.24304839386645,2,22.25,主口径p*加权,指数型,2048
6896290429.331921,448506498583.0663,1.0,2.098020016284115,0.9301126124019863,0.06349568767330893,0.006391699924704821,65.03590635850229,2,22.3,主口径p*加权,指数型,2048
7261627777.6140175,478068334103.1417,1.0,2.0908522209228484,0.9304118055742514,0.0635161125938689,0.006072081831879662,65.83487184194706,2,22.35,主口径p*加权,指数型,2048
7646461126.680309,509561041437.34735,1.0,2.0838113600760333,0.9306962240358508,0.06353552889418076,0.005768247069968237,66.64011403384613,2,22.4,主口径p*加权,指数型,2048
8051830807.768975,543110500550.98956,1.0,2.076895120622466,0.9309665791363603,0.06355398513570887,0.005479435727930637,67.45180239343308,2,22.45,主口径p*加权,指数型,2048
8478833009.259855,578850773734.8798,1.0,2.070101235839693,0.9312235499619426,0.06357152767740196,0.005204922360655414,68.27009956472884,2,22.5,主口径p*加权,指数型,2048
8928622734.609142,616924639291.2538,1.0,2.063427484209154,0.9314677845412915,0.06358820075801884,0.004944014700689457,69.09516256073061,2,22.55,主口径p*加权,指数型,2048
9402416131.885134,657484214805.6846,1.0,2.056871688266517,0.9316999006805968,0.06360404655312875,0.004696052766274513,69.92715548677407,2,22.6,主口径p*加权,指数型,2048
9901493305.074955,700691599347.2684,1.0,2.0504317134949357,0.9319204871328028,0.06361910525493268,0.004460407612264311,70.76625492319758,2,22.65,主口径p*加权,指数型,2048
10427205157.879963,746719282667.7815,1.0,2.044105467259089,0.9321301062723129,0.06363341525485657,0.004236478472830541,71.61260101451795,2,22.7,主口径p*加权,指数型,2048
10980972693.88705,795751136858.868,1.0,2.03789089777797,0.9323292932831149,0.0636470130881273,0.004023693628757605,72.46636150018398,2,22.75,主口径p*加权,指数型,2048
11564293351.784351,847982975709.5565,1.0,2.03178599313451,0.9325185584299501,0.06365993358881791,0.003821507981231902,73.32769499302906,2,22.8,主口径p*加权,指数型,2048
12178743481.487164,903623449347.3069,1.0,2.0257887803202257,0.9326983876058518,0.06367220992722615,0.003629402466921955,74.19677167196268,2,22.85,主口径p*加权,指数型,2048
12825984873.103117,962894711033.4868,1.0,2.019897324313173,0.9328692440897579,0.06368387372986081,0.003446882180381163,75.07374447733339,2,22.9,主口径p*加权,指数型,2048
13507769290.954739,1026033294389.3849,1.0,2.014109727187589,0.9330315693897379,0.0636949551370061,0.0032734754732558955,75.95875175899337,2,22.95,主口径p*加权,指数型,2048
14225937897.501066,1093291457860.0817,1.0,2.0084241272536953,0.9331857830031556,0.06370548278634876,0.0031087342104956697,76.85197740474669,2,23.0,主口径p*加权,指数型,2048
14982433692.899412,1164937630090.654,1.0,2.0028386982262143,0.9333322851657504,0.06371548400064858,0.002952230833600892,77.7535648726248,2,23.05,主口径p*加权,指数型,2048
15779302888.115366,1241257769141.817,1.0,1.997351648420237,0.9334714567530247,0.0637249847810065,0.0028035584659688263,78.66366327733691,2,23.1,主口径p*加权,指数型,2048
16618700452.537512,1322556503549.1035,1.0,1.9919612199731447,0.9336036602088883,0.06373400987026011,0.002662329920851506,79.58242627492345,2,23.15,主口径p*加权,指数型,2048
17502892888.897404,1409158594037.5342,1.0,1.9866656880913771,0.933729240010478,0.0637425827847153,0.0025281772048067466,80.51003928221515,2,23.2,主口径p*加权,指数型,2048
18434277004.150665,1501409217326.886,1.0,1.9814633603208942,0.9338485252387777,0.0637507259896339,0.0024007487715883395,81.44660172942115,2,23.25,主口径p*加权,指数型,2048
19415366048.414974,1599676971871.3074,1.0,1.9763525758402387,0.9339618275280008,0.06375846075924486,0.002279711712754191,82.3923158534475,2,23.3,主口径p*加权,指数型,2048
20448810298.93618,1704354253576.7397,1.0,1.9713317047751797,0.934069443839623,0.06376580736611827,0.002164748794258644,83.34735511069836,2,23.35,主口径p*加权,指数型,2048
21537413679.41482,1815858012572.7056,1.0,1.966399147533973,0.9341716578250334,0.06377278517418895,0.002055557000777642,84.31179526018386,2,23.4,主口径p*加权,指数型,2048
22684111454.664555,1934633901786.3828,1.0,1.9615533341623046,0.9342687375502792,0.0637794124834324,0.0019518499662885672,85.28585770938638,2,23.45,主口径p*加权,指数型,2048
23892007455.903885,2061155618366.1973,1.0,1.9567927237170781,0.9343609390548188,0.06378570677280898,0.001853354172372304,86.26967081650022,2,23.5,主口径p*加权,指数型,2048
25164370989.400673,2195927736658.77,1.0,1.952115803658207,0.9344485057437126,0.06379168465877078,0.0017598095975166872,87.26336682858884,2,23.55,主口径p*加权,指数型,2048
26504631467.15207,2339488972386.121,1.0,1.9475210892576498,0.9345316681689022,0.0637973618803304,0.0016709699507674893,88.26717607017156,2,23.6,主口径p*加权,指数型,2048
27916427065.683746,2492410890878.1504,1.0,1.9430071230249615,0.9346106471186523,0.06380275350996667,0.00158659937138102,89.28115639633359,2,23.65,主口径p*加权,指数型,2048
29403564988.945732,2655304529367.865,1.0,1.9385724741486576,0.9346856510647752,0.06380787377935533,0.0015064751558694087,90.30553031124379,2,23.7,主口径p*加权,指数型,2048
30970071128.38474,2828819367284.4966,1.0,1.9342157379527563,0.9347568790307008,0.0638127362751625,0.0014303846941367898,91.34042203383325,2,23.75,主口径p*加权,指数型,2048
32620183158.64153,3013647480363.077,1.0,1.9299355353678669,0.9348245200252957,0.06381735390039353,0.0013581260743106595,92.38597667299489,2,23.8,主口径p*加权,指数型,2048
34358356444.100193,3210526833123.469,1.0,1.9257305124162463,0.9348887533959771,0.0638217388984987,0.0012895077055242402,93.44238681343447,2,23.85,主口径p*加权,指数型,2048
36189289422.684814,3420243006532.277,1.0,1.9215993397102746,0.9349497498520202,0.06382590292323125,0.0012243472247485847,94.50981384531798,2,23.9,主口径p*加权,指数型,2048
38117951756.535255,3643630829396.7466,1.0,1.91754071196382,0.9350076722346929,0.0638298570912217,0.0011624706740854358,95.5883163048511,2,23.95,主口径p*加权,指数型,2048
40149528433.17199,3881584293959.9434,1.0,1.913553347515997,0.9350626738565914,0.06383361186860997,0.001103714274798647,96.67820384044498,2,24.0,主口径p*加权,指数型,2048
42289537683.88084,4135050236884.3677,1.0,1.909635987866863,0.9351149019714777,0.06383717730791955,0.0010479207206027608,97.77950914938688,2,24.05,主口径p*加权,指数型,2048
44543757425.168205,4405040555494.404,1.0,1.9057873972245842,0.9351644955946835,0.06384056289926372,0.0009949415060524277,98.89243319660903,2,24.1,主口径p*加权,指数型,2048
46918283003.590904,4692632218951.19,1.0,1.9020063620636711,0.9352115870562104,0.06384377767637063,0.0009446352674187807,100.01713444185582,2,24.15,主口径p*加权,指数型,2048
49419529098.77111,4998972987892.781,1.0,1.8982916906938698,0.9352563019928546,0.06384683021604555,0.0008968677910996417,101.15379646580016,2,24.2,主口径p*加权,指数型,2048
52054273554.92299,5325283317395.907,1.0,1.8946422128393394,0.9352987601260939,0.06384972869127467,0.0008515111826314724,102.30251915392013,2,24.25,主口径p*加权,指数型,2048
54829628946.62227,5672865940801.125,1.0,1.8910567792277435,0.9353390747609278,0.06385248083701267,0.0008084444020595087,103.46351142233286,2,24.3,主口径p*加权,指数型,2048
57753097959.42943,6043107435846.213,1.0,1.887534261188926,0.9353773537287596,0.06385509401455,0.0007675522566901915,104.6369398242739,2,24.35,主口径p*加权,指数型,2048
60832594126.46998,6437483648357.547,1.0,1.884073550262836,0.9354136995938375,0.06385757522560596,0.0007287251805566557,105.82293490516157,2,24.4,主口径p*加权,指数型,2048
64076444750.85732,6857567492176.504,1.0,1.8806735578163976,0.9354482096737332,0.06385993111372687,0.0006918592125397487,107.02166012549802,2,24.45,主口径p*加权,指数型,2048
67493407721.74094,7305035885956.047,1.0,1.877333214669028,0.9354809762907306,0.06386216798144721,0.0006568557278221319,108.23332429847001,2,24.5,主口径p*加权,指数型,2048
71092738997.76314,7781671731197.237,1.0,1.8740514707265281,0.9355120874338058,0.06386429183548113,0.0006236207307131971,109.45803806267867,2,24.55,主口径p*加权,指数型,2048
74884162900.03938,8289376894865.344,1.0,1.8708272946230717,0.9355416264498086,0.06386630836564028,0.0005920651845509198,110.69599463815311,2,24.6,主口径p*加权,指数型,2048
78877918823.74052,8830177660460.816,1.0,1.8676596733710442,0.9355696725018411,0.0638682229761257,0.0005621045220330318,111.94739658626904,2,24.65,主口径p*加权,指数型,2048
83084834679.51587,9406227657320.902,1.0,1.8645476120184892,0.9355963010593394,0.06387004081898424,0.0005336581216761261,113.21232922474549,2,24.7,主口径p*加权,指数型,2048
87516272803.66864,10019825728678.92,1.0,1.8614901333139282,0.9356215835136688,0.06387176676786646,0.0005066497184646478,114.49100158957974,2,24.75,主口径p*加权,指数型,2048
92184206023.70743,10673420116540.36,1.0,1.8584862773783357,0.9356455877168652,0.06387340545480466,0.00048100682833013216,115.7836095458199,2,24.8,主口径p*加权,指数型,2048
97101272008.29323,11369615630105.812,1.0,1.8555351013840573,0.9356683782408968,0.06387496128791188,0.0004566604711914722,117.09028517293528,2,24.85,主口径p*加权,指数型,2048
102280738191.58974,12111192064265.262,1.0,1.8526356792404697,0.9356900162133784,0.06387643844016663,0.0004335453464552043,118.41126959387874,2,24.9,主口径p*加权,指数型,2048
107736644252.38127,12901102810573.04,1.0,1.8497871012861922,0.9357105599528878,0.06387784089278381,0.0004115991543285777,119.7466553752243,2,24.95,主口径p*加权,指数型,2048
113483722333.11952,13742500471786.41,1.0,1.846988473987661,0.9357300646217838,0.06387917241151378,0.00039076296670254214,121.09666645800309,2,25.0,主口径p*加权,指数型,2048
119537509735.91444,14638740881109.31,1.0,1.8442389196438946,0.9357485826839316,0.06388043657788973,0.0003709807381785899,122.46148437799665,2,25.05,主口径p*加权,指数型,2048
125914409519.74127,15593394061956.965,1.0,1.8415375760972794,0.9357661640597482,0.06388163679981214,0.00035219914043972195,123.84121977327926,2,25.1,主口径p*加权,指数型,2048
132631610961.07718,16610273725108.332,1.0,1.8388835964502088,0.9357828559186133,0.06388277629737732,0.0003343677840093707,125.236160555894,2,25.15,主口径p*加权,指数型,2048
139707325083.73718,17693429144481.945,1.0,1.8362761487874317,0.9357987033166626,0.06388385814641749,0.0003174385369199312,126.6463954833931,2,25.200000000000003,主口径p*加权,指数型,2048
147160635800.235,18847185957754.164,1.0,1.8337144159039482,0.9358137488172309,0.06388488525258963,0.0003013659301794741,128.07219712843934,2,25.25,主口径p*加权,指数型,2048
155011741702.7617,20076139470618.918,1.0,1.8311975950383197,0.9358280330343628,0.06388586038847917,0.0002861065771579954,129.51366941683258,2,25.3,主口径p*加权,指数型,2048
163281879521.94815,21385189485148.074,1.0,1.828724897611247,0.9358415944473499,0.06388678618093908,0.0002716193717111084,130.97099045992732,2,25.35,主口径p*加权,指数型,2048
171993360024.43942,22779562958084.0,1.0,1.8262955489692905,0.9358544695098878,0.06388766511854169,0.0002578653715705638,132.4444324760394,2,25.4,主口径p*加权,指数型,2048
181169758768.2057,24264817808572.82,1.0,1.8239087881336038,0.9358666929538855,0.06388849957231857,0.000244807473796095,133.93415089555864,2,25.450000000000003,主口径p*加权,指数型,2048
190835913365.85068,25846873555986.656,1.0,1.8215638675535544,0.9358782977543588,0.06388929179336422,0.00023241045227695382,135.44030104247585,2,25.5,主口径p*加权,指数型,2048
201017939553.6049,27532041882978.246,1.0,1.819260052865115,0.9358893151650177,0.0638900439152652,0.00022064091971722951,136.96310858681522,2,25.55,主口径p*加权,指数型,2048
211743357945.47046,29327044376921.746,1.0,1.8169966226539163,0.9358997748799529,0.06389075796513811,0.00020946715490896076,138.5027830930793,2,25.6,主口径p*加权,指数型,2048
223041201435.38538,31239034636323.84,1.0,1.814772868222842,0.9359097051336301,0.06389143587045581,0.0001988589959141067,140.0594797521019,2,25.65,主口径p*加权,指数型,2048
234942024189.8873,33275636307644.688,1.0,1.8125880933640666,0.9359191327054291,0.0638920794593573,0.00018878783521356145,141.6333941208845,2,25.700000000000003,主口径p*加权,指数型,2048
247477942899.2102,35444979614326.52,1.0,1.810441614135435,0.9359280829758069,0.06389269046448175,0.0001792265597113478,143.224802982794,2,25.75,主口径p*加权,指数型,2048
260682923654.99625,37755705342900.336,1.0,1.8083327586410747,0.9359365801393984,0.06389327053751627,0.00017014932308541105,144.83382652585465,2,25.8,主口径p*加权,指数型,2048
274592598320.45624,40217038585266.414,1.0,1.8062608668161582,0.935944647074001,0.06389382124025181,0.00016153168574707972,146.46075251574027,2,25.85,主口径p*加权,指数型,2048
289244735390.6015,42838771217626.72,1.0,1.8042252902157132,0.9359523056310836,0.06389434406441531,0.00015335030450107834,148.10562121304108,2,25.9,主口径p*加权,指数型,2048
304678729088.48315,45631390863267.15,1.0,1.8022253918073916,0.9359595763594221,0.0638948404128032,0.0001455832277746428,149.76887621851384,2,25.950000000000003,主口径p*加权,指数型,2048
320936450680.3656,48606013068338.85,1.0,1.8002605457681207,0.9359664789525681,0.06389531162982866,0.00013820941760315353,151.45058457927445,2,26.0,主口径p*加权,指数型,2048
27124049.855098113,540644809.6729378,0.9878184086713434,4.3784663447001435,0.8798686062881277,0.12013139371187236,0.0,19.932304082950967,0,17.0,主口径p*加权,指数型,4096
28571641.909815777,575879174.6097654,0.9878184086713434,4.331400269967108,0.8798686062881277,0.12013139371187238,0.0,20.15562061247598,0,17.05,主口径p*加权,指数型,4096
30096489.237665158,613409833.7012422,0.9878184086713434,4.285158914001067,0.8798686062881276,0.12013139371187236,0.0,20.38144146505872,0,17.1,主口径p*加权,指数型,4096
31702717.12065286,653386393.7628734,0.9878184086713434,4.239727825606583,0.8798686062881277,0.12013139371187237,0.0,20.609791623735063,0,17.15,主口径p*加权,指数型,4096
33394666.25074846,695968309.1782383,0.9878184086713434,4.195092806810346,0.8798686062881277,0.12013139371187237,0.0,20.84070264252573,0,17.2,主口径p*加权,指数型,4096
35176916.30873113,741325273.4499756,0.9878184086713434,4.151239908424093,0.8798686062881276,0.12013139371187237,0.0,21.074197264584388,0,17.25,主口径p*加权,指数型,4096
37054282.94072228,789638215.8482513,0.9878184086713434,4.108155425685234,0.8798686062881276,0.12013139371187237,0.0,21.310308908459458,0,17.3,主口径p*加权,指数型,4096
39031843.29245176,841099762.7847239,0.9878184086713434,4.065825893973893,0.8798686062881276,0.12013139371187236,0.0,21.54906588660601,0,17.35,主口径p*加权,指数型,4096
41114944.32210807,895915118.8156371,0.9878184086713434,4.024238084604997,0.8798686062881276,0.12013139371187236,0.0,21.790498165259372,0,17.4,主口径p*加权,指数型,4096
43309217.297262035,954302885.3408647,0.9878184086713434,3.9833790006940704,0.8798686062881276,0.12013139371187237,0.0,22.034637079465178,0,17.45,主口径p*加权,指数型,4096
45620600.09447799,1016495775.9529119,0.9878184086713434,3.9432358730955137,0.8798686062881276,0.12013139371187238,0.0,22.281508218826577,0,17.5,主口径p*加权,指数型,4096
48055340.135450505,1082741832.6363103,0.9878184086713434,3.9037961564120205,0.8798686062881275,0.12013139371187236,0.0,22.531144917182054,0,17.55,主口径p*加权,指数型,4096
50620015.61333231,1153305324.860335,0.9878184086713434,3.865047525073934,0.8798686062881278,0.12013139371187237,0.0,22.78358295402377,0,17.6,主口径p*加权,指数型,4096
53321568.33324451,1228467459.988426,0.9878184086713434,3.8269778694873064,0.8798686062881276,0.12013139371187236,0.0,23.038847100498934,0,17.65,主口径p*加权,指数型,4096
56167302.19613639,1308527961.6989315,0.9878184086713434,3.789575292249432,0.8798686062881277,0.12013139371187238,0.0,23.296970132721487,0,17.7,主口径p*加权,指数型,4096
59164913.39542026,1393806029.2215655,0.9878184086713434,3.752828104430732,0.8798686062881276,0.12013139371187236,0.0,23.557983088832763,0,17.75,主口径p*加权,指数型,4096
62322500.01884692,1484641873.9812026,0.9878184086713434,3.7167248219217544,0.8798686062881275,0.12013139371187236,0.0,23.821924241361188,0,17.8,主口径p*加权,指数型,4096
65648605.92630832,1581397558.1163235,0.9878184086713434,3.681254161844202,0.8798686062881276,0.12013139371187236,0.0,24.08882162541988,0,17.85,主口径p*加权,指数型,4096
69152222.7517709,1684458934.7256663,0.9878184086713434,3.6464050390248497,0.8798686062881275,0.12013139371187236,0.0,24.358709925669444,0,17.9,主口径p*加权,指数型,4096
72842825.1458134,1794236927.7481592,0.9878184086713434,3.6121665625312285,0.8798686062881276,0.12013139371187237,0.0,24.631621908630514,0,17.95,主口径p*加权,指数型,4096
76730399.16584162,1911169097.370868,0.9878184086713434,3.5785280322680477,0.8798686062881276,0.12013139371187237,0.0,24.907587059988483,0,18.0,主口径p*加权,指数型,4096
80825435.07601862,2035722238.2774942,0.9878184086713434,3.5454789356332177,0.8798686062881276,0.12013139371187237,0.0,25.186653636480145,0,18.05,主口径p*加权,指数型,4096
85139033.46393415,2168392299.882979,0.9878184086713434,3.5130089442324994,0.8798686062881275,0.12013139371187234,0.0,25.46883857686186,0,18.1,主口径p*加权,指数型,4096
89682844.5214986,2309708631.842328,0.9878184086713434,3.4811079106517053,0.8798686062881275,0.12013139371187237,0.0,25.754185699235364,0,18.15,主口径p*加权,指数型,4096
94469154.76848312,2460234715.0309076,0.9878184086713434,3.4497658652854533,0.8798686062881276,0.12013139371187234,0.0,26.04273025476135,0,18.2,主口径p*加权,指数型,4096
99510903.4363848,2620570832.0563912,0.9878184086713434,3.4189730132215144,0.8798686062881276,0.12013139371187236,0.0,26.334509501581064,0,18.25,主口径p*加权,指数型,4096
104821727.78576437,2791356190.0686307,0.9878184086713434,3.3887197311797306,0.8798686062881277,0.12013139371187237,0.0,26.62955714461825,0,18.3,主口径p*加权,指数型,4096
110415990.01813276,2973271727.123973,0.9878184086713434,3.3589965645045803,0.8798686062881277,0.12013139371187237,0.0,26.927908961697447,0,18.35,主口径p*加权,指数型,4096
116308807.34047452,3167043070.0583158,0.9878184086713434,3.3297942242104406,0.8798686062881277,0.12013139371187236,0.0,27.229606617728688,0,18.4,主口径p*加权,指数型,4096
122516126.88005021,3373442507.6215487,0.9878184086713434,3.3011035840786223,0.8798686062881277,0.12013139371187236,0.0,27.534681298930774,0,18.45,主口径p*加权,指数型,4096
129054721.29690757,3593293358.5425587,0.9878184086713434,3.272915677805278,0.8798686062881277,0.12013139371187237,0.0,27.843176308720306,0,18.5,主口径p*加权,指数型,4096
135942270.5865394,3827472266.1113863,0.9878184086713434,3.2452216961992835,0.8798686062881276,0.12013139371187237,0.0,28.155129744392923,0,18.55,主口径p*加权,指数型,4096
143197411.74377817,4076912622.9619884,0.9878184086713434,3.2180129844292127,0.8798686062881276,0.12013139371187236,0.0,28.470574805198094,0,18.6,主口径p*加权,指数型,4096
150839758.13176677,4342609165.132645,0.9878184086713434,3.1912810393185658,0.8798686062881275,0.12013139371187237,0.0,28.789552694317756,0,18.65,主口径p*加权,指数型,4096
158889965.0085104,4625621602.528622,0.9878184086713434,3.1650175066883732,0.8798686062881276,0.12013139371187237,0.0,29.112106622220388,0,18.7,主口径p*加权,指数型,4096
167369806.38908157,4927078234.003868,0.9878184086713434,3.1392141787463888,0.8798686062881275,0.12013139371187236,0.0,29.438274084812992,0,18.75,主口径p*加权,指数型,4096
176302207.0856665,5248181219.5473585,0.9878184086713434,3.1138629915220113,0.8798686062881276,0.12013139371187236,0.0,29.768097100436353,0,18.8,主口径p*加权,指数型,4096
185711323.9595723,5590210811.711446,0.9878184086713434,3.0889560223461565,0.8798686062881276,0.12013139371187237,0.0,30.101615197834597,0,18.85,主口径p*加权,指数型,4096
195622618.20279065,5954530234.822217,0.9878184086713434,3.0644854873752982,0.8798686062881277,0.12013139371187237,0.0,30.438863816092574,0,18.9,主口径p*加权,指数型,4096
206062845.0771823,6342593530.103256,0.9878184086713434,3.040443739158875,0.8798686062881276,0.12013139371187238,0.0,30.779898859144613,0,18.95,主口径p*加权,指数型,4096
217060279.6534284,6755946686.737429,0.9878184086713434,3.0168232642493495,0.8798686062881276,0.12013139371187236,0.0,31.124748837163494,0,19.0,主口径p*加权,指数型,4096
228644618.137994,7196239165.507107,0.9878184086713434,2.99361668085412,0.8798686062881276,0.12013139371187236,0.0,31.47346840748273,0,19.05,主口径p*加权,指数型,4096
240847219.87894368,7665225476.775962,0.9878184086713434,2.9708167365285916,0.8798686062881276,0.12013139371187236,0.0,31.826090750097556,0,19.1,主口径p*加权,指数型,4096
253701047.5452756,8164776697.759289,0.9878184086713434,2.948416305909664,0.8798686062881277,0.12013139371187236,0.0,32.18266844681514,0,19.15,主口径p*加权,指数型,4096
267240903.28595775,8696883269.113773,0.9878184086713434,2.9264083884889365,0.8798686062881276,0.12013139371187236,0.0,32.54323407149909,0,19.2,主口径p*加权,指数型,4096
281503362.86151415,9263668055.903788,0.9878184086713434,2.904786106424934,0.8798686062881276,0.12013139371187237,0.0,32.90784153246886,0,19.25,主口径p*加权,指数型,4096
296526996.61975724,9867390896.744646,0.9878184086713434,2.8835427023936684,0.8798686062881276,0.12013139371187234,0.0,33.276534714300595,0,19.3,主口径p*加权,指数型,4096
312352420.8271019,10510459322.64571,0.9878184086713434,2.862671537476856,0.8798686062881275,0.12013139371187234,0.0,33.64936085596603,0,19.35,主口径p*加权,指数型,4096
329022426.6997598,11195437525.920677,0.9878184086713434,2.8421660890871525,0.8798686062881277,0.12013139371187237,0.0,34.0263660389836,0,19.4,主口径p*加权,指数型,4096
346582101.7221402,11925056378.6374,0.9878184086713434,2.822019948929727,0.8798686062881275,0.12013139371187234,0.0,34.407594389273704,0,19.45,主口径p*加权,指数型,4096
365078947.4877723,12702224439.832176,0.9878184086713434,2.8022268209995715,0.8798686062881277,0.12013139371187238,0.0,34.793089350235995,0,19.5,主口径p*加权,指数型,4096
384562965.6771386,13530041031.018621,0.9878184086713434,2.782780519613889,0.8798686062881277,0.12013139371187237,0.0,35.18290173156669,0,19.55,主口径p*加权,指数型,4096
405086801.8942185,14411808352.772371,0.9878184086713434,2.763674967478964,0.8798686062881277,0.12013139371187236,0.0,35.57708689935489,0,19.6,主口径p*加权,指数型,4096
426705960.3589025,15351042098.836609,0.9878184086713434,2.744904193790912,0.8798686062881276,0.12013139371187236,0.0,35.975691752524014,0,19.65,主口径p*加权,指数型,4096
449478965.9457643,16351484947.063484,0.9878184086713434,2.726462332369697,0.8798686062881276,0.12013139371187236,0.0,36.37875448222089,0,19.7,主口径p*加权,指数型,4096
473467316.6365965,17417128936.104153,0.9878184086713434,2.7083436198258557,0.8798686062881276,0.12013139371187236,0.0,36.7863384104978,0,19.75,主口径p*加权,指数型,4096
498735939.0244307,18552220920.787098,0.9878184086713434,2.6905423937593436,0.8798686062881276,0.12013139371187234,0.0,37.19848414589251,0,19.8,主口径p*加权,指数型,4096
525353128.59205616,19761288066.149456,0.9878184086713434,2.673053090989938,0.8798686062881276,0.12013139371187236,0.0,37.61524770797428,0,19.85,主口径p*加权,指数型,4096
553390822.8918041,21049152723.866962,0.9878184086713434,2.655870245818653,0.8798686062881275,0.12013139371187233,0.0,38.03668556314743,0,19.9,主口径p*加权,指数型,4096
582924855.187163,22420949395.982933,0.9878184086713434,2.6389884883196135,0.8798686062881277,0.12013139371187238,0.0,38.462846791434394,0,19.95,主口径p*加权,指数型,4096
614035173.7428076,23882144539.184166,0.9878184086713434,2.622402542661869,0.8798686062881276,0.12013139371187237,0.0,38.893772800688694,0,20.0,主口径p*加权,指数型,4096
646805720.4210039,25438571491.855003,0.9878184086713434,2.6061072254606064,0.8798686062881277,0.12013139371187236,0.0,39.329540059257845,0,20.05,主口径p*加权,指数型,4096
681325311.4903666,27096428309.530727,0.9878184086713434,2.590097444157254,0.8798686062881276,0.12013139371187236,0.0,39.77017711298379,0,20.1,主口径p*加权,指数型,4096
717687207.1053946,28862328611.781902,0.9878184086713434,2.5743681954279767,0.8798686062881276,0.12013139371187236,0.0,40.21574904224729,0,20.15,主口径p*加权,指数型,4096
755989617.3834251,30743318256.86598,0.9878184086713434,2.558914563620043,0.8798686062881276,0.12013139371187236,0.0,40.66632338585873,0,20.2,主口径p*加权,指数型,4096
796336212.5604087,32746893448.247925,0.9878184086713434,2.5437317192156175,0.8798686062881277,0.12013139371187236,0.0,41.12194438949215,0,20.25,主口径p*加权,指数型,4096
838836110.604038,34881042316.81056,0.9878184086713434,2.5288149173224435,0.8798686062881275,0.12013139371187238,0.0,41.58266659704606,0,20.3,主口径p*加权,指数型,4096
883604157.4083351,37154277579.02716,0.9878184086713434,2.514159496190988,0.8798686062881274,0.12013139371187236,0.0,42.04855451110928,0,20.35,主口径p*加权,指数型,4096
930761504.6348814,39575659332.71979,0.9878184086713434,2.4997608757575716,0.8798686062881276,0.12013139371187236,0.0,42.51965636271615,0,20.4,主口径p*加权,指数型,4096
980435529.6925191,42154848306.643326,0.9878184086713434,2.485614556213014,0.8798686062881276,0.12013139371187234,0.0,42.99604311551601,0,20.45,主口径p*加权,指数型,4096
1032760666.6296898,44902123784.21418,0.9878184086713434,2.4717161165963764,0.8798686062881277,0.12013139371187237,0.0,43.47776327573331,0,20.5,主口径p*加权,指数型,4096
1087878354.6101928,47828442238.712234,0.9878184086713434,2.4580612134133335,0.8798686062881276,0.12013139371187236,0.0,43.96488084906337,0,20.55,主口径p*加权,指数型,4096
1165937645.2237358,49137592555.07715,0.9944033201339403,2.4446277925713744,0.8634564739335346,0.11789059057439194,0.018652935492073405,42.144271399392004,1,20.6,主口径p*加权,指数型,4096
1243664393.9992,50961360692.727295,1.0,2.4312197107481723,0.8513251555728839,0.11623426124088442,0.03244058318623171,40.976778734376204,2,20.65,主口径p*加权,指数型,4096
1307624116.6062987,54469195948.711105,1.0,2.4180466655855875,0.852678154459836,0.11641899068891629,0.03090285485124778,41.65508670035547,2,20.7,主口径p*加权,指数型,4096
1374989570.3319821,58209318985.37823,1.0,2.4051165916322907,0.8539710981468104,0.11659552060031118,0.02943338125287848,42.334371286411994,2,20.75,主口径p*加权,指数型,4096
1445942718.2244492,62196871966.19908,1.0,2.3924244595149626,0.8552062820343659,0.11676416437375876,0.02802955359187524,43.014755136755326,2,20.8,主口径p*加权,指数型,4096
1520675348.0936,66447979102.23094,1.0,2.379965375128937,0.8563859491526198,0.11692522825763768,0.026688822589742617,43.69636108426015,2,20.85,主口径p*加权,指数型,4096
1599389639.0604057,70979808523.38152,1.0,2.367734574586887,0.857512288034381,0.1170790110596275,0.025408700905991604,44.37930995043838,2,20.9,主口径p*加权,指数型,4096
1682298220.2515018,75810661678.99022,1.0,2.3557274193885633,0.8585874242267477,0.11722580298775863,0.024186772785493593,45.06374718012636,2,20.95,主口径p*加权,指数型,4096
1769625208.3180144,80960026865.73375,1.0,2.343939391803144,0.8596134264462367,0.11736588649079285,0.023020687062970276,45.74981554579248,2,21.0,主口径p*加权,指数型,4096
1861606847.0935345,86448654971.0357,1.0,2.332366090455807,0.8605923052284936,0.11749953607386367,0.021908158697642555,46.4376541727944,2,21.05,主口径p*加权,指数型,4096
1958491578.9840899,92298667846.86334,1.0,2.321003226110335,0.8615260063989522,0.1176270174070036,0.020846976194044183,47.12742645272979,2,21.1,主口径p*加权,指数型,4096
2060541577.5000167,98533607654.9504,1.0,2.3098466176396775,0.862416419841033,0.1177485885222957,0.019834991636671327,47.81927660712277,2,21.15,主口径p*加权,指数型,4096
2168032367.9259844,105178580920.5607,1.0,2.2988921881765614,0.8632653692992373,0.11786449842165587,0.018870132279106736,48.51338129290856,2,21.2,主口径p*加权,指数型,4096
2281255086.5325427,112260287766.35286,1.0,2.28813596143648,0.864074625292976,0.11797498884000099,0.017950385867022942,49.209879433950555,2,21.25,主口径p*加权,指数型,4096
2400515807.710847,119807196841.39459,1.0,2.2775740582055,0.8648458934075883,0.11808029264658274,0.01707381394582874,49.90893892743985,2,21.3,主口径p*加权,指数型,4096
2526136530.2023954,127849653062.43843,1.0,2.267202692985618,0.8655808177554356,0.11818063431754214,0.01623854792702215,50.610745513503595,2,21.35,主口径p*加权,指数型,4096
2658457076.9563327,136419948142.38278,1.0,2.2570181707905648,0.8662809879326778,0.11827623088574163,0.01544278118158041,51.31546013094557,2,21.4,主口径p*加权,指数型,4096
2797835582.387908,145552469264.8679,1.0,2.247016884085182,0.8669479362003542,0.11836729155588835,0.014684772243757534,52.023239028449694,2,21.45,主口径p*加权,指数型,4096
2944647905.3909245,155283916450.25125,1.0,2.237195309861746,0.8675831317578568,0.11845401692267271,0.013962851319470523,52.73428995227738,2,21.5,主口径p*加权,指数型,4096
3099292281.596728,165653262176.98117,1.0,2.227550006846822,0.8681879981960722,0.11853660135370372,0.013275400450224337,53.4487383331391,2,21.55,主口径p*加权,指数型,4096
3262186481.7822742,176702108067.1933,1.0,2.2180776128324675,0.868763897074945,0.11861523074729913,0.012620872177755992,54.166770984426755,2,21.6,主口径p*加权,指数型,4096
3433770430.3030033,188474776175.07785,1.0,2.2087748421258406,0.869312136814604,0.11869008374642062,0.011997779438975184,54.88857802251108,2,21.65,主口径p*加权,指数型,4096
3614508370.8569818,201018432664.28467,1.0,2.199638483111505,0.8698339767791781,0.11876133229625044,0.011404690924571486,55.61432207075625,2,21.7,主口径p*加权,指数型,4096
3804889295.886624,214383318915.55032,1.0,2.1906653959209503,0.8703306253535411,0.11882914138160346,0.010840233264855514,56.34416726586896,2,21.75,主口径p*加权,指数型,4096
4005427341.5309057,228623004330.16367,1.0,2.1818525102040565,0.870803239355006,0.1188936689466035,0.010303091698390214,57.07830521843449,2,21.8,主口径p*加权,指数型,4096
4216665365.741935,243794478220.65204,1.0,2.1731968229974923,0.8712529309569369,0.11895506683998713,0.009792002203075878,57.81689014294253,2,21.85,主口径p*加权,指数型,4096
4439174104.82366,259958506468.9797,1.0,2.1646953966852207,0.871680763542011,0.1190134802489359,0.009305756209053115,58.5601060761518,2,21.9,主口径p*加权,指数型,4096
4673555175.287959,277179792138.1529,1.0,2.1563453570465265,0.8720877566166069,0.11906904837005405,0.008843195013339111,59.3081244881365,2,21.95,主口径p*加权,指数型,4096
4920442797.800225,295527226194.3166,1.0,2.148143891387176,0.872474887009022,0.11912190457296513,0.008403208418013087,60.061103916590085,2,22.0,主口径p*加权,指数型,4096
5180504606.210498,315074215004.3557,1.0,2.140088246749525,0.8728430887406461,0.11917217638272289,0.00798473487663087,60.81921336902936,2,22.05,主口径p*加权,指数型,4096
5454443092.024802,335898996707.773,1.0,2.132175728197599,0.8731932543642964,0.11921998566253862,0.00758675997316492,61.58263841800948,2,22.1,主口径p*加权,指数型,4096
5742999081.51301,358084858535.8915,1.0,2.124403697173355,0.8735262385784888,0.11926544910724965,0.007208312314261644,62.351543758483935,2,22.15,主口径p*加权,指数型,4096
6046953880.442933,381720456919.5335,1.0,2.1167695699205153,0.873842859264093,0.11930867838485751,0.006848462351049431,63.126073799585996,2,22.2,主口径p*加权,指数型,4096
6367127251.618614,406900429869.29376,1.0,2.109270815972547,0.874143894741289,0.11934977976201065,0.006506325496700289,63.90643908771477,2,22.25,主口径p*加权,指数型,4096
6704386813.512412,433725325170.9141,1.0,2.1019049567015484,0.8744300924084588,0.1193888552835016,0.006181052308039342,64.69276568242734,2,22.3,主口径p*加权,指数型,4096
7059644794.648736,462302349490.807,1.0,2.0946695639249375,0.8747021642607368,0.11942600216039927,0.005871833578864022,65.48521390782092,2,22.35,主口径p*加权,指数型,4096
7433860599.462131,492745795752.2629,1.0,2.0875622585670204,0.874960788985671,0.11946131305617695,0.005577897958151943,66.28397037575806,2,22.4,主口径p*加权,指数型,4096
7828045540.401813,525177362241.55896,1.0,2.080580709372668,0.8752066150011628,0.11949487650149211,0.005298508497345099,67.08920630712142,2,22.45,主口径p*加权,指数型,4096
8243267754.927222,559726487832.553,1.0,2.073722631670471,0.8754402626016854,0.11952677718721678,0.005032960211097715,67.90104415788137,2,22.5,主口径p*加权,指数型,4096
8680647604.8579,596531368796.408,1.0,2.0669857861828693,0.8756623207963973,0.11955709553273478,0.004780583670867914,68.71968497633455,2,22.55,主口径p*加权,指数型,4096
9141369124.481241,635738946256.3293,1.0,2.0603679778809125,0.8758733533673265,0.11958590851308563,0.004540738119587882,69.5452658785843,2,22.6,主口径p*加权,指数型,4096
9626678462.79531,677505810055.536,1.0,2.0538670548814157,0.8760738972309631,0.1196132894352675,0.004312813333769265,70.37794112205218,2,22.65,主口径p*加权,指数型,4096
10137885835.932259,721998927906.3317,1.0,2.047480907384386,0.8762644632991617,0.11963930805577887,0.0040962286450593076,71.21789883915557,2,22.7,主口径p*加权,指数型,4096
10676374228.050745,769395951104.1198,1.0,2.041207466648749,0.8764455396288834,0.11966403101066357,0.0038904293604529374,72.0652849618773,2,22.75,主口径p*加权,指数型,4096
11243601735.024858,819886012698.1406,1.0,2.035044704004461,0.8766175915574713,0.11968752183398008,0.003694886608548496,72.92022894622103,2,22.8,主口径p*加权,指数型,4096
11841100310.18406,873670858053.884,1.0,2.028990629899239,0.8767810611910224,0.11970984088794759,0.0035090979210299954,73.78291165243103,2,22.85,主口径p*加权,指数型,4096
12470486365.818907,930965185393.4183,1.0,2.023043292978213,0.8769363704310869,0.11973104577619108,0.003332583792721884,74.653478467781,2,22.9,主口径p*加权,指数型,4096
13133461548.573374,991997761267.5607,1.0,2.0172007791949156,0.8770839207973972,0.11975119131953797,0.0031648878830648915,75.53208707382379,2,22.95,主口径p*加权,指数型,4096
13831816517.940468,1057012399818.3591,1.0,2.011461210952096,0.8772240942885285,0.11977032967352709,0.0030055760379443077,76.41891420749893,2,23.0,主口径p*加权,指数型,4096
14567442988.683477,1126268387910.1729,1.0,2.0058227462709404,0.8773572556457632,0.11978851063750155,0.002854233716735234,77.31407555774197,2,23.05,主口径p*加权,指数型,4096
15342327370.323036,1200042390132.8296,1.0,2.0002835779873562,0.877483750913099,0.11980578145800178,0.0027104676288990624,78.21775413644836,2,23.1,主口径p*加权,指数型,4096
16158565764.297617,1278628819751.624,1.0,1.9948419329740452,0.8776039101007032,0.119822187192416,0.002573902706880764,79.13009349980534,2,23.15,主口径p*加权,指数型,4096
17018367947.264355,1362341131081.879,1.0,1.9894960713871794,0.8777180474518043,0.11983777074541968,0.0024441818027759236,80.05122085169575,2,23.2,主口径p*加权,指数型,4096
17924054866.669956,1451513746000.1787,1.0,1.984244285936534,0.8778264611115321,0.11985257282376117,0.0023209660647066795,80.98132687036625,2,23.25,主口径p*加权,指数型,4096
18878074339.418068,1546502647955.5283,1.0,1.9790849011780227,0.8779294351980982,0.11986663221904702,0.002203932582854746,81.9205719900349,2,23.3,主口径p*加权,指数型,4096
19883010367.765553,1647686565294.3025,1.0,1.9740162728276143,0.8780272405394396,0.11987998590831814,0.002092773552242265,82.86906936212945,2,23.35,主口径p*加权,指数型,4096
20941582039.81212,1755469132028.0596,1.0,1.9690367870956833,0.8781201343875318,0.11989266901504433,0.0019871965974238574,83.82695866485783,2,23.4,主口径p*加权,指数型,4096
22056644985.225433,1870281008789.1587,1.0,1.9641448600408926,0.8782083607417591,0.11990471485327485,0.0018869244049659719,84.79444675479702,2,23.45,主口径p*加权,指数型,4096
23231219506.413074,1992579893516.297,1.0,1.9593389369427583,0.8782921526481806,0.1199161552415649,0.0017916921102545675,85.77164418623126,2,23.5,主口径p*加权,指数型,4096
24468476463.799824,2122854218358.8315,1.0,1.9546174916920875,0.8783717309573706,0.11992702033337968,0.0017012487092498405,86.7587412522195,2,23.55,主口径p*加权,指数型,4096
25771764419.949276,2261623521172.8345,1.0,1.9499790261985386,0.8784473062353421,0.11993733887799872,0.0016153548866590015,87.7558666267401,2,23.6,主口径p*加权,指数型,4096
27144610972.243954,2409441160796.312,1.0,1.9454220698145732,0.8785190786442498,0.11994713820422825,0.0015337831515220555,88.76314946123289,2,23.65,主口径p*加权,指数型,4096
28590725564.326355,2566897124233.333,1.0,1.9409451787751295,0.8785872381425363,0.11995644424772763,0.0014563176097359863,89.78076189280554,2,23.7,主口径p*加权,指数型,4096
30114011382.775978,2734620241519.63,1.0,1.936546935652374,0.8786519651866237,0.11996528164681367,0.0013827531665626287,90.80889977625911,2,23.75,主口径p*加权,指数型,4096
31718600944.27444,2913278419247.596,1.0,1.9322259488249185,0.8787134321652872,0.11997367393830055,0.001312893896412204,91.84763301401146,2,23.8,主口径p*加权,指数型,4096
33408821246.848,3103585467301.0483,1.0,1.9279808519609296,0.8787718019247137,0.1199816433561209,0.0012465547191655695,92.89718557771207,2,23.85,主口径p*加权,指数型,4096
35189250809.16743,3306299822456.1074,1.0,1.9238103035145904,0.8788272299782891,0.1199892111330357,0.001183558888675319,93.9576645262012,2,23.9,主口径p*加权,指数型,4096
37064694789.60419,3522231004306.6196,1.0,1.9197129862353892,0.8788798635756279,0.11999639737352573,0.001123739050846388,95.0292731209681,2,23.95,主口径p*加权,指数型,4096
39040234993.64722,3752239381413.218,1.0,1.9156876066897612,0.8789298432167371,0.12000322126052516,0.00106693552273791,96.1121105450261,2,24.0,主口径p*加权,指数型,4096
41121201356.33131,3997243599584.0923,1.0,1.9117328947946015,0.8789773018362527,0.12000970094404304,0.0010129972197041703,97.20639153867154,2,24.05,主口径p*加权,指数型,4096
43313228053.351585,4258220271686.0835,1.0,1.907847603362231,0.8790223662230693,0.12001585373498973,0.0009617800419407991,98.31223538548015,2,24.1,主口径p*加权,指数型,4096
45622248427.634315,4536209784014.315,1.0,1.904030507656382,0.8790651567768606,0.12002169607193403,0.0009131471512054209,99.4297725420004,2,24.15,主口径p*加权,指数型,4096
48054495302.48956,4832322031609.739,1.0,1.9002804049588178,0.8791057875925792,0.12002724353264016,0.0008669688747805883,100.5592088979736,2,24.2,主口径p*加权,指数型,4096
50616548914.47886,5147737780170.196,1.0,1.896596114146211,0.8791443673405378,0.12003251095422808,0.0008231217052340644,101.70068664435726,2,24.25,主口径p*加权,指数型,4096
53315338170.86463,5483714993204.434,1.0,1.892976475276923,0.8791809992158188,0.12003751242626647,0.0007814883579145274,102.85436013985809,2,24.3,主口径p*加权,指数型,4096
56158159549.22256,5841593844349.335,1.0,1.8894203491873425,0.8792157812272634,0.12004226133022905,0.0007419574425073926,104.02039331843105,2,24.35,主口径p*加权,指数型,4096
59152701460.72761,6222801586583.864,1.0,1.8859266170974724,0.8792488065138897,0.1200467703826964,0.0007044231034137932,105.19894160227456,2,24.4,主口径p*加权,指数型,4096
62307061663.78919,6628858587745.713,1.0,1.8824941802254462,0.8792801635409633,0.12005105166212619,0.0006687847969104693,106.39016526754602,2,24.45,主口径p*加权,指数型,4096
65629755008.321205,7061385919913.107,1.0,1.8791219594106932,0.8793099362155881,0.12005511662463496,0.0006349471597770856,107.59427517317097,2,24.5,主口径p*加权,指数型,4096
69129791562.27133,7522105920925.002,1.0,1.8758088947454716,0.8793382045916287,0.12005897620024368,0.0006028192081276087,108.81134965016022,2,24.55,主口径p*加权,指数型,4096
72816615929.68079,8012858173720.197,1.0,1.8725539452145041,0.8793650443274983,0.12006264071884779,0.0005723149536538308,110.04161716960641,2,24.6,主口径p*加权,指数型,4096
76700197613.8219,8535599905661.034,1.0,1.8693560883424654,0.8793905274615019,0.12006612001607705,0.0005433525224209816,111.28524008030536,2,24.65,主口径p*加权,指数型,4096
80791053303.55426,9092414196008.422,1.0,1.8662143198490844,0.8794147224995138,0.12006942344526696,0.0005158540552191167,112.54234007626705,2,24.7,主口径p*加权,指数型,4096
85100220884.1686,9685524379069.627,1.0,1.8631276533116294,0.8794376942781059,0.12007255985877072,0.00048974586312342,113.81315205107123,2,24.75,主口径p*加权,指数型,4096
89639384168.08006,10317292240781.688,1.0,1.8600951198345572,0.8794595046747841,0.12007553770493054,0.0004649576202854524,115.09775905461431,2,24.8,主口径p*加权,指数型,4096
94420795524.30264,10990239759661.424,1.0,1.8571157677261183,0.8794802121855531,0.12007836497040084,0.0004414228440462705,116.39639020868749,2,24.85,主口径p*加权,指数型,4096
99457386380.72604,11707050402472.146,1.0,1.8541886621817203,0.8794998724889598,0.12008104925715933,0.00041907825388088574,117.70921023057237,2,24.9,主口径p*加权,指数型,4096
104762770749.42113,12470583409204.629,1.0,1.8513128849738525,0.879518538434787,0.12008359778096295,0.00039786378424997804,119.03640310385296,2,24.95,主口径p*加权,指数型,4096
110351299710.40468,13283883116291.064,1.0,1.8484875341483984,0.8795362602502919,0.12008601739950651,0.00037772235020174167,120.37813012761977,2,25.0,主口径p*加权,指数型,4096
116238094865.3577,14150191678719.691,1.0,1.8457117237271505,0.8795530856418644,0.12008831462630255,0.00035859973183309556,121.73454576238807,2,25.05,主口径p*加权,指数型,4096
122439049983.67506,15072966794278.217,1.0,1.8429845834163656,0.8795690598206652,0.12009049563418148,0.00034044454515343793,123.10587836387094,2,25.1,主口径p*加权,指数型,4096
128970955580.19907,16055885568406.69,1.0,1.8403052583212005,0.8795842258465889,0.1200925663022543,0.00032320785115665915,124.49225871186576,2,25.15,主口径p*加权,指数型,4096
135851435754.60568,17102872515067.05,1.0,1.8376729086658659,0.8795986244695166,0.12009453219423803,0.00030684333624520535,125.89394009762773,2,25.200000000000003,主口径p*加权,指数型,4096
143099172649.815,18218093128171.566,1.0,1.8350867095193637,0.87961229461963,0.12009639862540014,0.000291306754969904,127.31096057944342,2,25.25,主口径p*加权,指数型,4096
150733662319.09363,19406007604853.31,1.0,1.8325458505266465,0.8796252729257827,0.1200981705968002,0.0002765564774169923,128.74368808058296,2,25.3,主口径p*加权,指数型,4096
158775653977.85547,20671339589557.543,1.0,1.8300495356450832,0.8796375945319996,0.120099852906769,0.00026255256123131353,130.19212373983095,2,25.35,主口径p*加权,指数型,4096
167246806737.69894,22019146089364.57,1.0,1.8275969828860785,0.8796492925018013,0.12010145006957929,0.00024925742861917045,131.6566009173391,2,25.4,主口径p*加权,指数型,4096
176170048380.11423,23454799070173.453,1.0,1.825187424061736,0.8796603984011083,0.12010296639503135,0.00023663520386027915,133.13726871191,2,25.450000000000003,主口径p*加权,指数型,4096
185569539286.79803,24984019283907.145,1.0,1.822820104536433,0.8796709422031451,0.12010440597546944,0.0002246518213853405,134.63426907200702,2,25.5,主口径p*加权,指数型,4096
195470650608.4052,26612910868550.902,1.0,1.820494282983187,0.8796809522824297,0.12010577268496107,0.00021327503260918832,136.14786048809802,2,25.55,主口径p*加权,指数型,4096
205900197900.1772,28347963547594.64,1.0,1.8182092311447144,0.8796904556732734,0.12010707021459095,0.00020247411213556617,137.678175332974,2,25.6,主口径p*加权,指数型,4096
216886348559.43704,30196100818357.04,1.0,1.8159642335990527,0.8796994779713431,0.12010830205902072,0.00019221996963623996,139.2254561844029,2,25.65,主口径p*加权,指数型,4096
228458842632.01422,32164687788008.156,1.0,1.8137585875296538,0.8797080435372665,0.12010947154428814,0.00018248491844536404,140.78985701515097,2,25.700000000000003,主口径p*加权,指数型,4096
240648955259.44162,34261576810555.81,1.0,1.811591602499842,0.8797161754609247,0.12011058182293159,0.00017324271614364378,142.3716000496187,2,25.75,主口径p*加权,指数型,4096
253489618449.9071,36495133836074.695,1.0,1.809462600231534,0.8797238956626737,0.1201116358878104,0.00016446844951573022,143.97092101539698,2,25.8,主口径p*加权,指数型,4096
267015602372.39883,38874258445186.97,1.0,1.8073709143881331,0.8797312250020752,0.12011263658695001,0.0001561384109748742,145.58796602069035,2,25.85,主口径p*加权,指数型,4096
281263470800.43097,41408439101014.14,1.0,1.805315890361497,0.8797381832478023,0.12011358661943328,0.00014823013276445395,147.22295427547817,2,25.9,主口径p*加权,指数型,4096
296271685193.50903,44107790688540.17,1.0,1.8032968850628923,0.8797447891490632,0.12011448854515208,0.0001407223057847913,148.87615959564712,2,25.950000000000003,主口径p*加权,指数型,4096
312080900625.4231,46983066399649.64,1.0,1.8013132667178537,0.8797510605688027,0.12011534480299388,0.0001335946282032259,150.54771472875663,2,26.0,主口径p*加权,指数型,4096
25769384.81060704,508034904.9437129,0.9878184086713434,4.425665321461938,0.7855048177628823,0.21449518223711775,0.0,19.71466950715093,0,17.0,主口径p*加权,指数型,8192
27144677.10056615,541144093.8050883,0.9878184086713434,4.3777721991763014,0.7855048177628822,0.2144951822371177,0.0,19.935550966410347,0,17.05,主口径p*加权,指数型,8192
28593368.30029489,576411032.2032512,0.9878184086713434,4.33071828765942,0.7855048177628823,0.21449518223711775,0.0,20.15890629427197,0,17.1,主口径p*加权,指数型,8192
30119375.513549674,613976345.5990709,0.9878184086713434,4.284488881778685,0.7855048177628824,0.21449518223711772,0.0,20.3847634663894,0,17.15,主口径p*加权,指数型,8192
31726825.47152478,653989812.4144965,0.9878184086713434,4.239069534073249,0.7855048177628823,0.21449518223711772,0.0,20.613149998302244,0,17.2,主口径p*加权,指数型,8192
33420063.325733367,696611009.929147,0.9878184086713434,4.194446050238974,0.7855048177628824,0.21449518223711778,0.0,20.844096049116647,0,17.25,主口径p*加权,指数型,8192
35203665.62010124,742009926.8553915,0.9878184086713434,4.150604484692458,0.7855048177628824,0.21449518223711778,0.0,21.07763250744277,0,17.3,主口径p*加权,指数型,8192
37082462.92912209,790367423.0656403,0.9878184086713434,4.107531136212819,0.7855048177628824,0.21449518223711778,0.0,21.31377909219019,0,17.35,主口径p*加权,指数型,8192
39061528.7438907,841876460.4942142,0.9878184086713434,4.065212543659824,0.7855048177628822,0.2144951822371177,0.0,21.552573275204576,0,17.4,主口径p*加权,指数型,8192
41146210.26806832,896742517.4702617,0.9878184086713434,4.023635481767053,0.7855048177628823,0.21449518223711772,0.0,21.794048871766503,0,17.45,主口径p*加权,指数型,8192
43342153.46368164,955184171.6277589,0.9878184086713434,3.982786957008813,0.7855048177628823,0.21449518223711775,0.0,22.03822596004952,0,17.5,主口径p*加权,指数型,8192
45655290.64440618,1017434572.2620682,0.9878184086713434,3.9426542035394108,0.7855048177628824,0.21449518223711772,0.0,22.28514062447935,0,17.55,主口径p*加权,指数型,8192
48091882.30626189,1083741806.5148351,0.9878184086713434,3.9032246792036296,0.7855048177628823,0.21449518223711772,0.0,22.53481782254392,0,17.6,主口径p*加权,指数型,8192
50658511.43993364,1154370390.0124917,0.9878184086713434,3.8644860616170944,0.7855048177628824,0.21449518223711778,0.0,22.78729392554776,0,17.65,主口径p*加权,指数型,8192
53362117.897023626,1229601954.0028775,0.9878184086713434,3.82642624431531,0.7855048177628824,0.21449518223711772,0.0,23.042600302628934,0,17.7,主口径p*加权,指数型,8192
56210015.461610645,1309736401.1752865,0.9878184086713434,3.7890333329702104,0.7855048177628823,0.21449518223711772,0.0,23.300765716205646,0,17.75,主口径p*加权,指数型,8192
59209903.91507105,1395093278.6598506,0.9878184086713434,3.7522956416729656,0.7855048177628824,0.21449518223711775,0.0,23.561823046714135,0,17.8,主口径p*加权,指数型,8192
62369891.77315278,1486013011.8852117,0.9878184086713434,3.7162016892819447,0.7855048177628823,0.21449518223711772,0.0,23.825807126458223,0,17.85,主口径p*加权,指数型,8192
65698530.059855506,1582857979.4518745,0.9878184086713434,3.6807401958346726,0.7855048177628823,0.21449518223711775,0.0,24.092745728249795,0,17.9,主口径p*加权,指数型,8192
69204811.05361825,1686014539.262156,0.9878184086713434,3.6459000790226397,0.7855048177628822,0.21449518223711772,0.0,24.362678166347017,0,17.95,主口径p*加权,指数型,8192
72898222.71861538,1795893846.8566504,0.9878184086713434,3.611670450727914,0.7855048177628823,0.21449518223711772,0.0,24.635632802582013,0,18.0,主口径p*加权,指数型,8192
76788740.24882239,1912934323.9151359,0.9878184086713434,3.578040613620407,0.7855048177628824,0.21449518223711778,0.0,24.911651339982388,0,18.05,主口径p*加权,指数型,8192
80886908.83211954,2037602026.5959303,0.9878184086713434,3.5450000578147924,0.7855048177628824,0.21449518223711772,0.0,25.19075158163066,0,18.1,主口径p*加权,指数型,8192
85203781.78692561,2170394754.986454,0.9878184086713434,3.5125384575859817,0.7855048177628823,0.21449518223711772,0.0,25.47298616878409,0,18.15,主口径p*加权,指数型,8192
89751045.12617514,2311841673.7610426,0.9878184086713434,3.4806456681421603,0.7855048177628822,0.21449518223711775,0.0,25.75838164904905,0,18.2,主口径p*加权,指数型,8192
94540996.6609222,2462506731.2050138,0.9878184086713434,3.449311722454386,0.7855048177628824,0.21449518223711775,0.0,26.046972405388995,0,18.25,主口径p*加权,指数型,8192
99586581.03813693,2622990876.834069,0.9878184086713434,3.418526828141711,0.7855048177628822,0.21449518223711772,0.0,26.338798355067414,0,18.3,主口径p*加权,指数型,8192
104901437.07576765,2793934142.679893,0.9878184086713434,3.3882813644109064,0.7855048177628824,0.21449518223711778,0.0,26.633897690666576,0,18.35,主口径p*加权,指数型,8192
110499952.6974734,2976017704.7706227,0.9878184086713434,3.3585658790498067,0.7855048177628823,0.21449518223711775,0.0,26.932298450103044,0,18.4,主口径p*加权,指数型,8192
116397262.8985661,3169967683.20081,0.9878184086713434,3.329371085473323,0.7855048177628822,0.2144951822371177,0.0,27.234039738230486,0,18.45,主口径p*加权,指数型,8192
122609281.60197006,3376558316.944314,0.9878184086713434,3.3006878598212435,0.7855048177628823,0.21449518223711778,0.0,27.539173811536795,0,18.5,主口径p*加权,指数型,8192
129152861.46722463,3596611842.7875347,0.9878184086713434,3.272507238106871,0.7855048177628824,0.21449518223711775,0.0,27.84771318210595,0,18.55,主口径p*加权,指数型,8192
136045664.07370812,3831006578.868215,0.9878184086713434,3.2448204134156273,0.7855048177628823,0.21449518223711772,0.0,28.1597109687569,0,18.6,主口径p*加权,指数型,8192
143306316.81448546,4080677454.3002844,0.9878184086713434,3.2176187331527406,0.7855048177628823,0.21449518223711772,0.0,28.4752099210173,0,18.65,主口径p*加权,指数型,8192
150954467.2763234,4346619587.99834,0.9878184086713434,3.190893696339171,0.7855048177628823,0.21449518223711775,0.0,28.794242836429717,0,18.7,主口径p*加权,指数型,8192
159010797.01444298,4629893362.147615,0.9878184086713434,3.164636950954913,0.7855048177628822,0.21449518223711775,0.0,29.11684897552637,0,18.75,主口径p*加权,指数型,8192
167497088.80156773,4931628338.918213,0.9878184086713434,3.138840291328845,0.7855048177628823,0.21449518223711772,0.0,29.443068976325122,0,18.8,主口径p*加权,指数型,8192
176436279.9271013,5253027935.245027,0.9878184086713434,3.113495655574326,0.7855048177628822,0.2144951822371177,0.0,29.772946569806592,0,18.85,主口径p*加权,指数型,8192
185852560.6093855,5595373138.929439,0.9878184086713434,3.088595123069718,0.7855048177628823,0.21449518223711772,0.0,30.10651626527482,0,18.9,主口径p*加权,指数型,8192
195771384.699451,5960029235.243896,0.9878184086713434,3.0641309119830566,0.7855048177628823,0.21449518223711772,0.0,30.443822238851485,0,18.95,主口径p*加权,指数型,8192
206219542.9131441,6348451159.271897,0.9878184086713434,3.0400953768401036,0.7855048177628824,0.21449518223711772,0.0,30.784915287809305,0,19.0,主口径p*加权,指数型,8192
217225345.60742432,6762185899.689762,0.9878184086713434,3.016481006135011,0.7855048177628823,0.2144951822371177,0.0,31.129819960837224,0,19.05,主口径p*加权,指数型,8192
228818502.7363078,7202884705.147357,0.9878184086713434,2.9932804199828418,0.7855048177628823,0.21449518223711775,0.0,31.478593815675897,0,19.1,主口径p*加权,指数型,8192
241030365.28668553,7672304727.05793,0.9878184086713434,2.97048636781324,0.7855048177628824,0.21449518223711775,0.0,31.831278676993097,0,19.15,主口径p*加权,指数型,8192
253893995.42654115,8172316404.636379,0.9878184086713434,2.9480917261045008,0.7855048177628824,0.21449518223711772,0.0,32.18790736231045,0,19.2,主口径p*加权,指数型,8192
267444119.97987458,8704915279.86746,0.9878184086713434,2.9260894961573554,0.7855048177628823,0.21449518223711772,0.0,32.54853866490882,0,19.25,主口径p*加权,指数型,8192
281717420.3040958,9272223678.470625,0.9878184086713434,2.9044728019077604,0.7855048177628823,0.21449518223711775,0.0,32.91320667519196,0,19.3,主口径p*加权,指数型,8192
296752491.6620873,9876503648.566265,0.9878184086713434,2.8832348877780123,0.7855048177628822,0.2144951822371177,0.0,33.2819569374085,0,19.35,主口径p*加权,指数型,8192
312589937.62474555,10520166391.241009,0.9878184086713434,2.8623691165655147,0.7855048177628823,0.21449518223711772,0.0,33.65484657369279,0,19.4,主口径p*加权,指数型,8192
329272618.32979965,11205777257.552496,0.9878184086713434,2.841868967368541,0.7855048177628823,0.21449518223711772,0.0,34.031913477630205,0,19.45,主口径p*加权,指数型,8192
346845682.8050274,11936068691.401876,0.9878184086713434,2.8217280335483514,0.7855048177628823,0.21449518223711772,0.0,34.413196655273076,0,19.5,主口径p*加权,指数型,8192
365356587.3662197,12713954726.572588,0.9878184086713434,2.8019400207270033,0.7855048177628824,0.21449518223711772,0.0,34.79875597214455,0,19.55,主口径p*加权,指数型,8192
384855398.66401845,13542536648.884981,0.9878184086713434,2.782498744820256,0.7855048177628823,0.21449518223711775,0.0,35.18863629273839,0,19.6,主口径p*加权,指数型,8192
405394855.9322816,14425117820.966364,0.9878184086713434,2.7633981301049433,0.7855048177628824,0.21449518223711775,0.0,35.58288323070379,0,19.65,主口径p*加权,指数型,8192
427030493.2187368,15365217584.661518,0.9878184086713434,2.7446322073202016,0.7855048177628822,0.21449518223711775,0.0,35.98154658428814,0,19.7,主口径p*加权,指数型,8192
449820748.63479346,16366586820.224468,0.9878184086713434,2.726195111801986,0.7855048177628823,0.21449518223711775,0.0,36.38468627758297,0,19.75,主口径p*加权,指数型,8192
473827385.78090835,17433213330.6043,0.9878184086713434,2.708081081650258,0.7855048177628823,0.21449518223711772,0.0,36.79232955662295,0,19.8,主口径p*加权,指数型,8192
499115211.7357219,18569354038.011612,0.9878184086713434,2.6902844559282975,0.7855048177628823,0.21449518223711772,0.0,37.204544364486246,0,19.85,主口径p*加权,指数型,8192
525752627.16202146,19779538355.298416,0.9878184086713434,2.6727996728935683,0.7855048177628823,0.21449518223711772,0.0,37.62137806532148,0,19.9,主口径p*加权,指数型,8192
553811657.5984532,21068591825.8317,0.9878184086713434,2.655621268259573,0.7855048177628824,0.21449518223711772,0.0,38.042882515679544,0,19.95,主口径p*加权,指数型,8192
583368226.4196974,22441652407.19847,0.9878184086713434,2.6387438734881816,0.7855048177628824,0.21449518223711772,0.0,38.46910303108125,0,20.0,主口径p*加权,指数型,8192
614502092.7891799,23904201244.53032,0.9878184086713434,2.622162214111868,0.7855048177628823,0.21449518223711772,0.0,38.9001136449038,0,20.05,主口径p*加权,指数型,8192
647297690.6230149,25462060462.903023,0.9878184086713434,2.6058711080853545,0.7855048177628823,0.2144951822371177,0.0,39.335935894342754,0,20.1,主口径p*加权,指数型,8192
681843444.2112035,27121451803.24888,0.9878184086713434,2.589865464166131,0.7855048177628823,0.21449518223711772,0.0,39.77665552629104,0,20.15,主口径p*加权,指数型,8192
718233008.191288,28888982268.973976,0.9878184086713434,2.5741402803233626,0.7855048177628823,0.21449518223711775,0.0,40.222298250709095,0,20.2,主口径p*加权,指数型,8192
756564548.3825648,30771708924.250298,0.9878184086713434,2.558690642174665,0.7855048177628824,0.21449518223711772,0.0,40.6729458709586,0,20.25,主口径p*加权,指数型,8192
796941773.5602286,32777136571.87135,0.9878184086713434,2.5435117214502867,0.7855048177628825,0.21449518223711775,0.0,41.12864660794975,0,20.3,主口径p*加权,指数型,8192
839473964.6869575,34913257467.307755,0.9878184086713434,2.5285987744841862,0.7855048177628824,0.21449518223711775,0.0,41.589446410439926,0,20.35,主口径p*加权,指数型,8192
884276145.9236234,37188588329.55566,0.9878184086713434,2.513947140731563,0.7855048177628823,0.21449518223711775,0.0,42.055401472706585,0,20.4,主口径p*加权,指数型,8192
931469286.697979,39612209127.09711,0.9878184086713434,2.4995522413123497,0.7855048177628823,0.2144951822371177,0.0,42.526586429404226,0,20.45,主口径p*加权,指数型,8192
981181225.6120478,42193774067.52289,0.9878184086713434,2.485409577580252,0.7855048177628823,0.21449518223711775,0.0,43.00303854795323,0,20.5,主口径p*加权,指数型,8192
1040610148.421864,44308387053.14445,0.9904298373124243,2.471511847959523,0.7796958958167105,0.2129089592843498,0.007395144898939705,42.57923788302495,1,20.55,主口径p*加权,指数型,8192
1121273770.1410809,44988518013.30955,1.0,2.457653440917992,0.7602643047455184,0.2076028394825096,0.032132855771971974,40.122688331190524,2,20.6,主口径p*加权,指数型,8192
1178959114.3134036,48083708301.287,1.0,2.44401241241426,0.7614614973271389,0.2079297528701307,0.030608749802730637,40.78488195011729,2,20.65,主口径p*加权,指数型,8192
1239716079.7620804,51383825832.72998,1.0,2.430622871345908,0.7626054797545422,0.208242136338307,0.02915238390715083,41.448059496486714,2,20.7,主口径p*加权,指数型,8192
1303709065.6031666,54902217549.41103,1.0,2.417479618614387,0.7636982971150793,0.20854054833222432,0.027761154552696416,42.11232321531053,2,20.75,主口径p*加权,指数型,8192
1371110859.2788305,58653115646.76493,1.0,2.4045775946589143,0.7647419385543663,0.20882553202124562,0.026432529424388056,42.77780695108416,2,20.8,主口径p*加权,指数型,8192
1442103723.308815,62651669433.49346,1.0,2.3919118742523757,0.7657383468155142,0.20909761790375642,0.02516403528072937,43.4446346825478,2,20.85,主口径p*加权,指数型,8192
1516879775.0805144,66914009784.86774,1.0,2.3794776615252298,0.7666894138348557,0.2093573226045046,0.023953263560639728,44.112928977061486,2,20.9,主口径p*加权,指数型,8192
1595640808.8570287,71457343568.05945,1.0,2.367270285208659,0.7675969714778761,0.20960514634489205,0.022797882177231867,44.78285035793548,2,20.95,主口径p*加权,指数型,8192
1678600010.3981047,76299972282.76611,1.0,2.3552851940883026,0.7684628056033578,0.20984157678342358,0.021695617613218608,45.45452866086332,2,21.0,主口径p*加权,指数型,8192
1765981647.3310633,81461402983.18575,1.0,2.3435179526600582,0.7692886444919179,0.21006708585592637,0.020644269652155867,46.128114132045916,2,21.05,主口径p*加权,指数型,8192
1858021674.1892643,86962427153.72256,1.0,2.331964236979597,0.7700761600869434,0.210282130114408,0.019641709798648682,46.80377433792211,2,21.1,主口径p*加权,指数型,8192
1954969325.6499436,92825160127.20712,1.0,2.320619830697449,0.7708269761241635,0.2104871529469716,0.018685870928865027,47.48164531755337,2,21.15,主口径p*加权,指数型,8192
2057086554.1734324,99073185419.36188,1.0,2.3094806212716463,0.7715426575420847,0.21068258168615858,0.01777476077175677,48.16189441244534,2,21.2,主口径p*加权,指数型,8192
2164649294.316097,105731624092.989,1.0,2.298542596350207,0.7722247162770913,0.2108688291913978,0.016906454531510885,48.844690163259926,2,21.25,主口径p*加权,指数型,8192
2277948721.264982,112827210004.37598,1.0,2.2878018403158635,0.7728746145061296,0.2110462947344738,0.016079090759396474,49.53017991630698,2,21.3,主口径p*加权,指数型,8192
2397290541.7768703,120388468643.25249,1.0,2.2772545309857444,0.7734937565346783,0.21121536178440287,0.01529088168091876,50.2185557174979,2,21.35,主口径p*加权,指数型,8192
2522998382.9301343,128445705879.4803,1.0,2.266896936458907,0.7740835035288424,0.21137640203027588,0.014540094440881854,50.909943798817395,2,21.4,主口径p*加权,指数型,8192
2655411492.0046706,137031284828.36006,1.0,2.256725412104861,0.7746451579611491,0.2115297711339245,0.013825070904926505,51.604538596355155,2,21.45,主口径p*加权,指数型,8192
2794887749.369694,146179652499.1342,1.0,2.2467363976864863,0.7751799757302686,0.21167581203941205,0.013144212230319334,52.302512876268736,2,21.5,主口径p*加权,指数型,8192
2941804693.0331855,155927472418.7549,1.0,2.2369264146109473,0.7756891662828289,0.21181485500629785,0.012495978710873374,53.00401919543608,2,21.55,主口径p*加权,指数型,8192
3096559520.784626,166313822941.67615,1.0,2.2272920633024906,0.7761738897876931,0.2119472168380261,0.011878893374280827,53.70922852454471,2,21.6,主口径p*加权,指数型,8192
3259570407.7288766,177380341696.3569,1.0,2.2178300206912294,0.7766352597668883,0.21207320160034498,0.011291538632766673,54.418318829918334,2,21.65,主口径p*加权,指数型,8192
3431278474.6868067,189171346762.0051,1.0,2.208537037812258,0.7770743466159933,0.21219310158260724,0.010732551801399664,55.13144682297227,2,21.7,主口径p*加权,指数型,8192
3612147727.0303197,201734080492.01013,1.0,2.1994099375096936,0.7774921753087676,0.21230719667098083,0.010200628020251745,55.84879017610478,2,21.75,主口径p*加权,指数型,8192
3802667169.699631,215118852062.1003,1.0,2.1904456122404428,0.7778897291327418,0.21241575536851406,0.009694515498744305,56.57051812901425,2,21.8,主口径p*加权,指数型,8192
4003352271.562894,229379229216.28006,1.0,2.1816410219727578,0.778267950954335,0.21251903514059708,0.009213013905067985,57.29678870521461,2,21.85,主口径p*加权,指数型,8192
4214745586.1113005,244572295021.5214,1.0,2.17299319217483,0.7786277429391955,0.21261728233859636,0.008754974722208118,58.027771789464985,2,21.9,主口径p*加权,指数型,8192
4437418226.516203,260758876568.71622,1.0,2.1644992118889204,0.7789699682346516,0.21271073265927556,0.0083192991060728,58.76364662012867,2,21.95,主口径p*加权,指数型,8192
4671972912.33382,278003700339.5935,1.0,2.1561562318867193,0.7792954545090895,0.2127996121112821,0.007904933379628448,59.50456168221244,2,22.0,主口径p*加权,指数型,8192
4919043965.923174,296375743855.2868,1.0,2.147961462901828,0.7796049925209081,0.21288413662437597,0.007510870854715963,60.25067999156721,2,22.05,主口径p*加权,指数型,8192
5179298497.535291,315948544873.03424,1.0,2.139912173935468,0.779899337210413,0.21296451234759012,0.007136150441996741,61.00218881444792,2,22.1,主口径p*加权,指数型,8192
5453441216.258349,336800314209.3632,1.0,2.1320056906317193,0.7801792124323217,0.21304093694151935,0.006779850626158786,61.75922703728063,2,22.15,主口径p*加权,指数型,8192
5742212994.027995,359014447745.7446,1.0,2.124239393718732,0.7804453082500009,0.21311359883946693,0.006441092910532242,62.521966377618895,2,22.2,主口径p*加权,指数型,8192
6046394418.06465,382679766930.64056,1.0,2.1166107175126094,0.7806982840649528,0.21318267810200317,0.006119037833044185,63.290572938364484,2,22.25,主口径p*加权,指数型,8192
6366808576.643294,407890829370.60944,1.0,2.1091171484807445,0.7809387701921621,0.21324834684713972,0.005812882960698186,64.06519443147094,2,22.3,主口径p*加权,指数型,8192
6704321655.476122,434748407726.8976,1.0,2.101756223861623,0.7811673676707596,0.21331076919862876,0.0055218631306117255,64.84599487731812,2,22.35,主口径p*加权,指数型,8192
7059846146.161124,463359838156.3954,1.0,2.0945255303382346,0.7813846501957519,0.21337010181345328,0.005245247990794863,65.63313542014691,2,22.4,主口径p*加权,指数型,8192
7434342816.497381,493839480915.531,1.0,2.0874227027623786,0.7815911649308852,0.21342649410379375,0.0049823409653211685,66.42678352411501,2,22.45,主口径p*加权,指数型,8192
7828824782.494205,526309079467.4199,1.0,2.0804454229273133,0.7817874343836438,0.213480088749027,0.004732476867329224,67.22708632389927,2,22.5,主口径p*加权,指数型,8192
8244359718.706132,560898277584.3107,1.0,2.073591418386314,0.7819739569574533,0.21353102184651526,0.004495021196031426,68.0341829713779,2,22.55,主口径p*加权,指数型,8192
8682069542.383963,597745353811.1471,1.0,2.066858461314855,0.7821512066527151,0.21357942282996809,0.0042693705173167985,68.84825684626058,2,22.6,主口径p*加权,指数型,8192
9143139627.952152,636997354972.452,1.0,2.0602443674142394,0.7823196367393309,0.21362541547228667,0.004054947788382434,69.66943313706393,2,22.65,主口径p*加权,指数型,8192
9628814157.5578,678811219749.5336,1.0,2.053746994854618,0.7824796775922185,0.21366911729451518,0.00385120511326635,70.49790437763559,2,22.7,主口径p*加权,指数型,8192
10140407655.134815,723353841940.3434,1.0,2.0473642432554784,0.7826317406461442,0.21371064064577375,0.0036576187080822253,71.33380299302439,2,22.75,主口径p*加权,指数型,8192
10679305675.807962,770802926070.6459,1.0,2.0410940527017405,0.7827762179483457,0.21375009258109495,0.0034736894705593565,72.17725098147163,2,22.8,主口径p*加权,指数型,8192
11246961210.292458,821348226460.8412,1.0,2.0349344027937457,0.7829134812505736,0.21378757461348996,0.003298944135936432,73.028457296465,2,22.85,主口径p*加权,指数型,8192
11844912049.087751,875191341521.6063,1.0,2.028883311729504,0.7830438863887227,0.21382318390988053,0.0031329297013968104,73.8875339803819,2,22.9,主口径p*加权,指数型,8192
12474774540.976404,932547262499.029,1.0,2.0229388354176288,0.783167771324201,0.21385701275626182,0.0029752159195372027,74.75463860576019,2,22.95,主口径p*加权,指数型,8192
13138251318.767405,993644992317.9358,1.0,2.017099066619528,0.783285457842465,0.21388914902151576,0.0028253931360193597,75.6299273175387,2,23.0,主口径p*加权,指数型,8192
13837137132.830503,1058728364926.1924,1.0,2.011362134119448,0.7833972524640042,0.21391967640617074,0.002683071129824977,76.51354140403902,2,23.05,主口径p*加权,指数型,8192
14573320997.0617,1128057221196.6448,1.0,2.005726201921079,0.7835034466794891,0.2139486745066125,0.0025478788138983163,77.40563879873955,2,23.1,主口径p*加权,指数型,8192
15348793280.129433,1201908296716.889,1.0,2.000189468469488,0.7836043179825105,0.21397621909709086,0.0024194629203985758,78.30637072120066,2,23.15,主口径p*加权,指数型,8192
16165652195.720217,1280576235427.5398,1.0,1.9947501658972089,0.7837001306017395,0.21400238232964833,0.0022974870686123137,79.21587201823918,2,23.2,主口径p*加权,指数型,8192
17026105329.363829,1364375088799.024,1.0,1.9894065592934065,0.7837911356172264,0.21402723276587726,0.002181631616896384,80.13430331867934,2,23.25,主口径p*加权,指数型,8192
17932480136.862255,1453639213351.8733,1.0,1.9841569459950639,0.7838775721076978,0.21405083569020872,0.002071592202093444,81.06180529729139,2,23.3,主口径p*加权,指数型,8192
18887224595.33492,1548725056452.3315,1.0,1.978999654899216,0.7839596671609733,0.21407325311275646,0.0019670797262702883,81.99855138244406,2,23.35,主口径p*加权,指数型,8192
19892925889.2682,1650011595662.435,1.0,1.9739330457953113,0.7840376374632503,0.2140945442032982,0.0018678183334515563,82.94464096669562,2,23.4,主口径p*加权,指数型,8192
20952298873.280945,1757903362443.4202,1.0,1.9689555087168131,0.7841116882666239,0.21411476500933946,0.0017735467240367882,83.90026187938527,2,23.45,主口径p*加权,指数型,8192
22068208773.732517,1872830801944.0237,1.0,1.9640654633112296,0.7841820151803548,0.21413396894524883,0.0016840158743965552,84.86555574792405,2,23.5,主口径p*加权,指数型,8192
23243675161.90699,1995252287657.3264,1.0,1.959261358227778,0.7842488042607955,0.21415220681681457,0.0015989889223900775,85.84065444724746,2,23.55,主口径p*加权,指数型,8192
24481872234.60506,2125656625581.66,1.0,1.9545416705219516,0.784312232052178,0.2141695268323814,0.0015182411154407221,86.82573804862236,2,23.6,主口径p*加权,指数型,8192
25786151374.964497,2264563808951.6035,1.0,1.9499049050762902,0.7843724668018324,0.21418597493468705,0.0014415582634807525,87.82093054608548,2,23.65,主口径p*加权,指数型,8192
27160037303.917374,2412528199508.355,1.0,1.9453495940366905,0.7844296681841991,0.21420159472549863,0.0013687370903023768,88.82639491663691,2,23.7,主口径p*加权,指数型,8192
28607249431.088924,2570139704158.788,1.0,1.9408742962636354,0.7844839882403583,0.21421642772216715,0.0012995840374746205,89.84225171140324,2,23.75,主口径p*加权,指数型,8192
30131699617.155655,2738027210385.14,1.0,1.9364775967977486,0.7845355712426936,0.21423051332067153,0.0012339154366349874,90.86866141550902,2,23.8,主口径p*加权,指数型,8192
31737505840.722416,2916860840008.9106,1.0,1.9321581063391138,0.7845845542555746,0.21424388894872223,0.0011715567957032388,91.90579923474277,2,23.85,主口径p*加权,指数型,8192
33429008994.185646,3107354109695.1646,1.0,1.9279144607398324,0.7846310676631753,0.2142565902098911,0.0011123421269337462,92.95382074400204,2,23.9,主口径p*加权,指数型,8192
35210792033.6435,3310266064699.841,1.0,1.9237453205093107,0.7846752356249366,0.2142686510079827,0.001056113367080844,94.01282599769185,2,23.95,主口径p*加权,指数型,8192
37087662204.031395,3526407116704.0996,1.0,1.9196493703318063,0.7847171756292837,0.21428010342516976,0.0010027209455464728,95.08302511234538,2,24.0,主口径p*加权,指数型,8192
39064702169.18735,3756638717184.1694,1.0,1.915625318595783,0.7847569997518564,0.21429097806557357,0.0009520221825701484,96.16452983346315,2,24.05,主口径p*加权,指数型,8192
41147256754.56672,4001879317804.2393,1.0,1.911671896934639,0.7847948142811985,0.2143013039530526,0.0009038817657489939,97.25749985410854,2,24.1,主口径p*加权,指数型,8192
43340952536.16313,4263107575047.4165,1.0,1.9077878597784097,0.7848307201605769,0.21431110865184821,0.0008581711875749778,98.36211078864348,2,24.15,主口径p*加权,指数型,8192
45651720759.463455,4541365506182.574,1.0,1.9039719839160583,0.7848648133807667,0.21432041837384144,0.0008147682453917333,99.47851758120561,2,24.2,主口径p*加权,指数型,8192
48085816924.24853,4837762264712.509,1.0,1.900223068067983,0.7848971852367516,0.21432925804864902,0.0007735567145993038,100.60684364234938,2,24.25,主口径p*加权,指数型,8192
50649815755.46659,5153480751129.66,1.0,1.8965399324683994,0.7849279222660956,0.21433765130679516,0.0007344264271092292,101.747275370364,2,24.3,主口径p*加权,指数型,8192
53350660125.53346,5489779207703.557,1.0,1.8929214184572625,0.7849571068821298,0.21434562065261356,0.0006972724652567285,102.89993028738861,2,24.35,主口径p*加权,指数型,8192
56195642024.233406,5848000070529.687,1.0,1.8893663880814162,0.7849848171448089,0.2143531874016758,0.0006619954535153464,104.06501037941406,2,24.4,主口径p*加权,指数型,8192
59192458598.51906,6229571622867.69,1.0,1.8858737237046697,0.7850111273722563,0.21436037184778414,0.0006285007799594066,105.24265709455679,2,24.45,主口径p*加权,指数型,8192
62349216169.49728,6636015386920.621,1.0,1.882442327626517,0.7850361081345271,0.21436719326126824,0.0005966986042046169,106.43302024648577,2,24.5,主口径p*加权,指数型,8192
65674444774.739365,7068952992560.918,1.0,1.879071121709225,0.7850598263971689,0.21437366992818696,0.0005665036746441939,107.63628100408211,2,24.55,主口径p*加权,指数型,8192
69177131186.57446,7530111612812.843,1.0,1.8757590470130343,0.7850823457887461,0.2143798192233803,0.0005378349878735345,108.85261478253159,2,24.6,主口径p*加权,指数型,8192
72866759597.82405,8021329040753.603,1.0,1.8725050634392246,0.7851037268502621,0.2143856576785782,0.0005106154711599745,110.08214287318378,2,24.65,主口径p*加权,指数型,8192
76753307508.56282,8544564221781.1,1.0,1.8693081493808053,0.7851240269963764,0.21439120097181052,0.0004847720318131747,111.3250294891571,2,24.7,主口径p*加权,指数型,8192
80847274068.15158,9101904986374.441,1.0,1.866167301380614,0.7851433007096938,0.21439646398046042,0.00046023530984571254,112.58147032516936,2,24.75,主口径p*加权,指数型,8192
85159727814.81836,9695574240329.502,1.0,1.8630815337965998,0.7851615997861571,0.21440146084827333,0.00043693936556971926,113.85163491143061,2,24.8,主口径p*加权,指数型,8192
89702326067.16206,10327939987452.926,1.0,1.8600498784740909,0.7851789734117997,0.21440620500631538,0.0004148215818852274,115.13569870774784,2,24.85,主口径p*加权,指数型,8192
94487372164.46211,11001521791120.03,1.0,1.8570713844248452,0.7851954683800128,0.21441070923230213,0.0003938223876854165,116.43377881195684,2,24.9,主口径p*加权,指数型,8192
99527798674.24754,11719006560669.766,1.0,1.8541451175126993,0.7852111290282856,0.21441498563332387,0.0003738853383905774,117.74606408231568,2,24.95,主口径p*加权,指数型,8192
104837210009.92961,12483258526029.81,1.0,1.8512701601456332,0.7852259974209789,0.21441904569575532,0.00035495688326595443,119.0727846043162,2,25.0,主口径p*加权,指数型,8192
110429984395.03809,13297322935556.197,1.0,1.8484456109740806,0.7852401136393755,0.21442290036445882,0.0003369859961656696,120.41406152868824,2,25.05,主口径p*加权,指数型,8192
116321255456.7643,14164444863452.125,1.0,1.8456705845953119,0.785253515702762,0.21442656002123422,0.00031992427600380875,121.77004802632085,2,25.1,主口径p*加权,指数型,8192
122526921812.25235,15088086079228.111,1.0,1.8429442112637378,0.7852662396254477,0.2144300345003889,0.0003037258741635358,123.1409869444655,2,25.15,主口径p*加权,指数型,8192
129063795731.18668,16071925981684.717,1.0,1.8402656366069787,0.7852783197405737,0.2144333331771593,0.0002883470822671218,124.52698985515063,2,25.200000000000003,主口径p*加权,指数型,8192
135949530077.56302,17119890755081.227,1.0,1.8376340213475497,0.7852897885428136,0.21443646492475762,0.00027374653242880304,125.92828195370626,2,25.25,主口径p*加权,指数型,8192
143202750492.5348,18236158654271.066,1.0,1.835048541030021,0.7853006769439994,0.2144394381841748,0.0002598848718260475,127.34503067538304,2,25.3,主口径p*加权,指数型,8192
150843081857.6654,19425179535507.59,1.0,1.8325083857535232,0.7853110143003089,0.21444226097160435,0.0002467247280869028,128.7773976524629,2,25.35,主口径p*加权,指数型,8192
158891136510.01105,20691701003600.715,1.0,1.830012759909456,0.7853208284130004,0.21444494087864333,0.00023423070835636837,130.2256466791464,2,25.4,主口径p*加权,指数型,8192
167368779796.9865,22040760142318.082,1.0,1.827560881924284,0.7853301458569617,0.2144474851620077,0.00022236898103064346,131.68979405270736,2,25.450000000000003,主口径p*加权,指数型,8192
176298799537.25162,23477754389343.215,1.0,1.8251519840072907,0.78533899160226,0.21444990064019046,0.00021110775754968106,133.17024535032303,2,25.5,主口径p*加权,指数型,8192
185705456217.709,25008399027062.58,1.0,1.8227853119031805,0.7853473896168887,0.2144521938580517,0.00020041652505977027,134.66701267917705,2,25.55,主口径p*加权,指数型,8192
195614085209.93448,26638811216157.793,1.0,1.8204601246494048,0.7853553624594048,0.21445437097558148,0.00019026656501384452,136.18043500072514,2,25.6,主口径p*加权,指数型,8192
206051548973.11914,28375483159403.977,1.0,1.818175694338118,0.7853629316941445,0.21445643788128105,0.00018063042457450103,137.7106034912931,2,25.65,主口径p*加权,指数型,8192
217046087471.54987,30225337643862.188,1.0,1.8159313058826396,0.7853701177455313,0.21445840015237974,0.00017148210208899243,139.25769404999795,2,25.700000000000003,主口径p*加权,指数型,8192
228627399495.35965,32195755348022.258,1.0,1.813726256788337,0.7853769399766825,0.2144602630762994,0.00016279694701818766,140.82194618443236,2,25.75,主口径p*加权,指数型,8192
240826747462.56516,34294601150946.87,1.0,1.8115598569278173,0.7853834167676668,0.2144620316720242,0.0001545515603091503,142.4036221569522,2,25.8,主口径p*加权,指数型,8192
253677183563.65778,36530235282908.45,1.0,1.8094314283203439,0.7853895656329791,0.21446371072217882,0.00014672364484209977,144.0028416025896,2,25.85,主口径p*加权,指数型,8192
267213444286.75098,38911574092481.27,1.0,1.8073403049153716,0.7853954031595161,0.21446530475609185,0.00013929208439207079,145.61982162366294,2,25.9,主口径p*加权,指数型,8192
281472134984.4363,41448112863993.27,1.0,1.8052858323801235,0.7854009451030675,0.21446681807614432,0.00013223682078832426,147.25476419285732,2,25.950000000000003,主口径p*加权,指数型,8192
296491769044.4709,44149972467407.516,1.0,1.8032673678911162,0.7854062064075802,0.21446825476302991,0.00012553882939002786,148.90791946667986,2,26.0,主口径p*加权,指数型,8192
20590238.73130562,386874701.7191214,0.9878184086713434,4.642330711620921,0.4779505480499618,0.5220494519500383,0.0,18.789228564451413,0,17.0,主口径p*加权,指数型,32768
21689124.67967224,412087734.5028778,0.9878184086713434,4.590641054050877,0.4779505480499618,0.5220494519500383,0.0,18.999740219534996,0,17.05,主口径p*加权,指数型,32768
22846657.583347518,438943923.0705519,0.9878184086713434,4.539857132319213,0.47795054804996184,0.5220494519500383,0.0,19.212610048941666,0,17.1,主口径p*加权,指数型,32768
24065965.82856162,467550383.8096196,0.9878184086713434,4.489963075602881,0.47795054804996173,0.5220494519500383,0.0,19.427867019354288,0,17.15,主口径p*加权,指数型,32768
25350349.303611673,498021125.7743368,0.9878184086713434,4.440943291176488,0.4779505480499619,0.5220494519500383,0.0,19.64553307765994,0,17.2,主口径p*加权,指数型,32768
26703279.119064935,530477683.29898643,0.9878184086713434,4.392782459539337,0.4779505480499619,0.5220494519500383,0.0,19.86563825864552,0,17.25,主口径p*加权,指数型,32768
28128415.307678487,565049438.7446524,0.9878184086713434,4.345465529627803,0.47795054804996173,0.5220494519500383,0.0,20.08820733638718,0,17.3,主口径p*加权,指数型,32768
29629607.225150857,601874327.3572189,0.9878184086713434,4.298977714111637,0.4779505480499618,0.5220494519500383,0.0,20.313273908211738,0,17.35,主口径p*加权,指数型,32768
31210918.08121098,641099103.7684342,0.9878184086713434,4.25330448477268,0.47795054804996173,0.5220494519500382,0.0,20.54086015990593,0,17.4,主口径p*加权,指数型,32768
32876620.278416444,682880242.9634372,0.9878184086713434,4.208431567964533,0.4779505480499618,0.5220494519500383,0.0,20.770998879460528,0,17.45,主口径p*加权,指数型,32768
34631224.08946063,727384212.9958082,0.9878184086713434,4.164344940151836,0.4779505480499618,0.5220494519500383,0.0,21.00371072985474,0,17.5,主口径p*加权,指数型,32768
36479467.925923765,774788593.3351724,0.9878184086713434,4.1210308235276525,0.47795054804996173,0.5220494519500383,0.0,21.23903218403514,0,17.55,主口径p*加权,指数型,32768
38426347.48845739,825282446.312042,0.9878184086713434,4.078475681707683,0.4779505480499618,0.5220494519500383,0.0,21.476994308656128,0,17.6,主口径p*加权,指数型,32768
40477132.76811706,879066990.3116308,0.9878184086713434,4.036666215499934,0.4779505480499618,0.5220494519500383,0.0,21.717620053465158,0,17.65,主口径p*加权,指数型,32768
42637366.613916546,936356737.4945617,0.9878184086713434,3.9955893587484663,0.4779505480499618,0.5220494519500383,0.0,21.960942052855142,0,17.7,主口径p*加权,指数型,32768
44912893.370587364,997380055.7602707,0.9878184086713434,3.9552322742500334,0.47795054804996184,0.5220494519500382,0.0,22.206987368429857,0,17.75,主口径p*加权,指数型,32768
47309865.34203023,1062380282.3162441,0.9878184086713434,3.9155823497422286,0.4779505480499618,0.5220494519500382,0.0,22.455787490319114,0,17.8,主口径p*加权,指数型,32768
49834755.28290337,1131616792.7223701,0.9878184086713434,3.8766271939619408,0.47795054804996173,0.5220494519500383,0.0,22.70738135059308,0,17.85,主口径p*加权,指数型,32768
52494401.64342601,1205365407.9687696,0.9878184086713434,3.838354632772887,0.47795054804996184,0.5220494519500383,0.0,22.961789642947956,0,17.9,主口径p*加权,指数型,32768
55295987.32427112,1283920392.0079398,0.9878184086713434,3.800752705360975,0.4779505480499618,0.5220494519500382,0.0,23.21905176371428,0,17.95,主口径p*加权,指数型,32768
58247097.70371743,1367594744.0366576,0.9878184086713434,3.7638096604963702,0.47795054804996173,0.5220494519500383,0.0,23.479191203536573,0,18.0,主口径p*加权,指数型,32768
61355698.932643354,1456722424.82456,0.9878184086713434,3.7275139528610244,0.4779505480499618,0.5220494519500384,0.0,23.742251333877856,0,18.05,主口径p*加权,指数型,32768
64630207.84223424,1551658557.7388198,0.9878184086713434,3.6918542394405782,0.4779505480499618,0.5220494519500383,0.0,24.008255729681398,0,18.1,主口径p*加权,指数型,32768
68079478.4754865,1652781691.6142685,0.9878184086713434,3.656819375979481,0.47795054804996173,0.5220494519500383,0.0,24.277237849426072,0,18.15,主口径p*加权,指数型,32768
71712830.53612849,1760495214.6738865,0.9878184086713434,3.6223984134982143,0.47795054804996173,0.5220494519500383,0.0,24.549236189846944,0,18.2,主口径p*加权,指数型,32768
75540093.83117719,1875228494.5827441,0.9878184086713434,3.588580594871568,0.47795054804996184,0.5220494519500383,0.0,24.824280716061182,0,18.25,主口径p*加权,指数型,32768
79571608.18957588,1997439242.966359,0.9878184086713434,3.5553553514668494,0.4779505480499618,0.5220494519500383,0.0,25.10241138029468,0,18.3,主口径p*加权,指数型,32768
83818279.89460714,2127614637.3941104,0.9878184086713434,3.522712299841016,0.4779505480499618,0.5220494519500383,0.0,25.38365903081484,0,18.35,主口径p*加权,指数型,32768
88291612.10648909,2266273220.328228,0.9878184086713434,3.4906412384956678,0.4779505480499618,0.5220494519500384,0.0,25.66804667237088,0,18.4,主口径p*加权,指数型,32768
93003668.91942243,2413968685.793768,0.9878184086713434,3.4591321446889105,0.4779505480499618,0.5220494519500383,0.0,25.95562856649461,0,18.45,主口径p*加权,指数型,32768
97967210.77511042,2571289463.0857067,0.9878184086713434,3.4281751713030912,0.4779505480499618,0.5220494519500383,0.0,26.246429215875658,0,18.5,主口径p*加权,指数型,32768
103195646.39569479,2738863181.4530845,0.9878184086713434,3.3977606437673966,0.47795054804996184,0.5220494519500384,0.0,26.540491552823365,0,18.55,主口径p*加权,指数型,32768
108703122.10354638,2917357794.737719,0.9878184086713434,3.3678790570343993,0.4779505480499618,0.5220494519500383,0.0,26.837847324741574,0,18.6,主口径p*加权,指数型,32768
114504530.54518263,3107485014.741187,0.9878184086713434,3.3385210726095655,0.4779505480499618,0.5220494519500384,0.0,27.138533295981652,0,18.65,主口径p*加权,指数型,32768
120615550.0832621,3310003185.3609805,0.9878184086713434,3.309677515632815,0.4779505480499619,0.5220494519500384,0.0,27.442590802562794,0,18.7,主口径p*加权,指数型,32768
127052718.89813466,3525719440.150382,0.9878184086713434,3.281339372011238,0.47795054804996184,0.5220494519500383,0.0,27.75005108688111,0,18.75,主口径p*加权,指数型,32768
133833422.39652628,3755494494.454034,0.9878184086713434,3.2534977856020273,0.47795054804996184,0.5220494519500383,0.0,28.0609613593167,0,18.8,主口径p*加权,指数型,32768
140976028.49069452,4000243626.0336084,0.9878184086713434,3.2261440554447973,0.47795054804996184,0.5220494519500384,0.0,28.375346283057297,0,18.85,主口径p*加权,指数型,32768
148499810.4147029,4260943881.0933194,0.9878184086713434,3.1992696330423764,0.4779505480499618,0.5220494519500383,0.0,28.693261420295023,0,18.9,主口径p*加权,指数型,32768
156425125.2852607,4538634416.458024,0.9878184086713434,3.172866119689268,0.4779505480499618,0.5220494519500382,0.0,29.0147404912175,0,18.95,主口径p*加权,指数型,32768
164773418.23401785,4834422052.339748,0.9878184086713434,3.1469252638469136,0.4779505480499618,0.5220494519500383,0.0,29.33981769725568,0,19.0,主口径p*加权,指数型,32768
173567265.4455419,5149486125.539554,0.9878184086713434,3.121438958564946,0.47795054804996173,0.5220494519500382,0.0,29.6685329017599,0,19.05,主口径p*加权,指数型,32768
182830429.72162732,5485083376.959244,0.9878184086713434,3.096399238947635,0.4779505480499618,0.5220494519500383,0.0,30.00093247776469,0,19.1,主口径p*加权,指数型,32768
192587949.7884318,5842552232.501648,0.9878184086713434,3.0717982796647236,0.47795054804996173,0.5220494519500382,0.0,30.337060231026943,0,19.15,主口径p*加权,指数型,32768
202866232.85824853,6223317365.871827,0.9878184086713434,3.0476283925058794,0.4779505480499619,0.5220494519500384,0.0,30.676950413035616,0,19.2,主口径p*加权,指数型,32768
213693058.63840815,6628897416.615351,0.9878184086713434,3.023882023978005,0.4779505480499618,0.5220494519500383,0.0,31.02064923799029,0,19.25,主口径p*加权,指数型,32768
225097693.74447167,7060909873.391614,0.9878184086713434,3.000551752944642,0.4779505480499618,0.5220494519500384,0.0,31.368201761352022,0,19.3,主口径p*加权,指数型,32768
237110990.96481374,7521076878.778111,0.9878184086713434,2.9776302883067443,0.4779505480499618,0.5220494519500383,0.0,31.719646770377704,0,19.35,主口径p*加权,指数型,32768
249765432.3976908,8011233347.052782,0.9878184086713434,2.9551104667240877,0.4779505480499618,0.5220494519500383,0.0,32.07502843827019,0,19.4,主口径p*加权,指数型,32768
263095215.50750682,8533334367.268684,0.9878184086713434,2.9329852503766007,0.4779505480499618,0.5220494519500383,0.0,32.43439585477831,0,19.45,主口径p*加权,指数型,32768
277136436.33510983,9089460055.311573,0.9878184086713434,2.911247724764938,0.4779505480499618,0.5220494519500383,0.0,32.79778067262406,0,19.5,主口径p*加权,指数型,32768
291927008.59991145,9681829637.996223,0.9878184086713434,2.889891096549577,0.4779505480499618,0.5220494519500383,0.0,33.165241148568256,0,19.55,主口径p*加权,指数型,32768
307506938.90514654,10312804703.21119,0.9878184086713434,2.8689086914277904,0.4779505480499618,0.5220494519500383,0.0,33.536819493989604,0,19.6,主口径p*加权,指数型,32768
323918353.0031794,10984901271.88431,0.9878184086713434,2.8482939520478117,0.47795054804996184,0.5220494519500384,0.0,33.912562131903925,0,19.65,主口径p*加权,指数型,32768
341205640.1854778,11700798813.367815,0.9878184086713434,2.8280404359595503,0.4779505480499618,0.5220494519500383,0.0,34.29251288755753,0,19.7,主口径p*加权,指数型,32768
359415547.84129065,12463351784.128164,0.9878184086713434,2.8081418136012295,0.47795054804996173,0.5220494519500383,0.0,34.67671851978892,0,19.75,主口径p*加权,指数型,32768
378597275.75788385,13275602154.76879,0.9878184086713434,2.7885918663212816,0.47795054804996184,0.5220494519500383,0.0,35.06523423390571,0,19.8,主口径p*加权,指数型,32768
398802726.6785652,14140787453.741941,0.9878184086713434,2.7693844844349216,0.47795054804996173,0.5220494519500382,0.0,35.45810123093619,0,19.85,主口径p*加权,指数型,32768
420086568.0506258,15062356348.746479,0.9878184086713434,2.7505136653147675,0.4779505480499618,0.5220494519500383,0.0,35.85536290446514,0,19.9,主口径p*加权,指数型,32768
442506292.5679188,16043985569.074677,0.9878184086713434,2.7319735115149144,0.4779505480499618,0.5220494519500383,0.0,36.25707891286572,0,19.95,主口径p*加权,指数型,32768
466122551.6535769,17089588219.322182,0.9878184086713434,2.713758228927893,0.4779505480499618,0.5220494519500383,0.0,36.66329414592065,0,20.0,主口径p*加权,指数型,32768
490999146.0178388,18203335637.312622,0.9878184086713434,2.6958621249739054,0.47795054804996184,0.5220494519500383,0.0,37.0740678165075,0,20.05,主口径p*加权,指数型,32768
517203400.7191094,19389666608.41913,0.9878184086713434,2.678279606821808,0.47795054804996173,0.5220494519500383,0.0,37.48944144887702,0,20.1,主口径p*加权,指数型,32768
544806178.5927547,20653311217.867332,0.9878184086713434,2.661005179641253,0.47795054804996173,0.5220494519500383,0.0,37.909465841990354,0,20.15,主口径p*加权,指数型,32768
573882073.0080224,21999309775.931736,0.9878184086713434,2.6440334448854563,0.47795054804996184,0.5220494519500384,0.0,38.334199325345025,0,20.2,主口径p*加权,指数型,32768
604509732.1818397,23433028269.76938,0.9878184086713434,2.6273590986040753,0.4779505480499618,0.5220494519500383,0.0,38.76369067739111,0,20.25,主口径p*加权,指数型,32768
636772006.6991116,24960182161.227524,0.9878184086713434,2.610976929785626,0.47795054804996184,0.5220494519500383,0.0,39.19798907401051,0,20.3,主口径p*加权,指数型,32768
670756118.844284,26586861330.79654,0.9878184086713434,2.594881818728958,0.47795054804996173,0.5220494519500383,0.0,39.6371506481459,0,20.35,主口径p*加权,指数型,32768
726052233.5756617,26725278993.86071,1.0,2.578917906515103,0.4634910622475252,0.5062558375908968,0.030253100161578006,36.80903075284828,2,20.4,主口径p*加权,指数型,32768
763483923.3319213,28558464630.089073,1.0,2.563134922512838,0.46417954873862627,0.5070078484355769,0.028812602825796785,37.40545643116758,2,20.45,主口径p*加权,指数型,32768
802909278.2940625,30512876066.143948,1.0,2.5476420969851614,0.4648371952190813,0.5077261737646285,0.02743663101629024,38.00289383997967,2,20.5,主口径p*加权,指数型,32768
844434961.2706058,32596409758.88102,1.0,2.5324334780213427,0.46546520814942366,0.5084121313546771,0.02612266049589921,38.601445053664996,2,20.55,主口径p*加权,指数型,32768
888173134.3089905,34817483906.54667,1.0,2.5175032713264627,0.4660647599042644,0.5090670017514312,0.02486823834430453,39.20123516642405,2,20.6,主口径p*加权,指数型,32768
934242061.9395741,37185060970.244675,1.0,2.502845834392857,0.4666369928687613,0.5096920327441191,0.02367097438711978,39.80238364888539,2,20.65,主口径p*加权,指数型,32768
982766351.6847543,39708686207.92558,1.0,2.488455670928667,0.46718301732058665,0.5102884370520328,0.02252854562738053,40.40501197446684,2,20.7,主口径p*加权,指数型,32768
1033877082.2801574,42398534028.64792,1.0,2.474327425533293,0.4677039088989945,0.5108573895600751,0.021438701540930374,41.009259954907165,2,20.75,主口径p*加权,指数型,32768
1087712528.4858394,45265434034.86455,1.0,2.460455878609706,0.468200712499515,0.5114000315728037,0.020399255927681426,41.61525481174399,2,20.8,主口径p*加权,指数型,32768
1144418082.682742,48320932334.349915,1.0,2.446835941503789,0.4686744376926451,0.5119174658104199,0.019408096496935062,42.22314647552239,2,20.85,主口径p*加权,指数型,32768
1204147254.7771478,51577312899.41844,1.0,2.433462651861099,0.4691260641755333,0.5124107623634626,0.018463173461004317,42.8330610685683,2,20.9,主口径p*加权,指数型,32768
1267061483.2410452,55047671241.227455,1.0,2.420331169191643,0.4695565366893899,0.5128809531412644,0.017562510169346048,43.44514608748091,2,20.95,主口径p*加权,指数型,32768
1333330730.6320837,58745960565.29666,1.0,2.407436770633567,0.4699667671332634,0.5133290341807593,0.01670419868597743,44.05955642936943,2,21.0,主口径p*加权,指数型,32768
1403134417.3092895,62687026877.402725,1.0,2.394774846906853,0.47035763766575783,0.5137559690343851,0.015886393299857138,44.67642308825554,2,21.05,主口径p*加权,指数型,32768
1476660977.3532271,66886708443.969215,1.0,2.3823408984484375,0.4707299956176922,0.5141626832133513,0.015107321168956465,45.295913869043396,2,21.1,主口径p*加权,指数型,32768
1554109463.135712,71361851157.82962,1.0,2.3701305317204175,0.47108466014282674,0.5145500714520048,0.014365268405168568,45.9181626845277,2,21.15,主口径p*加权,指数型,32768
1635689080.909658,76130420004.12695,1.0,2.358139455683282,0.47142241755400377,0.5149189926136533,0.013658589832342936,46.543332038255365,2,21.2,主口径p*加权,指数型,32768
1721620697.8125594,81211528353.52615,1.0,2.3463634784264413,0.4717440262484799,0.5152702750703396,0.012985698681180474,47.17155669463729,2,21.25,主口径p*加权,指数型,32768
1812136464.1133063,86625558658.49461,1.0,2.334798503948527,0.4720502133225296,0.5156047130050884,0.012345073672382188,47.80299959411789,2,21.3,主口径p*加权,指数型,32768
1907481149.0050886,92394211436.31876,1.0,2.323440529080318,0.4723416781725837,0.5159230703453075,0.011735251482108829,48.43781102870143,2,21.35,主口径p*加权,指数型,32768
2007912360.5680757,98540612544.40842,1.0,2.3122856405433523,0.47261909168471083,0.5162260798774868,0.011154828437802522,49.07615216658632,2,21.4,主口径p*加权,指数型,32768
2113701927.5131202,105089372430.20697,1.0,2.301330012137618,0.4728830988922073,0.5165144461499951,0.010602454957797738,49.71816085433108,2,21.45,主口径p*加权,指数型,32768
2225135855.401623,112066721591.83876,1.0,2.2905699020519776,0.4731343174932349,0.516788843853944,0.010076838652821147,50.363990728831894,2,21.5,主口径p*加权,指数型,32768
2342515398.833804,119500601133.13074,1.0,2.2800016502912364,0.47337333959509736,0.5170499197284051,0.009576740676497756,51.013795338388306,2,21.55,主口径p*加权,指数型,32768
2466158021.037744,127420766823.86931,1.0,2.2696216762140726,0.47360073275631254,0.5172982936986285,0.009100973545059132,51.667721912747275,2,21.6,主口径p*加权,指数型,32768
2596397779.8547096,135858931844.73326,1.0,2.2594264761762766,0.4738170399093828,0.5175345587916885,0.00864840129892887,52.32593129560283,2,21.65,主口径p*加权,指数型,32768
2733587305.0800457,144848837961.34354,1.0,2.249412621274015,0.47402278195441233,0.5177592839694062,0.008217934076181694,52.98855379235895,2,21.7,主口径p*加权,指数型,32768
2878097039.8897767,154426478773.5632,1.0,2.2395767551820778,0.4742184557981919,0.5179730119865051,0.00780853221530315,53.65575817397641,2,21.75,主口径p*加权,指数型,32768
3030317882.2735853,164630158152.47464,1.0,2.22991559208233,0.47440453771590785,0.5181762630624956,0.007419199221596612,54.32768592216339,2,21.8,主口径p*加权,指数型,32768
3190661994.934554,175500654238.67868,1.0,2.2204259146777767,0.4745814834275435,0.5183695349651248,0.007048981607331678,55.004464439448874,2,21.85,主口径p*加权,指数型,32768
3359561988.752325,187081487468.4128,1.0,2.211104572287926,0.4747497268427994,0.5185533016394951,0.006696971517705719,55.68627341741391,2,21.9,主口径p*加权,指数型,32768
3537475141.5738225,199418928569.6613,1.0,2.2019484790213197,0.47490968416928747,0.518728017695307,0.0063622981354055095,56.373238139827556,2,21.95,主口径p*加权,指数型,32768
3724882647.3612275,212562290487.15784,1.0,2.1929546120213197,0.4750617523913825,0.5188941167453607,0.00604413086325709,57.065499939371435,2,22.0,主口径p*加权,指数型,32768
3922290822.4249535,226564132087.60776,1.0,2.184120009781435,0.4752063101479465,0.5190520123642638,0.005741677487789714,57.76321602474511,2,22.05,主口径p*加权,指数型,32768
4130233655.5724607,241480401013.09952,1.0,2.1754417705266706,0.4753437193728694,0.5192020998803395,0.005454180746791143,58.46652299859528,2,22.1,主口径p*加权,指数型,32768
4349273704.832104,257370686764.14645,1.0,2.166917050657567,0.4754743254503031,0.5193447565451844,0.005180918004512672,59.17555532966436,2,22.15,主口径p*加权,指数型,32768
4580002762.155409,274298509077.40817,1.0,2.158543063253753,0.47559845743755347,0.5194803417771251,0.004921200785321317,59.89046804598863,2,22.2,主口径p*加权,指数型,32768
4823044046.484796,292331538238.0001,1.0,2.1503170766340394,0.4757164291974798,0.5196091983981006,0.00467437240441964,60.61141789718086,2,22.25,主口径p*加权,指数型,32768
5079056563.866903,311541702224.1067,1.0,2.1422364129702083,0.4758285411582972,0.519731654555836,0.004439804285866855,61.33849826372413,2,22.3,主口径p*加权,指数型,32768
5348732213.151644,332005753473.5632,1.0,2.1342984469518087,0.4759350786381605,0.5198480218938414,0.004216899467998235,62.07185931971247,2,22.35,主口径p*加权,指数型,32768
5632798414.062985,353805535621.3794,1.0,2.1265006044994434,0.47603631317132267,0.5199585969999301,0.004005089828747228,62.811680733693514,2,22.4,主口径p*加权,指数型,32768
5932024327.319366,377028045834.03644,1.0,2.118840361524137,0.4761325045988218,0.5200636636898064,0.0038038317113718435,63.55807478699474,2,22.45,主口径p*加权,指数型,32768
6247219299.134094,401766004079.4689,1.0,2.111315242730514,0.4762239001405591,0.520163491993528,0.0036126078659129124,64.31117347443787,2,22.5,主口径p*加权,指数型,32768
6579236076.846504,428118159303.55994,1.0,2.1039228204616585,0.4763107353294699,0.5202583391758691,0.0034309254946610123,65.0711046545637,2,22.55,主口径p*加权,指数型,32768
6928971740.779179,456189772531.57764,1.0,2.0966607135836095,0.47639323420008745,0.5203484499422824,0.0032583158576304327,65.8380189150949,2,22.6,主口径p*加权,指数型,32768
7297371607.359323,486092942918.82587,1.0,2.089526586407609,0.4764716102213255,0.5204340574577464,0.003094332320928152,66.61205829625098,2,22.65,主口径p*加权,指数型,32768
7685432262.375755,517947021430.7749,1.0,2.082518147648265,0.4765460668137301,0.5205153839117436,0.002938549274526258,67.39334935868197,2,22.7,主口径p*加权,指数型,32768
8094202694.829291,551879189763.5419,1.0,2.075633149415947,0.47661679747532765,0.5205926406557179,0.0027905618689544015,68.18203232247832,2,22.75,主口径p*加权,指数型,32768
8524788948.745692,588024845593.0984,1.0,2.068869386241782,0.4766839865629574,0.5206660290564996,0.00264998438054298,68.97822915365175,2,22.8,主口径p*加权,指数型,32768
8978355281.620378,626528265823.9639,1.0,2.062224694133746,0.47674780939095834,0.5207357406040974,0.0025164500049443144,69.78207546615269,2,22.85,主口径p*加权,指数型,32768
9456126372.290152,667543251235.4365,1.0,2.0556969496624005,0.4768084325877821,0.5208019573012148,0.002389610111003208,70.59373203720904,2,22.9,主口径p*加权,指数型,32768
9959396296.250286,711233343152.1254,1.0,2.0492840690749228,0.4768660152027365,0.520864852872109,0.002269131925154381,71.41329875786796,2,22.95,主口径p*加权,指数型,32768
10489524443.732624,757773005925.9506,1.0,2.0429840074361425,0.4769207081076603,0.5209245921090605,0.0021546997832792196,72.24093046264949,2,23.0,主口径p*加权,指数型,32768
11047946484.222008,807347806061.3557,1.0,2.036794757795378,0.47697265519945287,0.5209813321858558,0.002046012614691559,73.07673034209206,2,23.05,主口径p*加权,指数型,32768
11636169674.010445,860155769548.0338,1.0,2.0307143503779215,0.47702199288879055,0.5210352220993296,0.001942785011879995,73.92086860586129,2,23.1,主口径p*加权,指数型,32768
12255784305.484737,916407641828.2992,1.0,2.0247408518000998,0.4770688511707539,0.5210864038387756,0.001844744990470547,74.77347993291512,2,23.15,主口径p*加权,指数型,32768
12908468168.616106,976327705527.406,1.0,2.0188723643068807,0.4771133538418967,0.5211350126230423,0.001751633535061076,75.63466809339286,2,23.2,主口径p*加权,指数型,32768
13595985009.927393,1040155127782.889,1.0,2.013107025031067,0.4771556183634517,0.5211811767511196,0.001663204885428917,76.50458036129034,2,23.25,主口径p*加权,指数型,32768
14320193272.794638,1108144622093.216,1.0,2.0074430052731564,0.4771957564736638,0.5212250182709672,0.0015792252553690608,77.38335656394096,2,23.3,主口径p*加权,指数型,32768
15083054309.891872,1180567212653.287,1.0,2.001878509801016,0.47723387459452193,0.5212666534237765,0.0014994719817017328,78.27109737840296,2,23.35,主口径p*加权,指数型,32768
15886625870.470476,1257712232883.657,1.0,1.9964117761685445,0.4772700735007865,0.521306192282459,0.0014237342167545536,79.16798967497876,2,23.4,主口径p*加权,指数型,32768
16733083126.578796,1339887278887.376,1.0,1.991041074052558,0.47730444935264654,0.521343739879584,0.0013518107677695263,80.07414226963958,2,23.45,主口径p*加权,指数型,32768
17624715847.414738,1427420107199.6702,1.0,1.9857647046071667,0.47733709347219516,0.5213793959632298,0.001283510564575242,80.98968060293862,2,23.5,主口径p*加权,指数型,32768
18563933977.623917,1520659998097.9648,1.0,1.980580999834947,0.4773680925866195,0.5214132552626116,0.0012186521507689969,81.91474931611458,2,23.55,主口径p*加权,指数型,32768
19553276549.547134,1619978959168.838,1.0,1.9754883219742652,0.4773975291482845,0.5214454078376995,0.0011570630140161889,82.84948842532263,2,23.6,主口径p*加权,指数型,32768
20595422999.32884,1725772834200.8013,1.0,1.9704850629021207,0.4774254816474737,0.521475939420814,0.0010985789317124652,83.79399802844742,2,23.65,主口径p*加权,指数型,32768
21693185112.73775,1838464154019.3271,1.0,1.96556964355193,0.47745202439774115,0.5215049311821728,0.0010430444200861327,84.74846568011915,2,23.7,主口径p*加权,指数型,32768
22849532079.657394,1958502376376.9673,1.0,1.960740513345697,0.47747722821504746,0.5215324604716892,0.0009903113132632918,85.7130189602698,2,23.75,主口径p*加权,指数型,32768
24067593129.068947,2086366111642.2988,1.0,1.9559961496400309,0.4775011604119052,0.5215586008125769,0.0009402387755180215,86.68777556831706,2,23.8,主口径p*加权,指数型,32768
25350661663.583885,2222565402387.6807,1.0,1.9513350571855212,0.4775238848844779,0.5215834219964858,0.0008926931190362295,87.6728754413691,2,23.85,主口径p*加权,指数型,32768
26702207081.6956,2367643511933.113,1.0,1.9467557675989953,0.4775454623481883,0.5216069903408478,0.0008475473109638366,88.66845743085169,2,23.9,主口径p*加权,指数型,32768
28125886002.59539,2522178924306.631,1.0,1.9422568388481973,0.4775659505171933,0.5216293688849131,0.0008046805978936771,89.67464790527453,2,23.95,主口径p*加权,指数型,32768
29625540350.682053,2686788710241.4736,1.0,1.937836854748474,0.4775854040940946,0.5216506173785098,0.0007639785273955878,90.69163561027224,2,24.0,主口径p*加权,指数型,32768
31205234254.600986,2862128607037.8076,1.0,1.9334944244710512,0.4776038752676682,0.5216707928256984,0.0007253319066335462,91.71950396801805,2,24.05,主口径p*加权,指数型,32768
32869231135.42977,3048898690280.5303,1.0,1.9292281820625141,0.47762141340772873,0.5216899491514819,0.0006886374407893549,92.75844262125499,2,24.1,主口径p*加权,指数型,32768
34622039757.804276,3247843017147.586,1.0,1.9250367859751292,0.47763806559983046,0.5217081377858416,0.0006537966143281388,93.80854045190905,2,24.15,主口径p*加权,指数型,32768
36468388217.12729,3459756124980.314,1.0,1.920918918607649,0.4776538763717175,0.5217254073649481,0.0006207162633344284,94.87000369694013,2,24.2,主口径p*加权,指数型,32768
38413274659.1693,3685482671475.278,1.0,1.9168732858562783,0.47766888817958075,0.5217418042622834,0.0005893075581357658,95.94294431223527,2,24.25,主口径p*加权,指数型,32768
40461966556.60397,3925922092398.8384,1.0,1.9128986166754678,0.4776831413536275,0.5217573725291889,0.0005594861171835441,97.02746619857683,2,24.3,主口径p*加权,指数型,32768
42619986849.17556,4182034928677.506,1.0,1.9089936626482442,0.4776966740315253,0.5217721538221675,0.0005311721463072316,98.12379678757229,2,24.35,主口径p*加权,指数型,32768
44893184060.94152,4454841320227.759,1.0,1.905157197565785,0.4777095226341495,0.5217861879225272,0.0005042894433234787,99.23201959077817,2,24.4,主口径p*加权,指数型,32768
47287696046.57693,4745430131838.752,1.0,1.9013880170159565,0.47772172161995574,0.5217995124680904,0.0004787659119537617,100.35232266686559,2,24.45,主口径p*加权,指数型,32768
49810005145.04436,5054959506423.227,1.0,1.8976849379805585,0.4777333038039266,0.5218121633015691,0.0004545328945045255,101.48482200922136,2,24.5,主口径p*加权,指数型,32768
52466928249.20573,5384664207582.409,1.0,1.8940467984410192,0.47774430029636195,0.5218241744037062,0.00043152529993206257,102.62968287387636,2,24.55,主口径p*加权,指数型,32768
55265645201.386566,5735859571940.579,1.0,1.8904724569922995,0.47775474064501394,0.5218355780485272,0.000409681306458961,103.78707334437618,2,24.6,主口径p*加权,指数型,32768
58213730277.88048,6109945493519.697,1.0,1.8869607924647787,0.47776465295206105,0.5218464049311046,0.00038894211683432144,104.95712032804224,2,24.65,主口径p*加权,指数型,32768
61319150253.46205,6508414320202.941,1.0,1.8835107035538958,0.47777406386505245,0.521856684157668,0.0003692519772797807,106.13999530816197,2,24.7,主口径p*加权,指数型,32768
64590313362.37108,6932853929034.97,1.0,1.8801211084573428,0.4777829987369379,0.5218664434203995,0.00035055784266271964,107.33581504922533,2,24.75,主口径p*加权,指数型,32768
68036043920.78979,7384959183562.444,1.0,1.8767909445195963,0.4777914815588926,0.5218757089240598,0.00033280951704768596,108.54480592904993,2,24.8,主口径p*加权,指数型,32768
71665675491.38052,7866531279055.082,1.0,1.8735191678836043,0.4777995352098765,0.5218845056585745,0.00031595913154913887,109.76707084832009,2,24.85,主口径p*加权,指数型,32768
75489009374.15189,8379492106302.148,1.0,1.870304753149431,0.4778071813470237,0.5218928572793091,0.00029996137366729205,111.00280922710535,2,24.9,主口径p*加权,指数型,32768
79516399228.30966,8925885573417.184,1.0,1.8671466930396872,0.47781444059397493,0.521900786312779,0.00028477309324604776,112.25213490602029,2,24.95,主口径p*加权,指数型,32768
83758726294.34053,9507891567989.22,1.0,1.8640439980715713,0.4778213324876864,0.5219083140985502,0.00027035341376347,113.51523582840892,2,25.0,主口径p*加权,指数型,32768
88227478737.42577,10127829071300.104,1.0,1.8609956962353549,0.47782787562098333,0.521915460944946,0.000256663434070757,114.79223045057861,2,25.05,主口径p*加权,指数型,32768
92934712039.66623,10788173444184.893,1.0,1.8580008326791528,0.47783408758447576,0.5219222460656034,0.00024366634992098105,116.0833579554247,2,25.1,主口径p*加权,指数型,32768
97893165209.70442,11491556771498.47,1.0,1.8550584693998258,0.47783998513799775,0.5219286877667303,0.00023132709527210165,117.3887548418884,2,25.15,主口径p*加权,指数型,32768
103116243322.11778,12240784267849.754,1.0,1.8521676849398647,0.47784558417734807,0.5219348034107781,0.00021961241187384926,118.70859404382688,2,25.200000000000003,主口径p*加权,指数型,32768
108618089950.47443,13038841206565.15,1.0,1.8493275740901183,0.4778508998179247,0.5219406095077919,0.00020849067428351504,120.04299847760487,2,25.25,主口径p*加权,指数型,32768
114413558682.82967,13888912770347.613,1.0,1.8465372475982182,0.4778559463693329,0.5219461216876766,0.0001979319429906124,121.39219276318128,2,25.3,主口径p*加权,指数型,32768
120518321327.4726,14794388693000.152,1.0,1.8437958318825802,0.4778607374440761,0.5219513548189162,0.000187907737008055,122.75634550867012,2,25.35,主口径p*加权,指数型,32768
126948903479.9339,15758877456924.547,1.0,1.841102468751842,0.47786528597845895,0.5219563230314048,0.00017839099013630184,124.135593336696,2,25.4,主口径p*加权,指数型,32768
133722643524.02745,16786231316572.582,1.0,1.8384563151296172,0.4778696042097047,0.5219610396914535,0.00016935609884180427,125.53020845386153,2,25.450000000000003,主口径p*加权,指数型,32768
140857930024.2232,17880537950037.023,1.0,1.835856542784453,0.4778737038342817,0.5219655175747248,0.00016077859099367998,126.94022939966621,2,25.5,主口径p*加权,指数型,32768
148374006412.96396,19046167354729.83,1.0,1.8333023380648596,0.4778775958828412,0.5219697687296314,0.00015263538752764951,128.36593022715397,2,25.55,主口径p*加权,指数型,32768
156291205448.37946,20287766461406.938,1.0,1.830792901639314,0.4778812908644751,0.5219738046349041,0.00014490450062102026,129.80747319213472,2,25.6,主口径p*加权,指数型,32768
164630970011.4864,21610281724034.586,1.0,1.828327448241123,0.4778847987656022,0.5219776361983751,0.00013756503602277125,131.26498448333766,2,25.65,主口径p*加权,指数型,32768
173415799888.5989,23018993418018.156,1.0,1.8259052064180352,0.4778881290321958,0.5219812737375664,0.0001305972302379231,132.73873218475708,2,25.700000000000003,主口径p*加权,指数型,32768
182669492089.15457,24519513231133.96,1.0,1.8235254182865137,0.4778912906699621,0.5219847270891105,0.000123982240927479,134.22883564578396,2,25.75,主口径p*加权,指数型,32768
192416989640.06894,26117835203083.074,1.0,1.8211873392905487,0.4778942921885979,0.5219880055478658,0.00011770226353608703,135.73559825428373,2,25.8,主口径p*加权,指数型,32768
202684747299.887,27820319598010.88,1.0,1.8188902379649405,0.4778971417222484,0.5219911179984879,0.00011174027926401202,137.25906842338102,2,25.85,主口径p*加权,指数型,32768
213500499674.95612,29633759045368.938,1.0,1.8166333957029328,0.47789984695404697,0.521994072833007,0.00010608021294618891,138.79948332900796,2,25.9,主口径p*加权,指数型,32768
224893450586.16946,31565390540448.164,1.0,1.8144161065281232,0.47790241517879345,0.5219968780192902,0.00010070680191659176,140.35709113882652,2,25.950000000000003,主口径p*加权,指数型,32768
236894389667.86197,33622919056913.574,1.0,1.8122376768705597,0.477904853330368,0.5219995411309833,9.560553864889977e-05,141.93210360133315,2,26.0,主口径p*加权,指数型,32768
13453164.244440837,230741392.22701225,0.9878184086713434,5.1016241283379316,0.1862521108572564,0.8137478891427439,0.0,17.151458796941398,0,17.0,主口径p*加权,指数型,131072
14171150.059488835,245779047.16892013,0.9878184086713434,5.041886467987274,0.1862521108572564,0.8137478891427435,0.0,17.343620393346225,0,17.05,主口径p*加权,指数型,131072
14927454.133030295,261796723.974599,0.9878184086713434,4.9831955651974935,0.1862521108572564,0.8137478891427438,0.0,17.53793524612585,0,17.1,主口径p*加权,指数型,131072
15724120.95244393,278858301.14848965,0.9878184086713434,4.925533078082004,0.1862521108572564,0.8137478891427438,0.0,17.7344286521243,0,17.15,主口径p*加权,指数型,131072
16563305.887284536,297031788.8107427,0.9878184086713434,4.86888098615127,0.1862521108572564,0.8137478891427438,0.0,17.933122217996992,0,17.2,主口径p*加权,指数型,131072
17447278.09577674,316389651.14938444,0.9878184086713434,4.813221584681125,0.1862521108572564,0.8137478891427438,0.0,18.13404070322976,0,17.25,主口径p*加权,指数型,131072
18378425.482860852,337009118.1309786,0.9878184086713434,4.758537479179733,0.1862521108572564,0.8137478891427437,0.0,18.33721384050352,0,17.3,主口径p*加权,指数型,131072
19359269.893169653,358972333.82255924,0.9878184086713434,4.704811579951526,0.1862521108572564,0.8137478891427438,0.0,18.542658674809427,0,17.35,主口径p*加权,指数型,131072
20392459.199813172,382366953.65203524,0.9878184086713434,4.652027096756389,0.1862521108572564,0.8137478891427437,0.0,18.750409153965027,0,17.4,主口径p*加权,指数型,131072
21480790.27271469,407286202.76356196,0.9878184086713434,4.60016753356242,0.1862521108572564,0.8137478891427438,0.0,18.96048504700056,0,17.45,主口径p*加权,指数型,131072
22627204.443199094,433829471.95386034,0.9878184086713434,4.549216683390662,0.18625211085725638,0.8137478891427435,0.0,19.17291519784953,0,17.5,主口径p*加权,指数型,131072
23834802.588844154,462102580.5915544,0.9878184086713434,4.499158623250139,0.1862521108572564,0.8137478891427438,0.0,19.38772426870617,0,17.55,主口径p*加权,指数型,131072
25106848.819617167,492218288.0305242,0.9878184086713434,4.44997770916166,0.1862521108572564,0.8137478891427438,0.0,19.604940929342387,0,17.6,主口径p*加权,指数型,131072
26446780.78097304,524296716.31511045,0.9878184086713434,4.401658571268815,0.1862521108572564,0.8137478891427438,0.0,19.824594934908383,0,17.65,主口径p*加权,指数型,131072
27858227.89933423,558465650.5258129,0.9878184086713434,4.354186109034631,0.1862521108572564,0.8137478891427438,0.0,20.046704066885724,0,17.7,主口径p*加权,指数型,131072
29345001.45639942,594861439.4322386,0.9878184086713434,4.3075454865224145,0.18625211085725643,0.8137478891427438,0.0,20.27130379652832,0,17.75,主口径p*加权,指数型,131072
30911122.686909076,633629187.2488023,0.9878184086713434,4.261722127759265,0.1862521108572564,0.8137478891427438,0.0,20.498420379831288,0,17.8,主口径p*加权,指数型,131072
32560826.572880834,674923471.9154948,0.9878184086713434,4.216701712180842,0.1862521108572564,0.8137478891427438,0.0,20.728081653726292,0,17.85,主口径p*加权,指数型,131072
34298575.25855817,718908921.2192078,0.9878184086713434,4.172470170155955,0.18625211085725638,0.8137478891427438,0.0,20.960314409556293,0,17.9,主口径p*加权,指数型,131072
36129061.2773338,765761055.237921,0.9878184086713434,4.129013678589551,0.18625211085725643,0.8137478891427438,0.0,21.195155040419902,0,17.95,主口径p*加权,指数型,131072
38057247.38290152,815666413.387429,0.9878184086713434,4.086318656602796,0.1862521108572564,0.8137478891427438,0.0,21.432617161741817,0,18.0,主口径p*加权,指数型,131072
40088335.539868034,868824238.2737793,0.9878184086713434,4.044371761288798,0.1862521108572564,0.8137478891427438,0.0,21.672744118042257,0,18.05,主口径p*加权,指数型,131072
42227816.5997415,925446519.3761266,0.9878184086713434,4.003159883542736,0.1862521108572564,0.8137478891427439,0.0,21.91556641793769,0,18.1,主口径p*加权,指数型,131072
44481486.60405528,985758793.2891014,0.9878184086713434,3.9626701439650533,0.18625211085725638,0.8137478891427438,0.0,22.161102709171413,0,18.15,主口径p*加权,指数型,131072
46855432.11550446,1050001708.2740037,0.9878184086713434,3.922889888836408,0.18625211085725638,0.8137478891427438,0.0,22.409391203257268,0,18.2,主口径p*加权,指数型,131072
49356068.9472128,1118431501.5308423,0.9878184086713434,3.8838066861632004,0.18625211085725638,0.8137478891427438,0.0,22.660465579765376,0,18.25,主口径p*加权,指数型,131072
51990166.29452409,1191320860.4734156,0.9878184086713434,3.8454083217923514,0.18625211085725643,0.8137478891427438,0.0,22.91434987387014,0,18.3,主口径p*加权,指数型,131072
54764842.95827215,1268960508.1031668,0.9878184086713434,3.8076827955941828,0.1862521108572564,0.8137478891427438,0.0,23.171079100328036,0,18.35,主口径p*加权,指数型,131072
57687607.29941986,1351659891.3930686,0.9878184086713434,3.7706183177121746,0.1862521108572564,0.8137478891427437,0.0,23.43068042980978,0,18.4,主口径p*加权,指数型,131072
60766345.032589145,1439749173.3034797,0.9878184086713434,3.734203304878428,0.1862521108572564,0.8137478891427438,0.0,23.69320011811371,0,18.45,主口径p*加权,指数型,131072
64009401.288801245,1533579123.9626112,0.9878184086713434,3.698426376793724,0.18625211085725638,0.8137478891427437,0.0,23.958654402082626,0,18.5,主口径p*加权,指数型,131072
67425541.53589007,1633523963.368157,0.9878184086713434,3.663276352570968,0.1862521108572564,0.8137478891427437,0.0,24.22707962232154,0,18.55,主口径p*加权,指数型,131072
71023996.07949425,1739982375.8158145,0.9878184086713434,3.628742247240988,0.18625211085725643,0.8137478891427438,0.0,24.49851419044802,0,18.6,主口径p*加权,指数型,131072
74814496.00034796,1853378831.891783,0.9878184086713434,3.594813268319545,0.1862521108572564,0.8137478891427439,0.0,24.77299094393636,0,18.65,主口径p*加权,指数型,131072
78807283.94186737,1974165659.3284428,0.9878184086713434,3.561478812434495,0.1862521108572564,0.8137478891427439,0.0,25.050548129341664,0,18.7,主口径p*加权,指数型,131072
83013174.96342166,2102824017.2944448,0.9878184086713434,3.5287284620120727,0.1862521108572564,0.8137478891427438,0.0,25.331208187387343,0,18.75,主口径p*加权,指数型,131072
87443528.774028,2239867239.9954185,0.9878184086713434,3.496551982021214,0.1862521108572564,0.8137478891427437,0.0,25.615014300071245,0,18.8,主口径p*加权,指数型,131072
92110327.33988634,2385841713.2658243,0.9878184086713434,3.464939316774942,0.1862521108572564,0.8137478891427435,0.0,25.90200015750773,0,18.85,主口径p*加权,指数型,131072
97026185.20397861,2541329609.800506,0.9878184086713434,3.433880586787799,0.1862521108572564,0.8137478891427438,0.0,26.192203727868478,0,18.9,主口径p*加权,指数型,131072
102204408.07182662,2706950571.940452,0.9878184086713434,3.403366085688336,0.1862521108572564,0.8137478891427438,0.0,26.4856538285323,0,18.95,主口径p*加权,指数型,131072
107658975.74564019,2883365577.3904657,0.9878184086713434,3.3733862771857144,0.1862521108572564,0.8137478891427437,0.0,26.782398378030564,0,19.0,主口径p*加权,指数型,131072
113404657.57558301,3071277523.665717,0.9878184086713434,3.34393179208946,0.18625211085725643,0.8137478891427438,0.0,27.082463712910055,0,19.05,主口径p*加权,指数型,131072
119456986.62868519,3271435769.1406903,0.9878184086713434,3.314993425381426,0.1862521108572564,0.8137478891427435,0.0,27.385888941845458,0,19.1,主口径p*加权,指数型,131072
125832314.24498773,3484638808.529698,0.9878184086713434,3.286562133339078,0.18625211085725638,0.8137478891427438,0.0,27.69271811806085,0,19.15,主口径p*加权,指数型,131072
132547894.83261658,3711736336.9161477,0.9878184086713434,3.2586290307091708,0.1862521108572564,0.8137478891427437,0.0,28.002982179410562,0,19.2,主口径p*加权,指数型,131072
139621881.4887531,3953634037.422537,0.9878184086713434,3.231185387930972,0.1862521108572564,0.8137478891427437,0.0,28.316722244865407,0,19.25,主口径p*加权,指数型,131072
147073396.8402021,4211296602.7053847,0.9878184086713434,3.2042226284081172,0.18625211085725638,0.8137478891427437,0.0,28.63397931361465,0,19.3,主口径p*加权,指数型,131072
154922594.37631643,4485751302.209217,0.9878184086713434,3.1777323258282855,0.18625211085725643,0.8137478891427438,0.0,28.954790747391264,0,19.35,主口径p*加权,指数型,131072
163190706.32898536,4778092256.054556,0.9878184086713434,3.1517062015298385,0.18625211085725638,0.8137478891427437,0.0,29.27919342675146,0,19.4,主口径p*加权,指数型,131072
171900071.44158992,5089485669.880712,0.9878184086713434,3.1261361219145893,0.1862521108572564,0.8137478891427438,0.0,29.607234175060086,0,19.45,主口径p*加权,指数型,131072
181074258.1504901,5421172647.978917,0.9878184086713434,3.1010140959059322,0.18625211085725638,0.8137478891427438,0.0,29.938947166490124,0,19.5,主口径p*加权,指数型,131072
190738046.79310992,5774476550.104323,0.9878184086713434,3.076332272451488,0.1862521108572564,0.8137478891427438,0.0,30.274382312238902,0,19.55,主口径p*加权,指数型,131072
200917600.2485437,6150805170.152197,0.9878184086713434,3.0520829380695242,0.1862521108572564,0.8137478891427438,0.0,30.613570750115404,0,19.6,主口径p*加权,指数型,131072
211640445.18663704,6551659021.668526,0.9878184086713434,3.0282585144383614,0.1862521108572564,0.8137478891427438,0.0,30.95655471661329,0,19.65,主口径p*加权,指数型,131072
222935528.9130406,6978637923.776887,0.9878184086713434,3.0048515560280133,0.18625211085725638,0.8137478891427438,0.0,31.303390526410936,0,19.7,主口径p*加权,指数型,131072
234833429.54457763,7433443288.014171,0.9878184086713434,2.981854747773353,0.1862521108572564,0.8137478891427437,0.0,31.65411033016109,0,19.75,主口径p*加权,指数型,131072
247366336.95186916,7917888014.352234,0.9878184086713434,2.959260902788015,0.18625211085725643,0.8137478891427438,0.0,32.008753138842984,0,19.8,主口径p*加权,指数型,131072
260568075.25277308,8433905841.185031,0.9878184086713434,2.9370629601183826,0.1862521108572564,0.8137478891427437,0.0,32.367379745210265,0,19.85,主口径p*加权,指数型,131072
274474416.2460925,8983551937.451982,0.9878184086713434,2.9152539825369215,0.18625211085725638,0.8137478891427437,0.0,32.73001564341563,0,19.9,主口径p*加权,指数型,131072
289122927.9424909,9569019062.365646,0.9878184086713434,2.8938271543741743,0.18625211085725643,0.8137478891427438,0.0,33.09671471046049,0,19.95,主口径p*加权,指数型,131072
306847807.44500154,10028421263.995527,0.9916297240582967,2.8727657509900246,0.1846319446195115,0.8066692748389538,0.008698780541534872,32.68206915831716,1,20.0,主口径p*加权,指数型,131072
328067315.2862264,10338479651.804325,1.0,2.851838309090826,0.18137227157919403,0.7924275460142708,0.026200182406535356,31.51328757875313,2,20.05,主口径p*加权,指数型,131072
345058335.4010108,11043017851.620842,1.0,2.831246002341314,0.18160656645670753,0.7934511959537858,0.02494223758950689,32.003336012118524,2,20.1,主口径p*加权,指数型,131072
362954803.2507678,11794029028.865513,1.0,2.8110299544511532,0.18183018930724362,0.7944282190959677,0.023741591596788885,32.49448395015988,2,20.15,主口径p*加权,指数型,131072
381805062.3683147,12594543119.052666,1.0,2.791182581223365,0.1820435728013889,0.7953605058074549,0.02259592139115641,32.98684161212909,2,20.2,主口径p*加权,指数型,131072
401660066.8809972,13447786597.6538,1.0,2.7716964930003263,0.1822471373302391,0.7962498928049699,0.021502969864791013,33.48051675158953,2,20.25,主口径p*加权,指数型,131072
422573520.0806369,14357195250.705969,1.0,2.752564487635154,0.18244129075340476,0.7970981620543423,0.020460547192252987,33.97561505502351,2,20.3,主口径p*加权,指数型,131072
444602002.6272715,15326428379.90069,1.0,2.733779543776674,0.1826264281004178,0.7979070394659321,0.019466532433650312,34.472243240769835,2,20.35,主口径p*加权,指数型,131072
467805009.30838144,16359387357.708344,1.0,2.7153348144547165,0.18280293071736367,0.7986781911662099,0.018518878116426635,34.97052624958978,2,20.4,主口径p*加权,指数型,131072
492245271.59273714,17460225823.27126,1.0,2.697223620952782,0.18297116776656153,0.7994132300499586,0.017615602183480072,35.47058109217778,2,20.45,主口径p*加权,指数型,131072
517988922.9000823,18633366252.54758,1.0,2.6794394469554774,0.18313149607449594,0.8001137151158779,0.0167547888096263,35.97251877168399,2,20.5,主口径p*加权,指数型,131072
545105525.1369976,19883522925.30137,1.0,2.66197593295847,0.18328425929780454,0.8007811478227279,0.015934592879467684,36.47646558031893,2,20.55,主口径p*加权,指数型,131072
573668396.715164,21215715888.252495,1.0,2.6448268709290783,0.1834297890468572,0.8014169769983222,0.01515323395482085,36.98254254502093,2,20.6,主口径p*加权,指数型,131072
603754774.4149653,22635292212.455013,1.0,2.627986199206014,0.1835684047995517,0.8020225984628946,0.014408996737553796,37.490870750278496,2,20.65,主口径p*加权,指数型,131072
635446080.2176704,24147945132.23397,1.0,2.611447997627143,0.1837004143365852,0.8025993569308301,0.013700228732584769,38.00156438759077,2,20.7,主口径p*加权,指数型,131072
668827819.4237748,25759748827.95982,1.0,2.5952064828745716,0.18382611270843363,0.8031485414973272,0.013025345794239316,38.51476879378761,2,20.75,主口径p*加权,指数型,131072
703990540.3320456,27477155250.890884,1.0,2.5792560040267087,0.18394578531578729,0.8036713990970291,0.012382815587183751,39.03057452722441,2,20.8,主口径p*加权,指数型,131072
741028967.205037,29307062068.118958,1.0,2.5635910383073806,0.1840597041343605,0.8041691180099635,0.011771177855675998,39.54914499315372,2,20.85,主口径p*加权,指数型,131072
780043492.9792808,31256792879.946556,1.0,2.548206187022476,0.1841681322522793,0.8046428476856917,0.01118902006202896,40.07057703996101,2,20.9,主口径p*加权,指数型,131072
821139476.003379,33334163986.154972,1.0,2.533096171674933,0.1842713209766819,0.805093686101855,0.010634992921463348,40.59500847334467,2,20.95,主口径p*加权,指数型,131072
864428230.9846247,35547487835.4985,1.0,2.5182558302493487,0.1843695121535246,0.8055226898995592,0.01010779794691632,41.12254385191495,2,21.0,主口径p*加权,指数型,131072
910026575.8932798,37905636406.04212,1.0,2.5036801136577846,0.1844629366302522,0.8059308676666807,0.009606195703067267,41.65332904573039,2,21.05,主口径p*加权,指数型,131072
958057863.8971202,40418047809.7505,1.0,2.489364082338775,0.18455181626200548,0.8063191887031195,0.009128995034875173,42.1874808744232,2,21.1,主口径p*加权,指数型,131072
1008652142.5216852,43094770530.121284,1.0,2.4753029030018676,0.18463636365133035,0.8066885818835724,0.008675054465097328,42.72510681668906,2,21.15,主口径p*加权,指数型,131072
1061946023.9731193,45946523838.22188,1.0,2.4614918455103956,0.18471678168905928,0.8070399336516126,0.008243284659328295,43.26634574732859,2,21.2,主口径p*加权,指数型,131072
1118083694.0035303,48984713751.921135,1.0,2.4479262798955364,0.1847932649692707,0.8073740942017417,0.007832640828987752,43.81131217156135,2,21.25,主口径p*加权,指数型,131072
1177216926.278048,52221494299.97363,1.0,2.4346016734950053,0.18486599945557627,0.8076918760213766,0.007442124523047368,44.360128651122864,2,21.3,主口径p*加权,指数型,131072
1239505513.1535332,55669815367.78698,1.0,2.4215135882100927,0.18493516287268832,0.8079940556016335,0.0070707815256784035,44.91292275590819,2,21.35,主口径p*加权,指数型,131072
1305118153.621942,59343453979.380905,1.0,2.4086576778750506,0.1850009254771274,0.8082813768046015,0.006717697718271246,45.46979429769783,2,21.4,主口径p*加权,指数型,131072
1374231959.962215,63257111614.278824,1.0,2.3960296857331187,0.18506344935087674,0.8085545477772705,0.006382002871852667,46.030883764352346,2,21.45,主口径p*加权,指数型,131072
1447033946.239414,67426427707.97196,1.0,2.383625442013807,0.18512288973745225,0.8088142467889112,0.006062863473636435,46.596299888611014,2,21.5,主口径p*加权,指数型,131072
1523720980.3562703,71868066740.37233,1.0,2.3714408616062768,0.18517939474577305,0.8090611209372655,0.0057594843169618435,47.166159465474074,2,21.55,主口径p*加权,指数型,131072
1604500374.9389796,76599782254.49222,1.0,2.3594719418239656,0.18523310571377027,0.8092957877371768,0.005471106549052977,47.740582333865376,2,21.6,主口径p*加权,指数型,131072
1689590626.6102114,81640479239.07948,1.0,2.3477147602558524,0.18528415759810973,0.8095188368233146,0.005197005578575818,48.31968049140577,2,21.65,主口径p*加权,指数型,131072
1779221625.7005484,87010307718.26286,1.0,2.3361654726999723,0.1853326790039396,0.8097308300801458,0.0049364909159146635,48.90358034177082,2,21.7,主口径p*加权,指数型,131072
1873636077.699277,92730704476.29436,1.0,2.3248203111750723,0.18537879288004716,0.8099323046791181,0.004688902440834908,49.49237772479414,2,21.75,主口径p*加权,指数型,131072
1973089181.5639648,98824525717.7788,1.0,2.3136755820064594,0.18542261622542364,0.8101237717966243,0.004453611977952034,50.08619308299372,2,21.8,主口径p*加权,指数型,131072
2077849378.2476673,105316136577.59581,1.0,2.3027276639823575,0.18546426045681208,0.8103057182198425,0.004230021323345541,50.68516403552459,2,21.85,主口径p*加权,指数型,131072
2188200747.2507515,112231424082.6913,1.0,2.2919730065772685,0.1855038322750846,0.8104786101319962,0.004017557592919175,51.28936374950904,2,21.9,主口径p*加权,指数型,131072
2304440615.4669228,119598059817.82109,1.0,2.2814081282389935,0.18554143268719075,0.8106428888391822,0.0038156784736271144,51.89895500673958,2,21.95,主口径p*加权,指数型,131072
2426884477.036795,127445400627.66306,1.0,2.271029614736234,0.18557715867180655,0.810798978047701,0.0036238632804926466,52.51399555007776,2,22.0,主口径p*加权,指数型,131072
2555862622.055221,135804822453.96265,1.0,2.260834117563749,0.18561110199610772,0.8109472786944613,0.003441619309431043,53.13463301277094,2,22.05,主口径p*加权,指数型,131072
2691724060.6571918,144709689188.1697,1.0,2.250818352402324,0.18564335037588617,0.8110881740156053,0.003268475608508825,53.7609672935191,2,22.1,主口径p*加权,指数型,131072
2834835995.185676,154195562208.47714,1.0,2.2409790976308672,0.1856739872340423,0.8112220284913464,0.003103984274611423,54.39311567594853,2,22.15,主口径p*加权,指数型,131072
2985585587.6310544,164300301015.22192,1.0,2.2313131928881584,0.18570309207755406,0.8113491894929723,0.0029477184294737146,55.03118105067884,2,22.2,主口径p*加权,指数型,131072
3144380530.7697687,175064239481.43027,1.0,2.2218175376818876,0.18573074056367006,0.8114699875720454,0.0027992718642847274,55.675271414612524,2,22.25,主口径p*加权,指数型,131072
3311650119.408864,186530348828.5185,1.0,2.212489090042742,0.18575700468165482,0.8115847372544621,0.00265825806388309,56.32550000838087,2,22.3,主口径p*加权,指数型,131072
3487846373.4107933,198744411618.57883,1.0,2.2033248652214517,0.18578195292589614,0.8116937377967687,0.002524309277335286,56.98198554090129,2,22.35,主口径p*加权,指数型,131072
3673446035.919627,211755160312.23196,1.0,2.1943219344268003,0.185805650560487,0.8117972743421384,0.00239707509737451,57.64482674895759,2,22.4,主口径p*加权,指数型,131072
3868950786.4994736,225614532255.96753,1.0,2.1854774236027166,0.18582815961615676,0.8118956179069633,0.0022762224768799956,58.31413856264057,2,22.45,主口径p*加权,指数型,131072
4074890051.235549,240377792859.91125,1.0,2.1767885122426884,0.18584953921041641,0.8119890267795902,0.0021614340099933727,58.990007052343955,2,22.5,主口径p*加权,指数型,131072
4291818516.2195277,256103986048.88953,1.0,2.1682524322398034,0.185869845291324,0.812077745400814,0.0020524093078621644,59.67260383472136,2,22.55,主口径p*加权,指数型,131072
4520325505.216094,272855705149.51752,1.0,2.159866466770864,0.18588913153956965,0.8121620083051492,0.001948860155281246,60.36195951700024,2,22.6,主口径p*加权,指数型,131072
4761027099.30805,290699902969.7255,1.0,2.1516279492130437,0.18590744860008232,0.8122420367636662,0.0018505146362515971,61.05823321442021,2,22.65,主口径p*加权,指数型,131072
5014574665.614751,309707751437.1862,1.0,2.143534262091705,0.1859248448363012,0.8123180420794557,0.0017571130842433827,61.76151958826567,2,22.7,主口径p*加权,指数型,131072
5281654055.7473345,329955077136.1321,1.0,2.1355828360580293,0.18594136620998794,0.8123902250625179,0.0016684087274943403,62.47192141959488,2,22.75,主口径p*加权,指数型,131072
5562986688.513281,351522713248.712,1.0,2.127771148895198,0.1859570563639621,0.8124587763912413,0.0015841672447966188,63.189565773104,2,22.8,主口径p*加权,指数型,131072
5859334452.657939,374496637129.27655,1.0,2.120096724551937,0.1859719568987887,0.8125238778212679,0.0015041652799434662,63.914535030407016,2,22.85,主口径p*加权,指数型,131072
6171497205.400351,398968600655.7143,1.0,2.1125571322022854,0.1859861072301352,0.812585701562276,0.0014281912075888063,64.64697096623458,2,22.9,主口径p*加权,指数型,131072
6500319849.751858,425036184759.5872,1.0,2.105149985330539,0.18599954493899926,0.8126444118081504,0.0013560432528505722,65.38696473156048,2,22.95,主口径p*加权,指数型,131072
6846692218.530676,452803338689.1713,1.0,2.097872940840345,0.18601230573167157,0.8127001645620554,0.0012875297062732867,66.13461277894926,2,23.0,主口径p*加权,指数型,131072
7211549025.993682,482380958926.1107,1.0,2.090723698186997,0.18602442345740294,0.8127531077136241,0.001222468828973108,66.8900616479749,2,23.05,主口径p*加权,指数型,131072
7595878284.846966,513886943043.10516,1.0,2.0836999985320293,0.18603593040343064,0.8128033823279487,0.0011606872686206185,67.65339356059185,2,23.1,主口径p*加权,指数型,131072
8000719843.420319,547446929824.27264,1.0,2.0767996239192463,0.18604685721827063,0.812851122310439,0.0011020204712904674,68.42470934343307,2,23.15,主口径p*加权,指数型,131072
8427166179.942284,583194942851.2189,1.0,2.0700203964713815,0.186057232957536,0.8128964546070054,0.001046312435458739,69.20415836100352,2,23.2,主口径p*加权,指数型,131072
8876372323.777742,621273448714.9205,1.0,2.0633601776066257,0.18606708533673122,0.8129395003085346,0.0009934143547342188,69.99181941148109,2,23.25,主口径p*加权,指数型,131072
9349551755.698147,661834419751.9205,1.0,2.056816867274267,0.1860764406188728,0.8129803741598965,0.0009431852212308448,70.7878235283912,2,23.3,主口径p*加权,指数型,131072
9847985345.393827,705039547650.8464,1.0,2.050388403208788,0.186085323810239,0.8130191854151881,0.0008954907745727697,71.59226206409951,2,23.35,主口径p*加权,指数型,131072
10373018818.849703,751061311727.8619,1.0,2.044072760201731,0.18609375860948515,0.8130560376154146,0.0008502037751003018,72.40527804336419,2,23.4,主口径p*加权,指数型,131072
10926072262.038042,800083251387.7882,1.0,2.0378679493907303,0.18610176757749636,0.8130910293305867,0.0008072030919169399,73.22697783792147,2,23.45,主口径p*加权,指数型,131072
11508643955.335022,852300688456.3646,1.0,2.031772017565113,0.1861093721759196,0.8131242543280712,0.0007663734960092405,74.05743819724883,2,23.5,主口径p*加权,指数型,131072
12122304537.69258,907922235997.4774,1.0,2.0257830464874953,0.1861165926981208,0.8131558012709365,0.0007276060309426532,74.89683444054903,2,23.55,主口径p*加权,指数型,131072
12768717248.021605,967169450510.0819,1.0,2.019899152230862,0.18612344852745782,0.813185754846365,0.0006907966261770094,75.74523201693857,2,23.6,主口径p*加权,指数型,131072
13449628684.673113,1030278731138.6923,1.0,2.014118484530595,0.18612995801531693,0.8132141952327874,0.0006558467518956925,76.60276393449986,2,23.65,主口径p*加权,指数型,131072
14166878133.505192,1097501927863.4735,1.0,2.0084392261509856,0.18613613859396758,0.8132411985929505,0.0006226628130818237,77.46956792603734,2,23.7,主口径p*加权,指数型,131072
14922409131.233318,1169106832296.2139,1.0,2.0028595922657653,0.18614200687177618,0.813266837489915,0.0005911556383087607,78.34571629920113,2,23.75,主口径p*加权,指数型,131072
15718259640.657553,1245379413607.4817,1.0,1.9973778298522036,0.186147578553086,0.8132911805370029,0.0005612409099110246,79.23138070490499,2,23.8,主口径p*加权,指数型,131072
16556584734.955452,1326623623337.4143,1.0,1.9919922170983753,0.18615286861510338,0.8133142931706278,0.0005328382142689583,80.12664716634168,2,23.85,主口径p*加权,指数型,131072
17439652054.80211,1413163411393.2275,1.0,1.9867010628231754,0.186157891263903,0.8133362374580766,0.0005058712780206112,81.03162878207222,2,23.9,主口径p*加权,指数型,131072
18369847789.43745,1505344040350.26,1.0,1.981502705908715,0.18616265997907785,0.8133570722925899,0.0004802677283324511,81.94646235532902,2,23.95,主口径p*加权,指数型,131072
19349683250.224342,1603533463128.0635,1.0,1.9763955147447316,0.18616718755597994,0.8133768535779136,0.00045595886610675203,82.87130297646975,2,24.0,主口径p*加权,指数型,131072
20381817278.01218,1708122492529.845,1.0,1.97137788668466,0.18617148620535864,0.8133956346636256,0.000432879131015915,83.80619202059869,2,24.05,主口径p*加权,指数型,131072
21469035027.93108,1819528704337.451,1.0,1.9664482475130347,0.1861755674567327,0.8134134659229623,0.0004109666203052566,84.75130353880627,2,24.1,主口径p*加权,指数型,131072
22614274450.775517,1938196549484.252,1.0,1.961605050923904,0.18617944228005223,0.8134303952843668,0.00039016243558107365,85.70677576692206,2,24.15,主口径p*加权,指数型,131072
23820633722.74051,2064599152601.2876,1.0,1.9568467780099525,0.18618312110493512,0.8134464683155351,0.0003704105795299056,86.6727214998611,2,24.2,主口径p*加权,指数型,131072
25091379170.023655,2199240222283.5107,1.0,1.9521719367620403,0.18618661384177485,0.813461728315637,0.0003516578425883798,87.64923631264217,2,24.25,主口径p*加权,指数型,131072
26429940769.87947,2342657226878.3916,1.0,1.9475790615788704,0.186189929873431,0.8134762162790118,0.00033385384755745337,88.63649174530764,2,24.3,主口径p*加权,指数型,131072
27839939693.984074,2495421951647.424,1.0,1.9430667127865293,0.1861930781321044,0.8134899712310396,0.0003169506368560886,89.63460334602158,2,24.35,主口径p*加权,指数型,131072
29325193586.6535,2658143149046.335,1.0,1.9386334761676325,0.1861960671047722,0.8135030302518901,0.0003009026433377344,90.64366928019567,2,24.4,主口径p*加权,指数型,131072
30889712505.97754,2831470267469.64,1.0,1.934277962499825,0.1861989048282818,0.8135154284550851,0.0002856667166332915,91.66385951056411,2,24.45,主口径p*加权,指数型,131072
32537722432.08972,3016094923089.7534,1.0,1.9299988071034122,0.18620159894075328,0.8135271992120805,0.0002712018471662135,92.69533014748401,2,24.5,主口径p*加权,指数型,131072
34273689270.139366,3212752470924.8794,1.0,1.9257946693978796,0.1862041567172039,0.8135383743079118,0.00025746897488446884,93.73815715030014,2,24.55,主口径p*加权,指数型,131072
36102310600.17695,3422226790172.6504,1.0,1.921664232467081,0.1862065850528909,0.8135489838684172,0.00024443107869226476,94.79245880056988,2,24.6,主口径p*加权,指数型,131072
38028513389.36673,3645354878584.504,1.0,1.9176062026328893,0.18620889046991473,0.8135590563890889,0.00023205314099655265,95.85846391786099,2,24.65,主口径p*加权,指数型,131072
40057524856.90923,3883024724704.466,1.0,1.913619309037107,0.18621107920580343,0.8135686191221023,0.00022030167209433158,96.93621207438909,2,24.7,主口径p*加权,指数型,131072
42194815410.12236,4136185632383.382,1.0,1.909702303231426,0.18621315714402586,0.8135776977727253,0.00020914508324895378,98.02592077203704,2,24.75,主口径p*加权,指数型,131072
44446176974.28827,4405845896561.325,1.0,1.905853958775263,0.1862151299004207,0.8135863168769314,0.00019855322264811337,99.12766848563982,2,24.8,主口径p*加权,指数型,131072
46817687160.15843,4693081827964.491,1.0,1.9020730708412734,0.1862170027862842,0.8135944996401283,0.00018849757358758263,100.24164183740959,2,24.85,主口径p*加权,指数型,131072
49315768794.30295,4999037802390.637,1.0,1.8983584558283768,0.18621878086122748,0.8136022681680937,0.00017895097067900342,101.36793817899753,2,24.9,主口径p*加权,指数型,131072
51947164771.79394,5324935067767.631,1.0,1.8947089509821116,0.18622046891326965,0.8136096433800026,0.00016988770672779347,102.50675067947004,2,24.95,主口径p*加权,指数型,131072
54719001529.18724,5672072049918.072,1.0,1.891123414022168,0.1862220715038763,0.8136166452052025,0.00016128329092125092,103.65817890322023,2,25.0,主口径p*加权,指数型,131072
57638766466.17124,6041833784493.658,1.0,1.8876007227769218,0.18622359295249086,0.8136232925156294,0.0001531145318800089,104.82239914068373,2,25.05,主口径p*加权,指数型,131072
60714366320.91406,6435693506724.472,1.0,1.8841397748248279,0.18622503737033866,0.813629603273501,0.00014535935616042498,105.99951702876608,2,25.1,主口径p*加权,指数型,131072
63954099707.56146,6855223647825.416,1.0,1.8807394871425138,0.18622640864717682,0.8136355944734251,0.00013799687939802867,107.18974513239696,2,25.15,主口径p*加权,指数型,131072
67366731956.699,7302096599359.878,1.0,1.8773987957594356,0.18622771048708375,0.8136412822987681,0.0001310072141482936,108.3932140875323,2,25.200000000000003,主口径p*加权,指数型,131072
70961496491.09012,7778093692192.747,1.0,1.874116655418948,0.1862289464062877,0.8136466821121647,0.00012437148154769334,109.61005723955329,2,25.25,主口径p*加权,指数型,131072
74748118388.42229,8285112451551.828,1.0,1.8708920392456534,0.18623011974231946,0.8136518084955098,0.00011807176217079272,110.84041485163466,2,25.3,主口径p*加权,指数型,131072
78736817669.01833,8825176746889.406,1.0,1.8677239384189,0.1862312336571912,0.8136566752638453,0.00011209107896352063,112.08449881715211,2,25.35,主口径p*加权,指数型,131072
82938409527.32994,9400436781061.104,1.0,1.864611361852299,0.18623229116649256,0.8136612955924839,0.000106413241023734,113.34238062478715,2,25.4,主口径p*加权,指数型,131072
87364220165.8035,10013190357834.268,1.0,1.8615533358791287,0.18623329511681133,0.8136656819183565,0.00010102296483243208,114.61431623645026,2,25.450000000000003,主口径p*加权,指数型,131072
92026241660.08195,10665878052765.96,1.0,1.8585489039435195,0.18623424822509885,0.8136698461120054,9.590566289592957e-05,115.90039819470839,2,25.5,主口径p*加权,指数型,131072
96937073754.96977,11361103186721.828,1.0,1.8555971262972781,0.1862351530636418,0.8136737994119221,9.1047524436262e-05,117.20080611716801,2,25.55,主口径p*加权,指数型,131072
102109985975.18289,12101639082946.11,1.0,1.85269707970226,0.18623601207458731,0.8136775524880103,8.64354374024334e-05,118.51572564006939,2,25.6,主口径p*加权,指数型,131072
107558977250.99039,12890437299360.428,1.0,1.8498478571381616,0.1862368275799998,0.8136811154855242,8.205693447594378e-05,119.84529444976415,2,25.65,主口径p*加权,指数型,131072
113298745368.01216,13730647550301.148,1.0,1.8470485675156274,0.18623760177775137,0.8136844980071144,7.790021513446527e-05,121.18975815400113,2,25.700000000000003,主口径p*加权,指数型,131072
119344878228.09633,14625612015409.453,1.0,1.8442983353945723,0.1862383367681099,0.8136877092289899,7.39540029001818e-05,122.54913853493105,2,25.75,主口径p*加权,指数型,131072
125713676893.3002,15578905118584.768,1.0,1.8415963007076,0.18623903453022944,0.8136907577982079,7.020767156287532e-05,123.92370904724552,2,25.8,主口径p*加权,指数型,131072
132422384151.91243,16594325446587.182,1.0,1.838941618488437,0.18623969695149317,0.8136936519608706,6.665108763639544e-05,125.31359824748729,2,25.85,主口径p*加权,指数型,131072
139489126844.20227,17675923635294.45,1.0,1.8363334586052669,0.186240325820058,0.813696399529555,6.327465038714478e-05,126.71900695913727,2,25.9,主口径p*加权,指数型,131072
146933017183.7351,18828012062612.113,1.0,1.8337710054988754,0.18624092283532775,0.8136990079290692,6.006923560292999e-05,128.14010372541577,2,25.950000000000003,主口径p*加权,指数型,131072
154774193339.77878,20055183360159.625,1.0,1.831253457925518,0.1862414896110036,0.813701484209782,5.7026179214390906e-05,129.57704981302726,2,26.0,主口径p*加权,指数型,131072
27893568.341112006,559325985.5749469,0.9878184086713434,4.353039065217926,0.9360958562156766,0.06390414378432352,0.0,20.052148894502064,0,17.0,主口径p*加权,幂函数型,2048
29382225.428779818,595777895.3897784,0.9878184086713434,4.306418541865614,0.9360958562156766,0.06390414378432352,0.0,20.27681316494888,0,17.05,主口径p*加权,幂函数型,2048
30950335.035472173,634605333.520347,0.9878184086713434,4.260614930073357,0.9360958562156766,0.06390414378432352,0.0,20.50398914238007,0,17.1,主口径p*加权,幂函数型,2048
32602130.86092299,675963251.1501979,0.9878184086713434,4.215613915448076,0.9360958562156765,0.06390414378432352,0.0,20.733713818700405,0,17.15,主口径p*加权,幂函数型,2048
34342084.07800505,720016460.7741846,0.9878184086713434,4.171401434421693,0.9360958562156765,0.06390414378432352,0.0,20.966009492572724,0,17.2,主口径p*加权,幂函数型,2048
36174893.41954252,766940747.009829,0.9878184086713434,4.127963669856042,0.9360958562156764,0.06390414378432352,0.0,21.200912415004098,0,17.25,主口径p*加权,幂函数型,2048
38105524.00444448,816923020.0883828,0.9878184086713434,4.0852870467247895,0.9360958562156765,0.06390414378432352,0.0,21.43844078861375,0,17.3,主口径p*加权,幂函数型,2048
40139186.202274665,870162792.4042263,0.9878184086713434,4.043358227870988,0.9360958562156765,0.06390414378432352,0.0,21.67863563598892,0,17.35,主口径p*加权,幂函数型,2048
42281388.360055126,926872149.9071051,0.9878184086713434,4.002164109839023,0.9360958562156765,0.0639041437843235,0.0,21.92151643683388,0,17.4,主口径p*加权,幂函数型,2048
44537913.08476515,987277430.4162086,0.9878184086713434,3.9616918187795265,0.9360958562156764,0.0639041437843235,0.0,22.167123738761827,0,17.45,主口径p*加权,幂函数型,2048
46914867.61100094,1051619370.9393512,0.9878184086713434,3.9219287064261246,0.9360958562156763,0.06390414378432352,0.0,22.415482010073067,0,17.5,主口径p*加权,幂函数型,2048
49418681.026250966,1120154485.760016,0.9878184086713434,3.882862346142616,0.9360958562156765,0.06390414378432352,0.0,22.66662044591994,0,17.55,主口径p*加权,幂函数型,2048
52056121.49290523,1193156097.6796572,0.9878184086713434,3.844480529039451,0.9360958562156766,0.06390414378432352,0.0,22.920572325817115,0,17.6,主口径p*加权,幂函数型,2048
54834316.61424904,1270915384.9574084,0.9878184086713434,3.8067712601582486,0.9360958562156764,0.06390414378432352,0.0,23.177372554820042,0,17.65,主口径p*加权,幂函数型,2048
57760784.08409509,1353742278.1046638,0.9878184086713434,3.7697227547231655,0.9360958562156765,0.06390414378432352,0.0,23.43704815595514,0,17.7,主口径p*加权,幂函数型,2048
60843436.00194084,1441967063.0061233,0.9878184086713434,3.7333234344579687,0.9360958562156764,0.06390414378432352,0.0,23.6996323310887,0,17.75,主口径p*加权,幂函数型,2048
64090605.636306204,1535941577.6898506,0.9878184086713434,3.6975619239676227,0.9360958562156766,0.06390414378432353,0.0,23.965159362135385,0,17.8,主口径p*加权,幂函数型,2048
67511076.11653541,1636040467.5014868,0.9878184086713434,3.6624270471832916,0.9360958562156764,0.06390414378432352,0.0,24.233660039389793,0,17.85,主口径p*加权,幂函数型,2048
71114088.04470673,1742663067.7666805,0.9878184086713434,3.6279078238696285,0.9360958562156765,0.06390414378432352,0.0,24.505173527236042,0,17.9,主口径p*加权,幂函数型,2048
74909396.44411388,1856234219.022528,0.9878184086713434,3.5939934661932713,0.9360958562156765,0.0639041437843235,0.0,24.779724669219174,0,17.95,主口径p*加权,幂函数型,2048
78907257.03979763,1977206937.4716437,0.9878184086713434,3.560673375351463,0.9360958562156764,0.06390414378432352,0.0,25.0573522847768,0,18.0,主口径p*加权,幂函数型,2048
83118480.86729562,2106063566.7505584,0.9878184086713434,3.527937138259752,0.9360958562156764,0.0639041437843235,0.0,25.338090215015285,0,18.05,主口径p*加权,幂函数型,2048
87554456.14773816,2243317879.1733837,0.9878184086713434,3.495774524297727,0.9360958562156765,0.06390414378432352,0.0,25.621972631387724,0,18.1,主口径p*加权,幂函数型,2048
92227164.51763222,2389517501.317137,0.9878184086713434,3.4641754821117763,0.9360958562156764,0.06390414378432352,0.0,25.90904224167385,0,18.15,主口径p*加权,幂函数型,2048
97149265.19555122,2545244761.6234775,0.9878184086713434,3.4331301364738724,0.9360958562156765,0.06390414378432352,0.0,26.199320772011692,0,18.2,主口径p*加权,幂函数型,2048
102334055.0839169,2711120922.49584,0.9878184086713434,3.4026287851954016,0.9360958562156765,0.06390414378432352,0.0,26.492851478157903,0,18.25,主口径p*加权,幂函数型,2048
107795546.30778345,2887807596.695991,0.9878184086713434,3.3726618960950656,0.9360958562156764,0.06390414378432352,0.0,26.789674486648757,0,18.3,主口径p*加权,幂函数型,2048
113548515.44660468,3076009070.944566,0.9878184086713434,3.3432201040199163,0.9360958562156766,0.06390414378432352,0.0,27.08982199235388,0,18.35,主口径p*加权,幂函数型,2048
119608523.35742037,3276475641.558891,0.9878184086713434,3.3142942079185906,0.9360958562156764,0.06390414378432352,0.0,27.393329083814177,0,18.4,主口径p*加权,幂函数型,2048
125991938.24969243,3490007138.3364654,0.9878184086713434,3.2858751679658202,0.9360958562156763,0.06390414378432352,0.0,27.70024167276421,0,18.45,主口径p*加权,幂函数型,2048
132716035.97374296,3717454579.079252,0.9878184086713434,3.2579541027373495,0.9360958562156764,0.0639041437843235,0.0,28.010590821253334,0,18.5,主口径p*加权,幂函数型,2048
139798998.18482885,3959724887.206364,0.9878184086713434,3.230522286434333,0.9360958562156765,0.06390414378432352,0.0,28.324415329294386,0,18.55,主口径p*加权,幂函数型,2048
147259970.8616602,4217784263.9369845,0.9878184086713434,3.2035711461563756,0.9360958562156764,0.06390414378432352,0.0,28.641756746640123,0,18.6,主口径p*加权,幂函数型,2048
155119123.30569,4492661841.01225,0.9878184086713434,3.177092259222368,0.9360958562156764,0.0639041437843235,0.0,28.96265621717482,0,18.65,主口径p*加权,幂函数型,2048
163397721.66452935,4785453226.309507,0.9878184086713434,3.1510773505382446,0.9360958562156765,0.06390414378432352,0.0,29.28714781063157,0,18.7,主口径p*加权,幂函数型,2048
172118136.87000224,5097326307.987157,0.9878184086713434,3.125518290010891,0.9360958562156765,0.0639041437843235,0.0,29.61527704565543,0,18.75,主口径p*加权,幂函数型,2048
181303958.55621547,5429524358.984353,0.9878184086713434,3.1004070900073497,0.9360958562156763,0.0639041437843235,0.0,29.947081146057073,0,18.8,主口径p*加权,幂函数型,2048
190980017.82854766,5783372197.105058,0.9878184086713434,3.0757359028585483,0.9360958562156765,0.06390414378432353,0.0,30.282603713531334,0,18.85,主口径p*加权,幂函数型,2048
201172480.63746744,6160280692.504293,0.9878184086713434,3.0514970184067773,0.9360958562156766,0.06390414378432352,0.0,30.621885622644996,0,18.9,主口径p*加权,幂函数型,2048
211908899.3998428,6561752970.247923,0.9878184086713434,3.027682861596131,0.9360958562156766,0.06390414378432352,0.0,30.964971215610923,0,18.95,主口径p*加权,幂函数型,2048
223218323.81744197,6989389283.450717,0.9878184086713434,3.0042859901051826,0.9360958562156765,0.06390414378432352,0.0,31.311897535647457,0,19.0,主口径p*加权,幂函数型,2048
235131326.433742,7444895026.677487,0.9878184086713434,2.981299092021132,0.9360958562156761,0.0639041437843235,0.0,31.66271011011115,0,19.05,主口径p*加权,幂函数型,2048
247680104.667144,7930086962.030344,0.9878184086713434,2.9587149835547075,0.9360958562156764,0.0639041437843235,0.0,32.01745643917402,0,19.1,主口径p*加权,幂函数型,2048
260898624.1271966,8446898654.563059,0.9878184086713434,2.93652660679512,0.9360958562156765,0.06390414378432352,0.0,32.37617171351935,0,19.15,主口径p*加权,幂函数型,2048
274822602.72413254,8997391622.215132,0.9878184086713434,2.9147270275043367,0.9360958562156764,0.06390414378432352,0.0,32.73890696409251,0,19.2,主口径p*加权,幂函数型,2048
289489669.7813976,9583761590.917986,0.9878184086713434,2.893309432950025,0.9360958562156765,0.06390414378432352,0.0,33.105711848560865,0,19.25,主口径p*加权,幂函数型,2048
304939545.8863729,10208344628.203978,0.9878184086713434,2.872267129776461,0.9360958562156766,0.06390414378432352,0.0,33.47661779495083,0,19.3,主口径p*加权,幂函数型,2048
321213926.47517884,10873633884.39619,0.9878184086713434,2.851593541912733,0.9360958562156765,0.06390414378432352,0.0,33.85168882220438,0,19.35,主口径p*加权,幂函数型,2048
338356881.9271098,11582279960.477913,0.9878184086713434,2.8312822085176252,0.9360958562156766,0.06390414378432352,0.0,34.23095724996371,0,19.4,主口径p*加权,幂函数型,2048
356414733.36058074,12337109628.389614,0.9878184086713434,2.8113267819604806,0.9360958562156765,0.06390414378432352,0.0,34.61447710666972,0,19.45,主口径p*加权,幂函数型,2048
375436349.27740926,13141131288.896332,0.9878184086713434,2.791721025837475,0.9360958562156764,0.0639041437843235,0.0,35.002288175315634,0,19.5,主口径p*加权,幂函数型,2048
395473125.5989955,13997552209.91406,0.9878184086713434,2.772458813022627,0.9360958562156765,0.06390414378432352,0.0,35.3944460542368,0,19.55,主口径p*加权,幂函数型,2048
416579230.01291704,14909787696.06133,0.9878184086713434,2.7535341237529716,0.9360958562156764,0.06390414378432352,0.0,35.79100113944475,0,19.6,主口径p*加权,幂函数型,2048
438811722.70691746,15881475585.651247,0.9878184086713434,2.7349410437472894,0.9360958562156765,0.06390414378432352,0.0,36.19200391384825,0,19.65,主口径p*加权,幂函数型,2048
462230769.70949,16916488592.97242,0.9878184086713434,2.7166737623577846,0.9360958562156764,0.06390414378432352,0.0,36.59749566997532,0,19.7,主口径p*加权,幂函数型,2048
486899718.3235131,18018952858.91827,0.9878184086713434,2.698726570754167,0.9360958562156767,0.06390414378432352,0.0,37.00752368672732,0,19.75,主口径p*加权,幂函数型,2048
512885230.01385033,19193265895.66009,0.9878184086713434,2.68109386013955,0.9360958562156765,0.06390414378432352,0.0,37.42214587685004,0,19.8,主口径p*加权,幂函数型,2048
540257539.7538948,20444111262.480316,0.9878184086713434,2.6637701199976007,0.9360958562156765,0.06390414378432352,0.0,37.84141776492982,0,19.85,主口径p*加权,幂函数型,2048
569090673.2650863,21776476167.215626,0.9878184086713434,2.646749936370417,0.9360958562156767,0.06390414378432352,0.0,38.265389313579554,0,19.9,主口径p*加权,幂函数型,2048
599462667.2356805,23195670490.55634,0.9878184086713434,2.6300279901665706,0.9360958562156765,0.06390414378432352,0.0,38.694103500255,0,19.95,主口径p*加权,幂函数型,2048
631455522.2701119,24707357926.81983,0.9878184086713434,2.613599055498809,0.9360958562156764,0.0639041437843235,0.0,39.12762982576466,0,20.0,主口径p*加权,幂函数型,2048
665155836.9125632,26317562676.86123,0.9878184086713434,2.597457998050873,0.9360958562156766,0.06390414378432353,0.0,39.56601027365073,0,20.05,主口径p*加权,幂函数型,2048
700654706.7521672,28032706407.979248,0.9878184086713434,2.5815997734729392,0.9360958562156766,0.06390414378432352,0.0,40.009302924578606,0,20.1,主口径p*加权,幂函数型,2048
738048114.3102659,29859628314.027878,0.9878184086713434,2.566019425805176,0.9360958562156764,0.0639041437843235,0.0,40.45756331473435,0,20.15,主口径p*加权,幂函数型,2048
777437239.2853793,31805610258.885494,0.9878184086713434,2.550712085928922,0.9360958562156766,0.06390414378432353,0.0,40.910839681568675,0,20.2,主口径p*加权,幂函数型,2048
818928528.0411111,33878414088.89362,0.9878184086713434,2.53567297004501,0.9360958562156765,0.06390414378432352,0.0,41.36919514811784,0,20.25,主口径p*加权,幂函数型,2048
862634097.0116473,36086308041.38135,0.9878184086713434,2.520897378178743,0.9360958562156764,0.0639041437843235,0.0,41.83269379959845,0,20.3,主口径p*加权,幂函数型,2048
908672256.5368437,38438090410.86126,0.9878184086713434,2.5063806927110814,0.9360958562156764,0.0639041437843235,0.0,42.30137999079839,0,20.35,主口径p*加权,幂函数型,2048
957167454.8579627,40943140232.61164,0.9878184086713434,2.4921183769355535,0.9360958562156764,0.0639041437843235,0.0,42.77531588105169,0,20.4,主口径p*加权,幂函数型,2048
1008250854.9126235,43611444683.81134,0.9878184086713434,2.478105973640461,0.9360958562156765,0.06390414378432352,0.0,43.2545576047052,0,20.45,主口径p*加权,幂函数型,2048
1094921190.9814246,43574210964.400894,1.0,2.4642545781418175,0.9052398067286214,0.061797704139340555,0.03296248913203811,39.79666420132345,2,20.5,主口径p*加权,幂函数型,2048
1151198342.9585872,46576046465.45652,1.0,2.4504911648267904,0.9067008597688254,0.061897445360218475,0.031401694870956134,40.45875044065455,2,20.55,主口径p*加权,幂函数型,2048
1210471904.823243,49776731160.63271,1.0,2.436981809339062,0.9080972015668113,0.06199276896029431,0.0299100294728944,41.12175669860035,2,20.6,主口径p*加权,幂函数型,2048
1272902003.344782,53189226398.3114,1.0,2.423721241626183,0.9094312935840484,0.06208384297533769,0.028484863440614048,41.78579832425985,2,20.65,主口径p*加权,幂函数型,2048
1338657435.9727266,56827333027.64363,1.0,2.4107043338807577,0.9107055425980142,0.06217083170802444,0.027123625693961362,42.45098970099877,2,20.7,主口径p*加权,幂函数型,2048
1407916003.2731082,60705751247.577805,1.0,2.3979260952175023,0.9119222953417195,0.06225389536199473,0.025823809296285583,43.11745239520661,2,20.75,主口径p*加权,幂函数型,2048
1480864723.3315105,64840150645.47039,1.0,2.3853816665827865,0.9130838328744616,0.06233318965756325,0.024582977467975185,43.7853300331168,2,20.8,主口径p*加权,幂函数型,2048
1557701004.0293567,69247204709.86768,1.0,2.373066315887811,0.9141923803949733,0.06240886650163018,0.02339875310339639,44.454747432750985,2,20.85,主口径p*加权,幂函数型,2048
1638632450.5001519,73944688001.07549,1.0,2.3609754333567268,0.9152500943849525,0.06248107311001276,0.02226883250503473,45.125853560696726,2,20.9,主口径p*加权,幂函数型,2048
1723878113.803944,78951517399.22746,1.0,2.349104527081086,0.9162590718690419,0.06254995263959326,0.021190975491365043,45.79878169287239,2,20.95,主口径p*加权,幂函数型,2048
1813667952.2156992,84287877810.26695,1.0,2.3374492187722278,0.9172213364685236,0.06261564323625121,0.020163020295225254,46.47370964861302,2,21.0,主口径p*加权,幂函数型,2048
1908245152.0297787,89975226814.35927,1.0,2.326005239703312,0.9181388579464834,0.06267827936914659,0.019182862684369983,47.150769238770835,2,21.05,主口径p*加权,幂函数型,2048
2007865369.8833513,96036443444.84789,1.0,2.314768426832948,0.9190135359879332,0.06273799072344291,0.0182484732886238,47.83012092609935,2,21.1,主口径p*加权,幂函数型,2048
2112797654.8110237,102495910170.84229,1.0,2.3037347191025406,0.919847204604444,0.06279490250099672,0.017357892894559288,48.51193863143979,2,21.15,主口径p*加权,幂函数型,2048
2223326171.6291986,109379562860.64203,1.0,2.2929001538997054,0.920641640356066,0.06284913598164077,0.01650922366229328,49.196363653872424,2,21.2,主口径p*加权,幂函数型,2048
2339749425.261696,116715067421.81747,1.0,2.2822608636803063,0.9213985509069139,0.06290080774191198,0.01570064135117418,49.88357563492644,2,21.25,主口径p*加权,幂函数型,2048
2462382437.1162767,124531864785.93765,1.0,2.2718130727419146,0.9221195862109411,0.06295003041866692,0.014930383370392016,50.57373010334589,2,21.3,主口径p*加权,幂函数型,2048
2591556327.2394743,132861350477.79356,1.0,2.261553094141714,0.9228063313767528,0.06299691222198633,0.014196756401260722,51.26701244395389,2,21.35,主口径p*加权,幂函数型,2048
2727620730.793642,141736924358.74832,1.0,2.25147732675212,0.9234603165578166,0.06304155761034695,0.01349812583183644,51.96357497895532,2,21.4,主口径p*加权,幂函数型,2048
2870943882.0616326,151194165680.2096,1.0,2.241582252447604,0.9240830125981525,0.06308406699336722,0.01283292040848023,52.66357403392944,2,21.45,主口径p*加权,幂函数型,2048
3021912600.2165084,161271028384.65662,1.0,2.2318644334164954,0.9246758288129296,0.063124536580296,0.012199634606774208,53.36720472097776,2,21.5,主口径p*加权,幂函数型,2048
3180935312.191699,172007890597.85382,1.0,2.2223205095917273,0.9252401230295113,0.06316305906548132,0.01159681790500736,54.07462702513699,2,21.55,主口径p*加权,幂函数型,2048
3348442148.1966043,183447766959.41257,1.0,2.212947196194757,0.9257771981731727,0.06319972339528859,0.011023078431538672,54.786004607609364,2,21.6,主口径p*加权,幂函数型,2048
3524886149.5745826,195636478015.11993,1.0,2.2037412813871375,0.9262883040584018,0.06323461489038691,0.01047708105121134,55.50150266235726,2,21.65,主口径p*加权,幂函数型,2048
3710744085.6724715,208622855809.28488,1.0,2.1946996240244236,0.9267746379662938,0.06326781528516566,0.009957546748540335,56.22129982361143,2,21.7,主口径p*加权,幂函数型,2048
3906518711.5315413,222458885626.55148,1.0,2.1858191515073653,0.9272373489027296,0.06329940301842635,0.009463248078844076,56.945557426841816,2,21.75,主口径p*加权,幂函数型,2048
4112739649.5244164,237199938680.73773,1.0,2.177096857725513,0.9276775375178972,0.06332945322788845,0.008993009254214339,57.674435751887856,2,21.8,主口径p*加权,幂函数型,2048
4329963822.087688,252905050637.7663,1.0,2.1685298010886322,0.9280962558205597,0.06335803773068355,0.008545706448756902,58.40812095188092,2,21.85,主口径p*加权,幂函数型,2048
4558779007.506808,269637040330.806,1.0,2.160115102641517,0.9284945130016843,0.06338522542091499,0.008120261577400504,59.146767124882025,2,21.9,主口径p*加权,幂函数型,2048
4799803951.718922,287462843959.99817,1.0,2.151849944257976,0.9288732737610921,0.06341108215542389,0.007715644083484102,59.890538624405906,2,21.95,主口径p*加权,幂函数型,2048
5053689469.714681,306453817874.2175,1.0,2.1437315669100285,0.9292334594068763,0.06343567082884276,0.007330869764281163,60.639621747776125,2,22.0,主口径p*加权,幂函数型,2048
5321123977.659036,326685796738.5983,1.0,2.135757269008464,0.9295759545779638,0.06345905183252233,0.006964993589513701,61.39413366615822,2,22.05,主口径p*加权,幂函数型,2048
5602829424.280331,348239751325.2837,1.0,2.127924404811181,0.9299016004365309,0.06348128258980051,0.006617116973668348,62.15426616704723,2,22.1,主口径p*加权,幂函数型,2048
5899567159.304592,371201878497.20593,1.0,2.120230382895848,0.930211201900121,0.06350241804971493,0.006286380050163872,62.920188629730106,2,22.15,主口径p*加权,幂函数型,2048
6212139303.689077,395663985376.9643,1.0,2.1126726646936347,0.9305055279331617,0.06352251070690385,0.005971961359934345,63.6920658141068,2,22.2,主口径p*加权,幂函数型,2048
6541392796.805794,421723734568.7871,1.0,2.1052487630809185,0.930785314380912,0.06354161079507027,0.005673074824017608,64.4700215487316,2,22.25,主口径p*加权,幂函数型,2048
6888217382.868255,449485305106.6593,1.0,2.0979562410260266,0.9310512614060426,0.06355976611198584,0.005388972481971429,65.25422763581447,2,22.3,主口径p*加权,幂函数型,2048
7253549262.368429,479059735163.9401,1.0,2.0907927102882375,0.9313040366030545,0.06357702223210186,0.005118941164843622,66.0448723563942,2,22.35,主口径p*加权,幂函数型,2048
7638376743.012314,510565161528.8237,1.0,2.0837558301664143,0.9315442784418492,0.06359342274163024,0.0048622988165204885,66.84210254435216,2,22.4,主口径p*加权,幂函数型,2048
8043742464.476788,544127312558.0916,1.0,2.076843306294755,0.9317725965949254,0.06360900926088024,0.004618394144194304,67.64603851516831,2,22.45,主口径p*加权,幂函数型,2048
8470741534.930261,579880322207.1173,1.0,2.070052889483331,0.9319895705199445,0.06362382134749488,0.004386608132560517,68.4568546703853,2,22.5,主口径p*加权,幂函数型,2048
8920526768.783907,617967120361.1423,1.0,2.0633823746011495,0.9321957524744199,0.06363789670225373,0.004166350823326329,69.27473414727355,2,22.55,主口径p*加权,幂函数型,2048
9394314477.104876,658539819358.1953,1.0,2.05682959949965,0.9323916698328393,0.06365127132725516,0.003957058839905511,70.0998269712111,2,22.6,主口径p*加权,幂函数型,2048
9893388857.4148,701760234959.0525,1.0,2.0503924439746286,0.9325778261549786,0.06366397959884655,0.0037581942461747194,70.93224021343345,2,22.65,主口径p*加权,幂函数型,2048
10419097773.375673,747801069349.1353,1.0,2.044068828764699,0.9327546993000139,0.06367605413888096,0.003569246561105251,71.77215202452754,2,22.7,主口径p*加权,幂函数型,2048
10972861113.14265,796846278480.8359,1.0,2.037856714584515,0.9329227446695426,0.06368752603610744,0.0033897292943500207,72.6197361166287,2,22.75,主口径p*加权,幂函数型,2048
11556178118.059889,849091550013.3282,1.0,2.031754101191065,0.9330823970590852,0.06369842497256689,0.003219177968347909,73.4751179272995,2,22.8,主口径p*加权,幂函数型,2048
12170626127.952965,904745462115.5795,1.0,2.0257590264814405,0.9332340698899513,0.06370877917115401,0.003057150938894725,74.33844837593026,2,22.85,主口径p*加权,幂函数型,2048
12817863201.940609,964030446345.2028,1.0,2.019869565620581,0.9333781560501437,0.06371861545302315,0.0029032284968330594,75.20991846747512,2,22.9,主口径p*加权,幂函数型,2048
13499646051.59937,1027182669077.4512,1.0,2.014083830197573,0.9335150317094093,0.06372795949802902,0.002757008792561622,76.08960006442211,2,22.95,主口径p*加权,幂函数型,2048
14217811378.765724,1094454726866.2015,1.0,2.0083999674091575,0.9336450521509329,0.06373683556017036,0.0026181122888967114,76.9777216555825,2,23.0,主口径p*加权,幂函数型,2048
14974307249.422523,1166114661835.4158,1.0,2.00281615926918,0.9337685579464025,0.06374526688914109,0.0024861751644564183,77.87436456403593,2,23.05,主口径p*加权,幂函数型,2048
15771173063.407854,1242448960647.3618,1.0,1.9973306218427849,0.9338858711047021,0.06375327546741434,0.002360853427883592,78.77974299388558,2,23.1,主口径p*加权,幂函数型,2048
16610567511.944029,1323761967909.0518,1.0,1.9919416045042297,0.9339972996004026,0.06376088231938748,0.0022418180802098947,79.6939639152717,2,23.15,主口径p*加权,幂函数型,2048
17494758299.33555,1410378349969.1272,1.0,1.986647389217238,0.9341031355561585,0.06376810738730042,0.0021287570565410277,80.61719549578993,2,23.2,主口径p*加权,幂函数型,2048
18426137639.62326,1502643654922.5232,1.0,1.9814462898368967,0.9342036572858798,0.06377496967071605,0.0020213730434041587,81.54957291164824,2,23.25,主口径p*加权,幂函数型,2048
19407225221.15829,1600925963266.5486,1.0,1.9763366514321332,0.9342991294454907,0.06378148723681216,0.0019193833176970783,82.49123432242004,2,23.3,主口径p*加权,幂函数型,2048
20440669038.841724,1705617854368.9346,1.0,1.9713168496278792,0.9343898031942497,0.06378767723139411,0.0018225195743561196,83.44236928487463,2,23.35,主口径p*加权,幂函数型,2048
21529270153.47478,1817136517895.5808,1.0,1.9663852899660679,0.9344759183879371,0.0637935560286165,0.0017305255834462261,84.40307102571698,2,23.4,主口径p*加权,幂函数型,2048
22675966048.642124,1935927426507.3037,1.0,1.9615404072846567,0.9345577020597353,0.06379913912727793,0.001643158812986794,85.37353700188797,2,23.45,主口径p*加权,幂函数型,2048
23883861636.231514,2062464185155.625,1.0,1.9567806651139263,0.9346353708608315,0.06380444131743275,0.001560187821735921,86.35388265802432,2,23.5,主口径p*加权,幂函数型,2048
25156218921.176773,2197252002755.348,1.0,1.9521045550893228,0.9347091302113185,0.06380947662242602,0.0014813931662553878,87.34428689939877,2,23.55,主口径p*加权,幂函数型,2048
26496484827.651367,2340828071303.2744,1.0,1.9475105963801758,0.9347791760072215,0.06381425841542632,0.001406565577352178,88.34485353545533,2,23.6,主口径p*加权,幂函数型,2048
27908276203.411404,2493765825009.7505,1.0,1.942997335133642,0.9348456937385682,0.06381879935921958,0.001335506902212214,89.35578130421834,2,23.65,主口径p*加权,幂函数型,2048
29395412835.297653,2656675198355.7236,1.0,1.9385633439332703,0.934908860224967,0.06382311152469108,0.0012680282503417552,90.37720317932124,2,23.7,主口径p*加权,幂函数型,2048
30961918529.676147,2830205854126.8486,1.0,1.9342072212716113,0.9349688435011556,0.06382720638301222,0.0012039501158322126,91.40925331917575,2,23.75,主口径p*加权,幂函数型,2048
32612024950.538975,3015050422790.5034,1.0,1.9299275910363232,0.9350258030154063,0.06383109481918507,0.0011431021654087692,92.4521070790078,2,23.8,主口径p*加权,幂函数型,2048
34350194394.339718,3211946240792.4736,1.0,1.9257231020092642,0.9350798904865562,0.0638347871905489,0.0010853223228947993,93.5059116090983,2,23.85,主口径p*加权,幂函数型,2048
36181136858.2267,3421677794106.0444,1.0,1.9215924273780756,0.9351312503422109,0.06383829335669494,0.0010304563010940825,94.5707650788767,2,23.9,主口径p*加权,幂函数型,2048
38109789217.879555,3645083002308.671,1.0,1.9175342642597952,0.9351800191573872,0.0638416226411443,0.0009783582014684644,95.64689485604782,2,23.95,主口径p*加权,幂函数型,2048
40141369969.46516,3883052687376.665,1.0,1.9135473332360633,0.9352263272094758,0.06384478393750022,0.0009288888530239849,96.7344335863583,2,24.0,主口径p*加权,幂函数型,2048
42281378425.17895,4136535489696.06,1.0,1.9096303778995,0.9352702983009165,0.06384778569734256,0.0008819160017410372,97.8335059964061,2,24.05,主口径p*加权,幂函数型,2048
44535597410.054695,4406542840585.904,1.0,1.9057821644108581,0.9353120498480095,0.06385063593629078,0.0008373142156996677,98.94428495060559,2,24.1,主口径p*加权,幂函数型,2048
46910122769.21329,4694151661727.984,1.0,1.9020014810665815,0.9353516934989928,0.06385334227619792,0.0007949642248093446,100.06692339779413,2,24.15,主口径p*加权,幂函数型,2048
49411367781.95238,5000509856414.321,1.0,1.8982871378764024,0.9353893352102158,0.06385591195035074,0.0007547528394333308,101.20160766407218,2,24.2,主口径p*加权,幂函数型,2048
52046108601.53753,5326838057228.196,1.0,1.8946379661506498,0.935425075938658,0.06385835185074573,0.0007165722105961066,102.34844064923679,2,24.25,主口径p*加权,幂函数型,2048
54821461559.34619,5674438621094.073,1.0,1.8910528180969346,0.9354590112890383,0.06386066850399835,0.0006803202069632867,103.50761288900134,2,24.3,主口径p*加权,幂函数型,2048
57744929226.466415,6044698136210.002,1.0,1.8875305664259112,0.9354912321791444,0.06386286811676294,0.0006458997040924345,104.67928902473253,2,24.35,主口径p*加权,幂函数型,2048
60824436968.22668,6439091194826.399,1.0,1.884070103965825,0.9355218251893868,0.06386495659959547,0.0006132182110177993,105.86355609325305,2,24.4,主口径p*加权,幂函数型,2048
64068272313.55174,6859194922644.454,1.0,1.8806703432855565,0.9355508719857814,0.06386693952756269,0.0005821884866558031,107.06071312607558,2,24.45,主口径p*加权,幂函数型,2048
67485242012.129974,7306681051536.958,1.0,1.8773302163259153,0.9355784508350109,0.06386882224367008,0.0005527269213189461,108.27079867660008,2,24.5,主口径p*加权,幂函数型,2048
71084570312.02806,7783335874712.718,1.0,1.8740486740389084,0.9356046356253854,0.06387060979202631,0.000524754582588206,109.49402719250477,2,24.55,主口径p*加权,幂函数型,2048
74875988784.28117,8291060495531.612,1.0,1.8708246860347613,0.9356294966655924,0.0638723069723711,0.0004981963620363793,110.7305643658113,2,24.6,主口径p*加权,幂函数型,2048
78869757115.48672,8831878938785.512,1.0,1.867657240236448,0.9356531007836748,0.0638739183468322,0.0004729808694930133,111.98055201125122,2,24.65,主口径p*加权,幂函数型,2048
83076671163.43593,9407948395809.928,1.0,1.8645453425415166,0.9356755113788843,0.06387544824346517,0.00044904037765052543,113.24416667227509,2,24.7,主口径p*加权,幂函数型,2048
87508087340.78651,10021568445207.918,1.0,1.8614880164909984,0.9356967885987141,0.06387690076833888,0.00042631063294690474,114.52162594047442,2,24.75,主口径p*加权,幂函数型,2048
92176032298.11086,10675181179329.459,1.0,1.8584843029451985,0.9357169898558284,0.06387827984082456,0.0004047303033469148,115.81298210802079,2,24.8,主口径p*加权,幂函数型,2048
97093094521.17392,11371397036245.89,1.0,1.855533259766174,0.9357361693213468,0.06387958915900395,0.0003842415196492333,117.11849428968435,2,24.85,主口径p*加权,幂函数型,2048
102272565348.5614,12112993045336.252,1.0,1.8526339615067184,0.9357543785856991,0.06388083224478373,0.0003647891695172483,118.43834173957814,2,24.9,主口径p*加权,幂函数型,2048
107728467450.26645,12902924602552.912,1.0,1.8497854991056748,0.9357716667115183,0.06388201244750633,0.00034632084097512895,119.77265534302371,2,24.95,主口径p*加权,幂函数型,2048
113475545651.3767,13744342813113.691,1.0,1.8469869795894038,0.9357880802025922,0.0638831329418303,0.0003287868555774556,121.1216278733703,2,25.0,主口径p*加权,幂函数型,2048
119529344237.78595,14640602641336.941,1.0,1.8442375257792514,0.9358036632581274,0.06388419674508816,0.0003121399967845038,122.48542594035844,2,25.05,主口径p*加权,幂函数型,2048
125906231621.27455,15595278356811.44,1.0,1.8415362760048528,0.9358184578350451,0.06388520672153908,0.00029633544341566714,123.8642294030527,2,25.1,主口径p*加权,幂函数型,2048
132623437013.4527,16612178772153.502,1.0,1.8388823838231272,0.935832503751249,0.0638861655894186,0.00028133065933233845,125.25824353706382,2,25.15,主口径p*加权,幂函数型,2048
139699135393.48184,17695357658496.145,1.0,1.8362750177428173,0.9358458388725683,0.06388707593370066,0.00026708519373092504,126.66762473980053,2,25.200000000000003,主口径p*加权,幂函数型,2048
147152470246.6172,18849133112883.402,1.0,1.8337133609544365,0.9358584991457753,0.0638879402083516,0.00025356064587304787,128.09253613815372,2,25.25,主口径p*加权,幂函数型,2048
155003576132.31763,20078108563213.055,1.0,1.8311966110654851,0.9358705186549275,0.06388876074017638,0.0002407206048961154,129.53319571203653,2,25.3,主口径p*加权,幂函数型,2048
163273673605.46967,21387186037153.766,1.0,1.8287239798408161,0.9358819297885754,0.06388953974023341,0.00022853047119121756,130.98980114107812,2,25.35,主口径p*加权,幂函数型,2048
171985175901.36783,22781579103629.54,1.0,1.8262946929480184,0.9358927633748131,0.06389027931305391,0.00021695731213300238,132.46245779167967,2,25.4,主口径p*加权,幂函数型,2048
181161570317.14706,24266857228584.027,1.0,1.8239079897076982,0.9359030485371101,0.06389098144680007,0.00020597001608980186,133.95146214565105,2,25.450000000000003,主口径p*加权,幂函数型,2048
190827762479.00958,25848930839657.14,1.0,1.8215631228485532,0.9359128131102425,0.06389164804165921,0.00019553884809827172,135.45686698758226,2,25.5,主口径p*加权,幂函数型,2048
201009752411.4213,27534127278887.96,1.0,1.819259358267111,0.9359220832926934,0.06389228088611454,0.0001856358211921143,136.97906170508512,2,25.55,主口径p*加权,幂函数型,2048
211735202500.63248,29329148841464.227,1.0,1.816995974792046,0.9359308842116075,0.0638928816955124,0.0001762340928801061,138.51805696493295,2,25.6,主口径p*加权,幂函数型,2048
223033034738.00662,31241164344686.582,1.0,1.8147722639529469,0.9359392395397512,0.06389345208591368,0.00016730837433507584,140.07415709240152,2,25.65,主口径p*加权,幂函数型,2048
234933833110.19775,33277793415946.68,1.0,1.8125875297534553,0.9359471718473773,0.06389399359811429,0.00015883455450848376,141.6475140059433,2,25.700000000000003,主口径p*加权,幂函数型,2048
247469765663.86206,35447158991098.88,1.0,1.8104410884486655,0.9359547025295641,0.06389450769268493,0.00015078977775071626,143.23834225166206,2,25.75,主口径p*加权,幂函数型,2048
260674754652.4754,37757908024158.15,1.0,1.8083322683266936,0.935961851921714,0.06389499575785568,0.00014315232043042787,144.846815237233,2,25.8,主口径p*加权,幂函数型,2048
274584437812.87335,40219264777863.625,1.0,1.8062604094943313,0.9359686392836316,0.06389545910842924,0.00013590160793931,146.473212750945,2,25.85,主口径p*加权,幂函数型,2048
289236523675.3066,42841030008000.98,1.0,1.804224863666685,0.935975082982024,0.06389589899823951,0.0001290180197362473,148.1176355725178,2,25.9,主口径p*加权,幂函数型,2048
304670551253.474,45633669957960.58,1.0,1.8022249939607233,0.9359812003737469,0.06389631661218113,0.00012248301407182812,149.7803767716137,2,25.950000000000003,主口径p*加权,幂函数型,2048
320928253446.3919,48608320703304.945,1.0,1.8002601746926479,0.935987007976425,0.06389671307785728,0.00011627894571788261,151.46164347111468,2,26.0,主口径p*加权,幂函数型,2048
27124049.855098113,540644809.6729378,0.9878184086713434,4.3784663447001435,0.8798686062881277,0.12013139371187236,0.0,19.932304082950967,0,17.0,主口径p*加权,幂函数型,4096
28571641.909815777,575879174.6097654,0.9878184086713434,4.331400269967108,0.8798686062881277,0.12013139371187238,0.0,20.15562061247598,0,17.05,主口径p*加权,幂函数型,4096
30096489.237665158,613409833.7012422,0.9878184086713434,4.285158914001067,0.8798686062881276,0.12013139371187236,0.0,20.38144146505872,0,17.1,主口径p*加权,幂函数型,4096
31702717.12065286,653386393.7628734,0.9878184086713434,4.239727825606583,0.8798686062881277,0.12013139371187237,0.0,20.609791623735063,0,17.15,主口径p*加权,幂函数型,4096
33394666.25074846,695968309.1782383,0.9878184086713434,4.195092806810346,0.8798686062881277,0.12013139371187237,0.0,20.84070264252573,0,17.2,主口径p*加权,幂函数型,4096
35176916.30873113,741325273.4499756,0.9878184086713434,4.151239908424093,0.8798686062881276,0.12013139371187237,0.0,21.074197264584388,0,17.25,主口径p*加权,幂函数型,4096
37054282.94072228,789638215.8482513,0.9878184086713434,4.108155425685234,0.8798686062881276,0.12013139371187237,0.0,21.310308908459458,0,17.3,主口径p*加权,幂函数型,4096
39031843.29245176,841099762.7847239,0.9878184086713434,4.065825893973893,0.8798686062881276,0.12013139371187236,0.0,21.54906588660601,0,17.35,主口径p*加权,幂函数型,4096
41114944.32210807,895915118.8156371,0.9878184086713434,4.024238084604997,0.8798686062881276,0.12013139371187236,0.0,21.790498165259372,0,17.4,主口径p*加权,幂函数型,4096
43309217.297262035,954302885.3408647,0.9878184086713434,3.9833790006940704,0.8798686062881276,0.12013139371187237,0.0,22.034637079465178,0,17.45,主口径p*加权,幂函数型,4096
45620600.09447799,1016495775.9529119,0.9878184086713434,3.9432358730955137,0.8798686062881276,0.12013139371187238,0.0,22.281508218826577,0,17.5,主口径p*加权,幂函数型,4096
48055340.135450505,1082741832.6363103,0.9878184086713434,3.9037961564120205,0.8798686062881275,0.12013139371187236,0.0,22.531144917182054,0,17.55,主口径p*加权,幂函数型,4096
50620015.61333231,1153305324.860335,0.9878184086713434,3.865047525073934,0.8798686062881278,0.12013139371187237,0.0,22.78358295402377,0,17.6,主口径p*加权,幂函数型,4096
53321568.33324451,1228467459.988426,0.9878184086713434,3.8269778694873064,0.8798686062881276,0.12013139371187236,0.0,23.038847100498934,0,17.65,主口径p*加权,幂函数型,4096
56167302.19613639,1308527961.6989315,0.9878184086713434,3.789575292249432,0.8798686062881277,0.12013139371187238,0.0,23.296970132721487,0,17.7,主口径p*加权,幂函数型,4096
59164913.39542026,1393806029.2215655,0.9878184086713434,3.752828104430732,0.8798686062881276,0.12013139371187236,0.0,23.557983088832763,0,17.75,主口径p*加权,幂函数型,4096
62322500.01884692,1484641873.9812026,0.9878184086713434,3.7167248219217544,0.8798686062881275,0.12013139371187236,0.0,23.821924241361188,0,17.8,主口径p*加权,幂函数型,4096
65648605.92630832,1581397558.1163235,0.9878184086713434,3.681254161844202,0.8798686062881276,0.12013139371187236,0.0,24.08882162541988,0,17.85,主口径p*加权,幂函数型,4096
69152222.7517709,1684458934.7256663,0.9878184086713434,3.6464050390248497,0.8798686062881275,0.12013139371187236,0.0,24.358709925669444,0,17.9,主口径p*加权,幂函数型,4096
72842825.1458134,1794236927.7481592,0.9878184086713434,3.6121665625312285,0.8798686062881276,0.12013139371187237,0.0,24.631621908630514,0,17.95,主口径p*加权,幂函数型,4096
76730399.16584162,1911169097.370868,0.9878184086713434,3.5785280322680477,0.8798686062881276,0.12013139371187237,0.0,24.907587059988483,0,18.0,主口径p*加权,幂函数型,4096
80825435.07601862,2035722238.2774942,0.9878184086713434,3.5454789356332177,0.8798686062881276,0.12013139371187237,0.0,25.186653636480145,0,18.05,主口径p*加权,幂函数型,4096
85139033.46393415,2168392299.882979,0.9878184086713434,3.5130089442324994,0.8798686062881275,0.12013139371187234,0.0,25.46883857686186,0,18.1,主口径p*加权,幂函数型,4096
89682844.5214986,2309708631.842328,0.9878184086713434,3.4811079106517053,0.8798686062881275,0.12013139371187237,0.0,25.754185699235364,0,18.15,主口径p*加权,幂函数型,4096
94469154.76848312,2460234715.0309076,0.9878184086713434,3.4497658652854533,0.8798686062881276,0.12013139371187234,0.0,26.04273025476135,0,18.2,主口径p*加权,幂函数型,4096
99510903.4363848,2620570832.0563912,0.9878184086713434,3.4189730132215144,0.8798686062881276,0.12013139371187236,0.0,26.334509501581064,0,18.25,主口径p*加权,幂函数型,4096
104821727.78576437,2791356190.0686307,0.9878184086713434,3.3887197311797306,0.8798686062881277,0.12013139371187237,0.0,26.62955714461825,0,18.3,主口径p*加权,幂函数型,4096
110415990.01813276,2973271727.123973,0.9878184086713434,3.3589965645045803,0.8798686062881277,0.12013139371187237,0.0,26.927908961697447,0,18.35,主口径p*加权,幂函数型,4096
116308807.34047452,3167043070.0583158,0.9878184086713434,3.3297942242104406,0.8798686062881277,0.12013139371187236,0.0,27.229606617728688,0,18.4,主口径p*加权,幂函数型,4096
122516126.88005021,3373442507.6215487,0.9878184086713434,3.3011035840786223,0.8798686062881277,0.12013139371187236,0.0,27.534681298930774,0,18.45,主口径p*加权,幂函数型,4096
129054721.29690757,3593293358.5425587,0.9878184086713434,3.272915677805278,0.8798686062881277,0.12013139371187237,0.0,27.843176308720306,0,18.5,主口径p*加权,幂函数型,4096
135942270.5865394,3827472266.1113863,0.9878184086713434,3.2452216961992835,0.8798686062881276,0.12013139371187237,0.0,28.155129744392923,0,18.55,主口径p*加权,幂函数型,4096
143197411.74377817,4076912622.9619884,0.9878184086713434,3.2180129844292127,0.8798686062881276,0.12013139371187236,0.0,28.470574805198094,0,18.6,主口径p*加权,幂函数型,4096
150839758.13176677,4342609165.132645,0.9878184086713434,3.1912810393185658,0.8798686062881275,0.12013139371187237,0.0,28.789552694317756,0,18.65,主口径p*加权,幂函数型,4096
158889965.0085104,4625621602.528622,0.9878184086713434,3.1650175066883732,0.8798686062881276,0.12013139371187237,0.0,29.112106622220388,0,18.7,主口径p*加权,幂函数型,4096
167369806.38908157,4927078234.003868,0.9878184086713434,3.1392141787463888,0.8798686062881275,0.12013139371187236,0.0,29.438274084812992,0,18.75,主口径p*加权,幂函数型,4096
176302207.0856665,5248181219.5473585,0.9878184086713434,3.1138629915220113,0.8798686062881276,0.12013139371187236,0.0,29.768097100436353,0,18.8,主口径p*加权,幂函数型,4096
185711323.9595723,5590210811.711446,0.9878184086713434,3.0889560223461565,0.8798686062881276,0.12013139371187237,0.0,30.101615197834597,0,18.85,主口径p*加权,幂函数型,4096
195622618.20279065,5954530234.822217,0.9878184086713434,3.0644854873752982,0.8798686062881277,0.12013139371187237,0.0,30.438863816092574,0,18.9,主口径p*加权,幂函数型,4096
206062845.0771823,6342593530.103256,0.9878184086713434,3.040443739158875,0.8798686062881276,0.12013139371187238,0.0,30.779898859144613,0,18.95,主口径p*加权,幂函数型,4096
217060279.6534284,6755946686.737429,0.9878184086713434,3.0168232642493495,0.8798686062881276,0.12013139371187236,0.0,31.124748837163494,0,19.0,主口径p*加权,幂函数型,4096
228644618.137994,7196239165.507107,0.9878184086713434,2.99361668085412,0.8798686062881276,0.12013139371187236,0.0,31.47346840748273,0,19.05,主口径p*加权,幂函数型,4096
240847219.87894368,7665225476.775962,0.9878184086713434,2.9708167365285916,0.8798686062881276,0.12013139371187236,0.0,31.826090750097556,0,19.1,主口径p*加权,幂函数型,4096
253701047.5452756,8164776697.759289,0.9878184086713434,2.948416305909664,0.8798686062881277,0.12013139371187236,0.0,32.18266844681514,0,19.15,主口径p*加权,幂函数型,4096
267240903.28595775,8696883269.113773,0.9878184086713434,2.9264083884889365,0.8798686062881276,0.12013139371187236,0.0,32.54323407149909,0,19.2,主口径p*加权,幂函数型,4096
281503362.86151415,9263668055.903788,0.9878184086713434,2.904786106424934,0.8798686062881276,0.12013139371187237,0.0,32.90784153246886,0,19.25,主口径p*加权,幂函数型,4096
296526996.61975724,9867390896.744646,0.9878184086713434,2.8835427023936684,0.8798686062881276,0.12013139371187234,0.0,33.276534714300595,0,19.3,主口径p*加权,幂函数型,4096
312352420.8271019,10510459322.64571,0.9878184086713434,2.862671537476856,0.8798686062881275,0.12013139371187234,0.0,33.64936085596603,0,19.35,主口径p*加权,幂函数型,4096
329022426.6997598,11195437525.920677,0.9878184086713434,2.8421660890871525,0.8798686062881277,0.12013139371187237,0.0,34.0263660389836,0,19.4,主口径p*加权,幂函数型,4096
346582101.7221402,11925056378.6374,0.9878184086713434,2.822019948929727,0.8798686062881275,0.12013139371187234,0.0,34.407594389273704,0,19.45,主口径p*加权,幂函数型,4096
365078947.4877723,12702224439.832176,0.9878184086713434,2.8022268209995715,0.8798686062881277,0.12013139371187238,0.0,34.793089350235995,0,19.5,主口径p*加权,幂函数型,4096
384562965.6771386,13530041031.018621,0.9878184086713434,2.782780519613889,0.8798686062881277,0.12013139371187237,0.0,35.18290173156669,0,19.55,主口径p*加权,幂函数型,4096
405086801.8942185,14411808352.772371,0.9878184086713434,2.763674967478964,0.8798686062881277,0.12013139371187236,0.0,35.57708689935489,0,19.6,主口径p*加权,幂函数型,4096
426705960.3589025,15351042098.836609,0.9878184086713434,2.744904193790912,0.8798686062881276,0.12013139371187236,0.0,35.975691752524014,0,19.65,主口径p*加权,幂函数型,4096
449478965.9457643,16351484947.063484,0.9878184086713434,2.726462332369697,0.8798686062881276,0.12013139371187236,0.0,36.37875448222089,0,19.7,主口径p*加权,幂函数型,4096
473467316.6365965,17417128936.104153,0.9878184086713434,2.7083436198258557,0.8798686062881276,0.12013139371187236,0.0,36.7863384104978,0,19.75,主口径p*加权,幂函数型,4096
498735939.0244307,18552220920.787098,0.9878184086713434,2.6905423937593436,0.8798686062881276,0.12013139371187234,0.0,37.19848414589251,0,19.8,主口径p*加权,幂函数型,4096
525353128.59205616,19761288066.149456,0.9878184086713434,2.673053090989938,0.8798686062881276,0.12013139371187236,0.0,37.61524770797428,0,19.85,主口径p*加权,幂函数型,4096
553390822.8918041,21049152723.866962,0.9878184086713434,2.655870245818653,0.8798686062881275,0.12013139371187233,0.0,38.03668556314743,0,19.9,主口径p*加权,幂函数型,4096
582924855.187163,22420949395.982933,0.9878184086713434,2.6389884883196135,0.8798686062881277,0.12013139371187238,0.0,38.462846791434394,0,19.95,主口径p*加权,幂函数型,4096
614035173.7428076,23882144539.184166,0.9878184086713434,2.622402542661869,0.8798686062881276,0.12013139371187237,0.0,38.893772800688694,0,20.0,主口径p*加权,幂函数型,4096
646805720.4210039,25438571491.855003,0.9878184086713434,2.6061072254606064,0.8798686062881277,0.12013139371187236,0.0,39.329540059257845,0,20.05,主口径p*加权,幂函数型,4096
681325311.4903666,27096428309.530727,0.9878184086713434,2.590097444157254,0.8798686062881276,0.12013139371187236,0.0,39.77017711298379,0,20.1,主口径p*加权,幂函数型,4096
717687207.1053946,28862328611.781902,0.9878184086713434,2.5743681954279767,0.8798686062881276,0.12013139371187236,0.0,40.21574904224729,0,20.15,主口径p*加权,幂函数型,4096
755989617.3834251,30743318256.86598,0.9878184086713434,2.558914563620043,0.8798686062881276,0.12013139371187236,0.0,40.66632338585873,0,20.2,主口径p*加权,幂函数型,4096
796336212.5604087,32746893448.247925,0.9878184086713434,2.5437317192156175,0.8798686062881277,0.12013139371187236,0.0,41.12194438949215,0,20.25,主口径p*加权,幂函数型,4096
838836110.604038,34881042316.81056,0.9878184086713434,2.5288149173224435,0.8798686062881275,0.12013139371187238,0.0,41.58266659704606,0,20.3,主口径p*加权,幂函数型,4096
883604157.4083351,37154277579.02716,0.9878184086713434,2.514159496190988,0.8798686062881274,0.12013139371187236,0.0,42.04855451110928,0,20.35,主口径p*加权,幂函数型,4096
930761504.6348814,39575659332.71979,0.9878184086713434,2.4997608757575716,0.8798686062881276,0.12013139371187236,0.0,42.51965636271615,0,20.4,主口径p*加权,幂函数型,4096
980435529.6925191,42154848306.643326,0.9878184086713434,2.485614556213014,0.8798686062881276,0.12013139371187234,0.0,42.99604311551601,0,20.45,主口径p*加权,幂函数型,4096
1063402475.0863463,42215653887.92606,1.0,2.4715189294034987,0.8517701920473125,0.11629502355419309,0.03193478439849421,39.698660551357314,2,20.5,主口径p*加权,幂函数型,4096
1118122730.1782093,45119158114.32183,1.0,2.4576327030091103,0.853103481180927,0.11647706196390258,0.030419456855170234,40.35259895586831,2,20.55,主口径p*加权,幂函数型,4096
1175756733.730999,48214876404.01008,1.0,2.444002408809566,0.8543774610119168,0.11665100267682706,0.02897153631125607,41.00752734029516,2,20.6,主口径p*加权,幂函数型,4096
1236460634.384786,51515319629.53611,1.0,2.430622760121988,0.8555944195256348,0.11681715807923332,0.027588422395131998,41.66353395890206,2,20.65,主口径p*加权,幂函数型,4096
1300398257.3948805,55033840021.326675,1.0,2.4174886119571033,0.8567565755041333,0.116975831108831,0.026267593387035843,42.32075805113528,2,20.7,主口径p*加权,幂函数型,4096
1367742323.7510393,58784654119.2778,1.0,2.4045949557391637,0.8578660947472049,0.11712731746948503,0.02500658778331006,42.97933397137308,2,20.75,主口径p*加权,幂函数型,4096
1438675229.224575,62782885712.521095,1.0,2.3919369142573723,0.8589250916946274,0.11727190585270648,0.023803002452666037,43.63937352724155,2,20.8,主口径p*加权,幂函数型,4096
1513388279.3197358,67044679102.31703,1.0,2.3795097368398883,0.8599356090449727,0.11740987515494027,0.022654515800086993,44.301042910450875,2,20.85,主口径p*加权,幂函数型,4096
1592083982.4906325,71587188162.38246,1.0,2.367308794741598,0.8608996430632998,0.11754149793290922,0.02155885900379097,44.96445473334423,2,20.9,主口径p*加权,幂函数型,4096
1674974680.7200553,76428727094.00641,1.0,2.355329576736972,0.8618191170503751,0.11766703678127789,0.02051384616834692,45.62978054160821,2,20.95,主口径p*加权,幂函数型,4096
1762284428.6950536,81588787529.47409,1.0,2.343567684909536,0.8626958989158082,0.11778674673197169,0.01951735435222007,46.29717326044209,2,21.0,主口径p*加权,幂函数型,4096
1854249828.16879,87088104496.68921,1.0,2.332018830629615,0.8635318011716347,0.11790087525330054,0.018567323575064774,46.96675883351447,2,21.05,主口径p*加权,幂函数型,4096
1951119012.0572698,92948814579.12613,1.0,2.32067883071227,0.8643285658126164,0.1180096601856159,0.017661774001767504,47.63872116704989,2,21.1,主口径p*加权,幂函数型,4096
2053153992.1533496,99194468286.57211,1.0,2.3095436037475143,0.8650878810438846,0.11811333202519171,0.016798786930923716,48.31321404320816,2,21.15,主口径p*加权,幂函数型,4096
2160630762.3147626,105850151034.58919,1.0,2.2986091665951367,0.8658113755887397,0.11821211314704924,0.015976511264211315,48.99039339844817,2,21.2,主口径p*加权,幂函数型,4096
2273839746.197983,112942597793.8483,1.0,2.287871631036701,0.8665006177973475,0.11830621768326452,0.015193164519387941,49.670429933638076,2,21.25,主口径p*加权,幂函数型,4096
2393087505.9682064,120500254928.45296,1.0,2.277327200577499,0.8671571222646837,0.11839585242653815,0.01444702530877809,50.35346790618106,2,21.3,主口径p*加权,幂函数型,4096
2518695665.634045,128553487366.27538,1.0,2.2669721673915038,0.8677823401586479,0.11848121550966072,0.013736444331691456,51.039706432302886,2,21.35,主口径p*加权,幂函数型,4096
2651004460.459386,137134567391.96199,1.0,2.2568029094026127,0.8683776749113129,0.11856249854789128,0.013059826540795865,51.72928579991838,2,21.4,主口径p*加权,幂函数型,4096
2790371505.7581453,146277909747.3367,1.0,2.246815887495682,0.868944471852249,0.11863988522356039,0.012415642924190803,52.422377968482344,2,21.45,主口径p*加权,幂函数型,4096
2937173423.289893,156020176934.47232,1.0,2.23700764285116,0.869484023419724,0.11871355199757301,0.011802424582702744,53.11915724734972,2,21.5,主口径p*加权,幂函数型,4096
3091807566.6718054,166400388108.8595,1.0,2.2273747943973192,0.8699975728031152,0.11878366860671867,0.01121875859016594,53.81977517054277,2,21.55,主口径p*加权,幂函数型,4096
3254691808.8150573,177460141894.2036,1.0,2.2179140363743493,0.8704863106251527,0.11885039761068751,0.01066329176415968,54.5244073228586,2,21.6,主口径p*加权,幂函数型,4096
3426266726.4121876,189243727024.35037,1.0,2.208622136004832,0.870951380098997,0.11891389509618304,0.010134724804819868,55.233215080869314,2,21.65,主口径p*加权,幂函数型,4096
3606995705.8373995,201798357697.91177,1.0,2.1994959312653157,0.8713938753708117,0.11897431045062815,0.009631814178560348,55.94638146403401,2,21.7,主口径p*加权,幂函数型,4096
3797367987.920186,215174263791.42758,1.0,2.1905323287539917,0.8718148475422242,0.11903178718443165,0.009153365273344155,56.664053754052496,2,21.75,主口径p*加权,幂函数型,4096
3997898238.292478,229424986866.13477,1.0,2.1817283016496356,0.8722153015602339,0.11908646250635728,0.008698235933408785,57.386399850968516,2,21.8,主口径p*加权,幂函数型,4096
4209128120.523824,244607585645.1453,1.0,2.173080887757265,0.8725961987002285,0.11913846766253788,0.008265333637233512,58.113599453633164,2,21.85,主口径p*加权,幂函数型,4096
4431629636.799386,260782755770.08154,1.0,2.1645871876361347,0.8729584612875291,0.11918792858112397,0.007853610131346908,58.84579198690083,2,21.9,主口径p*加权,幂函数型,4096
4666003870.622783,278015232465.1131,1.0,2.156244362805907,0.8733029690766925,0.11923496537793773,0.007462065545369764,59.583155130989155,2,21.95,主口径p*加权,幂函数型,4096
4912884994.774495,296373911217.5043,1.0,2.1480496340270627,0.8736305647578632,0.11927969310827359,0.007089742133863436,60.32583940652737,2,22.0,主口径p*加权,幂函数型,4096
5172940273.303711,315932222730.2667,1.0,2.140000279651765,0.8739420527334328,0.11932222159987137,0.006735725666695735,61.07401323783231,2,22.05,主口径p*加权,幂函数型,4096
5446872703.263001,336768377069.90186,1.0,2.132093634041631,0.8742382018184898,0.11936265582161779,0.006399142359892318,61.82784056402815,2,22.1,主口径p*加权,幂函数型,4096
5735423719.923596,358965625103.1955,1.0,2.1243270860489973,0.8745197472555352,0.11940109615862239,0.006079156585842324,62.58746391417048,2,22.15,主口径p*加权,幂函数型,4096
6039372360.980912,382612765915.89325,1.0,2.116698077558471,0.8747873892407819,0.11943763821100807,0.0057749725482099685,63.35306767767329,2,22.2,主口径p*加权,幂函数型,4096
6359540926.0027485,407804281782.005,1.0,2.1092041020857186,0.8750417977572107,0.11947237345378448,0.005485828789004809,64.1247987122127,2,22.25,主口径p*加权,幂函数型,4096
6696795597.489518,434640812067.2116,1.0,2.1018427034305818,0.8752836120557008,0.119505389166005,0.0052109987782940235,64.90280399630966,2,22.3,主口径p*加权,幂函数型,4096
7052048131.216261,463229597076.5598,1.0,2.0946114743818023,0.8755134415205105,0.11953676854893372,0.004949789930555649,65.68724269280717,2,22.35,主口径p*加权,幂函数型,4096
7426260075.64275,493684792125.90106,1.0,2.0875080554707397,0.8757318680637809,0.11956659105297489,0.004701540883244177,66.47825245780558,2,22.4,主口径p*加权,幂函数型,4096
7820441285.569038,526128191976.90155,1.0,2.0805301337716346,0.8759394449338336,0.11959493221496606,0.004465622851200368,67.27602353434445,2,22.45,主口径p*加权,幂函数型,4096
8235658839.769091,560689308940.9259,1.0,2.0736754417461003,0.8761367014111254,0.11962186429933233,0.004241434289542123,68.08068666387915,2,22.5,主口径p*加权,幂函数型,4096
8673034856.491087,597506224158.8396,1.0,2.066941756129621,0.8763241410298392,0.11964745605527408,0.004028402914886412,68.89240433660346,2,22.55,主口径p*加权,幂函数型,4096
9133752591.221466,636725932984.0905,1.0,2.0603268968580055,0.8765022441880105,0.11967177307313638,0.003825982738852926,69.7113181712469,2,22.6,主口径p*加权,幂函数型,4096
9619057687.365934,678505063102.401,1.0,2.0538287260318033,0.8766714682834548,0.11969487780296773,0.003633653913577259,70.53758124286722,2,22.65,主口径p*加权,幂函数型,4096
10130262673.16736,723010421842.8333,1.0,2.0474451469168446,0.8768322491812449,0.11971682975487931,0.003450921063875814,71.37134003029504,2,22.7,主口径p*加权,幂函数型,4096
10668748131.537584,770419830916.2748,1.0,2.0411741029791406,0.8769850014638659,0.11973768553319981,0.0032773130029343455,72.21276774159271,2,22.75,主口径p*加权,幂函数型,4096
11235972482.356668,820922403222.5566,1.0,2.0350135769524855,0.8771301210883953,0.1197574991992689,0.003112379712335837,73.06198057280875,2,22.8,主口径p*加权,幂函数型,4096
11833469101.405304,874719782651.109,1.0,2.028961589937191,0.877267984247785,0.11977632211596426,0.002955693636250601,73.91913353179163,2,22.85,主口径p*加权,幂函数型,4096
12462851242.290974,932026902116.755,1.0,2.023016200528475,0.8773989487300321,0.11979420313327373,0.002806848136694085,74.7844039856666,2,22.9,主口径p*加权,幂函数型,4096
13125824303.504923,993072252676.7697,1.0,2.017175503973111,0.877523356325381,0.11981118891695866,0.0026654547576604294,75.65789619868632,2,22.95,主口径p*加权,幂函数型,4096
13824177088.14723,1058099788156.0359,1.0,2.011437631353008,0.8776415309040065,0.11982732368609371,0.0025311454098996167,76.53980279688724,2,23.0,主口径p*加权,幂函数型,4096
14559801331.002123,1127368795870.7979,1.0,2.0058007487944804,0.8777537819479956,0.11984264969529966,0.0024035683567047925,77.43023206438238,2,23.05,主口径p*加权,幂函数型,4096
15334680660.931414,1201156160622.654,1.0,2.0002630567020256,0.8778604025861219,0.11985720696642518,0.002282390447453032,78.32938860493343,2,23.1,主口径p*加权,幂函数型,4096
16150919739.403442,1279755628846.567,1.0,1.9948227890155044,0.8779616737084693,0.11987103385032968,0.0021672924412009767,79.23732205320441,2,23.15,主口径p*加权,幂函数型,4096
17010718441.3678,1363481433053.5508,1.0,1.9894782124896597,0.8780578603542364,0.11988416653369842,0.0020579731120652514,80.15425319942665,2,23.2,主口径p*加权,幂函数型,4096
17916403891.1889,1452667509737.3206,1.0,1.9842276259949985,0.878149215825147,0.11989663960066008,0.0019541445741927876,81.0803059899608,2,23.25,主口径p*加权,幂函数型,4096
18870423667.89312,1547669858628.1768,1.0,1.9790693598390825,0.8782359806398914,0.1199084858900332,0.0018555334700752354,82.01563917515233,2,23.3,主口径p*加权,幂函数型,4096
19875360892.23761,1648867277774.199,1.0,1.9740017751073524,0.8783183839534672,0.11991973668911338,0.001761879357419501,82.96036920859987,2,23.35,主口径p*加权,幂函数型,4096
20933926938.063328,1756664046959.2239,1.0,1.9690232630226425,0.878396642916702,0.11993042164622705,0.0016729354370708905,83.91469274525609,2,23.4,主口径p*加权,幂函数型,4096
22048987650.908813,1871489983940.0146,1.0,1.9641322443225977,0.8784709647566568,0.11994056905477554,0.0015884661885676049,84.87872611524982,2,23.45,主口径p*加权,幂函数型,4096
23223557897.459503,1993803244487.4758,1.0,1.959327168654243,0.8785415461974082,0.11995020577415282,0.001508248028438955,85.85261798777113,2,23.5,主口径p*加权,幂函数型,4096
24460818142.685043,2124091436850.5583,1.0,1.9546065139849977,0.878608574509556,0.11995935737303803,0.0014320681174058137,86.8364837373914,2,23.55,主口径p*加权,幂函数型,4096
25764106394.76584,2262875004010.3403,1.0,1.9499687860294632,0.8786722270837967,0.11996804807117438,0.0013597248450286747,87.83052551242606,2,23.6,主口径p*加权,幂函数型,4096
27136948799.934612,2410707444437.701,1.0,1.9454125176913595,0.8787326730714293,0.1199763009633525,0.001291025965218017,88.83487462833367,2,23.65,主口径p*加权,幂函数型,4096
28583059728.38136,2568178319146.8916,1.0,1.940936268519997,0.8787900732192392,0.1199841379968668,0.001225788783893868,89.84966422600432,2,23.7,主口径p*加权,幂函数型,4096
30106350551.94022,2735915716713.947,1.0,1.936538624180731,0.8788445802385765,0.11999158002190696,0.0011638397395164514,90.87503687947422,2,23.75,主口径p*加权,幂函数型,4096
31710934223.15692,2914589314043.5806,1.0,1.9322181959388505,0.8788963390350383,0.11999864682291723,0.0011050141420444074,91.91117781434521,2,23.8,主口径p*加权,幂函数型,4096
33401150193.991165,3104911802003.8657,1.0,1.9279736201564,0.8789454875676228,0.12000535723589945,0.0010491551964776611,92.95823000018832,2,23.85,主口径p*加权,幂函数型,4096
35181579649.15902,3307641363795.573,1.0,1.9238035578014454,0.8789921571775906,0.12001172919331372,0.0009961136290955338,94.01628342957702,2,23.9,主口径p*加权,幂函数型,4096
37057025076.00408,3523587762264.0107,1.0,1.9197066939693312,0.8790364720656768,0.12001777965270044,0.0009457482816225274,95.08555408959894,2,23.95,主口径p*加权,幂函数型,4096
39032564682.14749,3753611708086.424,1.0,1.9156817374154957,0.8790785507252968,0.12002352479236053,0.0008979244823426168,96.16615609691748,2,24.0,主口径p*加权,幂函数型,4096
41113531230.5191,3998631582069.4585,1.0,1.9117274200994268,0.8791185053958593,0.12002897993671467,0.0008525146674260124,97.25828607738815,2,24.05,主口径p*加权,幂函数型,4096
43305561713.109474,4259623719471.33,1.0,1.9078424967393743,0.8791564430904499,0.12003415969661609,0.0008093972129340762,98.36204752845535,2,24.1,主口径p*加权,幂函数型,4096
45614576077.045715,4537629827979.765,1.0,1.904025744377445,0.8791924651594338,0.12003907790976803,0.0007684569307979735,99.47762794759815,2,24.15,主口径p*加权,幂函数型,4096
48046820557.604355,4833758490395.304,1.0,1.9002759619547225,0.8792266680614884,0.12004374774599523,0.0007295841925160968,100.60516875617208,2,24.2,主口径p*加权,幂函数型,4096
50608873965.06716,5149190607338.799,1.0,1.896591969896088,0.879259143409459,0.12004818171350481,0.0006926748770360461,101.74481674682258,2,24.25,主口径p*加权,幂函数型,4096
53307666218.64006,5485184033021.461,1.0,1.8929726097044117,0.8792899782242882,0.12005239169355615,0.0006576300821555772,102.89672053029138,2,24.3,主口径p*加权,幂函数型,4096
56150485164.24987,5843079829929.232,1.0,1.8894167435638156,0.8793192550469658,0.12005638895574576,0.0006243559972882405,104.0610746788245,2,24.35,主口径p*加权,幂函数型,4096
59145024892.43185,6224304675082.683,1.0,1.8859232539517228,0.8793470524651201,0.12006018422990442,0.0005927633049754984,105.23800922229623,2,24.4,主口径p*加权,幂函数型,4096
62299374114.043076,6630379900224.819,1.0,1.8824910432594064,0.8793734449782884,0.12006378768770234,0.0005627673340090369,106.4277128705575,2,24.45,主口径p*加权,幂函数型,4096
65622078014.23318,7062923349134.979,1.0,1.87911903342079,0.8793985035472297,0.1200672090176484,0.0005342874351218465,107.63029094572497,2,24.5,主口径p*加权,幂函数型,4096
69122113210.38837,7523660921660.595,1.0,1.8758061655492353,0.879422295376647,0.12007045739542486,0.0005072472279280798,108.845933265389,2,24.55,主口径p*加权,幂函数型,4096
72808939614.1154,8014430563466.461,1.0,1.8725513995820888,0.879444884339558,0.12007354154182766,0.0004815741186141411,110.07481506999878,2,24.6,主口径p*加权,幂函数型,4096
76692525323.9699,8537189647956.41,1.0,1.8693537139327496,0.8794663311252603,0.12007646974296889,0.0004571991317707575,111.3171017891642,2,24.65,主口径p*加权,幂函数型,4096
80783383211.05478,9094021678170.07,1.0,1.8662121051500484,0.8794866934343366,0.12007924987690143,0.0004340566887618434,112.57292424125166,2,24.7,主口径p*加权,幂函数型,4096
85092551799.46106,9687149925925.316,1.0,1.8631255875847217,0.879506025898335,0.1200818894026527,0.0004120846990121119,113.84251290001473,2,24.75,主口径p*加权,幂函数型,4096
89631714115.2502,10318936273372.441,1.0,1.8600931930627893,0.8795243806445018,0.1200843954373293,0.0003912239181688383,115.12595039858496,2,24.8,主口径p*加权,幂函数型,4096
94413122194.29567,10991902748766.266,1.0,1.8571139705656332,0.8795418069505488,0.1200867747089816,0.000371418340469526,116.42346416789067,2,24.85,主口径p*加权,幂函数型,4096
99449704470.54572,11708733182764.088,1.0,1.854186985916607,0.8795583517092643,0.12008903362003823,0.00035261467069726954,117.73522349914971,2,24.9,主口径p*加权,幂函数型,4096
104755084817.54547,12472285665554.557,1.0,1.8513113214739871,0.8795740594672525,0.12009117825259555,0.00033476228015176355,119.06138673151614,2,24.95,主口径p*加权,幂函数型,4096
110343619910.63742,13285603844447.02,1.0,1.8484860758301125,0.8795889725369789,0.12009321438371555,0.00031781307930531163,120.40210258831877,2,25.0,主口径p*加权,幂函数型,4096
116230408727.21315,14151932589356.238,1.0,1.845710363516534,0.8796031310362892,0.12009514749082133,0.0003017214728896424,121.75757398023183,2,25.05,主口径p*加权,幂函数型,4096
122431367504.18166,15074726886826.855,1.0,1.8429833147150314,0.8796165730943323,0.12009698277981284,0.00028644412585472184,123.1279793253308,2,25.1,主口径p*加权,幂函数型,4096
128963257788.6006,16057667408785.8,1.0,1.8403040749743451,0.8796293349112732,0.12009872519321917,0.00027193989550760705,124.51350628182703,2,25.15,主口径p*加权,幂函数型,4096
135843761309.66048,17104671497969.734,1.0,1.8376718049324725,0.8796414509076826,0.1201003794305956,0.00025816966172173593,125.91429546020191,2,25.200000000000003,主口径p*加权,幂函数型,4096
143091471811.41412,18219915738282.8,1.0,1.8350856800444029,0.8796529537100481,0.12010194994654526,0.0002450963434065741,127.33054952635852,2,25.25,主口径p*加权,幂函数型,4096
150726008285.1462,19407844718792.22,1.0,1.8325448903151442,0.8796638743494118,0.1201034409778397,0.00023268467274837332,128.76241426148633,2,25.3,主口径p*加权,幂函数型,4096
158767949899.35992,20673203904001.355,1.0,1.8300486400379254,0.8796742421761523,0.12010485653178399,0.00022090129206367933,130.2101835862069,2,25.35,主口径p*加权,幂函数型,4096
167239103012.22046,22021031344696.184,1.0,1.827596147537446,0.8796840852261948,0.12010620043621646,0.00020971433758868423,131.67393837963283,2,25.4,主口径p*加权,幂函数型,4096
176162389207.46515,23456699612515.09,1.0,1.8251866449180476,0.8796934300496705,0.12010747631611501,0.00019909363421450737,133.1538458239818,2,25.450000000000003,主口径p*加权,幂函数型,4096
185561866953.70526,24985942982888.3,1.0,1.822819377816704,0.8797023017751157,0.12010868760236248,0.00018901062252166546,134.65020261475325,2,25.5,主口径p*加权,幂函数型,4096
195462976473.09348,26614856454129.89,1.0,1.8204936051607095,0.8797107243611421,0.12010983756610794,0.00017943807274984703,136.1631595628217,2,25.55,主口径p*加权,幂函数型,4096
205892512830.76303,28349932521001.83,1.0,1.8182085989299643,0.87971872054697,0.12011092931201298,0.00017035014101696467,137.69287737191567,2,25.6,主口径p*加权,幂函数型,4096
216878694816.9183,30198087572032.54,1.0,1.815963643923747,0.8797263119137813,0.12011196578662826,0.00016172229959042223,139.2395301784933,2,25.65,主口径p*加权,幂函数型,4096
228451188097.8166,32166696990077.055,1.0,1.813758037531876,0.8797335189144743,0.12011294978245621,0.00015353130306951064,140.80336923572554,2,25.700000000000003,主口径p*加权,幂函数型,4096
240641265577.17114,34263613601735.6,1.0,1.8115910895101692,0.8797403609892481,0.120113883953732,0.00014575505701992967,142.38461354313156,2,25.75,主口径p*加权,幂函数型,4096
253481942140.0005,36497191594141.055,1.0,1.8094621217600961,0.8797468566335684,0.12011477082570321,0.0001383725407284846,143.98339891992507,2,25.8,主口径p*加权,幂函数型,4096
267007953801.52478,38876335288595.37,1.0,1.8073704681125387,0.879753023382145,0.12011561279244222,0.00013136382541273524,145.59991466581306,2,25.85,主口径p*加权,幂函数型,4096
281255751209.29767,41410549734132.98,1.0,1.8053154741155724,0.879758877827604,0.12011641211939551,0.0001247100530003461,147.23449940519487,2,25.9,主口径p*加权,幂函数型,4096
296264018223.722,44109917199312.27,1.0,1.8032964968261789,0.8797644358399155,0.12011717097334312,0.00011839318674145032,148.88719009408337,2,25.950000000000003,主口径p*加权,幂函数型,4096
312073213579.8986,46985219818815.49,1.0,1.8013129046058074,0.8797697123769415,0.12011789139653176,0.00011239622652677583,150.55832341338098,2,26.0,主口径p*加权,幂函数型,4096
25769384.81060704,508034904.9437129,0.9878184086713434,4.425665321461938,0.7855048177628823,0.21449518223711775,0.0,19.71466950715093,0,17.0,主口径p*加权,幂函数型,8192
27144677.10056615,541144093.8050883,0.9878184086713434,4.3777721991763014,0.7855048177628822,0.2144951822371177,0.0,19.935550966410347,0,17.05,主口径p*加权,幂函数型,8192
28593368.30029489,576411032.2032512,0.9878184086713434,4.33071828765942,0.7855048177628823,0.21449518223711775,0.0,20.15890629427197,0,17.1,主口径p*加权,幂函数型,8192
30119375.513549674,613976345.5990709,0.9878184086713434,4.284488881778685,0.7855048177628824,0.21449518223711772,0.0,20.3847634663894,0,17.15,主口径p*加权,幂函数型,8192
31726825.47152478,653989812.4144965,0.9878184086713434,4.239069534073249,0.7855048177628823,0.21449518223711772,0.0,20.613149998302244,0,17.2,主口径p*加权,幂函数型,8192
33420063.325733367,696611009.929147,0.9878184086713434,4.194446050238974,0.7855048177628824,0.21449518223711778,0.0,20.844096049116647,0,17.25,主口径p*加权,幂函数型,8192
35203665.62010124,742009926.8553915,0.9878184086713434,4.150604484692458,0.7855048177628824,0.21449518223711778,0.0,21.07763250744277,0,17.3,主口径p*加权,幂函数型,8192
37082462.92912209,790367423.0656403,0.9878184086713434,4.107531136212819,0.7855048177628824,0.21449518223711778,0.0,21.31377909219019,0,17.35,主口径p*加权,幂函数型,8192
39061528.7438907,841876460.4942142,0.9878184086713434,4.065212543659824,0.7855048177628822,0.2144951822371177,0.0,21.552573275204576,0,17.4,主口径p*加权,幂函数型,8192
41146210.26806832,896742517.4702617,0.9878184086713434,4.023635481767053,0.7855048177628823,0.21449518223711772,0.0,21.794048871766503,0,17.45,主口径p*加权,幂函数型,8192
43342153.46368164,955184171.6277589,0.9878184086713434,3.982786957008813,0.7855048177628823,0.21449518223711775,0.0,22.03822596004952,0,17.5,主口径p*加权,幂函数型,8192
45655290.64440618,1017434572.2620682,0.9878184086713434,3.9426542035394108,0.7855048177628824,0.21449518223711772,0.0,22.28514062447935,0,17.55,主口径p*加权,幂函数型,8192
48091882.30626189,1083741806.5148351,0.9878184086713434,3.9032246792036296,0.7855048177628823,0.21449518223711772,0.0,22.53481782254392,0,17.6,主口径p*加权,幂函数型,8192
50658511.43993364,1154370390.0124917,0.9878184086713434,3.8644860616170944,0.7855048177628824,0.21449518223711778,0.0,22.78729392554776,0,17.65,主口径p*加权,幂函数型,8192
53362117.897023626,1229601954.0028775,0.9878184086713434,3.82642624431531,0.7855048177628824,0.21449518223711772,0.0,23.042600302628934,0,17.7,主口径p*加权,幂函数型,8192
56210015.461610645,1309736401.1752865,0.9878184086713434,3.7890333329702104,0.7855048177628823,0.21449518223711772,0.0,23.300765716205646,0,17.75,主口径p*加权,幂函数型,8192
59209903.91507105,1395093278.6598506,0.9878184086713434,3.7522956416729656,0.7855048177628824,0.21449518223711775,0.0,23.561823046714135,0,17.8,主口径p*加权,幂函数型,8192
62369891.77315278,1486013011.8852117,0.9878184086713434,3.7162016892819447,0.7855048177628823,0.21449518223711772,0.0,23.825807126458223,0,17.85,主口径p*加权,幂函数型,8192
65698530.059855506,1582857979.4518745,0.9878184086713434,3.6807401958346726,0.7855048177628823,0.21449518223711775,0.0,24.092745728249795,0,17.9,主口径p*加权,幂函数型,8192
69204811.05361825,1686014539.262156,0.9878184086713434,3.6459000790226397,0.7855048177628822,0.21449518223711772,0.0,24.362678166347017,0,17.95,主口径p*加权,幂函数型,8192
72898222.71861538,1795893846.8566504,0.9878184086713434,3.611670450727914,0.7855048177628823,0.21449518223711772,0.0,24.635632802582013,0,18.0,主口径p*加权,幂函数型,8192
76788740.24882239,1912934323.9151359,0.9878184086713434,3.578040613620407,0.7855048177628824,0.21449518223711778,0.0,24.911651339982388,0,18.05,主口径p*加权,幂函数型,8192
80886908.83211954,2037602026.5959303,0.9878184086713434,3.5450000578147924,0.7855048177628824,0.21449518223711772,0.0,25.19075158163066,0,18.1,主口径p*加权,幂函数型,8192
85203781.78692561,2170394754.986454,0.9878184086713434,3.5125384575859817,0.7855048177628823,0.21449518223711772,0.0,25.47298616878409,0,18.15,主口径p*加权,幂函数型,8192
89751045.12617514,2311841673.7610426,0.9878184086713434,3.4806456681421603,0.7855048177628822,0.21449518223711775,0.0,25.75838164904905,0,18.2,主口径p*加权,幂函数型,8192
94540996.6609222,2462506731.2050138,0.9878184086713434,3.449311722454386,0.7855048177628824,0.21449518223711775,0.0,26.046972405388995,0,18.25,主口径p*加权,幂函数型,8192
99586581.03813693,2622990876.834069,0.9878184086713434,3.418526828141711,0.7855048177628822,0.21449518223711772,0.0,26.338798355067414,0,18.3,主口径p*加权,幂函数型,8192
104901437.07576765,2793934142.679893,0.9878184086713434,3.3882813644109064,0.7855048177628824,0.21449518223711778,0.0,26.633897690666576,0,18.35,主口径p*加权,幂函数型,8192
110499952.6974734,2976017704.7706227,0.9878184086713434,3.3585658790498067,0.7855048177628823,0.21449518223711775,0.0,26.932298450103044,0,18.4,主口径p*加权,幂函数型,8192
116397262.8985661,3169967683.20081,0.9878184086713434,3.329371085473323,0.7855048177628822,0.2144951822371177,0.0,27.234039738230486,0,18.45,主口径p*加权,幂函数型,8192
122609281.60197006,3376558316.944314,0.9878184086713434,3.3006878598212435,0.7855048177628823,0.21449518223711778,0.0,27.539173811536795,0,18.5,主口径p*加权,幂函数型,8192
129152861.46722463,3596611842.7875347,0.9878184086713434,3.272507238106871,0.7855048177628824,0.21449518223711775,0.0,27.84771318210595,0,18.55,主口径p*加权,幂函数型,8192
136045664.07370812,3831006578.868215,0.9878184086713434,3.2448204134156273,0.7855048177628823,0.21449518223711772,0.0,28.1597109687569,0,18.6,主口径p*加权,幂函数型,8192
143306316.81448546,4080677454.3002844,0.9878184086713434,3.2176187331527406,0.7855048177628823,0.21449518223711772,0.0,28.4752099210173,0,18.65,主口径p*加权,幂函数型,8192
150954467.2763234,4346619587.99834,0.9878184086713434,3.190893696339171,0.7855048177628823,0.21449518223711775,0.0,28.794242836429717,0,18.7,主口径p*加权,幂函数型,8192
159010797.01444298,4629893362.147615,0.9878184086713434,3.164636950954913,0.7855048177628822,0.21449518223711775,0.0,29.11684897552637,0,18.75,主口径p*加权,幂函数型,8192
167497088.80156773,4931628338.918213,0.9878184086713434,3.138840291328845,0.7855048177628823,0.21449518223711772,0.0,29.443068976325122,0,18.8,主口径p*加权,幂函数型,8192
176436279.9271013,5253027935.245027,0.9878184086713434,3.113495655574326,0.7855048177628822,0.2144951822371177,0.0,29.772946569806592,0,18.85,主口径p*加权,幂函数型,8192
185852560.6093855,5595373138.929439,0.9878184086713434,3.088595123069718,0.7855048177628823,0.21449518223711772,0.0,30.10651626527482,0,18.9,主口径p*加权,幂函数型,8192
195771384.699451,5960029235.243896,0.9878184086713434,3.0641309119830566,0.7855048177628823,0.21449518223711772,0.0,30.443822238851485,0,18.95,主口径p*加权,幂函数型,8192
206219542.9131441,6348451159.271897,0.9878184086713434,3.0400953768401036,0.7855048177628824,0.21449518223711772,0.0,30.784915287809305,0,19.0,主口径p*加权,幂函数型,8192
217225345.60742432,6762185899.689762,0.9878184086713434,3.016481006135011,0.7855048177628823,0.2144951822371177,0.0,31.129819960837224,0,19.05,主口径p*加权,幂函数型,8192
228818502.7363078,7202884705.147357,0.9878184086713434,2.9932804199828418,0.7855048177628823,0.21449518223711775,0.0,31.478593815675897,0,19.1,主口径p*加权,幂函数型,8192
241030365.28668553,7672304727.05793,0.9878184086713434,2.97048636781324,0.7855048177628824,0.21449518223711775,0.0,31.831278676993097,0,19.15,主口径p*加权,幂函数型,8192
253893995.42654115,8172316404.636379,0.9878184086713434,2.9480917261045008,0.7855048177628824,0.21449518223711772,0.0,32.18790736231045,0,19.2,主口径p*加权,幂函数型,8192
267444119.97987458,8704915279.86746,0.9878184086713434,2.9260894961573554,0.7855048177628823,0.21449518223711772,0.0,32.54853866490882,0,19.25,主口径p*加权,幂函数型,8192
281717420.3040958,9272223678.470625,0.9878184086713434,2.9044728019077604,0.7855048177628823,0.21449518223711775,0.0,32.91320667519196,0,19.3,主口径p*加权,幂函数型,8192
296752491.6620873,9876503648.566265,0.9878184086713434,2.8832348877780123,0.7855048177628822,0.2144951822371177,0.0,33.2819569374085,0,19.35,主口径p*加权,幂函数型,8192
312589937.62474555,10520166391.241009,0.9878184086713434,2.8623691165655147,0.7855048177628823,0.21449518223711772,0.0,33.65484657369279,0,19.4,主口径p*加权,幂函数型,8192
329272618.32979965,11205777257.552496,0.9878184086713434,2.841868967368541,0.7855048177628823,0.21449518223711772,0.0,34.031913477630205,0,19.45,主口径p*加权,幂函数型,8192
346845682.8050274,11936068691.401876,0.9878184086713434,2.8217280335483514,0.7855048177628823,0.21449518223711772,0.0,34.413196655273076,0,19.5,主口径p*加权,幂函数型,8192
365356587.3662197,12713954726.572588,0.9878184086713434,2.8019400207270033,0.7855048177628824,0.21449518223711772,0.0,34.79875597214455,0,19.55,主口径p*加权,幂函数型,8192
384855398.66401845,13542536648.884981,0.9878184086713434,2.782498744820256,0.7855048177628823,0.21449518223711775,0.0,35.18863629273839,0,19.6,主口径p*加权,幂函数型,8192
405394855.9322816,14425117820.966364,0.9878184086713434,2.7633981301049433,0.7855048177628824,0.21449518223711775,0.0,35.58288323070379,0,19.65,主口径p*加权,幂函数型,8192
427030493.2187368,15365217584.661518,0.9878184086713434,2.7446322073202016,0.7855048177628822,0.21449518223711775,0.0,35.98154658428814,0,19.7,主口径p*加权,幂函数型,8192
449820748.63479346,16366586820.224468,0.9878184086713434,2.726195111801986,0.7855048177628823,0.21449518223711775,0.0,36.38468627758297,0,19.75,主口径p*加权,幂函数型,8192
473827385.78090835,17433213330.6043,0.9878184086713434,2.708081081650258,0.7855048177628823,0.21449518223711772,0.0,36.79232955662295,0,19.8,主口径p*加权,幂函数型,8192
499115211.7357219,18569354038.011612,0.9878184086713434,2.6902844559282975,0.7855048177628823,0.21449518223711772,0.0,37.204544364486246,0,19.85,主口径p*加权,幂函数型,8192
525752627.16202146,19779538355.298416,0.9878184086713434,2.6727996728935683,0.7855048177628823,0.21449518223711772,0.0,37.62137806532148,0,19.9,主口径p*加权,幂函数型,8192
553811657.5984532,21068591825.8317,0.9878184086713434,2.655621268259573,0.7855048177628824,0.21449518223711772,0.0,38.042882515679544,0,19.95,主口径p*加权,幂函数型,8192
583368226.4196974,22441652407.19847,0.9878184086713434,2.6387438734881816,0.7855048177628824,0.21449518223711772,0.0,38.46910303108125,0,20.0,主口径p*加权,幂函数型,8192
614502092.7891799,23904201244.53032,0.9878184086713434,2.622162214111868,0.7855048177628823,0.21449518223711772,0.0,38.9001136449038,0,20.05,主口径p*加权,幂函数型,8192
647297690.6230149,25462060462.903023,0.9878184086713434,2.6058711080853545,0.7855048177628823,0.2144951822371177,0.0,39.335935894342754,0,20.1,主口径p*加权,幂函数型,8192
681843444.2112035,27121451803.24888,0.9878184086713434,2.589865464166131,0.7855048177628823,0.21449518223711772,0.0,39.77665552629104,0,20.15,主口径p*加权,幂函数型,8192
718233008.191288,28888982268.973976,0.9878184086713434,2.5741402803233626,0.7855048177628823,0.21449518223711775,0.0,40.222298250709095,0,20.2,主口径p*加权,幂函数型,8192
756564548.3825648,30771708924.250298,0.9878184086713434,2.558690642174665,0.7855048177628824,0.21449518223711772,0.0,40.6729458709586,0,20.25,主口径p*加权,幂函数型,8192
796941773.5602286,32777136571.87135,0.9878184086713434,2.5435117214502867,0.7855048177628825,0.21449518223711775,0.0,41.12864660794975,0,20.3,主口径p*加权,幂函数型,8192
839473964.6869575,34913257467.307755,0.9878184086713434,2.5285987744841862,0.7855048177628824,0.21449518223711775,0.0,41.589446410439926,0,20.35,主口径p*加权,幂函数型,8192
884276145.9236234,37188588329.55566,0.9878184086713434,2.513947140731563,0.7855048177628823,0.21449518223711775,0.0,42.055401472706585,0,20.4,主口径p*加权,幂函数型,8192
958756980.7780144,37267452349.101166,1.0,2.4993906822081016,0.7606581000577349,0.20771037185576546,0.031631528086499765,38.87059296179443,2,20.45,主口径p*加权,幂函数型,8192
1008109316.5222466,39829390070.69007,1.0,2.4850110953520907,0.7618378305121385,0.2080325169185146,0.03012965256934696,39.5089990915793,2,20.5,主口径p*加权,幂函数型,8192
1060089686.3396032,42560896307.26784,1.0,2.4708964135129885,0.7629650163004793,0.2083403137844509,0.0286946699150698,40.148392023534235,2,20.55,主口径p*加权,幂函数型,8192
1114838767.4728894,45473014160.60853,1.0,2.457041171495609,0.7640416874120715,0.20863431677598965,0.027323995811939072,40.78887054106175,2,20.6,主口径p*加权,幂函数型,8192
1172504293.4237156,48577524081.39676,1.0,2.443440050272547,0.7650698151914511,0.2089150642016123,0.0260151206069366,41.43057245406775,2,20.65,主口径p*加权,幂函数型,8192
1233242502.8671587,51886949297.450096,1.0,2.4300878715444725,0.7660513308124315,0.2091830834005146,0.02476558578705387,42.07359799619168,2,20.7,主口径p*加权,幂函数型,8192
1297217444.2747602,55414650358.99888,1.0,2.4169795925392257,0.7669881037792915,0.20943888487199852,0.023573011348710204,42.718089094137746,2,20.75,主口径p*加权,幂函数型,8192
1364602068.6280477,59174852647.31447,1.0,2.404110301040418,0.7678819530959906,0.20968296532541184,0.022435081578597558,43.36418213612124,2,20.8,主口径p*加权,幂函数型,8192
1435578373.9226775,63182716569.6921,1.0,2.39147521063642,0.7687346419503701,0.20991580622858114,0.021349551821048845,44.0120286829392,2,20.85,主口径p*加权,幂函数型,8192
1510338579.821513,67454368789.44971,1.0,2.379069656180768,0.7695478854197658,0.21013787591195743,0.020314238668276623,44.66175312652164,2,20.9,主口径p*加权,幂函数型,8192
1589084545.6625686,72007013829.49448,1.0,2.366889089455173,0.7703233374117772,0.210349626002576,0.01932703658564683,45.313519677753305,2,20.95,主口径p*加权,幂函数型,8192
1672029285.8211496,76858960994.05246,1.0,2.354929075026567,0.7710626019590467,0.2105514945082837,0.01838590353266954,45.96747296582565,2,21.0,主口径p*加权,幂函数型,8192
1759397072.8468795,82029717809.9076,1.0,2.3431852862897755,0.771767228147742,0.21074390443287677,0.01748886741938114,46.623766218489465,2,21.05,主口径p*加权,幂函数型,8192
1851423997.57154,87540070349.1935,1.0,2.3316535016876605,0.7724387107062195,0.21092726393684502,0.01663402535693554,47.282562213743205,2,21.1,主口径p*加权,幂函数型,8192
1948358780.346435,93412158492.63622,1.0,2.320329601100819,0.7730784921777689,0.21110196693067615,0.01581954089155489,47.94402316190796,2,21.15,主口径p*加权,幂函数型,8192
2050464088.470602,99669533278.4599,1.0,2.3092095623991247,0.7736879671421353,0.21126839422761237,0.015043638630252423,48.608280359009505,2,21.2,主口径p*加权,幂函数型,8192
2158015331.8780556,106337341546.89447,1.0,2.2982894581476954,0.7742684713568005,0.21142691057849697,0.014304618064702528,49.27552644139571,2,21.25,主口径p*加权,幂函数型,8192
2271303747.044552,113442315274.34265,1.0,2.28756545246009,0.7748212968981241,0.21157786880631443,0.013600834295561543,49.94590240162954,2,21.3,主口径p*加权,幂函数型,8192
2390635324.5140514,121012967347.95894,1.0,2.2770337979917965,0.7753476826094587,0.21172160719788954,0.012930710192651818,50.619584721713025,2,21.35,主口径p*加权,幂函数型,8192
2516332993.2884984,129079639183.90222,1.0,2.266690833067352,0.7758488220624564,0.21185845167785475,0.012292726259689132,51.29672405368458,2,21.4,主口径p*加权,幂函数型,8192
2648736414.794041,137674675121.61298,1.0,2.2565329789346498,0.7763258597921286,0.21198871478057058,0.011685425427300677,51.977491740082485,2,21.45,主口径p*加权,幂函数型,8192
2788203672.2899966,146832512971.52466,1.0,2.2465567371403012,0.7767798957735571,0.21211269687256598,0.01110740735387696,52.662047048711024,2,21.5,主口径p*加权,幂函数型,8192
2935111934.107336,156589836463.13083,1.0,2.236758687020106,0.7772119853013009,0.21223068611960852,0.010557328579090591,53.35055015908787,2,21.55,主口径p*加权,幂函数型,8192
3089858827.3366547,166985702689.5226,1.0,2.2271354832989925,0.7776231411911724,0.21234295908793616,0.01003389972089143,54.043149548504836,2,21.6,主口径p*加权,幂函数型,8192
3252861545.805756,178061803356.77744,1.0,2.2176838537949943,0.7780143301798339,0.21244977976110668,0.009535890059059592,54.740049906633914,2,21.65,主口径p*加权,幂函数型,8192
3424562544.8288107,189862385953.53366,1.0,2.2084005972220995,0.7783864855087443,0.2125514029762545,0.009062111515001026,55.44135447029034,2,21.7,主口径p*加权,幂函数型,8192
3605424366.31227,202434774393.88297,1.0,2.199282581087008,0.7787404931781372,0.21264807067051006,0.008611436151352818,56.14728082645621,2,21.75,主口径p*加权,幂函数型,8192
3795936873.306956,215829232637.13354,1.0,2.190326739675111,0.7790772067292012,0.21274001591752056,0.008182777353278213,56.85796151006768,2,21.8,主口径p*加权,幂函数型,8192
3996615882.8439527,230099309700.63937,1.0,2.181530072121163,0.779397442063452,0.21282746151279328,0.007775096423754967,57.57353632316122,2,21.85,主口径p*加权,幂函数型,8192
4208002675.8578305,245302162819.08493,1.0,2.1728896405603955,0.7797019763962362,0.2129106196879322,0.007387403915831669,58.29420314450689,2,21.9,主口径p*加权,幂函数型,8192
4430669501.73142,261498555960.7921,1.0,2.164402568355996,0.7799915559595786,0.2129896942140289,0.007018749826392467,59.02009975210373,2,21.95,主口径p*加权,幂函数型,8192
4665219135.97181,278753212836.65765,1.0,2.1560660383990804,0.780266893643519,0.21306487975759025,0.0066682265988907705,59.75136530828592,2,22.0,主口径p*加权,幂函数型,8192
4912284279.976306,297135208984.11945,1.0,2.1478772914774735,0.7805286680573669,0.21313636162419836,0.006334970318434681,60.488194910729526,2,22.05,主口径p*加权,幂函数型,8192
5172534074.601613,316717963128.2607,1.0,2.1398336247098313,0.7807775302515808,0.21320431759403163,0.006018152154387662,61.23071565316932,2,22.1,主口径p*加权,幂函数型,8192
5446672158.048474,337579751409.5446,1.0,2.131932390041775,0.7810141005268735,0.21326891705053824,0.005716982422588182,61.97908403771054,2,22.15,主口径p*加权,幂函数型,8192
5735439253.479319,359803981166.34686,1.0,2.1241709928008956,0.7812389706596216,0.21333032158812062,0.005430707752257981,62.73346560999267,2,22.2,主口径p*加权,幂函数型,8192
6039616281.629627,383479455227.16565,1.0,2.1165468903076805,0.7814527059309837,0.21338868556622062,0.005158608502795507,63.49400977568298,2,22.25,主口径p*加权,幂函数型,8192
6360026170.709346,408700742871.6295,1.0,2.109057590539505,0.7816558457956301,0.21344415629192673,0.004899997912443124,64.2608586665684,2,22.3,主口径p*加权,幂函数型,8192
6697535293.656511,435568606652.06635,1.0,2.101700650845049,0.7818489044311875,0.21349687417000962,0.0046542213988028614,65.03416369669748,2,22.35,主口径p*加权,幂函数型,8192
7053055942.940017,464190397298.05927,1.0,2.0944736767066052,0.7820323719853547,0.21354697304346754,0.004420654971177678,65.8140813079337,2,22.4,主口径p*加权,幂函数型,8192
7427549091.456344,494680463533.53937,1.0,2.0873743205478763,0.782206715784638,0.21359458052359181,0.004198703691770136,66.60076661123027,2,22.45,主口径p*加权,幂函数型,8192
7822028200.053043,527160526987.2214,1.0,2.080400280585024,0.7823723817780082,0.21363981838418142,0.0039877998378104835,67.39435265442364,2,22.5,主口径p*加权,幂函数型,8192
8237559862.627801,561760305206.9541,1.0,2.0735492997188083,0.7825297944792063,0.21368280254578864,0.003787402975004968,68.19498911996389,2,22.55,主口径p*加权,幂函数型,8192
8675266678.828362,598618033362.0752,1.0,2.066819164465812,0.782679358066057,0.21372364337590466,0.0035969985580383314,69.00283939662378,2,22.6,主口径p*加权,幂函数型,8192
9136332871.465494,637880839539.2125,1.0,2.0602077039268374,0.782821458155174,0.21376244617357285,0.0034160956712533715,69.81803843109041,2,22.65,主口径p*加权,幂函数型,8192
9622005976.812561,679705431098.2292,1.0,2.053712788790661,0.7829564619791921,0.21379931121778473,0.0032442268030232558,70.64072010932092,2,22.7,主口径p*加权,幂函数型,8192
10133595284.807642,724259070442.423,1.0,2.047332330371457,0.783084718029234,0.21383433366984947,0.003080948300916787,71.4710870216257,2,22.75,主口径p*加权,幂函数型,8192
10672491715.477152,771719084031.4298,1.0,2.0410642796782654,0.783206560923985,0.21386760490297618,0.002925834173038951,72.30917620786622,2,22.8,主口径p*加权,幂函数型,8192
11240145399.080729,822275431067.4817,1.0,2.0349066265149895,0.783322305789042,0.21389921096746106,0.0027784832434969214,73.15523081531768,2,22.85,主口径p*加权,幂函数型,8192
11838093578.867786,876129752609.7509,1.0,2.028857398609486,0.7834322547195867,0.21392923435542846,0.0026385109249849417,74.00936196126482,2,22.9,主口径p*加权,幂函数型,8192
12467953168.332884,933497001998.6345,1.0,2.0229146607703847,0.7835366947093121,0.21395775343528953,0.002505551855398459,74.87171225262585,2,22.95,主口径p*加权,幂函数型,8192
13131429345.991577,994605992600.427,1.0,2.017076514070368,0.7836358991359397,0.21398484285738734,0.002379258006672971,75.74240140918357,2,23.0,主口径p*加权,幂函数型,8192
13830312787.810678,1059700865698.6261,1.0,2.0113410950546804,0.7837301273218507,0.21401057343402002,0.002259299244129336,76.62161239278635,2,23.05,主口径p*加权,幂函数型,8192
14566493484.598997,1129041393492.2239,1.0,2.005706574973751,0.7838196265515972,0.21403501269035619,0.0021453607580465594,77.50948398706578,2,23.1,主口径p*加权,幂函数型,8192
15341965784.559023,1202904004423.8806,1.0,2.0001711590388176,0.7839046324071627,0.21405822495598256,0.002037142636854796,78.40611961438134,2,23.15,主口径p*加权,幂函数型,8192
16158821831.025839,1281583816137.116,1.0,1.9947330856995595,0.783985368035858,0.21408027116499165,0.0019343607991503724,79.31171155538107,2,23.2,主口径p*加权,幂函数型,8192
17019271401.86009,1365394714651.9524,1.0,1.9893906259427634,0.7840620463176232,0.21410120944779895,0.0018367442345778747,80.22639056703238,2,23.25,主口径p*加权,幂函数型,8192
17925645639.0798,1454670761766.7651,1.0,1.9841420826111047,0.7841348699266534,0.2141210951479715,0.0017440349253752215,81.15025762840192,2,23.3,主口径p*加权,幂函数型,8192
18880392295.735226,1549768417174.2917,1.0,1.978985789741199,0.7842040309451781,0.21413998071676332,0.001655988338058342,82.08348602610123,2,23.35,主口径p*加权,幂函数型,8192
19886089629.46142,1651067391926.948,1.0,1.9739201119200984,0.7842697120763187,0.21415791604430676,0.0015723718793744512,83.02624712506963,2,23.4,主口径p*加权,幂函数型,8192
20945461918.59722,1758971447378.7793,1.0,1.9689434436594668,0.7843320875586539,0.21417494870934975,0.0014929637319964246,83.97864197098512,2,23.45,主口径p*加权,幂函数型,8192
22061369129.027138,1873911467396.7651,1.0,1.9640542087867097,0.7843913224588068,0.21419112378608485,0.0014175537551082934,84.94085097063062,2,23.5,主口径p*加权,幂函数型,8192
23236834800.27482,1996345492633.6597,1.0,1.9592508598523661,0.7844475742610194,0.21420648427820901,0.0013459414607717786,85.91297006638999,2,23.55,主口径p*加权,幂函数型,8192
24475032258.331085,2126762401266.4573,1.0,1.954531877553112,0.7845009920986682,0.21422107090907633,0.0012779369922553757,86.89518276497985,2,23.6,主口径p*加权,幂函数型,8192
25779309866.376873,2265682450001.2876,1.0,1.9498957701697648,0.7845517179998264,0.21423492246181924,0.0012133595383543956,87.88763010899467,2,23.65,主口径p*加权,幂函数型,8192
27153197565.38361,2413659545029.506,1.0,1.9453410730196963,0.7845998870414232,0.21424807582144464,0.0011520371371324235,88.89043506635004,2,23.7,主口径p*加权,幂函数型,8192
28600409802.481792,2571284030487.9214,1.0,1.9408663479231105,0.7846456274466993,0.21426056600144536,0.0010938065518553985,89.90374782199096,2,23.75,主口径p*加权,幂函数型,8192
30124854042.4285,2739185200327.28,1.0,1.936470182682657,0.7846890609350516,0.21427242623933143,0.001038512825616957,90.92775010525699,2,23.8,主口径p*加权,幂函数型,8192
31730658584.645058,2918032249335.6016,1.0,1.9321511905758852,0.7847303035206219,0.2142836882146978,0.0009860082646805028,91.96254914001946,2,23.85,主口径p*加权,幂函数型,8192
33422164524.641804,3108538664113.3384,1.0,1.9279080098600727,0.7847694652269473,0.2142943819713051,0.0009361528017476729,93.00829878392365,2,23.9,主口径p*加权,幂函数型,8192
35203945219.64036,3311464379210.2275,1.0,1.9237393032889722,0.7848066506159235,0.2143045360615215,0.0008888133225550764,94.06514975948646,2,23.95,主口径p*加权,幂函数型,8192
37080814811.17303,3527619169898.787,1.0,1.919643757641066,0.784841958980165,0.2143141775988504,0.0008438634209844942,95.13327007139715,2,24.0,主口径p*加权,幂函数型,8192
39057854173.537,3757864655516.3994,1.0,1.9156200832589172,0.7848754848351944,0.21432333239233042,0.0008011827724752566,96.21277807070307,2,24.05,主口径p*加权,幂函数型,8192
41140403553.20141,4003119735127.0737,1.0,1.9116670135992353,0.7849073177744637,0.2143320249069469,0.0007606573185894897,97.30385191653193,2,24.1,主口径p*加权,幂函数型,8192
43334097195.85149,4264362328588.7466,1.0,1.907783304793301,0.784937543057287,0.21434027842417652,0.0007221785185365766,98.40662675665452,2,24.15,主口径p*加权,幂函数型,8192
45644871428.373024,4542633939735.731,1.0,1.9039677352173952,0.7849662416812565,0.21434811506176177,0.0006856432569818506,99.52123420621606,2,24.2,主口径p*加权,幂函数型,8192
48078968170.35495,4839045062088.909,1.0,1.9002191050729107,0.7849934904548895,0.21435555579354854,0.0006509537515618673,100.64785593865177,2,24.25,主口径p*加权,幂函数型,8192
50642965760.61576,5154778249329.451,1.0,1.8965362359758329,0.785019362394251,0.21436262055779015,0.0006180170479590993,101.78665826356958,2,24.3,主口径p*加权,幂函数型,8192
53343813057.71069,5491091135701.395,1.0,1.8929179705552885,0.7850439270333399,0.21436932834190403,0.0005867446247560482,102.93773206202539,2,24.35,主口径p*加权,幂函数型,8192
56188789070.83051,5849327495927.646,1.0,1.889363172060881,0.7850672500604301,0.2143756970831681,0.0005570528564018387,104.10132684215878,2,24.4,主口径p*加权,幂函数型,8192
59185604178.77885,6230914253878.973,1.0,1.8858707239785446,0.7850893942290683,0.21438174391748424,0.0005288618534475647,105.27753058087532,2,24.45,主口径p*加权,幂函数型,8192
62342358546.92845,6637373573188.425,1.0,1.8824395296546528,0.785110418964768,0.2143874850719793,0.0005020959632527645,106.46651374590066,2,24.5,主口径p*加权,幂函数型,8192
65667593587.39767,7070325868309.311,1.0,1.8790685119281407,0.7851303807674872,0.2143929359749085,0.0004766832576043996,107.66841728255721,2,24.55,主口径p*加权,幂函数型,8192
69170274201.08737,7531500659832.437,1.0,1.8757566127704022,0.785149333123513,0.21439811123159397,0.00045255564489311156,108.88348711669614,2,24.6,主口径p*加权,幂函数型,8192
72859918839.67908,8022732016630.6455,1.0,1.8725027929327414,0.7851673272207232,0.21440302481973883,0.00042964795953795095,110.11173419344401,2,24.65,主口径p*加权,幂函数型,8192
76746452236.98755,8545984677597.761,1.0,1.8693060316011525,0.7851844111796171,0.21440768987944747,0.00040789894093522325,111.35348186790931,2,24.7,主口径p*加权,幂函数型,8192
80840420631.39299,9103341290434.385,1.0,1.8661653260582427,0.7852006311157088,0.2144121190033296,0.00038724988096174793,112.60878183628918,2,24.75,主口径p*加权,幂函数型,8192
85152866328.09871,9697027687658.916,1.0,1.8630796913520746,0.7852160305518194,0.21441632407601682,0.00036764537216371125,113.87787758424633,2,24.8,主口径p*加权,幂函数型,8192
89695472269.05772,10329408963587.867,1.0,1.8600481599717635,0.7852306510069031,0.21442031643495169,0.00034903255814535533,115.16087381315018,2,24.85,主口径p*加权,幂函数型,8192
94480523844.14464,11003006711796.668,1.0,1.8570697815296313,0.7852445318291142,0.21442410682480345,0.0003313613460823707,116.45793507609316,2,24.9,主口径p*加权,幂函数型,8192
99520945857.58495,11720508766433.238,1.0,1.8541436224497527,0.7852577103436469,0.2144277054378385,0.0003145842185146478,117.76926621261573,2,24.95,主口径p*加权,幂函数型,8192
104830364851.72481,12484776765205.283,1.0,1.8512687656627238,0.7852702220332838,0.21443112196322206,0.00029865600349416785,119.0950425753466,2,25.0,主口径p*加权,幂函数型,8192
110423140822.45541,13298858103937.809,1.0,1.8484443103064938,0.7852821006063935,0.21443436560558587,0.00028353378802046717,120.43542689408252,2,25.05,主口径p*加权,幂函数型,8192
116314397568.65431,14165999079861.602,1.0,1.8456693714331032,0.7852933780646919,0.21443744510353185,0.00026917683177634586,121.79058978060006,2,25.1,主口径p*加权,幂函数型,8192
122520081192.67252,15089655684140.803,1.0,1.8429430797211845,0.7853040848202717,0.21444036876158887,0.00025554641813952625,123.16067323209757,2,25.15,主口径p*加权,幂函数型,8192
129056946647.36632,16073514323139.605,1.0,1.840264581194078,0.785314249681083,0.21444314444624776,0.00024260587266917015,124.5459058244938,2,25.200000000000003,主口径p*加权,幂函数型,8192
135942681942.68672,17121496865945.432,1.0,1.8376330369434326,0.7853239000655075,0.21444577964455455,0.0002303202899381712,125.94644022959497,2,25.25,主口径p*加权,幂函数型,8192
143195904359.5689,18237782594482.723,1.0,1.835047622858149,0.7853330619851516,0.21444828145941208,0.00021865655543627414,127.36245967403609,2,25.3,主口径p*加权,幂函数型,8192
150836213166.4065,19426824660657.098,1.0,1.832507529358548,0.7853417601269905,0.21445065663201024,0.00020758324099938314,128.79416854111096,2,25.35,主口径p*加权,幂函数型,8192
158884311906.97464,20693358902724.637,1.0,1.8300119611356371,0.7853500179928679,0.21445291157991914,0.00019707042721298448,130.24167492911707,2,25.4,主口径p*加权,幂函数型,8192
167361899918.0315,22042443973315.766,1.0,1.8275601368953491,0.7853578577888528,0.2144550523668761,0.00018708984427100116,131.70526854744986,2,25.450000000000003,主口径p*加权,幂函数型,8192
176291930596.56204,23479455705936.836,1.0,1.8251512891076556,0.785365300693236,0.2144570847759663,0.0001776145307979082,133.1850846858598,2,25.5,主口径p*加权,幂函数型,8192
185698588811.10593,25010119271114.39,1.0,1.8227846637604224,0.7853723668109917,0.2144590142971881,0.00016861889182033133,134.68125649869575,2,25.55,主口径p*加权,幂函数型,8192
195607233111.30496,26640548719830.23,1.0,1.8204595201179192,0.7853790751482029,0.21446084612046926,0.00016007873132785946,136.19408800016691,2,25.6,主口径p*加权,幂函数型,8192
206044716992.83398,28377237427021.82,1.0,1.8181751304838694,0.7853854438485554,0.2144625852002455,0.00015197095119929408,137.7236836798332,2,25.65,主口径p*加权,幂函数型,8192
217039202966.9863,30227118944247.863,1.0,1.8159307799689373,0.7853914900625851,0.21446423621975658,0.00014427371765833108,139.2703185923775,2,25.700000000000003,主口径p*加权,幂函数型,8192
228620518823.18246,32197556127991.29,1.0,1.8137257662625688,0.7853972301603386,0.2144658036491165,0.00013696619054506373,140.83406114957347,2,25.75,主口径p*加权,幂函数型,8192
240819876958.11685,34296420718821.84,1.0,1.8115593994090713,0.7854026795819073,0.2144672917044995,0.0001300287135933563,142.41524060236372,2,25.8,主口径p*加权,幂函数型,8192
253670303870.6522,36532076617451.2,1.0,1.8094310015878634,0.785407853057828,0.21446870440832427,0.00012344253384776583,144.01400581787885,2,25.85,主口径p*加权,幂函数型,8192
267206592624.00797,38913432030515.4,1.0,1.807339906897787,0.7854127645699917,0.21447004557857907,0.00011718985142935453,145.63050876993634,2,25.9,主口径p*加权,幂函数型,8192
281465257395.00916,41449995488358.68,1.0,1.8052854611454043,0.7854174273465057,0.21447131882741913,0.00011125382607523994,147.2650510119181,2,25.950000000000003,主口径p*加权,幂函数型,8192
296484900696.259,44151874859388.2,1.0,1.8032670216372035,0.7854218539943618,0.21447252759739377,0.00010561840824442396,148.91778554558041,2,26.0,主口径p*加权,幂函数型,8192
20590238.73130562,386874701.7191214,0.9878184086713434,4.642330711620921,0.4779505480499618,0.5220494519500383,0.0,18.789228564451413,0,17.0,主口径p*加权,幂函数型,32768
21689124.67967224,412087734.5028778,0.9878184086713434,4.590641054050877,0.4779505480499618,0.5220494519500383,0.0,18.999740219534996,0,17.05,主口径p*加权,幂函数型,32768
22846657.583347518,438943923.0705519,0.9878184086713434,4.539857132319213,0.47795054804996184,0.5220494519500383,0.0,19.212610048941666,0,17.1,主口径p*加权,幂函数型,32768
24065965.82856162,467550383.8096196,0.9878184086713434,4.489963075602881,0.47795054804996173,0.5220494519500383,0.0,19.427867019354288,0,17.15,主口径p*加权,幂函数型,32768
25350349.303611673,498021125.7743368,0.9878184086713434,4.440943291176488,0.4779505480499619,0.5220494519500383,0.0,19.64553307765994,0,17.2,主口径p*加权,幂函数型,32768
26703279.119064935,530477683.29898643,0.9878184086713434,4.392782459539337,0.4779505480499619,0.5220494519500383,0.0,19.86563825864552,0,17.25,主口径p*加权,幂函数型,32768
28128415.307678487,565049438.7446524,0.9878184086713434,4.345465529627803,0.47795054804996173,0.5220494519500383,0.0,20.08820733638718,0,17.3,主口径p*加权,幂函数型,32768
29629607.225150857,601874327.3572189,0.9878184086713434,4.298977714111637,0.4779505480499618,0.5220494519500383,0.0,20.313273908211738,0,17.35,主口径p*加权,幂函数型,32768
31210918.08121098,641099103.7684342,0.9878184086713434,4.25330448477268,0.47795054804996173,0.5220494519500382,0.0,20.54086015990593,0,17.4,主口径p*加权,幂函数型,32768
32876620.278416444,682880242.9634372,0.9878184086713434,4.208431567964533,0.4779505480499618,0.5220494519500383,0.0,20.770998879460528,0,17.45,主口径p*加权,幂函数型,32768
34631224.08946063,727384212.9958082,0.9878184086713434,4.164344940151836,0.4779505480499618,0.5220494519500383,0.0,21.00371072985474,0,17.5,主口径p*加权,幂函数型,32768
36479467.925923765,774788593.3351724,0.9878184086713434,4.1210308235276525,0.47795054804996173,0.5220494519500383,0.0,21.23903218403514,0,17.55,主口径p*加权,幂函数型,32768
38426347.48845739,825282446.312042,0.9878184086713434,4.078475681707683,0.4779505480499618,0.5220494519500383,0.0,21.476994308656128,0,17.6,主口径p*加权,幂函数型,32768
40477132.76811706,879066990.3116308,0.9878184086713434,4.036666215499934,0.4779505480499618,0.5220494519500383,0.0,21.717620053465158,0,17.65,主口径p*加权,幂函数型,32768
42637366.613916546,936356737.4945617,0.9878184086713434,3.9955893587484663,0.4779505480499618,0.5220494519500383,0.0,21.960942052855142,0,17.7,主口径p*加权,幂函数型,32768
44912893.370587364,997380055.7602707,0.9878184086713434,3.9552322742500334,0.47795054804996184,0.5220494519500382,0.0,22.206987368429857,0,17.75,主口径p*加权,幂函数型,32768
47309865.34203023,1062380282.3162441,0.9878184086713434,3.9155823497422286,0.4779505480499618,0.5220494519500382,0.0,22.455787490319114,0,17.8,主口径p*加权,幂函数型,32768
49834755.28290337,1131616792.7223701,0.9878184086713434,3.8766271939619408,0.47795054804996173,0.5220494519500383,0.0,22.70738135059308,0,17.85,主口径p*加权,幂函数型,32768
52494401.64342601,1205365407.9687696,0.9878184086713434,3.838354632772887,0.47795054804996184,0.5220494519500383,0.0,22.961789642947956,0,17.9,主口径p*加权,幂函数型,32768
55295987.32427112,1283920392.0079398,0.9878184086713434,3.800752705360975,0.4779505480499618,0.5220494519500382,0.0,23.21905176371428,0,17.95,主口径p*加权,幂函数型,32768
58247097.70371743,1367594744.0366576,0.9878184086713434,3.7638096604963702,0.47795054804996173,0.5220494519500383,0.0,23.479191203536573,0,18.0,主口径p*加权,幂函数型,32768
61355698.932643354,1456722424.82456,0.9878184086713434,3.7275139528610244,0.4779505480499618,0.5220494519500384,0.0,23.742251333877856,0,18.05,主口径p*加权,幂函数型,32768
64630207.84223424,1551658557.7388198,0.9878184086713434,3.6918542394405782,0.4779505480499618,0.5220494519500383,0.0,24.008255729681398,0,18.1,主口径p*加权,幂函数型,32768
68079478.4754865,1652781691.6142685,0.9878184086713434,3.656819375979481,0.47795054804996173,0.5220494519500383,0.0,24.277237849426072,0,18.15,主口径p*加权,幂函数型,32768
71712830.53612849,1760495214.6738865,0.9878184086713434,3.6223984134982143,0.47795054804996173,0.5220494519500383,0.0,24.549236189846944,0,18.2,主口径p*加权,幂函数型,32768
75540093.83117719,1875228494.5827441,0.9878184086713434,3.588580594871568,0.47795054804996184,0.5220494519500383,0.0,24.824280716061182,0,18.25,主口径p*加权,幂函数型,32768
79571608.18957588,1997439242.966359,0.9878184086713434,3.5553553514668494,0.4779505480499618,0.5220494519500383,0.0,25.10241138029468,0,18.3,主口径p*加权,幂函数型,32768
83818279.89460714,2127614637.3941104,0.9878184086713434,3.522712299841016,0.4779505480499618,0.5220494519500383,0.0,25.38365903081484,0,18.35,主口径p*加权,幂函数型,32768
88291612.10648909,2266273220.328228,0.9878184086713434,3.4906412384956678,0.4779505480499618,0.5220494519500384,0.0,25.66804667237088,0,18.4,主口径p*加权,幂函数型,32768
93003668.91942243,2413968685.793768,0.9878184086713434,3.4591321446889105,0.4779505480499618,0.5220494519500383,0.0,25.95562856649461,0,18.45,主口径p*加权,幂函数型,32768
97967210.77511042,2571289463.0857067,0.9878184086713434,3.4281751713030912,0.4779505480499618,0.5220494519500383,0.0,26.246429215875658,0,18.5,主口径p*加权,幂函数型,32768
103195646.39569479,2738863181.4530845,0.9878184086713434,3.3977606437673966,0.47795054804996184,0.5220494519500384,0.0,26.540491552823365,0,18.55,主口径p*加权,幂函数型,32768
108703122.10354638,2917357794.737719,0.9878184086713434,3.3678790570343993,0.4779505480499618,0.5220494519500383,0.0,26.837847324741574,0,18.6,主口径p*加权,幂函数型,32768
114504530.54518263,3107485014.741187,0.9878184086713434,3.3385210726095655,0.4779505480499618,0.5220494519500384,0.0,27.138533295981652,0,18.65,主口径p*加权,幂函数型,32768
120615550.0832621,3310003185.3609805,0.9878184086713434,3.309677515632815,0.4779505480499619,0.5220494519500384,0.0,27.442590802562794,0,18.7,主口径p*加权,幂函数型,32768
127052718.89813466,3525719440.150382,0.9878184086713434,3.281339372011238,0.47795054804996184,0.5220494519500383,0.0,27.75005108688111,0,18.75,主口径p*加权,幂函数型,32768
133833422.39652628,3755494494.454034,0.9878184086713434,3.2534977856020273,0.47795054804996184,0.5220494519500383,0.0,28.0609613593167,0,18.8,主口径p*加权,幂函数型,32768
140976028.49069452,4000243626.0336084,0.9878184086713434,3.2261440554447973,0.47795054804996184,0.5220494519500384,0.0,28.375346283057297,0,18.85,主口径p*加权,幂函数型,32768
148499810.4147029,4260943881.0933194,0.9878184086713434,3.1992696330423764,0.4779505480499618,0.5220494519500383,0.0,28.693261420295023,0,18.9,主口径p*加权,幂函数型,32768
156425125.2852607,4538634416.458024,0.9878184086713434,3.172866119689268,0.4779505480499618,0.5220494519500382,0.0,29.0147404912175,0,18.95,主口径p*加权,幂函数型,32768
164773418.23401785,4834422052.339748,0.9878184086713434,3.1469252638469136,0.4779505480499618,0.5220494519500383,0.0,29.33981769725568,0,19.0,主口径p*加权,幂函数型,32768
173567265.4455419,5149486125.539554,0.9878184086713434,3.121438958564946,0.47795054804996173,0.5220494519500382,0.0,29.6685329017599,0,19.05,主口径p*加权,幂函数型,32768
182830429.72162732,5485083376.959244,0.9878184086713434,3.096399238947635,0.4779505480499618,0.5220494519500383,0.0,30.00093247776469,0,19.1,主口径p*加权,幂函数型,32768
192587949.7884318,5842552232.501648,0.9878184086713434,3.0717982796647236,0.47795054804996173,0.5220494519500382,0.0,30.337060231026943,0,19.15,主口径p*加权,幂函数型,32768
202866232.85824853,6223317365.871827,0.9878184086713434,3.0476283925058794,0.4779505480499619,0.5220494519500384,0.0,30.676950413035616,0,19.2,主口径p*加权,幂函数型,32768
213693058.63840815,6628897416.615351,0.9878184086713434,3.023882023978005,0.4779505480499618,0.5220494519500383,0.0,31.02064923799029,0,19.25,主口径p*加权,幂函数型,32768
225097693.74447167,7060909873.391614,0.9878184086713434,3.000551752944642,0.4779505480499618,0.5220494519500384,0.0,31.368201761352022,0,19.3,主口径p*加权,幂函数型,32768
237110990.96481374,7521076878.778111,0.9878184086713434,2.9776302883067443,0.4779505480499618,0.5220494519500383,0.0,31.719646770377704,0,19.35,主口径p*加权,幂函数型,32768
249765432.3976908,8011233347.052782,0.9878184086713434,2.9551104667240877,0.4779505480499618,0.5220494519500383,0.0,32.07502843827019,0,19.4,主口径p*加权,幂函数型,32768
263095215.50750682,8533334367.268684,0.9878184086713434,2.9329852503766007,0.4779505480499618,0.5220494519500383,0.0,32.43439585477831,0,19.45,主口径p*加权,幂函数型,32768
277136436.33510983,9089460055.311573,0.9878184086713434,2.911247724764938,0.4779505480499618,0.5220494519500383,0.0,32.79778067262406,0,19.5,主口径p*加权,幂函数型,32768
291927008.59991145,9681829637.996223,0.9878184086713434,2.889891096549577,0.4779505480499618,0.5220494519500383,0.0,33.165241148568256,0,19.55,主口径p*加权,幂函数型,32768
307506938.90514654,10312804703.21119,0.9878184086713434,2.8689086914277904,0.4779505480499618,0.5220494519500383,0.0,33.536819493989604,0,19.6,主口径p*加权,幂函数型,32768
323918353.0031794,10984901271.88431,0.9878184086713434,2.8482939520478117,0.47795054804996184,0.5220494519500384,0.0,33.912562131903925,0,19.65,主口径p*加权,幂函数型,32768
341205640.1854778,11700798813.367815,0.9878184086713434,2.8280404359595503,0.4779505480499618,0.5220494519500383,0.0,34.29251288755753,0,19.7,主口径p*加权,幂函数型,32768
359415547.84129065,12463351784.128164,0.9878184086713434,2.8081418136012295,0.47795054804996173,0.5220494519500383,0.0,34.67671851978892,0,19.75,主口径p*加权,幂函数型,32768
378597275.75788385,13275602154.76879,0.9878184086713434,2.7885918663212816,0.47795054804996184,0.5220494519500383,0.0,35.06523423390571,0,19.8,主口径p*加权,幂函数型,32768
398802726.6785652,14140787453.741941,0.9878184086713434,2.7693844844349216,0.47795054804996173,0.5220494519500382,0.0,35.45810123093619,0,19.85,主口径p*加权,幂函数型,32768
420086568.0506258,15062356348.746479,0.9878184086713434,2.7505136653147675,0.4779505480499618,0.5220494519500383,0.0,35.85536290446514,0,19.9,主口径p*加权,幂函数型,32768
442506292.5679188,16043985569.074677,0.9878184086713434,2.7319735115149144,0.4779505480499618,0.5220494519500383,0.0,36.25707891286572,0,19.95,主口径p*加权,幂函数型,32768
466122551.6535769,17089588219.322182,0.9878184086713434,2.713758228927893,0.4779505480499618,0.5220494519500383,0.0,36.66329414592065,0,20.0,主口径p*加权,幂函数型,32768
490999146.0178388,18203335637.312622,0.9878184086713434,2.6958621249739054,0.47795054804996184,0.5220494519500383,0.0,37.0740678165075,0,20.05,主口径p*加权,幂函数型,32768
517203400.7191094,19389666608.41913,0.9878184086713434,2.678279606821808,0.47795054804996173,0.5220494519500383,0.0,37.48944144887702,0,20.1,主口径p*加权,幂函数型,32768
544806178.5927547,20653311217.867332,0.9878184086713434,2.661005179641253,0.47795054804996173,0.5220494519500383,0.0,37.909465841990354,0,20.15,主口径p*加权,幂函数型,32768
573882073.0080224,21999309775.931736,0.9878184086713434,2.6440334448854563,0.47795054804996184,0.5220494519500384,0.0,38.334199325345025,0,20.2,主口径p*加权,幂函数型,32768
620839732.3986839,22137204883.307102,1.0,2.6272537977602,0.4637175556851237,0.5065032288230045,0.02977921549187194,35.656875241823734,2,20.25,主口径p*加权,幂函数型,32768
652864323.8255159,23654523674.821,1.0,2.610615995969972,0.4643959189281089,0.507244182381209,0.02835989869068212,36.23191344905361,2,20.3,主口径p*加权,幂函数型,32768
686594631.1613542,25272152726.66477,1.0,2.5942838498787824,0.4650438345647864,0.507951879033964,0.027004286401249817,36.807967292021615,2,20.35,主口径p*加权,幂函数型,32768
722121871.5470293,26996627537.38026,1.0,2.5782511022035077,0.46566249870704346,0.5086276252544134,0.025709876038543206,37.38514037740521,2,20.4,主口径p*加权,幂函数型,32768
759542279.7026905,28834903861.9524,1.0,2.5625116607829312,0.46625307806180943,0.5092726953976457,0.024474226540545,37.96352702477513,2,20.45,主口径p*加权,幂函数型,32768
798956869.1688771,30794403792.12669,1.0,2.547059592485976,0.466816701485404,0.5098883224757906,0.02329497603880537,38.54326182108038,2,20.5,主口径p*加权,幂函数型,32768
840472101.4538535,32883031269.65333,1.0,2.5318891173890625,0.4673544668606264,0.5104757056696337,0.02216982746973997,39.124476841970214,2,20.55,主口径p*加权,幂函数型,32768
884200279.3558074,35109199364.892365,1.0,2.5169946032118466,0.4678674414716405,0.5110360107380906,0.021096547790268916,39.70729277587597,2,20.6,主口径p*加权,幂函数型,32768
930259758.0484987,37481867022.81646,1.0,2.5023705600007498,0.46835665997868925,0.5115703678060564,0.020072972215254423,40.29182892039317,2,20.65,主口径p*加权,幂函数型,32768
978774879.8529865,40010590062.911606,1.0,2.4880116350499257,0.46882312063196757,0.5120798672289437,0.019097012139088664,40.87823552329138,2,20.7,主口径p*加权,幂函数型,32768
1029876944.6367518,42705534459.626656,1.0,2.4739126080495546,0.4692677921204425,0.512565567073422,0.018166640806135385,41.46663801148528,2,20.75,主口径p*加权,幂函数型,32768
1083704014.6894298,45577538678.10738,1.0,2.4600683864515824,0.4696916082574723,0.5130284873126951,0.017279904429832668,42.05718356701769,2,20.8,主口径p*加权,幂函数型,32768
1140401670.0975885,48638141608.529686,1.0,2.446474001043316,0.4700954718084443,0.5134696140073035,0.01643491418425216,42.65000910106308,2,20.85,主口径p*加权,幂函数型,32768
1200123355.002191,51899630165.02197,1.0,2.433124601719552,0.47048025403734495,0.5138898988098574,0.015629847152797683,43.2452463729674,2,20.9,主口径p*加权,幂函数型,32768
1263030313.0439157,55375108706.99007,1.0,2.420015453444199,0.4708467922501196,0.5142902562817306,0.014862951468149792,43.843055970315945,2,20.95,主口径p*加权,幂函数型,32768
1329292551.7805526,59078529330.13284,1.0,2.407141932392679,0.471195894052167,0.5146715685433804,0.01413253740445261,44.44358711782346,2,21.0,主口径p*加权,幂函数型,32768
1399089672.1476312,63024730622.35198,1.0,2.3944995222666403,0.47152833912242414,0.5150346872121199,0.013436973665456112,45.0469558006298,2,21.05,主口径p*加权,幂函数型,32768
1472610007.333228,67229555947.85757,1.0,2.3820838107728655,0.4718448731746027,0.5153804268061793,0.012774700019217912,45.65333361383615,2,21.1,主口径p*加权,幂函数型,32768
1550052448.9779243,71709859035.4219,1.0,2.3698904862585404,0.4721462153138181,0.5157095727801064,0.0121442119060756,46.2628597391695,2,21.15,主口径p*加权,幂函数型,32768
1631626505.095165,76483591903.01021,1.0,2.35791533449535,0.4724330561104186,0.5160228794208732,0.011544064468708072,46.875673853158744,2,21.2,主口径p*加权,幂函数型,32768
1717552454.1891418,81569895804.48215,1.0,2.34615423560518,0.47270605711126473,0.5163210693140642,0.010972873574671143,47.49193866279407,2,21.25,主口径p*加权,幂函数型,32768
1808062940.629779,86989131243.1885,1.0,2.3346031611204943,0.47296585494075877,0.5166048378232928,0.010429307235948584,48.1117826644291,2,21.3,主口径p*加权,幂函数型,32768
1903402689.7384691,92763001389.34291,1.0,2.3232581711727396,0.4732130589491859,0.5168748505215642,0.009912090529250064,48.73535268676578,2,21.35,主口径p*加权,幂函数型,32768
2003829166.6729853,98914639790.941,1.0,2.3121154118024556,0.4734482524472791,0.5171317445397481,0.00942000301297273,49.36281068069879,2,21.4,主口径p*加权,幂函数型,32768
2109614355.9080515,105468649979.38081,1.0,2.3011711123850023,0.47367199600854987,0.5173761321736055,0.008951871817844988,49.9942796103999,2,21.45,主口径p*加权,幂函数型,32768
2221044145.8954706,112451268948.24364,1.0,2.290421583166134,0.4738848249955032,0.5176085981817551,0.008506576822741875,50.62991168187971,2,21.5,主口径p*加权,幂函数型,32768
2338419476.243882,119890454663.08986,1.0,2.279863212901884,0.4740872515642488,0.5178297019752436,0.008083046460507792,51.26986662618185,2,21.55,主口径p*加权,幂函数型,32768
2462058093.449234,127815949717.25876,1.0,2.269492466597523,0.4742797669819742,0.5180399801488444,0.007680252869181385,51.91427044606989,2,21.6,主口径p*加权,幂函数型,32768
2592294299.904394,136259455491.2564,1.0,2.2593058833405597,0.4744628403436197,0.5182399450793244,0.007297214577055941,52.56326625270972,2,21.65,主口径p*加权,幂函数型,32768
2729480077.8027606,145254748209.78482,1.0,2.2493000742230462,0.4746369199097139,0.5184300863867168,0.006932993703569155,53.217002531381475,2,21.7,主口径p*加权,幂函数型,32768
2873986827.223002,154837772084.10776,1.0,2.239471720348648,0.4748024348119742,0.5186108727972923,0.0065866923907333605,53.87560256625122,2,21.75,主口径p*加权,幂函数型,32768
3026204430.466931,165046885713.69577,1.0,2.229817570920182,0.4749597935432862,0.5187827504942134,0.006257455962500446,54.53923867536923,2,21.8,主口径p*加权,幂函数型,32768
3186545084.8243527,175922866971.2594,1.0,2.220334441403554,0.4751093878267611,0.518946147343577,0.0059444648296620205,55.208026965969175,2,21.85,主口径p*加权,幂函数型,32768
3355442563.36033,187509173681.93216,1.0,2.2110192117642073,0.47525159113444426,0.519101471276449,0.005646937589106714,55.88209904989399,2,21.9,主口径p*加权,幂函数型,32768
3533352975.1244264,199852141475.08112,1.0,2.2018688247724216,0.47538675929673946,0.5192491109545185,0.0053641297487421104,56.561612406709344,2,21.95,主口径p*加权,幂函数型,32768
3720757819.5308332,213001067583.21655,1.0,2.192880284373992,0.4755152326672011,0.5193894381346281,0.005095329198170778,57.246689495656234,2,22.0,主口径p*加权,幂函数型,32768
3918163488.6623435,227008507674.85757,1.0,2.184050654122982,0.4756373353631003,0.5195228068392691,0.004839857797630552,57.93747717055013,2,22.05,主口径p*加权,幂函数型,32768
4126104051.6757,241930405551.89148,1.0,2.1753770556734366,0.475753376913045,0.519649555156222,0.004597067930732977,58.63410193294527,2,22.1,主口径p*加权,幂函数型,32768
4345141263.797809,257826398798.22745,1.0,2.1668566673271044,0.4758636520123508,0.5197700049713572,0.004366343016292067,59.33671269708685,2,22.15,主口径p*加权,幂函数型,32768
4575868508.684066,274759914509.05112,1.0,2.158486722634376,0.4759684423774984,0.5198844639941956,0.0041470936283058745,60.04541301560847,2,22.2,主口径p*加权,幂函数型,32768
4818908311.774439,292798664050.4795,1.0,2.1502645090457966,0.476068015376197,0.519993224261574,0.0039387603622290995,60.76037249662132,2,22.25,主口径p*加权,幂函数型,32768
5074918812.958138,312014628559.2832,1.0,2.1421873666116613,0.4761626267927624,0.5200965651581746,0.0037408080490629646,61.48169853724455,2,22.3,主口径p*加权,幂函数型,32768
5344591494.843953,332484588718.83905,1.0,2.134252686727317,0.47625251964247173,0.5201947521214837,0.0035527282360445756,62.20954193404573,2,22.35,主口径p*加权,幂函数型,32768
5628656796.639698,354290202365.05664,1.0,2.1264579109219657,0.4763379260725143,0.5202880387181382,0.0033740352093474496,62.94400514463193,2,22.4,主口径p*加权,幂函数型,32768
5927881366.21455,377518622528.45013,1.0,2.118800529688829,0.47641906635051273,0.5203766655391202,0.0032042681103671908,63.68525265705975,2,22.45,主口径p*加权,幂函数型,32768
6243074812.985566,402262554384.8646,1.0,2.1112780813547167,0.47649615081940616,0.5204608623350101,0.003042986845583905,64.43340283992119,2,22.5,主口径p*加权,幂函数型,32768
6575089492.169654,428620773865.9079,1.0,2.103888150987089,0.47656937960412254,0.5205408476955964,0.0028897727002811647,65.1885840301272,2,22.55,主口径p*加权,幂函数型,32768
6924823286.336169,456698491818.014,1.0,2.096628369336854,0.4766389432140611,0.5206168297079451,0.002744227077993924,65.95092364582881,2,22.6,主口径p*加权,幂函数型,32768
7293221833.614915,486607786661.0306,1.0,2.0894964118152095,0.476705022943917,0.520689006394209,0.0026059706618742915,66.72055200874665,2,22.65,主口径p*加权,幂函数型,32768
7681281637.352235,518468014697.6196,1.0,2.0824899975029574,0.4767677913934708,0.520757566279375,0.002474642327154203,67.49759209145954,2,22.7,主口径p*加权,幂函数型,32768
8090051386.41089,552406378132.4078,1.0,2.0756068881907814,0.4768274126493809,0.5208226885898304,0.002349898760788717,68.28218409839793,2,22.75,主口径p*加权,幂函数型,32768
8520635857.536947,588558362601.4315,1.0,2.0688448874490803,0.4768840428761257,0.5208845438988297,0.002231413225044705,69.07446491576341,2,22.8,主口径p*加权,幂函数型,32768
8974200990.20278,627068131510.9579,1.0,2.0622018397260233,0.476937830906842,0.5209432947718466,0.002118874321311365,69.87453615040872,2,22.85,主口径p*加权,幂函数型,32768
9451971378.697542,668089491521.7382,1.0,2.0556756294725553,0.47698891789719616,0.5209990953885107,0.0020119867142931245,70.68255549603656,2,22.9,主口径p*加权,幂函数型,32768
9955241008.59289,711785990002.5709,1.0,2.0492641802931746,0.4770374385368984,0.5210520928659029,0.001910468597198751,71.49861961033301,2,22.95,主口径p*加权,幂函数型,32768
10485367484.704807,758332220448.363,1.0,2.042965454121349,0.47708352041359586,0.521102426563757,0.001814053022647237,72.32290347043686,2,23.0,主口径p*加权,幂函数型,32768
11043787535.485308,807913676345.331,1.0,2.0367774504185103,0.47712728543960725,0.5211502296428351,0.0017224849175577358,73.15548888905967,2,23.05,主口径p*加权,幂函数型,32768
11632010815.097652,860728208754.2408,1.0,2.03069820539561,0.47716884920863967,0.5211956283622902,0.001635522429070067,73.99651035718324,2,23.1,主口径p*加权,幂函数型,32768
12251625159.726065,916986742478.4917,1.0,2.024725791256308,0.4772083214942871,0.52123874262416,0.0015529358815529097,74.84613106617398,2,23.15,主口径p*加权,幂函数型,32768
12904307921.932999,976913595030.1226,1.0,2.0188583154608746,0.47724580697385705,0.5212796867639782,0.0014745062621648718,75.70445474024197,2,23.2,主口径p*加权,幂函数型,32768
13591823662.65288,1040747874593.4077,1.0,2.0130939200099673,0.4772814050108612,0.5213185693131966,0.0014000256759422816,76.57161396620654,2,23.25,主口径p*加权,幂函数型,32768
14316033410.349512,1108744095877.1057,1.0,2.007430780747474,0.47731521016629697,0.5213554935576407,0.0013292962760622833,77.4477164237099,2,23.3,主口径p*加权,幂函数型,32768
15078891531.23744,1181173823607.8286,1.0,2.0018671066816656,0.47734731205806263,0.5213905573839533,0.0012621305579841135,78.33293456358568,2,23.35,主口径p*加权,幂函数型,32768
15882460510.068115,1258326029782.3389,1.0,1.996401139323935,0.4773777960526231,0.5214238540350785,0.0011983499122985464,79.22739861274444,2,23.4,主口径p*加权,幂函数型,32768
16728919716.043144,1340507974614.2808,1.0,1.9910311520444406,0.4774067435040198,0.521455472371324,0.001137784124656195,80.1311738814028,2,23.45,主口径p*加权,幂函数型,32768
17620550277.893013,1428048102760.3691,1.0,1.9857554494440106,0.4774342312357033,0.5214854963043842,0.0010802724599126544,81.04446684346846,2,23.5,主口径p*加权,幂函数型,32768
18559768905.8117,1521295153032.9146,1.0,1.980572366741696,0.4774603326917033,0.5215140060547244,0.0010256612535723489,81.9673542678942,2,23.55,主口径p*加权,幂函数型,32768
19549111868.712402,1620621355605.2234,1.0,1.9754802691773898,0.477485117389415,0.5215410775538785,0.0009738050567067041,82.89999906333163,2,23.6,主口径p*加权,幂函数型,32768
20591255586.724445,1726422807999.5503,1.0,1.9704775514289667,0.47750865151440347,0.5215667830941324,0.0009245653914641229,83.84252241095032,2,23.65,主口径p*加权,幂函数型,32768
21689016978.79189,1839121616582.1482,1.0,1.9655626370434154,0.47753099789981845,0.5215911913060417,0.0008778107941398804,84.79506555693563,2,23.7,主口径p*加权,幂函数型,32768
22845366693.652893,1959167109379.4426,1.0,1.9607339778814779,0.4775522163102674,0.5216143674684948,0.0008334162212379917,85.75774403847744,2,23.75,主口径p*加权,幂函数型,32768
24063426888.841965,2087038500394.5002,1.0,1.955990053575313,0.4775723634042067,0.5216363734676349,0.000791263128158368,86.7307266764338,2,23.8,主口径p*加权,幂函数型,32768
25346496501.245052,2223245358815.715,1.0,1.951329370998749,0.4775914931761622,0.5216572682798828,0.0007512385439550869,87.71410907643612,2,23.85,主口径p*加权,幂函数型,32768
26698041199.60498,2368331273940.288,1.0,1.9467504637496937,0.47760965677810957,0.5216771077768365,0.0007132354450538047,88.70805375696736,2,23.9,主口径p*加权,幂函数型,32768
28121713832.32063,2522875074258.642,1.0,1.9422518916442988,0.47762690284438986,0.5216959450801657,0.0006771520754446422,89.71270703135707,2,23.95,主口径p*加权,幂函数型,32768
29621371419.601604,2687492480285.655,1.0,1.9378322402225006,0.4776432776755663,0.5217138307624319,0.0006428915620018657,90.72815847098954,2,24.0,主口径p*加权,幂函数型,32768
31201062247.59088,2862840653528.759,1.0,1.9334901202645598,0.47765882509261387,0.5217308126878257,0.0006103622195605275,91.75458934093844,2,24.05,主口径p*加权,幂函数型,32768
32865063114.53658,3049618450083.1675,1.0,1.9292241673182648,0.47767358684610456,0.5217469364591052,0.00057947669479031,92.7921069086366,2,24.1,主口径p*加权,幂函数型,32768
34617866560.63461,3248571427355.1885,1.0,1.9250330412364554,0.47768760248382724,0.5217622452730017,0.000550152243171144,93.84089056051974,2,24.15,主口径p*加权,幂函数型,32768
36464217509.89763,3460492557152.3223,1.0,1.9209154257245562,0.47770090967242396,0.521776780271533,0.000522310056043257,94.90105076882637,2,24.2,主口径p*加权,幂函数型,32768
38409107024.11055,3686227153077.6978,1.0,1.91687002789782,0.4777135441318909,0.52179058047046,0.0004958753976490788,95.97273768337655,2,24.25,主口径p*加权,幂函数型,32768
40457794895.17111,3926675394857.5527,1.0,1.9128955778479833,0.47772553980464316,0.5218036829439515,0.00047077725140536833,97.05609030427473,2,24.3,主口径p*加权,幂函数型,32768
42615814937.59271,4182796781560.548,1.0,1.9089908282190675,0.47773692889289904,0.5218161228654172,0.00044694824168385665,98.15127993412547,2,24.35,主口径p*加权,幂函数型,32768
44889013319.27733,4455611675119.837,1.0,1.9051545537920591,0.4777477420659886,0.5218279337339439,0.00042432420006759494,99.25840079016395,2,24.4,主口径p*加权,幂函数型,32768
47283527647.764366,4746208961832.847,1.0,1.9013855510782134,0.4777580083517046,0.5218391472556219,0.0004028443926734731,100.37764096599197,2,24.45,主口径p*加权,幂函数型,32768
49805836392.578255,5055747174133.166,1.0,1.8976826379207474,0.4777677553786506,0.5218497936082541,0.00038245101309544304,101.50913106413651,2,24.5,主口径p*加权,幂函数型,32768
52462758982.76044,5385460825848.639,1.0,1.8940446531046857,0.4777770093646601,0.5218599014287062,0.0003630892066337361,102.65302340691484,2,24.55,主口径p*加权,幂函数型,32768
55261473518.232864,5736665436309.627,1.0,1.8904704559746381,0.4777857951930331,0.5218694978961769,0.00034470691079019133,103.80949097234772,2,24.6,主口径p*加权,幂函数型,32768
58209559723.594055,6110760335471.12,1.0,1.8869589260603024,0.4777941365492935,0.521878608881575,0.0003272545691315822,104.9786386374994,2,24.65,主口径p*加权,幂函数型,32768
61314987980.634514,6509237477263.264,1.0,1.8835089627094768,0.4778020558819463,0.5218872589046538,0.0003106852133998782,106.16062551164677,2,24.7,主口径p*加权,幂函数型,32768
64586139461.39946,6933687618359.553,1.0,1.8801194847284015,0.477809574478167,0.521895471216686,0.0002949543051469576,107.35565983942327,2,24.75,主口径p*加权,幂函数型,32768
68031869745.0419,7385802302912.918,1.0,1.8767894300292318,0.4778167126163071,0.5219032679670385,0.00028001941665462693,108.56385882957727,2,24.8,主口径p*加权,幂函数型,32768
71661501825.46176,7867383845807.239,1.0,1.8735177552844613,0.47782348953603354,0.5219106701705583,0.0002658402934082053,109.78536097344126,2,24.85,主口径p*加权,幂函数型,32768
75484839312.26721,8380353880146.564,1.0,1.8703034355881272,0.4778299234766933,0.5219176977494763,0.0002523787738304981,111.02035794868088,2,24.9,主口径p*加权,幂函数型,32768
79512235850.55891,8926756304902.26,1.0,1.867145464123626,0.47783603180185785,0.5219243696694427,0.00023959852869961834,112.26896350493597,2,24.95,主口径p*加权,幂函数型,32768
83754565687.39917,9508771791103.273,1.0,1.864042851837983,0.47784183095066834,0.5219307038863834,0.00022746516294817299,113.53138438557819,2,25.0,主口径p*加权,幂函数型,32768
88223301152.21864,10128721153354.55,1.0,1.8609946271224136,0.47784733656016515,0.5219367174801164,0.00021594595971839847,114.80777777606244,2,25.05,主口径p*加权,幂函数型,32768
92930534416.28146,10789075572082.492,1.0,1.857999835499034,0.47785256348540517,0.5219424266763253,0.00020500983826952958,116.09828394780266,2,25.1,主口径p*加权,幂函数型,32768
97888992843.21788,11492468434471.898,1.0,1.8550575393135709,0.4778575258189177,0.5219478468678099,0.00019462731327246223,117.40307158822853,2,25.15,主口径p*加权,幂函数型,32768
103112070812.43814,12241706205036.342,1.0,1.8521668174339339,0.47786223693167884,0.5219529926592418,0.00018477040907954537,118.72233879682355,2,25.200000000000003,主口径p*加权,幂函数型,32768
108613909701.17393,13039774443097.945,1.0,1.8493267649545178,0.47786670954773613,0.521957877948674,0.00017541250358993267,120.05621083868421,2,25.25,主口径p*加权,幂函数型,32768
114409371506.61888,13889857343133.531,1.0,1.8465364929060963,0.4778709557202113,0.5219625159013296,0.00016652837845921028,121.40489157682303,2,25.3,主口径p*加权,幂函数型,32768
120514139060.54434,14795343284161.629,1.0,1.8437951279711937,0.47787498691405506,0.5219669190399919,0.00015809404595309943,122.7685265770242,2,25.35,主口径p*加权,幂函数型,32768
126944703807.32529,15759844940119.89,1.0,1.8411018122048006,0.4778788139965165,0.5219710992345951,0.00015008676888849043,124.14732137261859,2,25.4,主口径p*加权,幂函数型,32768
133718487818.36436,16787204155977.648,1.0,1.8384557027603223,0.4778824473142216,0.5219750677864139,0.00014248489936458325,125.54138496376386,2,25.450000000000003,主口径p*加权,幂函数型,32768
140853763273.4404,17881523124434.055,1.0,1.8358559716206462,0.47788589664896297,0.5219788353797741,0.00013526797126286175,126.95097886536783,2,25.5,主口径p*加权,幂函数型,32768
148369835734.0863,19047164103436.1,1.0,1.8333018053342112,0.47788917131871966,0.5219824121923935,0.0001284164888869914,128.3762565968807,2,25.55,主口径p*加权,幂函数型,32768
156287050812.98904,20288772326203.543,1.0,1.8307924047559814,0.47789228017219504,0.5219858078894162,0.00012191193838890058,129.8173599198619,2,25.6,主口径p*加权,幂函数型,32768
164626788510.39917,21611302414221.508,1.0,1.8283269847932084,0.4778952315908563,0.5219890316256393,0.00011573678350442332,131.27451862341567,2,25.65,主口径p*加权,幂函数型,32768
173411615937.55356,23020025897686.145,1.0,1.8259047741558907,0.477898033549373,0.5219920921115285,0.00010987433909847541,132.74788873414212,2,25.700000000000003,主口径p*加权,幂函数型,32768
182665307360.81577,24520557410117.63,1.0,1.8235250151118283,0.47790069361822546,0.5219949976160672,0.00010430876570739506,134.2376270808916,2,25.75,主口径p*加权,幂函数型,32768
192412841508.6502,26118886140350.938,1.0,1.821186963246172,0.4779032189676251,0.5219977559710379,9.90250613370083e-05,135.7439863969616,2,25.8,主口径p*加权,幂函数型,32768
202680582009.3265,27821384690131.33,1.0,1.8188898872253874,0.47790561642003965,0.5220003746283953,9.400895156512077e-05,137.26714426373172,2,25.85,主口径p*加权,幂函数型,32768
213496301573.22467,29634840648710.11,1.0,1.8166330685655294,0.4779078924526176,0.5220028606629125,8.924688446990567e-05,138.80727876939824,2,25.9,主口径p*加权,幂函数型,32768
224889274878.91013,31566481142273.773,1.0,1.8144158014047471,0.47791005321776525,0.5220052207946577,8.472598757691518e-05,140.3645467720526,2,25.950000000000003,主口径p*加权,幂函数型,32768
236890273630.74,33624013431736.035,1.0,1.8122373922799335,0.4779121045444575,0.5220074613904262,8.043406511635282e-05,141.93918946688584,2,26.0,主口径p*加权,幂函数型,32768
13453164.244440837,230741392.22701225,0.9878184086713434,5.1016241283379316,0.1862521108572564,0.8137478891427439,0.0,17.151458796941398,0,17.0,主口径p*加权,幂函数型,131072
14171150.059488835,245779047.16892013,0.9878184086713434,5.041886467987274,0.1862521108572564,0.8137478891427435,0.0,17.343620393346225,0,17.05,主口径p*加权,幂函数型,131072
14927454.133030295,261796723.974599,0.9878184086713434,4.9831955651974935,0.1862521108572564,0.8137478891427438,0.0,17.53793524612585,0,17.1,主口径p*加权,幂函数型,131072
15724120.95244393,278858301.14848965,0.9878184086713434,4.925533078082004,0.1862521108572564,0.8137478891427438,0.0,17.7344286521243,0,17.15,主口径p*加权,幂函数型,131072
16563305.887284536,297031788.8107427,0.9878184086713434,4.86888098615127,0.1862521108572564,0.8137478891427438,0.0,17.933122217996992,0,17.2,主口径p*加权,幂函数型,131072
17447278.09577674,316389651.14938444,0.9878184086713434,4.813221584681125,0.1862521108572564,0.8137478891427438,0.0,18.13404070322976,0,17.25,主口径p*加权,幂函数型,131072
18378425.482860852,337009118.1309786,0.9878184086713434,4.758537479179733,0.1862521108572564,0.8137478891427437,0.0,18.33721384050352,0,17.3,主口径p*加权,幂函数型,131072
19359269.893169653,358972333.82255924,0.9878184086713434,4.704811579951526,0.1862521108572564,0.8137478891427438,0.0,18.542658674809427,0,17.35,主口径p*加权,幂函数型,131072
20392459.199813172,382366953.65203524,0.9878184086713434,4.652027096756389,0.1862521108572564,0.8137478891427437,0.0,18.750409153965027,0,17.4,主口径p*加权,幂函数型,131072
21480790.27271469,407286202.76356196,0.9878184086713434,4.60016753356242,0.1862521108572564,0.8137478891427438,0.0,18.96048504700056,0,17.45,主口径p*加权,幂函数型,131072
22627204.443199094,433829471.95386034,0.9878184086713434,4.549216683390662,0.18625211085725638,0.8137478891427435,0.0,19.17291519784953,0,17.5,主口径p*加权,幂函数型,131072
23834802.588844154,462102580.5915544,0.9878184086713434,4.499158623250139,0.1862521108572564,0.8137478891427438,0.0,19.38772426870617,0,17.55,主口径p*加权,幂函数型,131072
25106848.819617167,492218288.0305242,0.9878184086713434,4.44997770916166,0.1862521108572564,0.8137478891427438,0.0,19.604940929342387,0,17.6,主口径p*加权,幂函数型,131072
26446780.78097304,524296716.31511045,0.9878184086713434,4.401658571268815,0.1862521108572564,0.8137478891427438,0.0,19.824594934908383,0,17.65,主口径p*加权,幂函数型,131072
27858227.89933423,558465650.5258129,0.9878184086713434,4.354186109034631,0.1862521108572564,0.8137478891427438,0.0,20.046704066885724,0,17.7,主口径p*加权,幂函数型,131072
29345001.45639942,594861439.4322386,0.9878184086713434,4.3075454865224145,0.18625211085725643,0.8137478891427438,0.0,20.27130379652832,0,17.75,主口径p*加权,幂函数型,131072
30911122.686909076,633629187.2488023,0.9878184086713434,4.261722127759265,0.1862521108572564,0.8137478891427438,0.0,20.498420379831288,0,17.8,主口径p*加权,幂函数型,131072
32560826.572880834,674923471.9154948,0.9878184086713434,4.216701712180842,0.1862521108572564,0.8137478891427438,0.0,20.728081653726292,0,17.85,主口径p*加权,幂函数型,131072
34298575.25855817,718908921.2192078,0.9878184086713434,4.172470170155955,0.18625211085725638,0.8137478891427438,0.0,20.960314409556293,0,17.9,主口径p*加权,幂函数型,131072
36129061.2773338,765761055.237921,0.9878184086713434,4.129013678589551,0.18625211085725643,0.8137478891427438,0.0,21.195155040419902,0,17.95,主口径p*加权,幂函数型,131072
38057247.38290152,815666413.387429,0.9878184086713434,4.086318656602796,0.1862521108572564,0.8137478891427438,0.0,21.432617161741817,0,18.0,主口径p*加权,幂函数型,131072
40088335.539868034,868824238.2737793,0.9878184086713434,4.044371761288798,0.1862521108572564,0.8137478891427438,0.0,21.672744118042257,0,18.05,主口径p*加权,幂函数型,131072
42227816.5997415,925446519.3761266,0.9878184086713434,4.003159883542736,0.1862521108572564,0.8137478891427439,0.0,21.91556641793769,0,18.1,主口径p*加权,幂函数型,131072
44481486.60405528,985758793.2891014,0.9878184086713434,3.9626701439650533,0.18625211085725638,0.8137478891427438,0.0,22.161102709171413,0,18.15,主口径p*加权,幂函数型,131072
46855432.11550446,1050001708.2740037,0.9878184086713434,3.922889888836408,0.18625211085725638,0.8137478891427438,0.0,22.409391203257268,0,18.2,主口径p*加权,幂函数型,131072
49356068.9472128,1118431501.5308423,0.9878184086713434,3.8838066861632004,0.18625211085725638,0.8137478891427438,0.0,22.660465579765376,0,18.25,主口径p*加权,幂函数型,131072
51990166.29452409,1191320860.4734156,0.9878184086713434,3.8454083217923514,0.18625211085725643,0.8137478891427438,0.0,22.91434987387014,0,18.3,主口径p*加权,幂函数型,131072
54764842.95827215,1268960508.1031668,0.9878184086713434,3.8076827955941828,0.1862521108572564,0.8137478891427438,0.0,23.171079100328036,0,18.35,主口径p*加权,幂函数型,131072
57687607.29941986,1351659891.3930686,0.9878184086713434,3.7706183177121746,0.1862521108572564,0.8137478891427437,0.0,23.43068042980978,0,18.4,主口径p*加权,幂函数型,131072
60766345.032589145,1439749173.3034797,0.9878184086713434,3.734203304878428,0.1862521108572564,0.8137478891427438,0.0,23.69320011811371,0,18.45,主口径p*加权,幂函数型,131072
64009401.288801245,1533579123.9626112,0.9878184086713434,3.698426376793724,0.18625211085725638,0.8137478891427437,0.0,23.958654402082626,0,18.5,主口径p*加权,幂函数型,131072
67425541.53589007,1633523963.368157,0.9878184086713434,3.663276352570968,0.1862521108572564,0.8137478891427437,0.0,24.22707962232154,0,18.55,主口径p*加权,幂函数型,131072
71023996.07949425,1739982375.8158145,0.9878184086713434,3.628742247240988,0.18625211085725643,0.8137478891427438,0.0,24.49851419044802,0,18.6,主口径p*加权,幂函数型,131072
74814496.00034796,1853378831.891783,0.9878184086713434,3.594813268319545,0.1862521108572564,0.8137478891427439,0.0,24.77299094393636,0,18.65,主口径p*加权,幂函数型,131072
78807283.94186737,1974165659.3284428,0.9878184086713434,3.561478812434495,0.1862521108572564,0.8137478891427439,0.0,25.050548129341664,0,18.7,主口径p*加权,幂函数型,131072
83013174.96342166,2102824017.2944448,0.9878184086713434,3.5287284620120727,0.1862521108572564,0.8137478891427438,0.0,25.331208187387343,0,18.75,主口径p*加权,幂函数型,131072
87443528.774028,2239867239.9954185,0.9878184086713434,3.496551982021214,0.1862521108572564,0.8137478891427437,0.0,25.615014300071245,0,18.8,主口径p*加权,幂函数型,131072
92110327.33988634,2385841713.2658243,0.9878184086713434,3.464939316774942,0.1862521108572564,0.8137478891427435,0.0,25.90200015750773,0,18.85,主口径p*加权,幂函数型,131072
97026185.20397861,2541329609.800506,0.9878184086713434,3.433880586787799,0.1862521108572564,0.8137478891427438,0.0,26.192203727868478,0,18.9,主口径p*加权,幂函数型,131072
102204408.07182662,2706950571.940452,0.9878184086713434,3.403366085688336,0.1862521108572564,0.8137478891427438,0.0,26.4856538285323,0,18.95,主口径p*加权,幂函数型,131072
107658975.74564019,2883365577.3904657,0.9878184086713434,3.3733862771857144,0.1862521108572564,0.8137478891427437,0.0,26.782398378030564,0,19.0,主口径p*加权,幂函数型,131072
113404657.57558301,3071277523.665717,0.9878184086713434,3.34393179208946,0.18625211085725643,0.8137478891427438,0.0,27.082463712910055,0,19.05,主口径p*加权,幂函数型,131072
119456986.62868519,3271435769.1406903,0.9878184086713434,3.314993425381426,0.1862521108572564,0.8137478891427435,0.0,27.385888941845458,0,19.1,主口径p*加权,幂函数型,131072
125832314.24498773,3484638808.529698,0.9878184086713434,3.286562133339078,0.18625211085725638,0.8137478891427438,0.0,27.69271811806085,0,19.15,主口径p*加权,幂函数型,131072
132547894.83261658,3711736336.9161477,0.9878184086713434,3.2586290307091708,0.1862521108572564,0.8137478891427437,0.0,28.002982179410562,0,19.2,主口径p*加权,幂函数型,131072
139621881.4887531,3953634037.422537,0.9878184086713434,3.231185387930972,0.1862521108572564,0.8137478891427437,0.0,28.316722244865407,0,19.25,主口径p*加权,幂函数型,131072
147073396.8402021,4211296602.7053847,0.9878184086713434,3.2042226284081172,0.18625211085725638,0.8137478891427437,0.0,28.63397931361465,0,19.3,主口径p*加权,幂函数型,131072
154922594.37631643,4485751302.209217,0.9878184086713434,3.1777323258282855,0.18625211085725643,0.8137478891427438,0.0,28.954790747391264,0,19.35,主口径p*加权,幂函数型,131072
163190706.32898536,4778092256.054556,0.9878184086713434,3.1517062015298385,0.18625211085725638,0.8137478891427437,0.0,29.27919342675146,0,19.4,主口径p*加权,幂函数型,131072
171900071.44158992,5089485669.880712,0.9878184086713434,3.1261361219145893,0.1862521108572564,0.8137478891427438,0.0,29.607234175060086,0,19.45,主口径p*加权,幂函数型,131072
181074258.1504901,5421172647.978917,0.9878184086713434,3.1010140959059322,0.18625211085725638,0.8137478891427438,0.0,29.938947166490124,0,19.5,主口径p*加权,幂函数型,131072
190738046.79310992,5774476550.104323,0.9878184086713434,3.076332272451488,0.1862521108572564,0.8137478891427438,0.0,30.274382312238902,0,19.55,主口径p*加权,幂函数型,131072
200917600.2485437,6150805170.152197,0.9878184086713434,3.0520829380695242,0.1862521108572564,0.8137478891427438,0.0,30.613570750115404,0,19.6,主口径p*加权,幂函数型,131072
211640445.18663704,6551659021.668526,0.9878184086713434,3.0282585144383614,0.1862521108572564,0.8137478891427438,0.0,30.95655471661329,0,19.65,主口径p*加权,幂函数型,131072
222935528.9130406,6978637923.776887,0.9878184086713434,3.0048515560280133,0.18625211085725638,0.8137478891427438,0.0,31.303390526410936,0,19.7,主口径p*加权,幂函数型,131072
234833429.54457763,7433443288.014171,0.9878184086713434,2.981854747773353,0.1862521108572564,0.8137478891427437,0.0,31.65411033016109,0,19.75,主口径p*加权,幂函数型,131072
247366336.95186916,7917888014.352234,0.9878184086713434,2.959260902788015,0.18625211085725643,0.8137478891427438,0.0,32.008753138842984,0,19.8,主口径p*加权,幂函数型,131072
260568075.25277308,8433905841.185031,0.9878184086713434,2.9370629601183826,0.1862521108572564,0.8137478891427437,0.0,32.367379745210265,0,19.85,主口径p*加权,幂函数型,131072
280547687.9453089,8562439568.145026,1.0,2.9150292952698926,0.1814493695932896,0.7927643923777219,0.025786238028988676,30.520442463294234,2,19.9,主口径p*加权,幂函数型,131072
295084400.2594495,9145553599.762371,1.0,2.8933208770261762,0.1816801587672417,0.7937727256646635,0.024547115568094975,30.993009429577608,2,19.95,主口径p*加权,幂函数型,131072
310395796.0045033,9767122054.609383,1.0,2.8720088606143737,0.18190041748881716,0.7947350507031414,0.023364531808041666,31.466669910914895,2,20.0,主口径p*加权,幂函数型,131072
326523255.0999746,10429651498.905823,1.0,2.851085270505733,0.18211057459476726,0.7956532411095111,0.022236184295721547,31.941527398140394,2,20.05,主口径p*加权,幂函数型,131072
343510399.03726,11135810834.95507,1.0,2.83054233503256,0.1823110465965051,0.796529116649904,0.021159836753590944,32.41768186979163,2,20.1,主口径p*加权,幂函数型,131072
361403139.3567326,11888444106.881948,1.0,2.810372479043517,0.18250223671506022,0.7973644390238792,0.020133324261060674,32.89524304642839,2,20.15,主口径p*加权,幂函数型,131072
380249825.2400886,12690581170.12002,1.0,2.790568316886899,0.18268453527672165,0.7981609135930154,0.019154551130263053,33.37432479319938,2,20.2,主口径p*加权,幂函数型,131072
400101460.68264335,13545446937.153646,1.0,2.7711226457079223,0.18285832050552014,0.798920192843318,0.018221486651161845,33.85502995675831,2,20.25,主口径p*加权,幂函数型,131072
421011673.6724139,14456479752.70582,1.0,2.7520284390464007,0.18302395701368102,0.7996438697899065,0.017332173196412372,34.33747959196567,2,20.3,主口径p*加权,幂函数型,131072
443037027.07775354,15427339666.398066,1.0,2.7332788407215705,0.18318179742271734,0.8003334850596803,0.016484717517602446,34.82178401240163,2,20.35,主口径p*加权,幂函数型,131072
466237073.5194652,16461926263.174427,1.0,2.7148671589911997,0.18333218164221984,0.8009905237403013,0.015677294617478868,35.30805935038357,2,20.4,主口径p*加权,幂函数型,131072
490674538.80620086,17564393496.642,1.0,2.6967868609725087,0.18347543726804058,0.8016164171198872,0.014908145612072274,35.796423306120055,2,20.45,主口径p*加权,幂函数型,131072
516415446.1002141,18739167895.466812,1.0,2.6790315673128506,0.18361187956725528,0.8022125426213095,0.014175577811435303,36.28700116733213,2,20.5,主口径p*加权,幂函数型,131072
543529485.3007823,19990959419.785896,1.0,2.661595047098489,0.18374181269048065,0.8027802290988892,0.013477958210629977,36.779898718324645,2,20.55,主口径p*加权,幂函数型,131072
572089884.437169,21324791557.07862,1.0,2.6444712129902443,0.18386552827834182,0.8033207507499608,0.012813720971697567,37.27524666523039,2,20.6,主口径p*加权,幂函数型,131072
602173950.1890825,22746009026.116234,1.0,2.627654116575204,0.18398330738323423,0.803835335511176,0.012181357105589805,37.77315345337338,2,20.65,主口径p*加权,幂函数型,131072
633862986.8902348,24260309640.673767,1.0,2.611137943924074,0.1840954194354723,0.8043251605415409,0.011579420022986831,38.273743920111386,2,20.7,主口径p*加权,幂函数型,131072
667242642.306645,25873762521.868145,1.0,2.594917011344226,0.1842021231393104,0.8047913561371899,0.011006520723500049,38.777141749248884,2,20.75,主口径p*加权,幂函数型,131072
702403137.9129413,27592832347.027714,1.0,2.578985761318836,0.1843036667439856,0.8052350069155892,0.010461326340425226,39.28346964538715,2,20.8,主口径p*加权,幂函数型,131072
739439759.4620925,29424395412.233635,1.0,2.5633387586229617,0.18440028894190247,0.805657155739768,0.009942555318329757,39.79282292534349,2,20.85,主口径p*加权,幂函数型,131072
778452448.734136,31375792999.639828,1.0,2.5479706866077994,0.18449221737678545,0.806058797200334,0.00944898542288066,40.30534305680573,2,20.9,主口径p*加权,幂函数型,131072
819546736.2190081,33454834947.961517,1.0,2.5328763436447175,0.18457967079233345,0.8064408870030911,0.008979442204575694,40.821143529051106,2,20.95,主口径p*加权,幂函数型,131072
862833750.2110627,35669841477.72047,1.0,2.518050639721111,0.184662858549934,0.8068043398618983,0.00853280158816787,41.34034102049794,2,21.0,主口径p*加权,幂函数型,131072
908430511.2605339,38029676707.16657,1.0,2.5034885931804,0.18474198096317518,0.8071500309601766,0.008107988076648396,41.86305527584798,2,21.05,主口径p*加权,幂函数型,131072
956460351.4713227,40543779774.541275,1.0,2.4891853275989524,0.18481722978902154,0.8074787980968877,0.007703972114090758,42.389399322379425,2,21.1,主口径p*加权,幂函数型,131072
1007053106.0155295,43222208355.333694,1.0,2.4751360687929815,0.18488878828936495,0.8077914419554549,0.007319769755180295,42.919492623725816,2,21.15,主口径p*加权,幂函数型,131072
1060345618.5280651,46075672317.89121,1.0,2.461336141948853,0.184956831774175,0.8080887284768221,0.006954439749002815,43.45344717117034,2,21.2,主口径p*加权,幂函数型,131072
1116481934.931355,49115583922.84357,1.0,2.4477809688705516,0.185021527653833,0.8083713890881068,0.00660708325806025,43.99138256174593,2,21.25,主口径p*加权,幂函数型,131072
1175613937.2517002,52354092788.84131,1.0,2.434466065338356,0.1850830360288455,0.8086401232790947,0.006276840692059916,44.533406018673496,2,21.3,主口径p*加权,幂函数型,131072
1237901399.447002,55804149845.09225,1.0,2.4213870385730867,0.18514150958265294,0.8088955981339162,0.005962892283430767,45.07964032516742,2,21.35,主口径p*加权,幂函数型,131072
1303512855.2827027,59479539777.1719,1.0,2.408539584800582,0.18519709431110162,0.809138451518157,0.005664454170741518,45.63019040136135,2,21.4,主口径p*加权,幂函数型,131072
1372625521.1404853,63394959846.54817,1.0,2.3959194869113216,0.18524992930894982,0.809369291146089,0.0053807795449612415,46.18518224393399,2,21.45,主口径p*加权,幂函数型,131072
1445426644.359843,67566038933.33972,1.0,2.3835226122104056,0.18530014772245576,0.8095886987425907,0.005111153534953505,46.74470281628416,2,21.5,主口径p*加权,幂函数型,131072
1522112657.9107163,72009461908.7643,1.0,2.3713449102533146,0.18534787601577515,0.8097972268379895,0.004854897146235469,47.308891056464894,2,21.55,主口径p*加权,幂函数型,131072
1602891170.066272,76742968897.00241,1.0,2.3593824107631614,0.18539323525167994,0.8099954043636065,0.004611360384713507,47.877841197309394,2,21.6,主口径p*加权,幂函数型,131072
1687980508.2338433,81785473184.70178,1.0,2.34763122162534,0.1854363406468738,0.8101837347089014,0.004379924644224929,48.45166919034807,2,21.65,主口径p*加权,幂函数型,131072
1777610747.4420989,87157116250.15324,1.0,2.3360875269557146,0.185477302094515,0.8103626980044089,0.0041599999010762286,49.03048452849893,2,21.7,主口径p*加权,幂函数型,131072
1872024433.9116516,92879342801.99289,1.0,2.3247475852387067,0.1855162244092222,0.8105327521921857,0.003951023398592239,49.61438596606279,2,21.75,主口径p*加权,幂函数型,131072
1971476460.944494,98975024740.00159,1.0,2.3136077275318145,0.1855532072365983,0.8106943326305138,0.0037524601328879194,50.203503161577025,2,21.8,主口径p*加权,幂函数型,131072
2076236123.3746183,105468484989.41455,1.0,2.3026643557333144,0.1855883458107828,0.8108478554036976,0.003563798785519663,50.797924090633266,2,21.85,主口径p*加权,幂函数型,131072
2186586613.1714983,112385655312.30798,1.0,2.291913940910047,0.18562173067185403,0.810993716087375,0.0033845532407709303,51.39776061708348,2,21.9,主口径p*加权,幂函数型,131072
2302826244.797444,119754157256.06578,1.0,2.281353021682385,0.1856534480605406,0.8111322914730392,0.0032142604664203663,52.00312334750177,2,21.95,主口径p*加权,幂函数型,131072
2425269174.1494136,127603416880.9107,1.0,2.270978202663628,0.18568358008644578,0.8112639403030207,0.0030524796105336214,52.614125574602895,2,22.0,主口径p*加权,幂函数型,131072
2554246766.7998056,135964754815.86955,1.0,2.2607861529512188,0.18571220502957897,0.8113890045878992,0.0028987903825218398,53.23086108325338,2,22.05,主口径p*加权,幂函数型,131072
2690107552.051848,144871560396.73245,1.0,2.2507736046673257,0.18573939729060113,0.8115078093891224,0.0027527933202766354,53.85344548259172,2,22.1,主口径p*加权,幂函数型,131072
2833219203.590063,154359369964.50095,1.0,2.2409373515464743,0.18576522779263355,0.8116206645745355,0.0026141076328308694,54.48197222753087,2,22.15,主口径p*加权,幂函数型,131072
2983968392.840296,164466069620.59152,1.0,2.2312742475680296,0.18578976391983915,0.8117278645500386,0.0024823715301221542,55.11655888018445,2,22.2,主口径p*加权,幂函数型,131072
3142762702.7034802,175231999932.68478,1.0,2.2217812056314763,0.18581306984705848,0.8118296896997884,0.0023572404531531565,55.757311801475176,2,22.25,主口径p*加权,幂函数型,131072
3310031735.403966,186700115638.76932,1.0,2.212455196272518,0.18583520666881975,0.8119264069498514,0.002238386381328899,56.40432798327352,2,22.3,主口径p*加权,幂函数型,131072
3486227740.99762,198916186429.41364,1.0,2.203293246418169,0.18585623246684815,0.8120182700631574,0.0021254974699945915,57.05771429966641,2,22.35,主口径p*加权,幂函数型,131072
3671827083.388193,211928966322.43875,1.0,2.1942924381790827,0.18587620249125814,0.8121055204311395,0.0020182770776024247,57.717578063856,2,22.4,主口径p*加权,幂函数型,131072
3867331550.558357,225790386859.23138,1.0,2.1854499076774774,0.18589516929590347,0.8121883876650887,0.0019164430390079185,58.38402627430076,2,22.45,主口径p*加权,幂函数型,131072
4073269560.339115,240555773093.89676,1.0,2.1767628439091014,0.18591318285220523,0.8122670900934751,0.0018197270543199653,59.05717005232268,2,22.5,主口径p*加权,幂函数型,131072
4290198643.959472,256284001817.9009,1.0,2.1682284876377595,0.18593029075526532,0.8123418356624713,0.0017278735822633569,59.737094499981836,2,22.55,主口径p*加权,幂函数型,131072
4518704911.688796,273037856461.0536,1.0,2.1598441303210207,0.1859465381674273,0.8124128216893677,0.0016406401432050603,60.42391831225153,2,22.6,主口径p*加权,幂函数型,131072
4759406335.710484,290884177718.5299,1.0,2.1516071130657886,0.18596196807564222,0.8124802359870194,0.0015577959373386714,61.11774393709268,2,22.65,主口径p*加权,幂函数型,131072
5012953654.348341,309894175481.6285,1.0,2.1435148256124905,0.18597662133555568,0.8125442570564652,0.0014791216079793222,61.81867953493242,2,22.7,主口径p*加权,幂函数型,131072
5280032322.714844,330143701584.9976,1.0,2.1355647053467153,0.18599053678860883,0.8126050545985514,0.0014044086128397874,62.526833437119386,2,22.75,主口径p*加权,幂函数型,131072
5561364960.424137,351713514795.12036,1.0,2.1277542363371866,0.18600375138518713,0.8126627900519748,0.0013334585628379943,63.24230063985892,2,22.8,主口径p*加权,幂函数型,131072
5857712424.56693,374689657066.9633,1.0,2.1200809483990186,0.18601630022845939,0.8127176167848208,0.0012660829867197235,63.965184684645,2,22.85,主口径p*加权,幂函数型,131072
6169875026.975734,399163852013.90173,1.0,2.112542416181257,0.18602821664020602,0.8127696803821696,0.001202102977624676,64.69561381206104,2,22.9,主口径p*加权,幂函数型,131072
6498697692.512682,425233679100.68964,1.0,2.1051362582777724,0.18603953236359808,0.8128191195320509,0.0011413481043511743,65.43367597951392,2,22.95,主口径p*加权,幂函数型,131072
6845068692.795621,453003190704.18304,1.0,2.0978601363606018,0.18605027750554368,0.8128660657735541,0.0010836567209024752,66.17949520082468,2,23.0,主口径p*加权,幂函数型,131072
7209926360.687956,482583044957.74725,1.0,2.0907117543349045,0.186060480755276,0.8129106444518512,0.001028874792872678,66.93314478064936,2,23.05,主口径p*加权,幂函数型,131072
7594255910.223277,514091323884.82666,1.0,2.083688857514713,0.18607016928395262,0.8129529742795415,0.000976856436506114,67.69475903396466,2,23.1,主口径p*加权,幂函数型,131072
7999096692.621849,547653701886.9693,1.0,2.0767892318187444,0.1860793689545212,0.8129931682535669,0.0009274627919121778,68.46444329046682,2,23.15,主口径p*加权,幂函数型,131072
8425543042.8444805,583404077046.4993,1.0,2.0700107029855213,0.1860881043306084,0.8130313336940501,0.0008805619753413871,69.24231163259726,2,23.2,主口径p*加权,幂函数型,131072
8874748615.771782,621485010525.1206,1.0,2.0633511358071512,0.18609639876874026,0.8130675726472107,0.0008360285840490916,70.0284636142422,2,23.25,主口径p*加权,幂函数型,131072
9347927774.483946,662048414023.745,1.0,2.0568084333810797,0.18610427444279565,0.8131019819922038,0.0007937435650004591,70.82301339884854,2,23.3,主口径p*加权,幂函数型,131072
9846360646.790459,705256031909.2125,1.0,2.050380536379228,0.18611175243406844,0.8131346538346074,0.0007535937313243187,71.62606136502824,2,23.35,主口径p*加权,幂函数型,131072
10371394375.690184,751280242458.2511,1.0,2.044065422333912,0.18611885275042472,0.8131656755901223,0.0007154716594531596,72.437727777395,2,23.4,主口径p*加权,幂函数型,131072
10924449204.420216,800304571510.7319,1.0,2.0378611049399926,0.18612559441548643,0.8131951303742214,0.0006792752102923513,73.258116408003,2,23.45,主口径p*加权,幂函数型,131072
11507018641.406858,852524691620.9047,1.0,2.0317656333727228,0.18613199547225787,0.8132230970179928,0.0006449075097494328,74.0873651280254,2,23.5,主口径p*加权,幂函数型,131072
12120680547.437405,908148684763.3522,1.0,2.0257770916207862,0.18613807310996022,0.8132496506222904,0.0006122762677495409,74.9255523408177,2,23.55,主口径p*加权,幂函数型,131072
12767093169.309317,967398476630.5189,1.0,2.019893597834049,0.18614384361604958,0.8132748623480951,0.0005812940358553704,75.77280621371497,2,23.6,主口径p*加权,幂函数型,131072
13448004080.444826,1030510395698.0776,1.0,2.0141133036855603,0.186149322470815,0.8132987998298221,0.0005518776993629069,76.6292447216443,2,23.65,主口径p*加权,幂函数型,131072
14165254470.053394,1097736146086.3846,1.0,2.008434393747367,0.18615452438104435,0.8133215273224081,0.0005239482965476306,77.494982416807,2,23.7,主口径p*加权,幂函数型,131072
14920783885.962051,1169343828244.6245,1.0,2.0028550848797324,0.1861594633157969,0.8133431058576045,0.0004974308265987002,78.37013371293317,2,23.75,主口径p*加权,幂函数型,131072
15716635690.938864,1245618990777.577,1.0,1.997373625633344,0.1861641525440454,0.8133635934084372,0.00047225404751748975,79.25481097050023,2,23.8,主口径p*加权,幂函数型,131072
16554960308.51678,1326865950302.1448,1.0,1.9919882956641453,0.186168604657347,0.8133830449882598,0.0004483503543934263,80.1491471785367,2,23.85,主口径p*加权,幂函数型,131072
17438027323.03293,1413408504377.3123,1.0,1.9866974051604176,0.18617283163673998,0.8134015129430261,0.0004256554202340029,81.0532337284745,2,23.9,主口径p*加权,幂函数型,131072
18368221541.45884,1505592028796.033,1.0,1.9814992942817695,0.1861768448326503,0.8134190468635045,0.0004041083038452596,81.9672185136578,2,23.95,主口径p*加权,幂函数型,131072
19348061265.77945,1603783901084.008,1.0,1.9763923326096984,0.18618065505146494,0.8134356939635203,0.00038365098501475685,82.89119406090524,2,24.0,主口径p*加权,幂函数型,131072
20380193375.902584,1708375920266.374,1.0,1.9713749186094047,0.18618427253279762,0.8134514989806284,0.00036422848657408443,83.82530473368065,2,24.05,主口径p*加权,幂函数型,131072
21467411184.582607,1819784988780.5679,1.0,1.966445479102555,0.186187707019154,0.8134665044804851,0.0003457885003610292,84.76965262059613,2,24.1,主口径p*加权,幂函数型,131072
22612648284.71436,1938455925829.835,1.0,1.9616024687506959,0.18619096773636773,0.8134807507713729,0.00032828149225948316,85.72440969420585,2,24.15,主口径p*加权,幂函数型,131072
23819008209.337704,2064861399054.9868,1.0,1.9568443695490458,0.18619406348333625,0.8134942762962617,0.0003116602204021141,86.68964639113331,2,24.2,主口径p*加权,幂函数型,131072
25089754350.12136,2199505365878.6777,1.0,1.9521696903303873,0.1861970025974555,0.8135071174817896,0.0002958799207546781,87.66548030662717,2,24.25,主口径p*加权,幂函数型,131072
26428312928.028877,2342925627939.294,1.0,1.9475769662788003,0.1861997929728169,0.8135193088177686,0.0002808982094147537,88.6521070913488,2,24.3,主口径p*加权,幂函数型,131072
27838314901.79203,2495693104787.4556,1.0,1.9430647584529948,0.18620244215070164,0.8135308832525586,0.00026667459673982054,89.64957518412153,2,24.35,主口径p*加权,幂函数型,131072
29323566139.28429,2658417598251.5796,1.0,1.938631653318993,0.18620495725513958,0.8135418719115218,0.0002531708333386974,90.65805931053325,2,24.4,主口径p*加权,幂函数型,131072
30888083223.015556,2831747976609.079,1.0,1.9342762622919356,0.18620734506548872,0.8135523044141246,0.00024035052038688478,91.67768540907926,2,24.45,主口径p*加权,幂函数型,131072
32536095164.838352,3016375573058.7466,1.0,1.9299972212867909,0.18620961201624694,0.8135622088731175,0.00022817911063570116,92.70859203530156,2,24.5,主口径p*加权,幂函数型,131072
34272061682.021942,3213036310856.0127,1.0,1.9257931902777476,0.1862117642236029,0.8135716120105358,0.00021662376586134775,93.75089075955626,2,24.55,主口径p*加权,幂函数型,131072
36100681307.95478,3422513986521.0923,1.0,1.921662852866088,0.18621380749455077,0.8135805391975254,0.00020565330792392272,94.80469239141317,2,24.6,主口径p*加权,幂函数型,131072
38026886289.31058,3645645096888.6816,1.0,1.9176049158563404,0.18621574732530063,0.8135890144473936,0.00019523822730596258,95.8701974479956,2,24.65,主口径p*加权,幂函数型,131072
40055897376.15633,3883318245134.837,1.0,1.9136181088405224,0.18621758896008614,0.813597060672547,0.0001853503673669335,96.9474783867012,2,24.7,主口径p*加权,幂函数型,131072
42193190149.37515,4136482236996.6494,1.0,1.9097011837902809,0.18621933735640134,0.813604699532608,0.0001759631109909647,98.0367263615858,2,24.75,主口径p*加权,幂函数型,131072
44444549327.30816,4406146073433.144,1.0,1.9058529146567582,0.18622099723589625,0.8136119516567799,0.0001670511073240097,99.13805269988114,2,24.8,主口径p*加权,幂函数型,131072
46816062273.80713,4693385103445.194,1.0,1.902072096978004,0.1862225730765476,0.8136188366096416,0.00015859031381092477,100.25159903444232,2,24.85,主口径p*加权,幂函数型,131072
49314144421.42656,4999344435295.569,1.0,1.8983575474937657,0.18622406913197342,0.8136253729755342,0.00015055789249250097,101.37749511727102,2,24.9,主口径p*加权,幂函数型,131072
51945539141.04955,5325245276303.597,1.0,1.8947081037674975,0.18622548943297054,0.8136315783652771,0.0001429322017524152,102.51593042173978,2,24.95,主口径p*加权,幂函数型,131072
54717375784.91766,5672385756476.672,1.0,1.8911226238154297,0.18622683782048907,0.8136374695602383,0.00013569261927277314,103.66699197661838,2,25.0,主口径p*加权,幂函数型,131072
57637142769.91982,6042150801432.551,1.0,1.88759998574254,0.18622811793031133,0.8136430624453924,0.00012881962429645035,104.83085231257996,2,25.05,主口径p*加权,幂函数型,131072
60712733453.46509,6436015057382.439,1.0,1.884139087385286,0.1862293332173519,0.8136483721154918,0.0001222946671565072,106.00766414701945,2,25.1,主口径p*加权,幂函数型,131072
63952467991.535904,6855548687208.951,1.0,1.8807388459609498,0.18623048696390113,0.8136534129110816,0.0001161001250173411,107.19756254154697,2,25.15,主口径p*加权,幂函数型,131072
67365105871.623146,7302424679287.931,1.0,1.8773981977234584,0.18623158228443906,0.8136581984395331,0.00011021927602783809,108.4007007011029,2,25.200000000000003,主口径p*加权,幂函数型,131072
70959869697.86919,7778425534272.979,1.0,1.8741160976255415,0.1862326221348448,0.8136627416152793,0.00010463624987600057,109.61724658446705,2,25.25,主口径p*加权,幂函数型,131072
74746488416.60735,8285448372205.853,1.0,1.8708915189870963,0.1862336093254409,0.8136670547168063,9.933595775287291e-05,110.84732604461686,2,25.3,主口径p*加权,幂函数型,131072
78735193997.65791,8825515733126.396,1.0,1.8677234531696318,0.18623454652010685,0.8136711493827815,9.430409711184665e-05,112.09111561202127,2,25.35,主口径p*加权,幂函数型,131072
82936765231.72166,9400781910415.24,1.0,1.8646109092566672,0.18623543624864403,0.8136750366660757,8.952708528037461e-05,113.34878909431626,2,25.4,主口径p*加权,幂函数型,131072
87362591730.19928,10013537543758.71,1.0,1.8615529137399631,0.18623628091969682,0.8136787270902168,8.49919900865615e-05,114.62042672318358,2,25.450000000000003,主口径p*加权,幂函数型,131072
92024613150.0185,10666229144257.4,1.0,1.85854851021147,0.18623708280900467,0.8136822305980621,8.068659293329481e-05,115.90626441286221,2,25.5,主口径p*加权,幂函数型,131072
96935437248.72574,11361459155741.414,1.0,1.8555967590608742,0.18623784408321536,0.8136855566558402,7.659926094457658e-05,117.20645698011504,2,25.55,主口径p*加权,幂函数型,131072
102108344903.24841,12101999587895.36,1.0,1.8526967371786347,0.18623856679924802,0.8136887142503679,7.27189503840262e-05,118.52116102129037,2,25.6,主口径p*加权,幂函数型,131072
107557340948.89201,12890801278053.268,1.0,1.8498475376644028,0.18623925291163218,0.813691711921115,6.90351672527987e-05,119.8505017354286,2,25.65,主口径p*加权,幂函数型,131072
113297126626.21643,13731013485152.78,1.0,1.8470482695407064,0.18623990426985726,0.8136945577486244,6.553798151830318e-05,121.19471953117906,2,25.700000000000003,主口径p*加权,幂函数型,131072
119343254744.71727,14625982636961.002,1.0,1.8442980574718184,0.1862405226374359,0.8136972594378,6.221792476421012e-05,122.55391113847949,2,25.75,主口径p*加权,幂函数型,131072
125712069860.39812,15579277859571.441,1.0,1.841596041487681,0.1862411096842515,0.8136998242844738,5.9066031274855474e-05,123.92825825612496,2,25.8,主口径p*加权,幂函数型,131072
132420755269.60126,16594705106973.3,1.0,1.8389413767128096,0.1862416669931887,0.8137022592043744,5.6073802437025684e-05,125.3180067821499,2,25.85,主口径p*加权,幂函数型,131072
139487497245.69553,17676307645227.605,1.0,1.8363332331000695,0.1862421960740399,0.8137045707938854,5.3233132074789924e-05,126.72324039259428,2,25.9,主口径p*加权,幂函数型,131072
146931391989.18326,18828399815549.082,1.0,1.833770795169232,0.18624269835521928,0.8137067652938434,5.053635093742018e-05,128.14416007802598,2,25.950000000000003,主口径p*加权,幂函数型,131072
154772549983.33777,20055577815412.758,1.0,1.8312532617502226,0.18624317519284148,0.8137088486292039,4.79761779546643e-05,129.58097425914264,2,26.0,主口径p*加权,幂函数型,131072
27893568.341112006,559325985.5749469,0.9878184086713434,4.353039065217926,0.9360958562156766,0.06390414378432352,0.0,20.052148894502064,0,17.0,主口径p*加权,对数型,2048
29382225.428779818,595777895.3897784,0.9878184086713434,4.306418541865614,0.9360958562156766,0.06390414378432352,0.0,20.27681316494888,0,17.05,主口径p*加权,对数型,2048
30950335.035472173,634605333.520347,0.9878184086713434,4.260614930073357,0.9360958562156766,0.06390414378432352,0.0,20.50398914238007,0,17.1,主口径p*加权,对数型,2048
32602130.86092299,675963251.1501979,0.9878184086713434,4.215613915448076,0.9360958562156765,0.06390414378432352,0.0,20.733713818700405,0,17.15,主口径p*加权,对数型,2048
34342084.07800505,720016460.7741846,0.9878184086713434,4.171401434421693,0.9360958562156765,0.06390414378432352,0.0,20.966009492572724,0,17.2,主口径p*加权,对数型,2048
36174893.41954252,766940747.009829,0.9878184086713434,4.127963669856042,0.9360958562156764,0.06390414378432352,0.0,21.200912415004098,0,17.25,主口径p*加权,对数型,2048
38105524.00444448,816923020.0883828,0.9878184086713434,4.0852870467247895,0.9360958562156765,0.06390414378432352,0.0,21.43844078861375,0,17.3,主口径p*加权,对数型,2048
40139186.202274665,870162792.4042263,0.9878184086713434,4.043358227870988,0.9360958562156765,0.06390414378432352,0.0,21.67863563598892,0,17.35,主口径p*加权,对数型,2048
42281388.360055126,926872149.9071051,0.9878184086713434,4.002164109839023,0.9360958562156765,0.0639041437843235,0.0,21.92151643683388,0,17.4,主口径p*加权,对数型,2048
44537913.08476515,987277430.4162086,0.9878184086713434,3.9616918187795265,0.9360958562156764,0.0639041437843235,0.0,22.167123738761827,0,17.45,主口径p*加权,对数型,2048
46914867.61100094,1051619370.9393512,0.9878184086713434,3.9219287064261246,0.9360958562156763,0.06390414378432352,0.0,22.415482010073067,0,17.5,主口径p*加权,对数型,2048
49418681.026250966,1120154485.760016,0.9878184086713434,3.882862346142616,0.9360958562156765,0.06390414378432352,0.0,22.66662044591994,0,17.55,主口径p*加权,对数型,2048
52056121.49290523,1193156097.6796572,0.9878184086713434,3.844480529039451,0.9360958562156766,0.06390414378432352,0.0,22.920572325817115,0,17.6,主口径p*加权,对数型,2048
54834316.61424904,1270915384.9574084,0.9878184086713434,3.8067712601582486,0.9360958562156764,0.06390414378432352,0.0,23.177372554820042,0,17.65,主口径p*加权,对数型,2048
57760784.08409509,1353742278.1046638,0.9878184086713434,3.7697227547231655,0.9360958562156765,0.06390414378432352,0.0,23.43704815595514,0,17.7,主口径p*加权,对数型,2048
60843436.00194084,1441967063.0061233,0.9878184086713434,3.7333234344579687,0.9360958562156764,0.06390414378432352,0.0,23.6996323310887,0,17.75,主口径p*加权,对数型,2048
64090605.636306204,1535941577.6898506,0.9878184086713434,3.6975619239676227,0.9360958562156766,0.06390414378432353,0.0,23.965159362135385,0,17.8,主口径p*加权,对数型,2048
67511076.11653541,1636040467.5014868,0.9878184086713434,3.6624270471832916,0.9360958562156764,0.06390414378432352,0.0,24.233660039389793,0,17.85,主口径p*加权,对数型,2048
71114088.04470673,1742663067.7666805,0.9878184086713434,3.6279078238696285,0.9360958562156765,0.06390414378432352,0.0,24.505173527236042,0,17.9,主口径p*加权,对数型,2048
74909396.44411388,1856234219.022528,0.9878184086713434,3.5939934661932713,0.9360958562156765,0.0639041437843235,0.0,24.779724669219174,0,17.95,主口径p*加权,对数型,2048
78907257.03979763,1977206937.4716437,0.9878184086713434,3.560673375351463,0.9360958562156764,0.06390414378432352,0.0,25.0573522847768,0,18.0,主口径p*加权,对数型,2048
83118480.86729562,2106063566.7505584,0.9878184086713434,3.527937138259752,0.9360958562156764,0.0639041437843235,0.0,25.338090215015285,0,18.05,主口径p*加权,对数型,2048
87554456.14773816,2243317879.1733837,0.9878184086713434,3.495774524297727,0.9360958562156765,0.06390414378432352,0.0,25.621972631387724,0,18.1,主口径p*加权,对数型,2048
92227164.51763222,2389517501.317137,0.9878184086713434,3.4641754821117763,0.9360958562156764,0.06390414378432352,0.0,25.90904224167385,0,18.15,主口径p*加权,对数型,2048
97149265.19555122,2545244761.6234775,0.9878184086713434,3.4331301364738724,0.9360958562156765,0.06390414378432352,0.0,26.199320772011692,0,18.2,主口径p*加权,对数型,2048
102334055.0839169,2711120922.49584,0.9878184086713434,3.4026287851954016,0.9360958562156765,0.06390414378432352,0.0,26.492851478157903,0,18.25,主口径p*加权,对数型,2048
107795546.30778345,2887807596.695991,0.9878184086713434,3.3726618960950656,0.9360958562156764,0.06390414378432352,0.0,26.789674486648757,0,18.3,主口径p*加权,对数型,2048
113548515.44660468,3076009070.944566,0.9878184086713434,3.3432201040199163,0.9360958562156766,0.06390414378432352,0.0,27.08982199235388,0,18.35,主口径p*加权,对数型,2048
119608523.35742037,3276475641.558891,0.9878184086713434,3.3142942079185906,0.9360958562156764,0.06390414378432352,0.0,27.393329083814177,0,18.4,主口径p*加权,对数型,2048
125991938.24969243,3490007138.3364654,0.9878184086713434,3.2858751679658202,0.9360958562156763,0.06390414378432352,0.0,27.70024167276421,0,18.45,主口径p*加权,对数型,2048
132716035.97374296,3717454579.079252,0.9878184086713434,3.2579541027373495,0.9360958562156764,0.0639041437843235,0.0,28.010590821253334,0,18.5,主口径p*加权,对数型,2048
142553912.56463715,3790800240.5015845,1.0,3.2303407286433736,0.9138213310412427,0.06238353619908217,0.023795132759675014,26.592046281316552,2,18.55,主口径p*加权,对数型,2048
149957079.58420163,4048121570.982477,1.0,3.2030683219397265,0.9148960885216207,0.06245690630974264,0.022647005168636616,26.9952014416861,2,18.6,主口径p*加权,对数型,2048
157754848.91141143,4322392885.568592,1.0,3.1762924002186943,0.9159214019683776,0.06252690104104124,0.02155169699058124,27.399429655540214,2,18.65,主口径p*加权,对数型,2048
165968306.6238284,4614718765.526642,1.0,3.1500030637216794,0.9168993234523426,0.06259366048101327,0.020507016066643943,27.804819241700315,2,18.7,主口径p*加权,对数型,2048
174619661.58516032,4926275851.58613,1.0,3.12419066132576,0.917831840071085,0.06265732028218607,0.01951083964672899,28.211461452086443,2,18.75,主口径p*加权,对数型,2048
183732292.2108999,5258317915.809853,1.0,3.098845781718162,0.9187208729375962,0.0627180115925399,0.018561115469864026,28.61945416635859,2,18.8,主口径p*加权,对数型,2048
193330863.80051303,5612179352.425193,1.0,3.073959244966098,0.9195682827195376,0.06277586143365377,0.017655855846808507,29.028884690734518,2,18.85,主口径p*加权,对数型,2048
203441287.21265578,5989283545.4283285,1.0,3.049522094464627,0.9203758602788151,0.06283099206170045,0.016793147659484364,29.439862613372927,2,18.9,主口径p*加权,对数型,2048
214090940.04024073,6391144254.482173,1.0,3.0255255892456914,0.9211453404402762,0.06288352190738952,0.015971137652334225,29.852474155519555,2,18.95,主口径p*加权,对数型,2048
225308584.39878207,6819376135.419307,1.0,3.0019611966320143,0.9218783901324968,0.06293356476637844,0.015188045101124766,30.266827842428935,2,19.0,主口径p*加权,对数型,2048
237124560.8642597,7275697826.8419485,1.0,2.978820585220029,0.9225766183556738,0.06298123047974734,0.014442151164578816,30.683020773233487,2,19.05,主口径p*加权,对数型,2048
249570807.40365097,7761940650.82439,1.0,2.956095618176571,0.9232415727400597,0.06302662469905473,0.013731802560885608,31.101156147122524,2,19.1,主口径p*加权,对数型,2048
262681010.25277415,8280053955.648305,1.0,2.9337783468345937,0.9238747442701336,0.06306984920884112,0.013055406521025267,31.521326751715048,2,19.15,主口径p*加权,对数型,2048
276490583.8940523,8832116302.49287,1.0,2.911861004573682,0.9244775629470763,0.06311100163052041,0.0124114354224033,31.94364226840081,2,19.2,主口径p*加权,对数型,2048
291036900.088354,9420339639.389156,1.0,2.8903360009717547,0.9250514056282932,0.06315017595755816,0.011798418414148696,32.36819673563489,2,19.25,主口径p*加权,对数型,2048
306359242.1352464,10047082740.49158,1.0,2.869195916214769,0.9255975911403262,0.06318746222184628,0.011214946637827461,32.795102476641325,2,19.3,主口径p*加权,对数型,2048
322499089.98014003,10714854910.595297,1.0,2.8484334957518995,0.9261173886478822,0.06322294706502875,0.010659664287089152,33.22445006358044,2,19.35,主口径p*加权,对数型,2048
339500036.4206147,11426332306.534678,1.0,2.828041645184091,0.9266120121261828,0.06325671336114741,0.010131274512669713,33.65635075331279,2,19.4,主口径p*加权,对数型,2048
357408123.58648443,12184361445.826912,1.0,2.8080134253744666,0.9270826287963827,0.06328884079249973,0.009628530411117366,34.09089117382241,2,19.45,主口径p*加权,对数型,2048
376271655.6394743,12991980959.502062,1.0,2.7883420477695604,0.9275303520453174,0.06331940536629367,0.009150242588388662,34.52819462954808,2,19.5,主口径p*加权,对数型,2048
396141792.7970645,13852418072.083818,1.0,2.769020869920829,0.9279562546672556,0.06334848031861798,0.008695265014126456,34.9683328645411,2,19.55,主口径p*加权,对数型,2048
417072113.33241224,14769121103.20609,1.0,2.7500433911963973,0.9283613568696661,0.06337613529563588,0.008262507834698037,35.41143277406058,2,19.6,主口径p*加权,对数型,2048
439119340.99646646,15745753179.406689,1.0,2.7314032486734745,0.9287466405030605,0.06340243732500894,0.00785092217193057,35.85757152867788,2,19.65,主口径p*加权,对数型,2048
462342981.0741834,16786224854.267828,1.0,2.713094213202291,0.9291130403224339,0.06342745021934483,0.007459509458221195,36.306866420395515,2,19.7,主口径p*加权,对数型,2048
486805873.7076961,17894695924.62151,1.0,2.695110185632922,0.9294614527612981,0.06345123517517127,0.00708731206353073,36.75940840304328,2,19.75,主口径p*加权,对数型,2048
512574201.5980034,19075597663.20315,1.0,2.677445193196702,0.9297927342720407,0.06347385065963798,0.006733415068321357,37.21529020331689,2,19.8,主口径p*加权,对数型,2048
539717586.0404559,20333653614.534637,1.0,2.660093386034419,0.9301077019986517,0.06349535245644128,0.0063969455449071145,37.674617504515545,2,19.85,主口径p*加权,对数型,2048
568309466.7964951,21673891380.5124,1.0,2.6430490338638397,0.9304071376593861,0.06351579393088075,0.006077068409733144,38.13748080370016,2,19.9,主口径p*加权,对数型,2048
598427095.8522309,23101670296.72457,1.0,2.6263065227794984,0.9306917865771753,0.0635352259636685,0.005772987459156061,38.60398443995097,2,19.95,主口径p*加权,对数型,2048
630151956.5153089,24622694881.83931,1.0,2.6098603521780683,0.9309623612682314,0.06355369719591127,0.005483941535857441,39.0742179362592,2,20.0,主口径p*加权,对数型,2048
663569845.9817055,26243042755.542892,1.0,2.5937051318029387,0.9312195413160458,0.06357125402050873,0.0052092046634455245,39.548275007460795,2,20.05,主口径p*加权,对数型,2048
698771088.9168164,27969189685.141293,1.0,2.577835578902013,0.9314639747189026,0.06358794067414376,0.004948084606953636,40.02625484763126,2,20.1,主口径p*加权,对数型,2048
735850844.5162243,29808032997.658546,1.0,2.562246515493018,0.9316962797142174,0.06360379936182392,0.004699920923958495,40.50825411127367,2,20.15,主口径p*加权,对数型,2048
774909412.8600204,31766917052.645546,1.0,2.5469328657309327,0.9319170462236388,0.06361887035553376,0.004464083420827107,40.9943620834348,2,20.2,主口径p*加权,对数型,2048
816052398.902214,33853666808.707874,1.0,2.531889653372445,0.9321268363651909,0.06363319202919702,0.004239971605612015,41.48467286444984,2,20.25,主口径p*加权,对数型,2048
859391061.925459,36076616468.30007,1.0,2.517111999332601,0.932326186028931,0.06364680096624169,0.004027013004827277,41.979278196669505,2,20.3,主口径p*加权,对数型,2048
905042628.9138616,38444642136.73219,1.0,2.5025951193290905,0.9325156060124049,0.06365973203711352,0.003824661950481594,42.47826666780267,2,20.35,主口径p*加权,对数型,2048
953130438.2755349,40967204560.53353,1.0,2.488334321609857,0.9326955824409299,0.06367201842796748,0.003632399131102587,42.98173987041484,2,20.4,主口径p*加权,对数型,2048
1003784600.8563112,43654373018.74068,1.0,2.474325004759942,0.9328665791328028,0.06368369180213268,0.0034497290650645157,43.48978155422975,2,20.45,主口径p*加权,对数型,2048
1057142117.1783512,46516875293.26161,1.0,2.4605626555837397,0.9330290376099649,0.06369478230084027,0.003276180089194651,44.002480401992834,2,20.5,主口径p*加权,对数型,2048
1113347160.9438515,49566144433.818405,1.0,2.44704284705898,0.9331833779473817,0.06370531860120793,0.0031113034514102427,44.5199360743851,2,20.55,主口径p*加权,对数型,2048
1172551690.7028322,52814354739.54434,1.0,2.433761236359049,0.9333300004187173,0.06371532802858443,0.0029546715526984004,45.04224006353801,2,20.6,主口径p*加权,对数型,2048
1234915941.4400086,56274466415.1939,1.0,2.4207135629403544,0.9334692864474007,0.06372483662147589,0.0028058769311234406,45.56947118973415,2,20.65,主口径p*加权,对数型,2048
1300608432.8244932,59960296356.68289,1.0,2.4078956466917005,0.9336015984894878,0.06373386912354904,0.0026645323869631367,46.10172811694668,2,20.7,主口径p*加权,对数型,2048
1369806705.4914386,63886560881.44115,1.0,2.3953033861427615,0.9337272816280692,0.06374244909247619,0.002530269279454689,46.63910654351841,2,20.75,主口径p*加权,对数型,2048
1442698205.6379163,68068915311.48487,1.0,2.382932756728915,0.9338466649643485,0.06375059899489953,0.0024027360407520735,47.18167323247408,2,20.8,主口径p*加权,对数型,2048
1519479660.10714,72524069143.13655,1.0,2.370779809109856,0.9339600604619571,0.06375834012753627,0.0022815994105068295,47.72954258434944,2,20.85,主口径p*加权,对数型,2048
1600358856.3920417,77269794475.3384,1.0,2.3588406675395506,0.9340677658005523,0.06376569281198438,0.002166541387463344,48.28279242915598,2,20.9,主口径p*加权,对数型,2048
1685554477.4422722,82325030817.08397,1.0,2.347111528285218,0.9341700638646776,0.06377267635982865,0.0020572597754935757,48.841512937634185,2,20.95,主口径p*加权,对数型,2048
1775296914.4631298,87709950202.72713,1.0,2.3355886580931733,0.9342672237756973,0.06377930914308762,0.001953467081214925,49.40579206112777,2,21.0,主口径p*加权,对数型,2048
1869828621.358105,93446050920.02501,1.0,2.324268392699458,0.9343595012714058,0.06378560862012797,0.0018548901084663577,49.975730317013074,2,21.05,主口径p*加权,对数型,2048
1969405436.7610507,99556210261.44385,1.0,2.3131471353833324,0.9344471399911808,0.06379159142339794,0.0017612685854213063,50.551404196983064,2,21.1,主口径p*加权,对数型,2048
2074296794.5082822,106064799071.75066,1.0,2.3022213555617763,0.9345303715100446,0.06379727336175238,0.001672355128202964,51.13289445973116,2,21.15,主口径p*加权,对数型,2048
2184785739.9537396,112997815841.0371,1.0,2.2914875874232656,0.9346094154599291,0.06380266942873117,0.0015879151113395169,51.72031919405959,2,21.2,主口径p*加权,对数型,2048
2301171614.5174417,120382892339.93486,1.0,2.2809424285992015,0.9346844815127355,0.06380779393793608,0.0015077245493285271,52.31373947969512,2,21.25,主口径p*加权,对数型,2048
2423768714.737895,128249513996.79779,1.0,2.2705825388714023,0.9347557683230019,0.06381266045085027,0.0014315712261478003,52.913264049068566,2,21.3,主口径p*加权,对数型,2048
2552908855.573513,136629048843.71368,1.0,2.260404638914226,0.934823465180911,0.06381728188968351,0.0013592529294056284,53.51896858574681,2,21.35,主口径p*加权,对数型,2048
2688941248.141246,145554925532.05377,1.0,2.250405509069916,0.934887751827347,0.0638216705247469,0.0012905776479063922,54.130943036657975,2,21.4,主口径p*加权,对数型,2048
2832233072.742319,155062787829.04962,1.0,2.2405819881558537,0.9349487988362752,0.06382583800055638,0.001225363163168472,54.74930341058039,2,21.45,主口径p*加权,对数型,2048
2983172595.046146,165190521352.58502,1.0,2.230930972302487,0.9350067689518019,0.06382979542710969,0.0011634356210882884,55.37410796374983,2,21.5,主口径p*加权,对数型,2048
3142167467.718427,175978553867.6145,1.0,2.2214494138207375,0.9350618163086393,0.06383355332666978,0.0011046303646908711,56.00546618713326,2,21.55,主口径p*加权,对数型,2048
3309647644.952986,187469917997.07047,1.0,2.212134320097787,0.9351140875999191,0.06383712171348782,0.0010487906865932202,56.643467253364825,2,21.6,主口径p*加权,对数型,2048
3486066492.6894217,199710424161.406,1.0,2.2029827525201737,0.9351637223440876,0.06384051011202306,0.0009957675438892666,57.28818557540878,2,21.65,主口径p*加权,对数型,2048
3671900496.331657,212748929629.72046,1.0,2.19399182542319,0.9352108528155754,0.06384372755220996,0.0009454196322145933,57.93973171175615,2,21.7,主口径p*加权,对数型,2048
3867652119.6189723,226637444787.33685,1.0,2.1851587050656582,0.9352556048624696,0.06384678262527793,0.0008976125122523121,58.59819802243858,2,21.75,主口径p*加权,对数型,2048
4073850905.899935,241431354064.44336,1.0,2.1764806086291393,0.9352980981099785,0.06384968349764121,0.0008522183923802537,59.26366959448407,2,21.8,主口径p*加权,对数型,2048
4291054289.020809,257189673101.56876,1.0,2.1679548032407494,0.9353384461334777,0.06385243792271209,0.0008091159438101064,59.93624311853155,2,21.85,主口径p*加权,对数型,2048
4519849870.405988,273975238640.61703,1.0,2.1595786050187598,0.9353767569101312,0.06385505327173163,0.0007681898181371392,60.61600418068923,2,21.9,主口径p*加权,对数型,2048
4760856151.7513895,291855010143.4134,1.0,2.1513493781401953,0.9354131329411677,0.06385753654211705,0.000729330516715355,61.303051560599634,2,21.95,主口径p*加权,对数型,2048
5014724254.309418,310900335399.26514,1.0,2.1432645339297176,0.9354476715597767,0.06385989437848076,0.0006924340617425868,61.99749370707513,2,22.0,主口径p*加权,对数型,2048
5282141294.40123,331187135201.10956,1.0,2.1353215299690738,0.9354804653949584,0.06386213310429582,0.0006574015007457138,62.699408581165585,2,22.05,主口径p*加权,对数型,2048
5563830726.634979,352796297828.44794,1.0,2.127517869226453,0.935511602376921,0.06386425872226448,0.0006241389008143356,63.40888412358658,2,22.1,主口径p*加权,对数型,2048
5860552933.317804,375814090227.35815,1.0,2.1198510992051096,0.9355411658607609,0.06386627692276127,0.0005925572164780986,64.12604655284642,2,22.15,主口径p*加权,对数型,2048
6173111565.00172,400332230209.2271,1.0,2.1123188111106637,0.9355692352908445,0.06386819312918832,0.0005625715799673172,64.85096308300974,2,22.2,主口径p*加权,对数型,2048
6502350844.51303,426448561917.26337,1.0,2.1049186390364807,0.935595885912009,0.06387001247825981,0.0005341016097311459,65.58375149460282,2,22.25,主口径p*加权,对数型,2048
6849161273.807556,454267227151.28235,1.0,2.0976482591666006,0.9356211893010248,0.06387173985628329,0.0005070708426918172,66.32450441610759,2,22.3,主口径p*加权,对数型,2048
7214481036.82401,483899143691.38654,1.0,2.0905053889956773,0.9356452134443373,0.06387337990446677,0.0004814066511959437,67.07331285805289,2,22.35,主口径p*加权,对数型,2048
7599297737.160594,515462501126.535,1.0,2.083487786565436,0.9356680228686741,0.06387493702783482,0.0004570401034909196,67.83028102793254,2,22.4,主口径p*加权,对数型,2048
8004651180.228352,549083226826.0243,1.0,2.0765932497171593,0.9356896788367874,0.06387641540859136,0.0004339057546211875,68.59552208624291,2,22.45,主口径p*加权,对数型,2048
8431637606.900465,584895391418.5873,1.0,2.0698196153597617,0.9357102395856923,0.06387781902238328,0.00041194139192424857,69.36913310172487,2,22.5,主口径p*加权,对数型,2048
8881413144.562073,623041705783.5773,1.0,2.0631647587529924,0.9357297604765256,0.06387915164853082,0.000391087874943602,70.15119054168247,2,22.55,主口径p*加权,对数型,2048
9355192979.91285,663674365067.1151,1.0,2.0566265928053644,0.9357482939669343,0.06388041686814272,0.0003712891649229484,70.9418145079566,2,22.6,主口径p*加权,对数型,2048
9854258301.419971,706955403337.5852,1.0,2.050203067386395,0.935765889925774,0.06388161808559951,0.0003524919886263773,71.7411074190855,2,22.65,主口径p*加权,对数型,2048
10379957221.299719,753057519730.1399,1.0,2.04389216865278,0.9357825956664494,0.06388275853082961,0.0003346458027209949,72.54919299521413,2,22.7,主口径p*加权,对数型,2048
10933711423.725,802164552613.5288,1.0,2.0376919183881346,0.9357984561759521,0.063883841274945,0.0003177025491029595,73.36617197275908,2,22.75,主口径p*加权,对数型,2048
11517021570.962385,854472090491.3213,1.0,2.0316003733559342,0.9358135142477395,0.06388486923931236,0.0003016165129479979,74.19210645968425,2,22.8,主口径p*加权,对数型,2048
12131460634.224468,910189043735.3953,1.0,2.0256156246653223,0.9358278103217187,0.06388584518462934,0.00028634449365186836,75.027160469666,2,22.85,主口径p*加权,对数型,2048
12778693358.96744,969537355198.8712,1.0,2.019735797149462,0.9358413829858026,0.0638867717451641,0.0002718452690333631,75.87139999086831,2,22.9,主口径p*加权,对数型,2048
13460468600.93863,1032753786576.7006,1.0,2.0139590487561008,0.9358542687758767,0.06388765141509985,0.00025807980902352973,76.72495046009648,2,22.95,主口径p*加权,对数型,2048
14178627739.712444,1100090595931.178,1.0,2.0082835699500676,0.9358665023799956,0.06388848656247437,0.00024501105752980444,77.58794547161789,2,23.0,主口径p*加权,对数型,2048
14935115467.186754,1171816091586.9893,1.0,2.0027075831273886,0.9358781168201248,0.06388927944158718,0.0002326037382881661,78.46046414314853,2,23.05,主口径p*加权,对数型,2048
15731977123.947664,1248216309116.1304,1.0,1.9972293420407534,0.9358891433973483,0.06389003218925898,0.00022082441339254,79.34262167315639,2,23.1,主口径p*加权,对数型,2048
16571365197.793465,1329596087287.9285,1.0,1.9918471312360537,0.9358996118106021,0.0638907468329371,0.00020964135646081529,80.23455348536817,2,23.15,主口径p*加权,对数型,2048
17455551776.69284,1416279754463.1104,1.0,1.98655926549974,0.9359095503182657,0.06389142530172694,0.00019902438000748106,81.13634977464122,2,23.2,主口径p*加权,对数型,2048
18386926908.019722,1508613039835.144,1.0,1.981364089316737,0.9359189857119393,0.06389206942460172,0.00018894486345897782,82.04813383889294,2,23.25,主口径p*加权,对数型,2048
19368007666.456966,1606964250194.277,1.0,1.9762599763386772,0.9359279434284434,0.06389268093804841,0.00017937563350795558,82.97003377261895,2,23.3,主口径p*加权,对数型,2048
20401448981.23226,1711725403785.6475,1.0,1.9712453288622156,0.9359364476509393,0.0638932614929708,0.00017029085608984127,83.90214858563728,2,23.35,主口径p*加权,对数型,2048
21490044235.6136,1823314335664.5881,1.0,1.9663185773171987,0.9359445213129123,0.06389381265496148,0.00016166603212598325,84.844605980055,2,23.4,主口径p*加权,对数型,2048
22636737519.021698,1942175975266.463,1.0,1.9614781797644658,0.9359521862020184,0.06389433591139113,0.00015347788659043297,85.79752155691376,2,23.45,主口径p*加权,对数型,2048
23844629004.432053,2068784337213.2803,1.0,1.956722621403074,0.9359594629980199,0.06389483267399816,0.00014570432798175748,86.76102013701916,2,23.5,主口径p*加权,对数型,2048
25116983997.924168,2203644357734.4,1.0,1.9520504140867305,0.935966371334892,0.06389530428312863,0.000138324381979201,87.73522959271398,2,23.55,主口径p*加权,对数型,2048
26457243171.688618,2347293785193.067,1.0,1.947460095849244,0.9359729298606171,0.06389575201181813,0.0001313181275647171,88.72027104112118,2,23.6,主口径p*加权,对数型,2048
27869028549.79997,2500305616766.4795,1.0,1.9429502304387902,0.9359791562705183,0.0638961770680674,0.00012466666141412332,89.71628172466117,2,23.65,主口径p*加权,对数型,2048
29356165374.624226,2663289299214.382,1.0,1.9385194068608114,0.9359850674051587,0.0638965806015255,0.00011835199331562582,90.72333750771675,2,23.7,主口径p*加权,对数型,2048
30922670533.63732,2836895120553.9775,1.0,1.9341662389293617,0.9359906792019578,0.06389696370018699,0.00011235709785495521,91.74159513383671,2,23.75,主口径p*加权,对数型,2048
32572772953.244682,3021815979746.485,1.0,1.9298893648267224,0.9359960067905215,0.0638973273968996,0.00010666581257880535,92.7712228886387,2,23.8,主口径p*加权,对数型,2048
34310942451.385372,3218788528810.0923,1.0,1.925687446671119,0.9360010645836958,0.0638976726755803,0.00010126274072383959,93.8123029809147,2,23.85,主口径p*加权,对数型,2048
36141877785.52277,3428598313888.928,1.0,1.9215591700923627,0.9360058662341458,0.06389800046825102,9.613329760309123e-05,94.86497448293376,2,23.9,主口径p*加权,对数型,2048
38070530418.650764,3652081894454.1333,1.0,1.917503243815264,0.9360104247095142,0.0638983116601695,9.126363031630613e-05,95.92936726368744,2,23.95,主口径p*加权,对数型,2048
40102106237.95467,3890131301114.3354,1.0,1.9135183992506548,0.9360147523012795,0.06389860709043402,8.664060828636019e-05,97.00566045163276,2,24.0,主口径p*加权,对数型,2048
42242116021.14036,4143694075334.3857,1.0,1.9096033900938651,0.9360188607340653,0.06389888755944552,8.225170648919646e-05,98.09390403787172,2,24.05,主口径p*加权,对数型,2048
44496329578.52507,4413782931059.002,1.0,1.9057569919305029,0.9360227610716294,0.06389915382248991,7.808510588066907e-05,99.19431496635607,2,24.1,主口径p*加权,对数型,2048
46870852948.30706,4701473800904.721,1.0,1.9019780018493975,0.9360264638687935,0.06389940660010965,7.412953109670296e-05,100.3069819550731,2,24.15,主口径p*加权,对数型,2048
49372099093.40267,5007914622094.871,1.0,1.8982652380625538,0.9360299791158389,0.06389964657430794,7.037430985311676e-05,101.43207832060865,2,24.2,主口径p*加权,对数型,2048
52006835758.988174,5334326886144.968,1.0,1.8946175395319906,0.9360333163158787,0.06389987439383064,6.680929029079282e-05,102.56972585037637,2,24.25,主口径p*加权,对数型,2048
54782190432.67856,5682011824717.258,1.0,1.8910337656033165,0.9360364844877451,0.0639000906743634,6.342483789139259e-05,103.72005536543563,2,24.3,主口径p*加权,对数型,2048
57705654764.30479,6052357162772.882,1.0,1.8875127956459192,0.9360394921770019,0.06390029599928332,6.0211823714870926e-05,104.88325949152409,2,24.35,主口径p*加权,对数型,2048
60785148882.58648,6446838071719.86,1.0,1.8840535286996376,0.9360423475258343,0.06390049092443029,5.7161549735404554e-05,106.05942718298957,2,24.4,主口径p*加权,对数型,2048
64028996863.25621,6867027816284.06,1.0,1.880654883127787,0.9360450582451156,0.0639006759761999,5.4265778684467326e-05,107.24871781061408,2,24.45,主口径p*加权,对数型,2048
67445963544.3144,7314602581782.868,1.0,1.877315796276424,0.936047631653838,0.06390085165423533,5.1516691926811806e-05,108.45130230776395,2,24.5,主口径p*加权,对数型,2048
71045289570.60883,7791346935326.154,1.0,1.8740352241397218,0.9360500747071708,0.06390101843334287,4.8906859486281444e-05,109.66732604534849,2,24.55,主口径p*加权,对数型,2048
74836705979.90523,8299162048628.032,1.0,1.8708121410313452,0.9360523940062541,0.06390117676416027,4.64292295858635e-05,110.89694475404197,2,24.6,主口径p*加权,对数型,2048
78830472633.4524,8840071936308.09,1.0,1.8676455392617075,0.9360545958232173,0.06390132707486497,4.4077101917862996e-05,112.14028840614523,2,24.65,主口径p*加权,对数型,2048
83037386368.56535,9416233689920.035,1.0,1.864534428821002,0.9360566861063545,0.06390146977152715,4.184412211833396e-05,113.39752010167611,2,24.7,主口径p*加权,对数型,2048
87468804953.2412,10029946743193.055,1.0,1.8614778370678937,0.9360586704967345,0.06390160523924375,3.9724264021606404e-05,114.66884392161106,2,24.75,主口径p*加权,对数型,2048
92136742461.64417,10683654639816.936,1.0,1.8584748084237717,0.9360605543713059,0.06390173384508115,3.771178361307767e-05,115.95433433371558,2,24.8,主口径p*加权,对数型,2048
97053800837.3894,11379966296994.91,1.0,1.8555244040724492,0.9360623428124962,0.06390185593599976,3.5801251503920024e-05,117.25420538719227,2,24.85,主口径p*加权,对数型,2048
102233266591.95134,12121659315444.002,1.0,1.8526257016652172,0.9360640406514704,0.06390197184180706,3.398750672233493e-05,118.56863934345145,2,24.9,主口径p*加权,对数型,2048
107689169950.93105,12911688199664.537,1.0,1.849777795031147,0.93606565248526,0.06390208187632708,3.226563841306533e-05,119.89774092926702,2,24.95,主口径p*加权,对数型,2048
113436256911.73138,13753203901346.227,1.0,1.8469797938925485,0.9360671826675221,0.06390218633676951,3.063099570849053e-05,121.24169357992888,2,25.0,主口径p*加权,对数型,2048
119490045176.5451,14649564625239.93,1.0,1.8442308235854832,0.936068635328632,0.06390228550510128,2.9079166266696778e-05,122.60071208103884,2,25.05,主口径p*加权,对数型,2048
125866929974.20995,15604341407628.59,1.0,1.8415300247852435,0.9360700144015056,0.06390237964980945,2.7605948684939963e-05,123.97491073172206,2,25.1,主口径p*加权,对数型,2048
132584140717.18845,16621343019010.426,1.0,1.8388765532367037,0.9360713236105981,0.06390246902515018,2.62073642516012e-05,125.36448876238488,2,25.15,主口径p*加权,对数型,2048
139659855038.6878,17704622872004.773,1.0,1.8362695794894544,0.9360725664973697,0.06390255387288711,2.4879629743085268e-05,126.76959221460123,2,25.200000000000003,主口径p*加权,对数型,2048
147113177183.208,18858504060195.965,1.0,1.833708288637633,0.936073746416644,0.0639026344220429,2.3619161313120304e-05,128.19044779863907,2,25.25,主口径p*加权,对数型,2048
154964300489.54288,20087582530778.863,1.0,1.8311918800643634,0.9360748665640951,0.06390271089077555,2.2422545129216042e-05,129.62716230332282,2,25.3,主口径p*加权,对数型,2048
163234389221.605,21396767573476.016,1.0,1.8287195671907197,0.9360759299588052,0.06390278348518777,2.128655600708061e-05,131.08002348958482,2,25.35,主口径p*加权,对数型,2048
171945861416.0706,22791272242826.7,1.0,1.8262905772291365,0.9360769394831018,0.0639028524020464,2.0208114851780857e-05,132.54911781608345,2,25.4,主口径p*加权,对数型,2048
181122268937.31393,24276657467870.79,1.0,1.8239041509411755,0.9360778978650717,0.0639029178275889,1.9184307339284432e-05,134.0346364381781,2,25.450000000000003,主口径p*加权,对数型,2048
190788457296.802,25858841634356.594,1.0,1.821559542399581,0.9360788076980908,0.06390297993885634,1.8212363052766985e-05,135.53671957276234,2,25.5,主口径p*加权,对数型,2048
200970485734.6918,27544144073367.797,1.0,1.819256018754535,0.9360796714343205,0.06390303890324961,1.7289662429974945e-05,137.05566751592465,2,25.55,主口径p*加权,对数型,2048
211695895151.30554,29339283722636.387,1.0,1.816992860004047,0.9360804914103383,0.06390309488027908,1.6413709382482338e-05,138.59165148982555,2,25.6,主口径p*加权,对数型,2048
222993743212.4543,31251410774798.766,1.0,1.8147693587683953,0.9360812698471178,0.06390314802156324,1.558213131886668e-05,140.14478758278165,2,25.65,主口径p*加权,对数型,2048
234894547821.6826,33288153969006.6,1.0,1.8125848200685468,0.9360820088466217,0.06390319847059604,1.4792682782120215e-05,141.71531130759539,2,25.700000000000003,主口径p*加权,对数型,2048
247430488179.9038,35457634703121.45,1.0,1.8104385611084939,0.9360827104067089,0.06390324636376465,1.4043229526461696e-05,143.3034181193573,2,25.75,主口径p*加权,对数型,2048
260635408415.26,37768511256789.58,1.0,1.8083299110614233,0.9360833764215287,0.06390329183037635,1.3331748094849895e-05,144.9093639518638,2,25.8,主口径p*加权,对数型,2048
274545158068.48233,40229977249759.38,1.0,1.8062582108596608,0.9360840086986247,0.06390333499382612,1.2656307548959524e-05,146.5331879563669,2,25.85,主口径p*加权,对数型,2048
289197216372.3146,42851866758369.91,1.0,1.804222812988314,0.936084608941003,0.06390337597037248,1.2015088624534162e-05,148.1752393605411,2,25.9,主口径p*加权,对数型,2048
304631253050.7668,45644626927372.91,1.0,1.802223081282555,0.9360851787737697,0.06390341487095604,1.140635527410065e-05,149.8356667947206,2,25.950000000000003,主口径p*加权,对数型,2048
320888999499.0592,48619393892108.125,1.0,1.8002583907284746,0.9360857197373547,0.06390345180073675,1.0828461908521542e-05,151.51467943123015,2,26.0,主口径p*加权,对数型,2048
27124049.855098113,540644809.6729378,0.9878184086713434,4.3784663447001435,0.8798686062881277,0.12013139371187236,0.0,19.932304082950967,0,17.0,主口径p*加权,对数型,4096
28571641.909815777,575879174.6097654,0.9878184086713434,4.331400269967108,0.8798686062881277,0.12013139371187238,0.0,20.15562061247598,0,17.05,主口径p*加权,对数型,4096
30096489.237665158,613409833.7012422,0.9878184086713434,4.285158914001067,0.8798686062881276,0.12013139371187236,0.0,20.38144146505872,0,17.1,主口径p*加权,对数型,4096
31702717.12065286,653386393.7628734,0.9878184086713434,4.239727825606583,0.8798686062881277,0.12013139371187237,0.0,20.609791623735063,0,17.15,主口径p*加权,对数型,4096
33394666.25074846,695968309.1782383,0.9878184086713434,4.195092806810346,0.8798686062881277,0.12013139371187237,0.0,20.84070264252573,0,17.2,主口径p*加权,对数型,4096
35176916.30873113,741325273.4499756,0.9878184086713434,4.151239908424093,0.8798686062881276,0.12013139371187237,0.0,21.074197264584388,0,17.25,主口径p*加权,对数型,4096
37054282.94072228,789638215.8482513,0.9878184086713434,4.108155425685234,0.8798686062881276,0.12013139371187237,0.0,21.310308908459458,0,17.3,主口径p*加权,对数型,4096
39031843.29245176,841099762.7847239,0.9878184086713434,4.065825893973893,0.8798686062881276,0.12013139371187236,0.0,21.54906588660601,0,17.35,主口径p*加权,对数型,4096
41114944.32210807,895915118.8156371,0.9878184086713434,4.024238084604997,0.8798686062881276,0.12013139371187236,0.0,21.790498165259372,0,17.4,主口径p*加权,对数型,4096
43309217.297262035,954302885.3408647,0.9878184086713434,3.9833790006940704,0.8798686062881276,0.12013139371187237,0.0,22.034637079465178,0,17.45,主口径p*加权,对数型,4096
45620600.09447799,1016495775.9529119,0.9878184086713434,3.9432358730955137,0.8798686062881276,0.12013139371187238,0.0,22.281508218826577,0,17.5,主口径p*加权,对数型,4096
48055340.135450505,1082741832.6363103,0.9878184086713434,3.9037961564120205,0.8798686062881275,0.12013139371187236,0.0,22.531144917182054,0,17.55,主口径p*加权,对数型,4096
50620015.61333231,1153305324.860335,0.9878184086713434,3.865047525073934,0.8798686062881278,0.12013139371187237,0.0,22.78358295402377,0,17.6,主口径p*加权,对数型,4096
53321568.33324451,1228467459.988426,0.9878184086713434,3.8269778694873064,0.8798686062881276,0.12013139371187236,0.0,23.038847100498934,0,17.65,主口径p*加权,对数型,4096
56167302.19613639,1308527961.6989315,0.9878184086713434,3.789575292249432,0.8798686062881277,0.12013139371187238,0.0,23.296970132721487,0,17.7,主口径p*加权,对数型,4096
59164913.39542026,1393806029.2215655,0.9878184086713434,3.752828104430732,0.8798686062881276,0.12013139371187236,0.0,23.557983088832763,0,17.75,主口径p*加权,对数型,4096
62322500.01884692,1484641873.9812026,0.9878184086713434,3.7167248219217544,0.8798686062881275,0.12013139371187236,0.0,23.821924241361188,0,17.8,主口径p*加权,对数型,4096
65648605.92630832,1581397558.1163235,0.9878184086713434,3.681254161844202,0.8798686062881276,0.12013139371187236,0.0,24.08882162541988,0,17.85,主口径p*加权,对数型,4096
69152222.7517709,1684458934.7256663,0.9878184086713434,3.6464050390248497,0.8798686062881275,0.12013139371187236,0.0,24.358709925669444,0,17.9,主口径p*加权,对数型,4096
72842825.1458134,1794236927.7481592,0.9878184086713434,3.6121665625312285,0.8798686062881276,0.12013139371187237,0.0,24.631621908630514,0,17.95,主口径p*加权,对数型,4096
76730399.16584162,1911169097.370868,0.9878184086713434,3.5785280322680477,0.8798686062881276,0.12013139371187237,0.0,24.907587059988483,0,18.0,主口径p*加权,对数型,4096
80825435.07601862,2035722238.2774942,0.9878184086713434,3.5454789356332177,0.8798686062881276,0.12013139371187237,0.0,25.186653636480145,0,18.05,主口径p*加权,对数型,4096
85139033.46393415,2168392299.882979,0.9878184086713434,3.5130089442324994,0.8798686062881275,0.12013139371187234,0.0,25.46883857686186,0,18.1,主口径p*加权,对数型,4096
89682844.5214986,2309708631.842328,0.9878184086713434,3.4811079106517053,0.8798686062881275,0.12013139371187237,0.0,25.754185699235364,0,18.15,主口径p*加权,对数型,4096
94469154.76848312,2460234715.0309076,0.9878184086713434,3.4497658652854533,0.8798686062881276,0.12013139371187234,0.0,26.04273025476135,0,18.2,主口径p*加权,对数型,4096
99510903.4363848,2620570832.0563912,0.9878184086713434,3.4189730132215144,0.8798686062881276,0.12013139371187236,0.0,26.334509501581064,0,18.25,主口径p*加权,对数型,4096
104821727.78576437,2791356190.0686307,0.9878184086713434,3.3887197311797306,0.8798686062881277,0.12013139371187237,0.0,26.62955714461825,0,18.3,主口径p*加权,对数型,4096
110415990.01813276,2973271727.123973,0.9878184086713434,3.3589965645045803,0.8798686062881277,0.12013139371187237,0.0,26.927908961697447,0,18.35,主口径p*加权,对数型,4096
116308807.34047452,3167043070.0583158,0.9878184086713434,3.3297942242104406,0.8798686062881277,0.12013139371187236,0.0,27.229606617728688,0,18.4,主口径p*加权,对数型,4096
122516126.88005021,3373442507.6215487,0.9878184086713434,3.3011035840786223,0.8798686062881277,0.12013139371187236,0.0,27.534681298930774,0,18.45,主口径p*加权,对数型,4096
131662238.15599418,3436873424.001534,1.0,3.272899916142061,0.8585706175569723,0.11722350831711194,0.024205874125915666,26.10371411071948,2,18.5,主口径p*加权,对数型,4096
138496586.4477292,3670327080.336674,1.0,3.2448688436164237,0.859597389272118,0.11736369688195321,0.02303891384592863,26.501209701091902,2,18.55,主口径p*加权,对数型,4096
145695218.8662574,3919161747.232813,1.0,3.2173483894464305,0.8605770065504745,0.11749744729435814,0.02192554615516724,26.899727923333245,2,18.6,主口径p*加权,对数型,4096
153277575.46816087,4184380446.4781404,1.0,3.190328352954243,0.8615114156095411,0.11762502527788934,0.020863559112569444,27.299364787690866,2,18.65,主口径p*加权,对数型,4096
161264171.3233862,4467050587.322168,1.0,3.1637987906118976,0.8624025069559833,0.11774668894972361,0.019850804094292993,27.700204891539762,2,18.7,主口径p*加权,对数型,4096
169676585.012597,4768309995.075875,1.0,3.137750006883766,0.8632521068645016,0.11786268765723326,0.01888520547826531,28.10234538090138,2,18.75,主口径p*加权,对数型,4096
178537587.21686062,5089369547.369263,1.0,3.1121725454790115,0.864061985227399,0.11797326304971421,0.017964751722886595,28.50587165820417,2,18.8,主口径p*加权,对数型,4096
187871083.48787394,5431521297.102399,1.0,3.087057180996199,0.8648338448361134,0.11807864761495736,0.017087507548929248,28.91089568583328,2,18.85,主口径p*加权,对数型,4096
197702363.53083453,5796138466.30793,1.0,3.0623949109426913,0.8655693382513265,0.11817906698258111,0.016251594766092392,29.317497083963485,2,18.9,主口径p*加权,对数型,4096
208057993.21766868,6184685863.02638,1.0,3.038176948111931,0.866270053215825,0.11827473793240063,0.015455208851774371,29.72577869938411,2,18.95,主口径p*加权,对数型,4096
218965956.9204535,6598723779.958435,1.0,3.0143947133023397,0.8669375201594104,0.11836586941909816,0.014696610421491412,30.13584336470914,2,19.0,主口径p*加权,对数型,4096
230455746.033429,7039913830.466321,1.0,2.9910398283619712,0.8675732137510149,0.1184526627841386,0.013974123464846352,30.547790418057698,2,19.05,主口径p*加权,对数型,4096
242558449.82539266,7510025209.200412,1.0,2.9681041095437224,0.8681785541037751,0.1185353119203021,0.013286133975922727,30.961713412196335,2,19.1,主口径p*加权,对数型,4096
255306779.67661354,8010943551.228334,1.0,2.945579561156382,0.868754904825473,0.11861400300550459,0.012631092169022333,31.377715708824745,2,19.15,主口径p*加权,对数型,4096
268735217.45120794,8544676646.91122,1.0,2.923458369497377,0.8693035774324417,0.1186889151054427,0.01200750746211562,31.795894590788446,2,19.2,主口径p*加权,对数型,4096
282880047.7083196,9113364341.475939,1.0,2.9017328970536407,0.8698258300061806,0.11876021999017722,0.011413950003642115,32.21635606790062,2,19.25,主口径p*加权,对数型,4096
297779543.6906419,9719284311.41193,1.0,2.880395676957544,0.8703228719970073,0.11882808278999138,0.010849045213001327,32.63919405259459,2,19.3,主口径p*加权,对数型,4096
313473964.31831527,10364864522.894651,1.0,2.8594394076853855,0.8707958617012512,0.11889266165094418,0.010311476647804563,33.06451476898321,2,19.35,主口径p*加权,对数型,4096
330005799.4326657,11052688512.168226,1.0,2.8388569479864945,0.871245912056534,0.11895410852611879,0.009799979417347032,33.492406894574636,2,19.4,主口径p*加权,对数型,4096
347419663.36000365,11785512950.604053,1.0,2.8186413120314686,0.8716740858177516,0.1190125685169837,0.009313345665264558,33.92298765309566,2,19.45,主口径p*加权,对数型,4096
365762728.0865266,12566268303.24021,1.0,2.7987856647686575,0.8720814053151144,0.1190681812056903,0.008850413479195404,34.35633906434412,2,19.5,主口径p*加权,对数型,4096
385084526.2167961,13398081334.168678,1.0,2.7792833174784057,0.8724688457660172,0.11912107974192024,0.008410074492062493,34.79257259645324,2,19.55,主口径p*加权,对数型,4096
405437340.819396,14284278969.725927,1.0,2.7601277235151627,0.8728373427119434,0.11917139185827068,0.007991265429785944,35.23177944305068,2,19.6,主口径p*加权,对数型,4096
426876195.9315667,15228406675.984987,1.0,2.741312474227943,0.8731877901276992,0.11921923961210189,0.007592970260198823,35.67405917950571,2,19.65,主口径p*加权,对数型,4096
449459054.00534517,16234240958.92627,1.0,2.7228312950501423,0.8735210429546095,0.11926473973140268,0.007214217313987867,36.11951036308016,2,19.7,主口径p*加权,对数型,4096
473246966.3532568,17305804649.436058,1.0,2.7046780417501326,0.8738379184075222,0.11930800379324037,0.006854077799237518,36.56823155738537,2,19.75,主口径p*加权,对数型,4096
498304322.9185948,18447379841.70344,1.0,2.6868466968344764,0.8741391983524854,0.11934913854839269,0.006511663099121779,37.02030866129389,2,19.8,主口径p*加权,对数型,4096
524698788.2963839,19663533654.61558,1.0,2.6693313660960287,0.8744256277627831,0.11938824571054531,0.006186126526671584,37.47585108488633,2,19.85,主口径p*加权,对数型,4096
552501801.7400875,20959124851.84963,1.0,2.6521262752995813,0.8746979198765539,0.11942542266047884,0.005876657462967179,37.934943896724874,2,19.9,主口径p*加权,对数型,4096
581788425.605917,22339336012.050503,1.0,2.6352257669980705,0.8749567538013916,0.11946076211901668,0.00558248407959168,38.39769756296661,2,19.95,主口径p*加权,对数型,4096
612638044.8881042,23809675432.419476,1.0,2.6186242974727785,0.8752027803802677,0.11949435294791921,0.00530286667181314,38.864180295509094,2,20.0,主口径p*加权,对数型,4096
645133942.2917681,25376023395.585995,1.0,2.602316433791209,0.8754366178264306,0.11952627955390199,0.005037102619667423,39.3345036310451,2,20.05,主口径p*加权,对数型,4096
679363948.3260248,27044639563.33664,1.0,2.586296850976775,0.875658856800002,0.1195566225817603,0.004784520618237543,39.80876469817912,2,20.1,主口径p*加权,对数型,4096
715420706.1491857,28822186610.862877,1.0,2.570560329284647,0.8758700613546168,0.11958545904361702,0.0045444796017661245,40.28704559866713,2,20.15,主口径p*加权,对数型,4096
753401668.2310418,30715766803.276443,1.0,2.5551017515784524,0.8760707684528194,0.1196128622527583,0.004316369294422257,40.769443576354014,2,20.2,主口径p*加权,对数型,4096
793409652.753653,32732938598.99256,1.0,2.5399161008028313,0.8762614907698297,0.11963890220644077,0.004099607023729291,41.256037767359835,2,20.25,主口径p*加权,对数型,4096
835552568.3427821,34881769401.75352,1.0,2.5249984575470577,0.8764427151253151,0.11966364537177637,0.003893639502908364,41.7469477365587,2,20.3,主口径p*加权,对数型,4096
879944679.6221732,37170827709.10611,1.0,2.510343997695274,0.876614907938838,0.11968715543058271,0.003697936630579056,42.24223246064327,2,20.35,主口径p*加权,对数型,4096
926705852.6763018,39609261130.1818,1.0,2.495947990159058,0.8767785115379779,0.1197094927753186,0.0035119956867033565,42.74199954148483,2,20.4,主口径p*加权,对数型,4096
975962536.9644082,42206805713.3572,1.0,2.481805794688328,0.8769339479931778,0.11973071503266855,0.003335336974153607,43.2463379635815,2,20.45,主口径p*加权,对数型,4096
1027847922.799311,44973832365.60909,1.0,2.4679128597568036,0.8770816192311403,0.11975087707902501,0.0031675036898346936,43.755337115557225,2,20.5,主口径p*加权,对数型,4096
1082502339.999072,47921386525.79261,1.0,2.4542647205184136,0.8772219080383267,0.11977003117749954,0.0030080607841737844,44.26908354381358,2,20.55,主口径p*加权,对数型,4096
1140073626.0873532,51061232630.82411,1.0,2.4408569968312905,0.8773551788626824,0.11978822708738492,0.002856594049932587,44.787662360072666,2,20.6,主口径p*加权,对数型,4096
1200717239.8571684,54405913907.28525,1.0,2.427685391346149,0.8774817780625073,0.11980551209813432,0.002712709839358388,45.31117910304771,2,20.65,主口径p*加权,对数型,4096
1264597312.057683,57968774263.06898,1.0,2.414745687656022,0.8776020360990301,0.1198219313287209,0.0025760325722487378,45.83971016729854,2,20.7,主口径p*加权,对数型,4096
1331886843.8081837,61764021887.0772,1.0,2.4020337485045222,0.8777162675451613,0.11983752772883269,0.0024462047260057984,46.37332531229084,2,20.75,主口径p*加权,对数型,4096
1402767263.056836,65806828243.071594,1.0,2.3895455140499102,0.8778247704307289,0.11985234198947554,0.0023228875797956412,46.91214998820892,2,20.8,主口径p*加权,对数型,4096
1477430404.854055,70113320154.76164,1.0,2.3772770001824592,0.8779278295048387,0.119866412988394,0.002205757506767253,47.45625914046872,2,20.85,主口径p*加权,对数型,4096
1556078280.9785805,74700678104.36795,1.0,2.3652242968926815,0.8780257154997961,0.11987977768957217,0.0020945068106314672,48.005732756189154,2,20.9,主口径p*加权,对数型,4096
1638923438.5954359,79587213973.70334,1.0,2.353383566688168,0.8781186856340031,0.1198924712118959,0.0019888431541008637,48.56066616626699,2,20.95,主口径p*加权,对数型,4096
1726190131.2184417,84792415491.71545,1.0,2.341751043056899,0.8782069849438375,0.11990452701099863,0.001888488045163825,49.12113327392517,2,21.0,主口径p*加权,对数型,4096
1818113940.772325,90337071766.2037,1.0,2.3303230289749846,0.8782908458428049,0.11991597681907099,0.0017931773381237488,49.68724442420204,2,21.05,主口径p*加权,对数型,4096
1914943863.3899674,96243285256.67056,1.0,2.3190958954569427,0.8783704901091492,0.11992685091623584,0.0017026589746151016,50.259063514422806,2,21.1,主口径p*加权,对数型,4096
2016941088.6131003,102534653703.588,1.0,2.308066080146686,0.8784461277454301,0.11993717797484273,0.0016166942797271652,50.83671222846346,2,21.15,主口径p*加权,对数型,4096
2124382252.6837656,109236236537.04869,1.0,2.297230085947519,0.87851795951846,0.11994698540625376,0.0015350550752861833,51.420235882242395,2,21.2,主口径p*加权,对数型,4096
2237557214.3974166,116374804879.26216,1.0,2.2865844796895343,0.8785861752489791,0.11995629912732729,0.0014575256236934154,52.00975605470825,2,21.25,主口径p*加权,对数型,4096
2356772246.968179,123978826180.39116,1.0,2.276125890832864,0.8786509560018266,0.11996514385944941,0.0013839001387237937,52.60534883669016,2,21.3,主口径p*加权,对数型,4096
2482349519.8407373,132078646576.60155,1.0,2.2658510102053473,0.8787124736410267,0.11997354306778817,0.001313983291185273,53.20711105383558,2,21.35,主口径p*加权,对数型,4096
2614629073.525729,140706553876.75714,1.0,2.255756588773258,0.8787708918369108,0.11998151909879955,0.001247589064289613,53.81511102338491,2,21.4,主口径p*加权,对数型,4096
2753967756.131567,149897012095.04263,1.0,2.2458394364437635,0.8788263655819242,0.11998909311411872,0.0011845413039573488,54.42947244436856,2,21.45,主口径p*加权,对数型,4096
2900743117.0086465,159686641840.33612,1.0,2.236096420897935,0.8788790428451797,0.11999628531646186,0.0011246718383585222,55.050252779712146,2,21.5,主口径p*加权,对数型,4096
3055351746.104803,170114510507.56848,1.0,2.2265244664531005,0.8789290638210419,0.12000311484703292,0.001067821331925187,55.67755356627711,2,21.55,主口径p*加权,对数型,4096
3218211872.4988337,181222205530.8309,1.0,2.2171205529534714,0.8789765618974762,0.12000959991773541,0.001013838184788601,56.31145888170437,2,21.6,主口径p*加权,对数型,4096
3389763666.4119844,193054045929.69467,1.0,2.207881714687984,0.8790216637173616,0.12001575781954377,0.0009625784630948048,56.95206655337113,2,21.65,主口径p*加权,对数型,4096
3570470935.966718,205657231056.8961,1.0,2.1988050393343674,0.8790644896667023,0.12002160498916041,0.000913905344137255,57.599469298358436,2,21.7,主口径p*加权,对数型,4096
3760821932.284181,219082054501.10608,1.0,2.18988766692851,0.8791051540721214,0.12002715703598033,0.0008676888918980764,58.25376964020307,2,21.75,主口径p*加权,对数型,4096
3961332254.401,233382012359.8326,1.0,2.181126788858214,0.8791437658147787,0.12003242882591113,0.0008238053593100267,58.9150309471132,2,21.8,主口径p*加权,对数型,4096
4172543682.9987054,248614164823.6723,1.0,2.1725196468805015,0.8791804280674679,0.12003743444547829,0.0007821374870538687,59.58335818907457,2,21.85,主口径p*加权,对数型,4096
4395027156.608142,264839276974.63474,1.0,2.1640635321616712,0.8792152389073884,0.12004218728548878,0.0007425738071227103,60.25884881653933,2,21.9,主口径p*加权,对数型,4096
4629384375.15527,282122056698.7958,1.0,2.155755784339334,0.8792482915549541,0.12004670007363641,0.00070500837140957,60.94159262576537,2,21.95,主口径p*加权,对数型,4096
4876249080.870085,300531433064.8415,1.0,2.147593790605706,0.8792796745530016,0.12005098489896984,0.0006693405480285643,61.631682073799375,2,22.0,主口径p*加权,对数型,4096
5136289052.552693,320140813912.2867,1.0,2.139574984811457,0.8793094720332215,0.12005505324826916,0.0006354747185094963,62.329205120023246,2,22.05,主口径p*加权,对数型,4096
5410206386.400235,341028473870.3376,1.0,2.1316968465894655,0.8793377637749747,0.12005891601407653,0.0006033202109488226,63.03428178407186,2,22.1,主口径p*加权,对数型,4096
5698743544.8015375,363277606621.00714,1.0,2.123956900497853,0.8793646258465935,0.12006258358225488,0.0005727905711516593,63.74696523278247,2,22.15,主口径p*加权,对数型,4096
6002678995.723454,386977056912.3473,1.0,2.1163527151816828,0.8793901301629667,0.12006606577158371,0.000543804065449597,64.46739150769932,2,22.2,主口径p*加权,对数型,4096
6322835385.985679,412221291981.07477,1.0,2.1088819025527807,0.8794143452645471,0.12006937194011952,0.0005162827953333801,65.19563879438446,2,22.25,主口径p*加权,对数型,4096
6660078077.993182,439111012077.4153,1.0,2.1015421169871016,0.8794373361543097,0.12007251096293511,0.0004901528827550665,65.9318114495331,2,22.3,主口径p*加权,对数型,4096
7015319249.819908,467753438871.16846,1.0,2.094331054539144,0.8794591646141784,0.1200754912753225,0.0004653441104991234,66.67600179181814,2,22.35,主口径p*加权,对数型,4096
7389520040.872719,498262762348.30396,1.0,2.087246452172911,0.879479889330983,0.1200783208899902,0.0004417897790268908,67.42829839994019,2,22.4,主口径p*加权,对数型,4096
7783690963.067799,530760744156.3176,1.0,2.0802860870089313,0.8794995659416369,0.12008100740323151,0.00041942665513149986,68.18882541389182,2,22.45,主口径p*加权,对数型,4096
8198898669.902567,565376932000.271,1.0,2.0734477755869025,0.8795182473996535,0.120083558044966,0.00039819455538054265,68.95766794578397,2,22.5,主口径p*加权,对数型,4096
8636265850.826042,602249376462.8466,1.0,2.06672937314351,0.8795359839484609,0.12008597967509654,0.000378036376442478,69.73492790350387,2,22.55,主口径p*加权,对数型,4096
9096975491.372232,641525098415.1276,1.0,2.060128772905008,0.8795528233167047,0.12008827881017409,0.00035889787312122197,70.52070207549353,2,22.6,主口径p*加权,对数型,4096
9582271669.585566,683360845046.4266,1.0,2.0536439053941624,0.8795688107629537,0.12009046162950193,0.000340727607544421,71.31511906674861,2,22.65,主口径p*加权,对数型,4096
10093466981.990582,727923429990.3306,1.0,2.047272737751175,0.8795839893426538,0.12009253401158367,0.0003234766457625011,72.11827524567512,2,22.7,主口径p*加权,对数型,4096
10631947022.969044,775390322565.4757,1.0,2.0410132730682187,0.8795984000125017,0.12009450154837358,0.00030709843912474943,72.93022819718139,2,22.75,主口径p*加权,对数型,4096
11199163490.283503,825951128064.2708,1.0,2.0348635497372336,0.8796120814597675,0.12009636952197361,0.00029154901825870796,73.75114478691856,2,22.8,主口径p*加权,对数型,4096
11796652295.614382,879807317307.7572,1.0,2.028821640810639,0.8796250705931371,0.12009814297164965,0.00027678643521327357,74.58110108363891,2,22.85,主口径p*加权,对数型,4096
12426029301.857164,937173637797.5548,1.0,2.022885653374642,0.8796374024077892,0.12009982667541017,0.00026277091680061595,75.4202018224347,2,22.9,主口径p*加权,对数型,4096
13088994772.938763,998278971771.528,1.0,2.0170537279348224,0.8796491101022379,0.12010142516595888,0.0002494647318031087,76.26857440843737,2,22.95,主口径p*加权,对数型,4096
13787342188.990707,1063366931286.3037,1.0,2.0113240378137016,0.8796602252460743,0.12010294275359736,0.00023683200032825242,77.1263175099411,2,23.0,主口径p*加权,对数型,4096
14522961458.11386,1132696947144.0308,1.0,2.005694788559991,0.8796707778213863,0.12010438353187994,0.00022483864673378766,77.99352428296932,2,23.05,主口径p*加权,对数型,4096
15297837724.422802,1206545797060.4304,1.0,2.0001642173692495,0.8796807962217489,0.12010575137747614,0.00021345240077480504,78.87034879015584,2,23.1,主口径p*加权,对数型,4096
16114070700.446705,1285207619797.6418,1.0,1.9947305925156784,0.8796903075182935,0.12010704998649765,0.00020264249520900317,79.75685620902819,2,23.15,主口径p*加权,对数型,4096
16973863980.828688,1368996370638.422,1.0,1.989392212794785,0.8796993373180215,0.12010828285515388,0.0001923798268246025,80.6531955354803,2,23.2,主口径p*加权,对数型,4096
17879542999.564186,1458246130052.694,1.0,1.9841474069766767,0.8797079099843326,0.12010945330986088,0.00018263670580661152,81.55947442774342,2,23.25,主口径p*加权,对数型,4096
18833560702.069183,1553312468419.763,1.0,1.9789945332697276,0.8797160486756579,0.1201105645125165,0.00017338681182541314,82.47577253137828,2,23.3,主口径p*加权,对数型,4096
19838490175.549854,1654575015890.9011,1.0,1.973931978794389,0.8797237752921621,0.12011161945322318,0.00016460525461489721,83.40226505392526,2,23.35,主口径p*加权,对数型,4096
20897053815.804367,1762437151728.8064,1.0,1.9689581590669212,0.8797311107218223,0.12011262098388613,0.00015626829429142919,84.33902536040183,2,23.4,主口径p*加权,对数型,4096
22012112577.887104,1877329103143.6055,1.0,1.9640715174928114,0.8797380747463115,0.12011357180536306,0.00014835344832522853,85.28618489029218,2,23.45,主口径p*加权,对数型,4096
23186679486.260464,1999709193162.7087,1.0,1.9592705248696822,0.8797446861473269,0.12011447448198172,0.0001408393706910962,86.24387956661322,2,23.5,主口径p*加权,对数型,4096
24423932394.079807,2130065269240.9597,1.0,1.95455367889947,0.8797509627801077,0.12011533145157738,0.00013370576831464763,87.21221607038484,2,23.55,主口径p*加权,对数型,4096
25727220701.949192,2268916794988.361,1.0,1.9499195037096793,0.8797569216028047,0.12011614502950292,0.00012693336769240582,88.19129051186081,2,23.6,主口径p*加权,对数型,4096
27100063772.538723,2416817860539.6543,1.0,1.9453665493835182,0.8797625786769462,0.12011691740869239,0.00012050391436113914,89.18126100458426,2,23.65,主口径p*加权,对数型,4096
28546166847.99503,2574358856813.314,1.0,1.940893391498722,0.8797679492513855,0.1201176506711225,0.00011440007749194436,90.18229559581401,2,23.7,主口径p*加权,对数型,4096
30069454646.52276,2742166690569.011,1.0,1.9364986306748944,0.8797730478800535,0.12011834680389,0.00010860531605648366,91.19442712893087,2,23.75,主口径p*加权,对数型,4096
31674036821.529526,2920911340621.2446,1.0,1.9321808921291668,0.8797778882958823,0.1201190076819978,0.00010310402211988804,92.21784255285826,2,23.8,主口径p*加权,对数型,4096
33364255368.126137,3111305265436.4087,1.0,1.927938825240025,0.8797824835797525,0.1201196350914222,9.788132882500166e-05,93.2526511114266,2,23.85,主口径p*加权,对数型,4096
35144675611.16828,3314108136657.6245,1.0,1.9237711031191236,0.8797868461286276,0.12012023072476193,9.292314661053487e-05,94.29901056205699,2,23.9,主口径p*加权,对数型,4096
37020121589.599785,3530127713986.6245,1.0,1.9196764221909253,0.8797909877475357,0.1201207961937969,8.821605866721025e-05,95.35699944806119,2,23.95,主口径p*加权,对数型,4096
38995658234.22736,3760225964653.3086,1.0,1.91565350178001,0.8797949196065301,0.12012133302361155,8.374736985828873e-05,96.4267853120344,2,24.0,主口径p*加权,对数型,4096
41076618813.986,4005321244645.6147,1.0,1.911701083705897,0.879798652311238,0.12012184266222768,7.950502653431257e-05,97.50854282295164,2,24.05,主口径p*加权,对数型,4096
43268653175.37779,4266388638549.2534,1.0,1.9078179318852289,0.8798021959839887,0.12012232649168059,7.547752433064739e-05,98.60229809457206,2,24.1,主口径p*加权,对数型,4096
45577666084.7855,4544471347659.332,1.0,1.9040028319411717,0.8798055601593656,0.12012278581375872,7.165402687547918e-05,99.70829439150118,2,24.15,主口径p*加权,对数型,4096
48009906029.44249,4840677754866.511,1.0,1.9002545908198882,0.8798087539352831,0.12012322187063067,6.802419408611312e-05,100.82664506566464,2,24.2,主口径p*加权,对数型,4096
50571960402.73913,5156187906006.245,1.0,1.8965720364139458,0.879811785952994,0.12012363584211547,6.457820489047633e-05,101.95744568618642,2,24.25,主口径p*加权,对数型,4096
53270745159.87691,5492261086094.839,1.0,1.89295401719252,0.8798146643894184,0.12012402884463526,6.130676594642655e-05,103.10088716820813,2,24.3,主口径p*加权,对数型,4096
56113564540.36907,5850236690964.129,1.0,1.889399401838266,0.8798173970290459,0.12012440194103241,5.820102992157479e-05,104.25708541034436,2,24.35,主口径p*加权,对数型,4096
59108097573.40556,6231542966517.282,1.0,1.8859070788907246,0.8798199912479658,0.12012475613838895,5.525261364504247e-05,105.42621438252876,2,24.4,主口径p*加权,对数型,4096
62262457459.31947,6637698671818.334,1.0,1.882475956396138,0.8798224540689833,0.12012509239555184,5.24535354647785e-05,106.60836309191968,2,24.45,主口径p*加权,对数型,4096
65585164297.260895,7070324299844.023,1.0,1.8791049615635542,0.8798247921382633,0.12012541161994421,4.9796241792392195e-05,107.80371408079722,2,24.5,主口径p*加权,对数型,4096
69085187483.40636,7531146577992.907,1.0,1.8757930404270953,0.8798270117644461,0.12012571467290573,4.7273562648134084e-05,109.01246493398924,2,24.55,主口径p*加权,对数型,4096
72772008777.56421,8022001110103.938,1.0,1.8725391575142778,0.8798291189578024,0.12012600237503862,4.4878667159010315e-05,110.23470761435324,2,24.6,主口径p*加权,对数型,4096
76655597306.23405,8544845141034.062,1.0,1.8693422955202637,0.8798311194119749,0.12012627550371498,4.260508431009543e-05,111.47059629446196,2,24.65,主口径p*加权,对数型,4096
80746446406.0921,9101764354903.984,1.0,1.8662014549879353,0.8798330185289981,0.12012653479649253,4.044667450921513e-05,112.72030857096989,2,24.7,主口径p*加权,对数型,4096
85055625020.68317,9694978615847.273,1.0,1.8631156539936837,0.8798348214447034,0.12012678095458348,3.839760071319578e-05,113.98397946625781,2,24.75,主口径p*加权,对数型,4096
89594790670.65826,10326852679413.572,1.0,1.8600839278388,0.8798365330331724,0.12012701464346251,3.645232336496129e-05,115.26175352509141,2,24.8,主口径p*加权,对数型,4096
94376185132.11818,10999909810580.072,1.0,1.8571053287463664,0.8798381579089445,0.1201272364931679,3.46055978876675e-05,116.55387209369808,2,24.85,主口径p*加权,对数型,4096
99412769716.69928,11716830042903.56,1.0,1.854178925563549,0.8798397004753528,0.1201274471049015,3.2852419745889715e-05,117.86041246304173,2,24.9,主口径p*加权,对数型,4096
104718160800.37837,12480472308279.27,1.0,1.851303803469181,0.8798411649000264,0.12012764704768363,3.118805228999227e-05,119.18154609371419,2,24.95,主口径p*加权,对数型,4096
110306677920.43233,13293884705828.652,1.0,1.848479063686552,0.8798425551343214,0.12012783686100602,2.9608004672536435e-05,120.5174968229752,2,25.0,主口径p*加权,对数型,4096
116193479759.50896,14160304959147.22,1.0,1.8457038232012941,0.8798438749473595,0.12012801705947952,2.8107993160747534e-05,121.8683267637346,2,25.05,主口径p*加权,对数型,4096
122394432352.17204,15083194127148.053,1.0,1.8429772144842802,0.8798451278947079,0.12012818812855745,2.668397673454362e-05,123.2343157877343,2,25.1,主口径p*加权,对数型,4096
128926342079.63225,16066227386607.84,1.0,1.8402983852194392,0.8798463173712648,0.12012835053175669,2.5332096978463685e-05,124.61555278349884,2,25.15,主口径p*加权,对数型,4096
135806830113.0079,17113329613546.209,1.0,1.8376664980363928,0.8798474465849984,0.12012850470707179,2.4048707929817314e-05,126.01228965660876,2,25.200000000000003,主口径p*加权,对数型,4096
143054551727.18448,18228669712392.742,1.0,1.8350807302478374,0.8798485185965815,0.1201286510723866,2.2830331031894187e-05,127.42460475606643,2,25.25,主口径p*加权,对数型,4096
150689060699.7672,19416700571629.395,1.0,1.8325402735915692,0.8798495362971149,0.12012879002243278,2.1673680452127265e-05,128.85275468214124,2,25.3,主口径p*加权,对数型,4096
158731024400.8417,20682156350446.09,1.0,1.8300443339770838,0.8798505024410721,0.12012892193328768,2.057562564014184e-05,130.29687440444957,2,25.35,主口径p*加权,对数型,4096
167202164389.27936,22030086061828.164,1.0,1.8275921312366519,0.8798514196374952,0.12012904716117269,1.95332013320212e-05,131.75718234446902,2,25.4,主口径p*加权,对数型,4096
176125434278.03683,23465858176398.11,1.0,1.8251828988808019,0.8798522903707816,0.12012916604529073,1.8543583927559736e-05,133.23378461826366,2,25.450000000000003,主口径p*加权,对数型,4096
185524945616.0325,24995199853548.902,1.0,1.8228158838581234,0.879853116992505,0.12012927890671003,1.7604100784796327e-05,134.72689492268955,2,25.5,主口径p*加权,对数型,4096
195426048270.66953,26624218186064.87,1.0,1.82049034631931,0.8798539017320235,0.12012938604981228,1.6712218164155797e-05,136.2367935168485,2,25.55,主口径p*加权,对数型,4096
205855615885.27924,28359395038220.02,1.0,1.8182055593853792,0.8798546467188836,0.1201294877653516,1.5865515764490773e-05,137.76352379924558,2,25.6,主口径p*加权,对数型,4096
216841744311.45068,30207663760184.34,1.0,1.8159608089199715,0.8798553539596002,0.12012958432728409,1.5061713115586328e-05,139.30741913234635,2,25.65,主口径p*加权,对数型,4096
228414231203.92722,32176381554856.793,1.0,1.8137553933056796,0.8798560253722547,0.12012967599749184,1.4298630253291418e-05,140.86855002536976,2,25.700000000000003,主口径p*加权,对数型,4096
240604328474.85303,34273404033336.113,1.0,1.8115886232243144,0.8798566627693766,0.12012976302344555,1.3574207177754183e-05,142.44716315200552,2,25.75,主口径p*加权,对数型,4096
253445013289.02463,36507090700240.25,1.0,1.8094598214410504,0.879857267874924,0.12012984564052297,1.2886484552762096e-05,144.04343658799138,2,25.8,主口径p*加权,对数型,4096
266970961848.17984,38886354656804.53,1.0,1.8073683225923762,0.8798578423228584,0.12012992407181428,1.2233605327166228e-05,145.65761904441987,2,25.85,主口径p*加权,对数型,4096
281218835880.9218,41420670234494.484,1.0,1.80531347297778,0.8798583876698287,0.12012999852985395,1.1613800317295373e-05,147.28981472646979,2,25.9,主口径p*加权,对数型,4096
296227063749.79395,44120157069404.72,1.0,1.8032946303551072,0.8798589053864042,0.12013006921542373,1.1025398171913996e-05,148.9403314839271,2,25.950000000000003,主口径p*加权,对数型,4096
312036316664.0883,46995565894473.66,1.0,1.8013111637395234,0.8798593968753605,0.12013013632004924,1.0466804590098456e-05,150.60928290941555,2,26.0,主口径p*加权,对数型,4096
25769384.81060704,508034904.9437129,0.9878184086713434,4.425665321461938,0.7855048177628823,0.21449518223711775,0.0,19.71466950715093,0,17.0,主口径p*加权,对数型,8192
27144677.10056615,541144093.8050883,0.9878184086713434,4.3777721991763014,0.7855048177628822,0.2144951822371177,0.0,19.935550966410347,0,17.05,主口径p*加权,对数型,8192
28593368.30029489,576411032.2032512,0.9878184086713434,4.33071828765942,0.7855048177628823,0.21449518223711775,0.0,20.15890629427197,0,17.1,主口径p*加权,对数型,8192
30119375.513549674,613976345.5990709,0.9878184086713434,4.284488881778685,0.7855048177628824,0.21449518223711772,0.0,20.3847634663894,0,17.15,主口径p*加权,对数型,8192
31726825.47152478,653989812.4144965,0.9878184086713434,4.239069534073249,0.7855048177628823,0.21449518223711772,0.0,20.613149998302244,0,17.2,主口径p*加权,对数型,8192
33420063.325733367,696611009.929147,0.9878184086713434,4.194446050238974,0.7855048177628824,0.21449518223711778,0.0,20.844096049116647,0,17.25,主口径p*加权,对数型,8192
35203665.62010124,742009926.8553915,0.9878184086713434,4.150604484692458,0.7855048177628824,0.21449518223711778,0.0,21.07763250744277,0,17.3,主口径p*加权,对数型,8192
37082462.92912209,790367423.0656403,0.9878184086713434,4.107531136212819,0.7855048177628824,0.21449518223711778,0.0,21.31377909219019,0,17.35,主口径p*加权,对数型,8192
39061528.7438907,841876460.4942142,0.9878184086713434,4.065212543659824,0.7855048177628822,0.2144951822371177,0.0,21.552573275204576,0,17.4,主口径p*加权,对数型,8192
41146210.26806832,896742517.4702617,0.9878184086713434,4.023635481767053,0.7855048177628823,0.21449518223711772,0.0,21.794048871766503,0,17.45,主口径p*加权,对数型,8192
43342153.46368164,955184171.6277589,0.9878184086713434,3.982786957008813,0.7855048177628823,0.21449518223711775,0.0,22.03822596004952,0,17.5,主口径p*加权,对数型,8192
45655290.64440618,1017434572.2620682,0.9878184086713434,3.9426542035394108,0.7855048177628824,0.21449518223711772,0.0,22.28514062447935,0,17.55,主口径p*加权,对数型,8192
48091882.30626189,1083741806.5148351,0.9878184086713434,3.9032246792036296,0.7855048177628823,0.21449518223711772,0.0,22.53481782254392,0,17.6,主口径p*加权,对数型,8192
50658511.43993364,1154370390.0124917,0.9878184086713434,3.8644860616170944,0.7855048177628824,0.21449518223711778,0.0,22.78729392554776,0,17.65,主口径p*加权,对数型,8192
53362117.897023626,1229601954.0028775,0.9878184086713434,3.82642624431531,0.7855048177628824,0.21449518223711772,0.0,23.042600302628934,0,17.7,主口径p*加权,对数型,8192
56210015.461610645,1309736401.1752865,0.9878184086713434,3.7890333329702104,0.7855048177628823,0.21449518223711772,0.0,23.300765716205646,0,17.75,主口径p*加权,对数型,8192
59209903.91507105,1395093278.6598506,0.9878184086713434,3.7522956416729656,0.7855048177628824,0.21449518223711775,0.0,23.561823046714135,0,17.8,主口径p*加权,对数型,8192
62369891.77315278,1486013011.8852117,0.9878184086713434,3.7162016892819447,0.7855048177628823,0.21449518223711772,0.0,23.825807126458223,0,17.85,主口径p*加权,对数型,8192
65698530.059855506,1582857979.4518745,0.9878184086713434,3.6807401958346726,0.7855048177628823,0.21449518223711775,0.0,24.092745728249795,0,17.9,主口径p*加权,对数型,8192
69204811.05361825,1686014539.262156,0.9878184086713434,3.6459000790226397,0.7855048177628822,0.21449518223711772,0.0,24.362678166347017,0,17.95,主口径p*加权,对数型,8192
72898222.71861538,1795893846.8566504,0.9878184086713434,3.611670450727914,0.7855048177628823,0.21449518223711772,0.0,24.635632802582013,0,18.0,主口径p*加权,对数型,8192
76788740.24882239,1912934323.9151359,0.9878184086713434,3.578040613620407,0.7855048177628824,0.21449518223711778,0.0,24.911651339982388,0,18.05,主口径p*加权,对数型,8192
80886908.83211954,2037602026.5959303,0.9878184086713434,3.5450000578147924,0.7855048177628824,0.21449518223711772,0.0,25.19075158163066,0,18.1,主口径p*加权,对数型,8192
85203781.78692561,2170394754.986454,0.9878184086713434,3.5125384575859817,0.7855048177628823,0.21449518223711772,0.0,25.47298616878409,0,18.15,主口径p*加权,对数型,8192
89751045.12617514,2311841673.7610426,0.9878184086713434,3.4806456681421603,0.7855048177628822,0.21449518223711775,0.0,25.75838164904905,0,18.2,主口径p*加权,对数型,8192
94540996.6609222,2462506731.2050138,0.9878184086713434,3.449311722454386,0.7855048177628824,0.21449518223711775,0.0,26.046972405388995,0,18.25,主口径p*加权,对数型,8192
99586581.03813693,2622990876.834069,0.9878184086713434,3.418526828141711,0.7855048177628822,0.21449518223711772,0.0,26.338798355067414,0,18.3,主口径p*加权,对数型,8192
104901437.07576765,2793934142.679893,0.9878184086713434,3.3882813644109064,0.7855048177628824,0.21449518223711778,0.0,26.633897690666576,0,18.35,主口径p*加权,对数型,8192
110499952.6974734,2976017704.7706227,0.9878184086713434,3.3585658790498067,0.7855048177628823,0.21449518223711775,0.0,26.932298450103044,0,18.4,主口径p*加权,对数型,8192
116397262.8985661,3169967683.20081,0.9878184086713434,3.329371085473323,0.7855048177628822,0.2144951822371177,0.0,27.234039738230486,0,18.45,主口径p*加权,对数型,8192
124879986.59034729,3239523489.5155725,1.0,3.300347488211089,0.7675827869743965,0.20960127302980858,0.022815939995794864,25.94109414939651,2,18.5,主口径p*加权,对数型,8192
131372509.13253854,3459070870.319975,1.0,3.2718478314008093,0.7684492749545988,0.20983788201426914,0.021712843031132016,26.330248947519166,2,18.55,主口径p*加权,对数型,8192
138211126.80927396,3693072028.76586,1.0,3.243866219415929,0.7692757391541869,0.21006356183837,0.020660699007443363,26.72051168399891,2,18.6,主口径p*加权,对数型,8192
145414333.740831,3942468856.443838,1.0,3.2163923690903267,0.7700638556609525,0.21027877018581745,0.01965737415322992,27.111968641760036,2,18.65,主口径p*加权,对数型,8192
153001603.5909762,4208264831.747209,1.0,3.1894162531827166,0.7708152455515345,0.2104839497186057,0.018700804729859643,27.504710623800324,2,18.7,主口径p*加权,对数型,8192
160993458.505657,4491528591.228262,1.0,3.1629280913666746,0.7715314768667716,0.21067952861641978,0.01778899451680878,27.898826653695615,2,18.75,主口径p*加权,对数型,8192
169411497.11455107,4793398938.295494,1.0,3.136918341624628,0.7722140624954051,0.21086591999874532,0.01692001750584979,28.294413424930298,2,18.8,主口径p*加权,对数型,8192
178278466.71449912,5115089034.089261,1.0,3.111377692027875,0.7728644624098231,0.2110435225353757,0.01609201505480126,28.691569589729138,2,18.85,主口径p*加权,对数型,8192
187618376.74219403,5457889756.814,1.0,3.0862970528852207,0.7734840876958634,0.2112127215468171,0.015303190757319524,29.090379373197933,2,18.9,主口径p*加权,对数型,8192
197456465.43850031,5823177608.496356,1.0,3.0616675492433405,0.7740742942287461,0.21137388727739626,0.014551818493857643,29.490944221879833,2,18.95,主口径p*加权,对数型,8192
207819302.59188586,6212419293.087326,1.0,3.0374805137225955,0.7746363869386709,0.21152737606005304,0.013836237001276118,29.89336994016977,2,19.0,主口径p*加权,对数型,8192
218734944.68324825,6627175108.691807,1.0,3.013727479672551,0.7751716249842235,0.21167353172902534,0.013154843286751065,30.29774286083401,2,19.05,主口径p*加权,对数型,8192
230232891.2459183,7069108654.507321,1.0,2.990400174632028,0.7756812161282481,0.21181268408408696,0.012506099787664872,30.704164883881013,2,19.1,主口径p*加权,对数型,8192
242344231.67861003,7539991513.956437,1.0,2.9674905140791266,0.7761663216396958,0.21194515022907964,0.011888528131224556,31.112733576245205,2,19.15,主口径p*加权,对数型,8192
255101725.7627918,8041710399.712915,1.0,2.9449905954571807,0.7766280570108608,0.2120712347677658,0.011300708221373247,31.523543698761795,2,19.2,主口径p*加权,对数型,8192
268539880.7018848,8576275019.445025,1.0,2.922892692463233,0.7770674926291519,0.21219122998726708,0.01074127738358114,31.936690360586844,2,19.25,主口径p*加权,对数型,8192
282694973.0326081,9145828377.855318,1.0,2.9011892495861056,0.777485653061811,0.2123054156627452,0.01020893127544374,32.35228514940862,2,19.3,主口径p*加权,对数型,8192
297605341.0615824,9752649167.74144,1.0,2.8798728768817767,0.7778835242541413,0.21241406102299748,0.009702414722861362,32.770410413176556,2,19.35,主口径p*加权,对数型,8192
313311257.6706797,10399168187.807217,1.0,2.8589363449742407,0.7782620478648147,0.21251742320361874,0.009220528931566585,33.19117310089682,2,19.4,主口径p*加权,对数型,8192
329855203.9186379,11087972780.596245,1.0,2.838372580270603,0.7786221273232734,0.21261574890107512,0.008762123775651586,33.61466682614838,2,19.45,主口径p*加权,对数型,8192
347281947.4049669,11821818260.77241,1.0,2.8181746603796913,0.77896462777719,0.212709274358358,0.008326097864451947,34.040981252005416,2,19.5,主口径p*加权,对数型,8192
365638542.2486729,12603643000.288029,1.0,2.7983358097238966,0.7792903751917228,0.21279822511901983,0.007911399689257168,34.47022549312161,2,19.55,主口径p*加权,对数型,8192
384974693.38573986,13436572153.938154,1.0,2.778849395334531,0.7796001621260805,0.2128828176045617,0.007517020269357749,34.90248160409566,2,19.6,主口径p*加权,对数型,8192
405342636.8461352,14323938739.742886,1.0,2.7597089228214067,0.7798947443980863,0.21296325820363746,0.007141997398276255,35.33785355321537,2,19.65,主口径p*加权,对数型,8192
426797462.2221709,15269290751.169954,1.0,2.740908032507807,0.7801748454804049,0.21303974447251592,0.0067854100470793295,35.77643285803202,2,19.7,主口径p*加权,对数型,8192
449397197.9324874,16276407457.264593,1.0,2.7224404957224806,0.7804411565761644,0.21311246515573135,0.0064463782681042,36.21831095553423,2,19.75,主口径p*加权,对数型,8192
473202912.0960293,17349316516.45362,1.0,2.7043002112406764,0.7806943372907481,0.21318160036952696,0.006124062339724831,36.66358780339214,2,19.8,主口径p*加权,对数型,8192
498278996.99360967,18492305761.46744,1.0,2.6864812018666826,0.7809350182038802,0.2132473223042062,0.005817659491913532,37.112352463261864,2,19.85,主口径p*加权,对数型,8192
524693302.5860091,19709941672.048035,1.0,2.6689776111506927,0.7811638013804869,0.2133097953636316,0.005526403255881511,37.564690791564146,2,19.9,主口径p*加权,对数型,8192
552517185.4705067,21007092621.49791,1.0,2.6517837002331994,0.7813812604418165,0.21336917618464538,0.005249563373538051,38.02070446661114,2,19.95,主口径p*加权,对数型,8192
581825924.158413,22388940034.87106,1.0,2.6348938448105126,0.7815879436029688,0.21342561446651737,0.004986441930513795,38.48047861953853,2,20.0,主口径p*加权,对数型,8192
612698675.0959239,23861008389.882957,1.0,2.618302532215257,0.7817843728441645,0.21347925274464652,0.004736374411188957,38.94411618590049,2,20.05,主口径p*加权,对数型,8192
645219073.3409302,25429172396.875275,1.0,2.6020043586061323,0.7819710474994126,0.2135302273705063,0.004498725130081051,39.411687359463166,2,20.1,主口径p*加权,对数型,8192
679474935.736672,27099700608.52027,1.0,2.5859940262614267,0.7821484419817724,0.21357866789048932,0.004272890127738384,39.88329691534444,2,20.15,主口径p*加权,对数型,8192
715558925.8647133,28879263881.15848,1.0,2.5702663409711626,0.7823170094058854,0.21362469803510045,0.004058292559014136,40.35902961626744,2,20.2,主口径p*加权,对数型,8192
753568597.2837512,30774970042.012672,1.0,2.5548162095229663,0.7824771813165631,0.2136684356448429,0.003854383038593936,40.838976243093846,2,20.25,主口径p*加权,对数型,8192
793606728.1806581,32794389443.280766,1.0,2.539638637277046,0.7826293689861098,0.21370999302447374,0.0036606379894163293,41.32322506698228,2,20.3,主口径p*加权,对数型,8192
835781666.9184186,34945582288.95727,1.0,2.524728725825919,0.7827739644852011,0.21374947723542562,0.0034765582793732587,41.811855502650474,2,20.35,主口径p*加权,对数型,8192
880207297.2780635,37237144386.5943,1.0,2.510081670734768,0.7829113404425573,0.213786990030181,0.003301669527261617,42.30497122864778,2,20.4,主口径p*加权,对数型,8192
927003862.635976,39678219994.94487,1.0,2.4956927593585143,0.7830418526129513,0.21382262855350992,0.0031355188335387063,42.802647965368905,2,20.45,主口径p*加权,对数型,8192
976297860.0306295,42278556217.83873,1.0,2.4815573687319494,0.7831658392412537,0.2138564851688117,0.0029776755899346636,43.304976840277334,2,20.5,主口径p*加权,对数型,8192
1028222635.2552352,45048531211.78331,1.0,2.467670963529425,0.7832836225884052,0.21388864787480721,0.0028277295367874957,43.81203998743029,2,20.55,主口径p*加权,对数型,8192
1082918417.5370011,47999209732.82497,1.0,2.45402909409083,0.7833955089223245,0.21391920030305608,0.0026852907746195386,44.32393886327539,2,20.6,主口径p*加权,对数型,8192
1140533335.9839506,51142359342.91479,1.0,2.440627394510754,0.7835017905706029,0.21394822227847932,0.002549987150917982,44.84074049338831,2,20.65,主口径p*加权,对数型,8192
1201222892.839732,54490538245.84565,1.0,2.427461580787892,0.7836027447508442,0.21397578949996388,0.002421465749191995,45.362553919554564,2,20.7,主口径p*加权,对数型,8192
1265151643.2724454,58057089061.15769,1.0,2.4145274490319544,0.7836986364586559,0.214001974328977,0.002299389212366982,45.88943101791895,2,20.75,主口径p*加权,对数型,8192
1332492039.746784,61856264225.97255,1.0,2.4018208737254234,0.7837897164742751,0.21402684524524213,0.0021834382804826464,46.421488745048876,2,20.8,主口径p*加权,对数型,8192
1403426192.4271643,65903224468.40553,1.0,2.389337806037736,0.7838762240656049,0.2140504675848478,0.0020733083495473362,46.95881039132438,2,20.85,主口径p*加权,对数型,8192
1478145963.668627,70214116966.48766,1.0,2.3770742721895255,0.7839583868444226,0.21407290350098368,0.0019687096545939337,47.50147731839855,2,20.9,主口径p*加权,对数型,8192
1556853745.397599,74806127239.88039,1.0,2.365026371864736,0.7840364215445264,0.21409421217642535,0.001869366279048194,48.049553441370904,2,20.95,主口径p*加权,对数型,8192
1639761871.5867288,79697601934.53911,1.0,2.3531902766685278,0.7841105334549237,0.21411444966875784,0.0017750168763184678,48.60315593106155,2,21.0,主口径p*加权,对数型,8192
1727094818.3356624,84908044497.74814,1.0,2.3415622286289977,0.7841809185481119,0.21413366949153778,0.0016854119603500976,49.162352637691825,2,21.05,主口径p*加权,对数型,8192
1819088493.7943776,90458256153.25188,1.0,2.3301385387408673,0.7842477627133089,0.21415192240491418,0.001600314881777075,49.72724332094913,2,21.1,主口径p*加权,对数型,8192
1915991931.485273,96370367337.12497,1.0,2.3189155855493753,0.7843112430750302,0.21416925677568827,0.0015195001492815654,50.297898312347726,2,21.15,主口径p*加权,对数型,8192
2018066637.3481207,102667991838.14372,1.0,2.3078898137727046,0.7843715275110096,0.21418571844567302,0.0014427540433172175,50.874430971742626,2,21.2,主口径p*加权,对数型,8192
2125589404.8600607,109376214936.00662,1.0,2.297057732961399,0.7844287763751941,0.21420135120218636,0.0013698724226195139,51.45688752772432,2,21.25,主口径p*加权,对数型,8192
2238850351.267773,116521830627.24223,1.0,2.286415916193241,0.784483141308366,0.21421619645327114,0.0013006622383628875,52.045385955010566,2,21.3,主口径p*加权,对数型,8192
2358155900.921923,124133336976.38962,1.0,2.275960998802227,0.7845347668782,0.21423029367554045,0.001234939446259761,52.64000438981137,2,21.35,主口径p*加权,对数型,8192
2483828846.169149,132241088236.3953,1.0,2.2656896771402772,0.7845837904692866,0.21424368038414657,0.0011725291465669071,53.240821500383554,2,21.4,主口径p*加权,对数型,8192
2616208710.56698,140877443226.6239,1.0,2.255598707370428,0.7846303424635298,0.21425639218204123,0.0011132653544290447,53.84793753556963,2,21.45,主口径p*加权,对数型,8192
2755653752.5637565,150076836765.34375,1.0,2.2456849042903233,0.784674546984525,0.21426846296324098,0.0010569900522341383,54.461427392943655,2,21.5,主口径p*加权,对数型,8192
2902540527.336873,159875992566.54196,1.0,2.23594514018485,0.7847165217326876,0.2142799248678059,0.0010035533995065681,55.081398885145184,2,21.55,主口径p*加权,对数型,8192
3057266582.827099,170313978777.6794,1.0,2.226376343706863,0.7847563788133539,0.2142908085079665,0.00095281267867977,55.70792541754327,2,21.6,主口径p*加权,对数型,8192
3220250261.8738523,181432432703.0418,1.0,2.2169754987849744,0.7847942246245626,0.21430114293748057,0.0009046324379570167,56.341097103883754,2,21.65,主口径p*加权,对数型,8192
3391932168.8801656,193275708995.54108,1.0,2.207739643557433,0.7848301602502251,0.21431095575899478,0.000858883990780148,56.98100650973524,2,21.7,主口径p*加权,对数型,8192
3572777003.3179145,205891019756.34305,1.0,2.1986658693311947,0.7848642818410756,0.21432027322806976,0.000815444930854637,57.627727553423895,2,21.75,主口径p*加权,对数型,8192
3763272959.545809,219328729074.26913,1.0,2.1897513195652967,0.7848966805102193,0.21432912022465722,0.0007741992651235591,58.28137672499314,2,21.8,主口径p*加权,对数型,8192
3963935955.11976,233642386710.01022,1.0,2.180993188877713,0.7849274431025647,0.21433752046320703,0.0007350364342282866,58.94201857833784,2,21.85,主口径p*加权,对数型,8192
4175307792.8869295,248889128874.06277,1.0,2.1723887220749036,0.7849566518657836,0.2143454964028166,0.0006978517313999798,59.6097680027497,2,21.9,主口径p*加权,对数型,8192
4397960715.815056,265129725225.2681,1.0,2.1639352132033114,0.7849843851455833,0.2143530694370873,0.0006625454173294028,60.28469610286928,2,21.95,主口径p*加权,对数型,8192
4632495815.768084,282429007449.946,1.0,2.1556300046220915,0.7850107171580446,0.21436025983195672,0.000629023009998836,60.96692121957552,2,22.0,主口径p*加权,对数型,8192
4879548149.004283,300855918305.6539,1.0,2.147470486096399,0.7850357186140797,0.214367086896218,0.00059719448970222,61.65651185695264,2,22.05,主口径p*加权,对数型,8192
5139785831.767774,320483943626.9937,1.0,2.139454093910575,0.7850594565799727,0.21437356894343787,0.0005669744765894935,62.353559879121796,2,22.1,主口径p*加权,对数型,8192
5413911851.534311,341391407767.6305,1.0,2.131578310000635,0.7850819946957708,0.21437972335159178,0.0005382819526376563,63.05817625583978,2,22.15,主口径p*加权,对数型,8192
5702667606.147706,363661684219.4872,1.0,2.123840661105455,0.7851033934880653,0.21438556664847436,0.0005110398634604292,63.77045083733185,2,22.2,主口径p*加权,对数型,8192
6006834376.725453,387383559315.39453,1.0,2.1162387179361093,0.7851237104600037,0.21439111453627835,0.00048517500371797435,64.49046786047255,2,22.25,主口径p*加权,对数型,8192
6327234379.412368,412651654253.144,1.0,2.1087700943628036,0.7851430001731668,0.2143963819139528,0.00046061791288023237,65.218329132209,2,22.3,主口径p*加权,对数型,8192
6664733630.141298,439566762751.5091,1.0,2.1014324466189116,0.7851613144482448,0.2144013829320007,0.0004373026197545895,65.95413817644051,2,22.35,主口径p*加权,对数型,8192
7020245573.889388,468236167457.4078,1.0,2.0942234725216213,0.7851787025623586,0.21440613104636141,0.000415166391280114,66.69797552366725,2,22.4,主口径p*加权,对数型,8192
7394730352.213144,498774279249.58093,1.0,2.087140910708706,0.7851952112161094,0.21441063900941226,0.0003941497744785433,67.4499617285307,2,22.45,主口径p*加权,对数型,8192
7789200735.496295,531302873455.3631,1.0,2.0801825398909974,0.7852108848283967,0.21441491895047424,0.0003741962211289187,68.21019145573615,2,22.5,主口径p*加权,对数型,8192
8204725055.777383,565951557025.603,1.0,2.0733461781201155,0.785225765630962,0.21441898240162802,0.00035525196741010857,68.97873520174652,2,22.55,主口径p*加权,对数型,8192
8642423829.608915,602858716481.3472,1.0,2.066629682071035,0.7852398935636383,0.21442284026911085,0.0003372661672509292,69.75574542131979,2,22.6,主口径p*加权,对数型,8192
9103483818.439325,642171310106.2164,1.0,2.0600309463391278,0.7852533067624572,0.21442650296660165,0.00032019027094139734,70.54127001417666,2,22.65,主口径p*加权,对数型,8192
9589149150.898613,684046291437.7858,1.0,2.0535479027512515,0.7852660412648307,0.21442998033471644,0.00030397840045279554,71.3354522568546,2,22.7,主口径p*加权,对数型,8192
10100734762.403032,728650531287.5175,1.0,2.047178519690574,0.785278131411877,0.21443328175086987,0.0002885868372530798,72.13836898278939,2,22.75,主口径p*加权,对数型,8192
10639622934.526167,776161977827.3174,1.0,2.0409208014347375,0.7852896097439375,0.2144364161007446,0.0002739741553179196,72.95013954945985,2,22.8,主口径p*加权,对数型,8192
11207270345.68951,826770132815.159,1.0,2.0347727875070607,0.7853005071789525,0.21443939182699928,0.00026010099404829646,73.77087438005344,2,22.85,主口径p*加权,对数型,8192
11805214190.458813,880676642269.1532,1.0,2.0287325520404322,0.7853108531233468,0.2144422169595486,0.00024692991710458597,74.6006491759321,2,22.9,主口径p*加权,对数型,8192
12435069023.013483,938096640782.3223,1.0,2.0227982031535947,0.7853206754191195,0.21444489910111422,0.00023442547976631014,75.43960062032582,2,22.95,主口径p*加权,对数型,8192
13098540132.149164,999258941139.515,1.0,2.0169678823395203,0.7853300005754891,0.21444744549048023,0.00022255393403074035,76.28781001990639,2,23.0,主口径p*加权,对数型,8192
13797418499.3271,1064407672546.8419,1.0,2.011239763865577,0.7853388536907833,0.21444986298116325,0.00021128332805337842,77.14542199316148,2,23.05,主口径p*加权,对数型,8192
14533597111.6021,1133802381521.163,1.0,2.0056120541852236,0.7853472586776735,0.2144521581029167,0.00020058321940991553,78.01250941627205,2,23.1,主口径p*加权,对数型,8192
15309061653.145754,1207720177854.6519,1.0,2.0000829913609484,0.7853552381489277,0.21445433703053388,0.00019042482053853818,78.88923601052228,2,23.15,主口径p*加权,对数型,8192
16125913901.757578,1286455437085.0706,1.0,1.9946508444981987,0.7853628136796024,0.21445640565544344,0.00018078066495426853,79.77566077323894,2,23.2,主口径p*加权,对数型,8192
16986361226.905891,1370322236491.3748,1.0,1.9893139131900492,0.7853700056886305,0.21445836955337538,0.0001716247579942417,80.67191190546596,2,23.25,主口径p*加权,对数型,8192
17892731276.447792,1459654924385.1714,1.0,1.9840705269723657,0.7853768335851591,0.2144602340243208,0.0001629323905201644,81.57809458115071,2,23.3,主口径p*加权,对数型,8192
18847472714.150265,1554809900838.3733,1.0,1.9789190447892282,0.7853833157750552,0.21446200409430843,0.00015468013063611917,82.4943441711979,2,23.35,主口径p*加权,对数型,8192
19853167787.004936,1656166557141.511,1.0,1.9738578544683871,0.7853894697555259,0.21446368454124232,0.00014684570323154217,83.42077067547726,2,23.4,主口径p*加权,对数型,8192
20912537179.852592,1764128955275.059,1.0,1.96888537220653,0.7853953121414764,0.21446527990209915,0.00013940795642447255,84.35748087872588,2,23.45,主口径p*加权,对数型,8192
22028440890.557957,1879127988838.4075,1.0,1.9640000420641488,0.7854008586782192,0.21446679447639905,0.00013234684538177875,85.30462950938382,2,23.5,主口径p*加权,对数型,8192
23203904131.607395,2001621561425.0305,1.0,1.9592003354697969,0.7854061243752452,0.21446823236273357,0.00012564326202119932,86.26227509268601,2,23.55,主口径p*加权,对数型,8192
24442098609.947647,2132098700237.8938,1.0,1.9544847507335352,0.7854111234153631,0.21446959743395513,0.00011927915068176197,87.23059072227761,2,23.6,主口径p*加权,对数型,8192
25746376426.41255,2271079342233.1357,1.0,1.9498518125693791,0.7854158693112119,0.21447089337991493,0.00011323730887304224,88.20966898873168,2,23.65,主口径p*加权,对数型,8192
27120257829.736187,2419118255800.892,1.0,1.9453000716265443,0.7854203748541606,0.21447212369350946,0.00010750145232991049,89.19967763538125,2,23.7,主口径p*加权,对数型,8192
28567466600.63147,2576804971612.007,1.0,1.9408281040293232,0.7854246522389189,0.21447329170470747,0.00010205605637335248,90.20068204280487,2,23.75,主口径p*加权,对数型,8192
30091910776.59904,2744768733760.1636,1.0,1.936434510925399,0.7854287129988601,0.21447440056288875,9.688643825094493e-05,91.21284301742087,2,23.8,主口径p*加权,对数型,8192
31697715305.970135,2923679041966.263,1.0,1.9321179180424357,0.7854325681074364,0.21447545326453732,9.197862802617838e-05,92.23627046128465,2,23.85,主口径p*加权,对数型,8192
33389216682.89695,3114249820891.8276,1.0,1.9278769752527642,0.7854362279632963,0.21447645264917742,8.731938752620711e-05,93.27112553937357,2,23.9,主口径p*加权,对数型,8192
35170995496.71551,3317240346219.053,1.0,1.9237103561460107,0.7854397024660544,0.2144774014200639,8.289611388161964e-05,94.31749938749498,2,23.95,主口径p*加权,对数型,8192
37047862286.2809,3533460738421.886,1.0,1.9196167576095002,0.7854430009862068,0.2144783021359669,7.869687782650138e-05,95.3755634027595,2,24.0,主口径p*加权,对数型,8192
39024899628.88362,3763772462566.5713,1.0,1.915594899416284,0.7854461324470533,0.21447915723354205,7.471031940459158e-05,96.44541045227643,2,24.05,主口径p*加权,对数型,8192
41107453999.28681,4009093818519.3237,1.0,1.9116435238206337,0.7854491053067385,0.21447996902242675,7.092567083481535e-05,97.52717399109366,2,24.1,主口径p*加权,对数型,8192
43301145331.55475,4270404122527.912,1.0,1.907761395160861,0.7854519275808857,0.2144807396914205,6.733272769392102e-05,98.6210431578573,2,24.15,主口径p*加权,对数型,8192
45611915810.84328,4548744326076.326,1.0,1.903947299469315,0.785454606908353,0.21448147132644094,6.392176520613171e-05,99.72710519199366,2,24.2,主口径p*加权,对数型,8192
48046009289.080414,4845224743632.722,1.0,1.9002000440894162,0.78545715052225,0.21448216590260907,6.068357514089802e-05,100.84551902074233,2,24.25,主口径p*加权,对数型,8192
50610012385.57289,5161027092934.434,1.0,1.8965184572995935,0.7854595652996008,0.21448282529781096,5.760940258844679e-05,101.97640446351004,2,24.3,主口径p*加权,对数型,8192
53310851041.56982,5497411346679.502,1.0,1.8929013879439855,0.7854618577581792,0.21448345129183352,5.469094998728493e-05,103.11993223279863,2,24.35,主口径p*加权,对数型,8192
56155829728.214485,5855718688599.376,1.0,1.8893477050697816,0.785464034094147,0.21448404557664177,5.192032921118731e-05,104.27623840552525,2,24.4,主口径p*加权,对数型,8192
59152642594.15826,6237377719676.918,1.0,1.8858562975710693,0.7854661001894818,0.21448460975840783,4.9290052110284584e-05,105.44546187853496,2,24.45,主口径p*加权,对数型,8192
62309402549.30873,6643909272258.423,1.0,1.8824260738390686,0.7854680616328779,0.21448514536321786,4.679300390441715e-05,106.62771588927924,2,24.5,主口径p*加权,对数型,8192
65634629808.58575,7076936026684.229,1.0,1.8790559614186277,0.7854699237147751,0.2144856538357146,4.442244951013209e-05,107.82320319811548,2,24.55,主口径p*加权,对数型,8192
69137315544.80836,7538184702336.655,1.0,1.8757449066708654,0.785471691468256,0.2144861365502651,4.217198147893633e-05,109.03207107384877,2,24.6,主口径p*加权,对数型,8192
72826942146.42598,8029493297515.302,1.0,1.8724918744418397,0.7854733696763613,0.21448659481295834,4.003551068060508e-05,110.2544341539315,2,24.65,主口径p*加权,对数型,8192
76713476745.96156,8552821929580.84,1.0,1.8692958477371309,0.7854749628701015,0.21448702986106238,3.800726883625003e-05,111.49047458641076,2,24.7,主口径p*加权,对数型,8192
80807447655.20662,9110255198792.668,1.0,1.8661558274022318,0.7854764753625262,0.21448744287232713,3.608176514662542e-05,112.74029143532381,2,24.75,主口径p*加权,对数型,8192
85119899019.16525,9704018737674.867,1.0,1.863070831808629,0.7854779112316684,0.21448783496032764,3.425380800391694e-05,114.00411477802564,2,24.8,主口径p*加权,对数型,8192
89662508923.85057,10336478194389.656,1.0,1.860039896545477,0.7854792743643988,0.21448820718643855,3.251844916270535e-05,115.28205398722802,2,24.85,主口径p*加权,对数型,8192
94447551667.17508,11010156471809.018,1.0,1.8570620741167545,0.7854805684422034,0.21448856055595103,3.0871001845662874e-05,116.57429205372996,2,24.9,主口径p*加权,对数型,8192
99487976018.4594,11727738641543.342,1.0,1.8541364336438064,0.7854817969653801,0.2144888960246798,2.9307009940094652e-05,117.88096522706755,2,24.95,主口径p*加权,对数型,8192
104797385491.09883,12492089053045.258,1.0,1.8512620605731684,0.7854829632486717,0.2144892144977706,2.782225355769326e-05,119.20229683694063,2,25.0,主口径p*加权,对数型,8192
110390171183.6094,13306251410458.328,1.0,1.8484380563895815,0.785484070452191,0.21448951683814496,2.6412709664049084e-05,120.53837101426674,2,25.05,主口径p*加权,对数型,8192
116281418684.35637,14173476601110.012,1.0,1.8456635383340902,0.785485121561464,0.2144898038610505,2.5074577485606444e-05,121.8894365193775,2,25.1,主口径p*加权,对数型,8192
122487093294.58287,15097218335735.168,1.0,1.84293763912715,0.785486119424212,0.21449007634410483,2.3804231683206072e-05,123.25558497356276,2,25.15,主口径p*加权,对数型,8192
129023969376.24883,16081160615025.52,1.0,1.8402595066966285,0.7854870667362599,0.21449033502344805,2.2598240292006622e-05,124.6370011151261,2,25.200000000000003,主口径p*加权,对数型,8192
135909700937.56012,17129229520699.973,1.0,1.837628303910634,0.785487966055302,0.21449058059750112,2.1453347196971195e-05,126.03389899716956,2,25.25,主口径p*加权,对数型,8192
143162915291.00452,18245603127715.957,1.0,1.835043208315066,0.7854888198138168,0.2144908137304929,2.036645569043065e-05,127.44643464844557,2,25.3,主口径p*加权,对数型,8192
150803251445.44666,19434729497696.582,1.0,1.8325034118758128,0.785489630322504,0.21449103505339845,1.9334624097520748e-05,128.87473785488723,2,25.35,主口径p*加权,对数型,8192
158851311692.3025,20701357517236.105,1.0,1.8300081207255037,0.7854903997665226,0.21449124516291174,1.835507056556488e-05,130.3190845369597,2,25.4,主口径p*加权,对数型,8192
167328920814.09293,22050529612921.73,1.0,1.8275565549147417,0.7854911302320453,0.21449144462869718,1.7425139257665065e-05,131.7795483628349,2,25.450000000000003,主口径p*加权,对数型,8192
176258950427.07272,23487632261877.41,1.0,1.825147948167727,0.7854918236892195,0.21449163398873622,1.6542322044111063e-05,133.25639466799979,2,25.5,主口径p*加权,对数型,8192
185665597369.37878,25018389128145.168,1.0,1.8227815476421987,0.785492482016586,0.21449181375599577,1.5704227418183722e-05,134.7497300664241,2,25.55,主口径p*加权,对数型,8192
195574238586.46613,26648911820999.29,1.0,1.8204566136936111,0.7854931069898075,0.21449198441535008,1.4908594842477489e-05,136.25982651706673,2,25.6,主口径p*加权,对数型,8192
206011734650.80646,28385692709680.375,1.0,1.8181724196434763,0.7854937003026987,0.21449214642932354,1.4153267977774494e-05,137.7867758736881,2,25.65,主口径p*加权,对数型,8192
217006252806.41058,30235664632583.53,1.0,1.8159282515517863,0.7854942635559409,0.21449230023500895,1.3436209050006597e-05,139.33084527088033,2,25.700000000000003,主口径p*加权,对数型,8192
228587533927.42914,32206202601527.926,1.0,1.813723407993455,0.7854947982731075,0.21449244624844327,1.275547844902268e-05,140.89220898525724,2,25.75,主口径p*加权,对数型,8192
240786918157.7279,34305160492441.457,1.0,1.811557199838697,0.785495305900874,0.21449258486466533,1.2109234460662245e-05,142.47103104650313,2,25.8,主口径p*加权,对数型,8192
253637332561.4344,36540916250725.1,1.0,1.8094289500372756,0.7854957878092832,0.21449271645778825,1.1495732928676113e-05,144.06757822953526,2,25.85,主口径p*加权,对数型,8192
267173571842.1184,38922378038881.04,1.0,1.8073379934065568,0.7854962453031805,0.21449284138412186,1.0913312697711925e-05,145.6819915627042,2,25.9,主口径p*加权,对数型,8192
281432272888.4905,41459036510357.03,1.0,1.8052836764232918,0.7854966796203698,0.21449295998166898,1.0360397961220888e-05,147.31443584930997,2,25.950000000000003,主口径p*加权,对数型,8192
296451914147.3935,44161017602231.61,1.0,1.8032653570190673,0.7854970919326978,0.21449307257042202,9.835496880287825e-06,148.9651963598896,2,26.0,主口径p*加权,对数型,8192
20590238.73130562,386874701.7191214,0.9878184086713434,4.642330711620921,0.4779505480499618,0.5220494519500383,0.0,18.789228564451413,0,17.0,主口径p*加权,对数型,32768
21689124.67967224,412087734.5028778,0.9878184086713434,4.590641054050877,0.4779505480499618,0.5220494519500383,0.0,18.999740219534996,0,17.05,主口径p*加权,对数型,32768
22846657.583347518,438943923.0705519,0.9878184086713434,4.539857132319213,0.47795054804996184,0.5220494519500383,0.0,19.212610048941666,0,17.1,主口径p*加权,对数型,32768
24065965.82856162,467550383.8096196,0.9878184086713434,4.489963075602881,0.47795054804996173,0.5220494519500383,0.0,19.427867019354288,0,17.15,主口径p*加权,对数型,32768
25350349.303611673,498021125.7743368,0.9878184086713434,4.440943291176488,0.4779505480499619,0.5220494519500383,0.0,19.64553307765994,0,17.2,主口径p*加权,对数型,32768
26703279.119064935,530477683.29898643,0.9878184086713434,4.392782459539337,0.4779505480499619,0.5220494519500383,0.0,19.86563825864552,0,17.25,主口径p*加权,对数型,32768
28128415.307678487,565049438.7446524,0.9878184086713434,4.345465529627803,0.47795054804996173,0.5220494519500383,0.0,20.08820733638718,0,17.3,主口径p*加权,对数型,32768
29629607.225150857,601874327.3572189,0.9878184086713434,4.298977714111637,0.4779505480499618,0.5220494519500383,0.0,20.313273908211738,0,17.35,主口径p*加权,对数型,32768
31210918.08121098,641099103.7684342,0.9878184086713434,4.25330448477268,0.47795054804996173,0.5220494519500382,0.0,20.54086015990593,0,17.4,主口径p*加权,对数型,32768
32876620.278416444,682880242.9634372,0.9878184086713434,4.208431567964533,0.4779505480499618,0.5220494519500383,0.0,20.770998879460528,0,17.45,主口径p*加权,对数型,32768
34631224.08946063,727384212.9958082,0.9878184086713434,4.164344940151836,0.4779505480499618,0.5220494519500383,0.0,21.00371072985474,0,17.5,主口径p*加权,对数型,32768
36479467.925923765,774788593.3351724,0.9878184086713434,4.1210308235276525,0.47795054804996173,0.5220494519500383,0.0,21.23903218403514,0,17.55,主口径p*加权,对数型,32768
38426347.48845739,825282446.312042,0.9878184086713434,4.078475681707683,0.4779505480499618,0.5220494519500383,0.0,21.476994308656128,0,17.6,主口径p*加权,对数型,32768
40477132.76811706,879066990.3116308,0.9878184086713434,4.036666215499934,0.4779505480499618,0.5220494519500383,0.0,21.717620053465158,0,17.65,主口径p*加权,对数型,32768
42637366.613916546,936356737.4945617,0.9878184086713434,3.9955893587484663,0.4779505480499618,0.5220494519500383,0.0,21.960942052855142,0,17.7,主口径p*加权,对数型,32768
44912893.370587364,997380055.7602707,0.9878184086713434,3.9552322742500334,0.47795054804996184,0.5220494519500382,0.0,22.206987368429857,0,17.75,主口径p*加权,对数型,32768
47309865.34203023,1062380282.3162441,0.9878184086713434,3.9155823497422286,0.4779505480499618,0.5220494519500382,0.0,22.455787490319114,0,17.8,主口径p*加权,对数型,32768
49834755.28290337,1131616792.7223701,0.9878184086713434,3.8766271939619408,0.47795054804996173,0.5220494519500383,0.0,22.70738135059308,0,17.85,主口径p*加权,对数型,32768
52494401.64342601,1205365407.9687696,0.9878184086713434,3.838354632772887,0.47795054804996184,0.5220494519500383,0.0,22.961789642947956,0,17.9,主口径p*加权,对数型,32768
55295987.32427112,1283920392.0079398,0.9878184086713434,3.800752705360975,0.4779505480499618,0.5220494519500382,0.0,23.21905176371428,0,17.95,主口径p*加权,对数型,32768
58247097.70371743,1367594744.0366576,0.9878184086713434,3.7638096604963702,0.47795054804996173,0.5220494519500383,0.0,23.479191203536573,0,18.0,主口径p*加权,对数型,32768
61355698.932643354,1456722424.82456,0.9878184086713434,3.7275139528610244,0.4779505480499618,0.5220494519500384,0.0,23.742251333877856,0,18.05,主口径p*加权,对数型,32768
64630207.84223424,1551658557.7388198,0.9878184086713434,3.6918542394405782,0.4779505480499618,0.5220494519500383,0.0,24.008255729681398,0,18.1,主口径p*加权,对数型,32768
68079478.4754865,1652781691.6142685,0.9878184086713434,3.656819375979481,0.47795054804996173,0.5220494519500383,0.0,24.277237849426072,0,18.15,主口径p*加权,对数型,32768
71712830.53612849,1760495214.6738865,0.9878184086713434,3.6223984134982143,0.47795054804996173,0.5220494519500383,0.0,24.549236189846944,0,18.2,主口径p*加权,对数型,32768
76914436.38139276,1800196866.7517352,1.0,3.58851497274712,0.46717448315524823,0.5102791154677059,0.022546401377045992,23.405188303339646,2,18.25,主口径p*加权,对数型,32768
80914449.94380905,1922144816.1072762,1.0,3.5549190584270516,0.467695769145291,0.5108484987784299,0.02145573207627935,23.755272605104622,2,18.3,主口径p*加权,对数型,32768
85127692.99649067,2052120008.999262,1.0,3.5219335707677226,0.4681929493811628,0.5113915521773981,0.020415498441439164,24.106374045445577,2,18.35,主口径p*加权,对数型,32768
89565568.16345361,2190645346.329403,1.0,3.489546407989713,0.46866703675939075,0.511909382017724,0.019423581222885414,24.4585658445393,2,18.4,主口径p*加权,对数型,32768
94240068.35290858,2338278242.0973463,1.0,3.4577457687292545,0.4691190091713548,0.5124030564175652,0.018477934411080164,24.81193278999971,2,18.45,主口径p*加权,对数型,32768
99163831.39996688,2495612330.109087,1.0,3.4265201414869946,0.4695498123895399,0.5128736084126816,0.017576579197778653,25.16655815811813,2,18.5,主口径p*加权,对数型,32768
104350167.51259772,2663279992.1811266,1.0,3.395858294549895,0.4699603595862579,0.5133220354307501,0.01671760498299189,25.52252723369707,2,18.55,主口径p*加权,对数型,32768
109813104.68560453,2841954644.4121447,1.0,3.3657492663652024,0.4703515323946655,0.51374930045028,0.01589916715505461,25.87992255158139,2,18.6,主口径p*加权,对数型,32768
115567415.2508419,3032353703.813035,1.0,3.3361823563460002,0.47072418038254776,0.5141563314258443,0.015119488191608119,26.23882949386068,2,18.65,主口径p*加权,对数型,32768
121628648.98818916,3235241636.454854,1.0,3.3071471160885304,0.47107912132293034,0.5145440215836594,0.014376857093410259,26.59933875257477,2,18.7,主口径p*加权,对数型,32768
128013216.01717803,3451431940.4003778,1.0,3.2786333409821724,0.47141714410425556,0.514913232600275,0.013669623295469465,26.961528252967504,2,18.75,主口径p*加权,对数型,32768
134738343.28539,3681792704.714549,1.0,3.25063106219356,0.47173900457137347,0.5152647900598256,0.012996205368800856,27.325500781289293,2,18.8,主口径p*加权,对数型,32768
141822242.575562,3927246858.8389754,1.0,3.2231305390070957,0.47204543253511827,0.5155994911103586,0.012355076354523317,27.691332385655677,2,18.85,主口径p*加权,对数型,32768
149284068.72885603,4188778258.0020456,1.0,3.1961222515047374,0.4723371276670562,0.5159180999798033,0.011744772353140516,28.05911102014579,2,18.9,主口径p*加权,对数型,32768
157143983.56315568,4467435318.146074,1.0,3.1695968935686167,0.47261476123048446,0.5162213498666839,0.01116388890283176,28.428930060504836,2,18.95,主口径p*加权,对数型,32768
165423240.96110964,4764334354.8091755,1.0,3.1435453661907644,0.4728789779969347,0.5165099450334518,0.010611076969613529,28.80087663092789,2,19.0,主口径p*加权,对数型,32768
174144223.3782104,5080664611.274047,1.0,3.117958771074807,0.47313039616228686,0.5167845607148607,0.010085043122852579,29.175039589109677,2,19.05,主口径p*加权,对数型,32768
183330522.3872525,5417692426.040702,1.0,3.0928284045152132,0.47336960869698846,0.517045844592764,0.009584546710247633,29.551502693025704,2,19.1,主口径p*加权,对数型,32768
193006988.31634146,5776766675.162381,1.0,3.0681457515402797,0.4735971836318465,0.5172944171082782,0.00910839925987552,29.93034980523177,2,19.15,主口径p*加权,对数型,32768
203199767.96026233,6159325037.141878,1.0,3.0439024803056616,0.47381366427432897,0.5175308716980404,0.008655464027630759,30.311673576056414,2,19.2,主口径p*加权,对数型,32768
213936414.35822007,6566898593.225997,1.0,3.0200904367258996,0.474019571016028,0.5177557767684402,0.008224652215531876,30.695562571363986,2,19.25,主口径p*加权,对数型,32768
225245973.32608026,7001117542.742063,1.0,2.996701639331927,0.47421540219181396,0.5179696766340455,0.007814921174140574,31.082098558125182,2,19.3,主口径p*加权,对数型,32768
237159039.20781094,7463718373.00424,1.0,2.973728274343163,0.4744016343343243,0.5181730917955713,0.007425273870104528,31.471363680404128,2,19.35,主口径p*加权,对数型,32768
249707768.11408427,7956552984.521423,1.0,2.95116269094334,0.47457872204491736,0.5183665187989285,0.007054759156154372,31.863458011792023,2,19.4,主口径p*加权,对数型,32768
262926185.06883973,8481589159.713586,1.0,2.92899739674973,0.4747471018959577,0.518550434497558,0.006702463606484328,32.258442260107806,2,19.45,主口径p*加权,对数型,32768
276849941.3101112,9040928971.38798,1.0,2.9072250534659707,0.4749071885707289,0.5187252918361882,0.0063675195930830404,32.65642365176034,2,19.5,主口径p*加权,对数型,32768
291516739.4368632,9636806735.169548,1.0,2.8858384727091915,0.47505937993289,0.5188915253880313,0.006049094679078853,33.05747297320019,2,19.55,主口径p*加权,对数型,32768
306966203.9188323,10271605327.441248,1.0,2.864830612002577,0.4752040548980841,0.519049549030014,0.005746396071902067,33.461681436948204,2,19.6,主口径p*加权,对数型,32768
323240126.5346918,10947861207.713339,1.0,2.8441945709250303,0.4753415756810961,0.519199758397272,0.005458665921631952,33.86912796093822,2,19.65,主口径p*加权,对数型,32768
340382521.56586784,11668276400.253542,1.0,2.8239235874099595,0.4754722878355887,0.5193425309265524,0.00518518123785891,34.2798929468404,2,19.7,主口径p*加权,对数型,32768
358439724.59691787,12435729981.317957,1.0,2.8040110341856983,0.47559652083080545,0.5194782264861277,0.00492525268306674,34.694061868568035,2,19.75,主口径p*加权,对数型,32768
377460557.2426052,13253288238.321062,1.0,2.78445041535041,0.47571458902866276,0.5196071884430408,0.00467822252829651,35.111716930473285,2,19.8,主口径p*加权,对数型,32768
397496509.1837449,14124215101.672977,1.0,2.7652353630747557,0.4758267925354807,0.5197297445934211,0.0044434628710982174,35.53292865559225,2,19.85,主口径p*加权,对数型,32768
418601629.3971806,15051993908.410845,1.0,2.7463596344259327,0.475933416461594,0.5198462063537838,0.004220377184622429,35.95780057064494,2,19.9,主口径p*加权,对数型,32768
440833143.28551704,16040324619.42146,1.0,2.727817108307058,0.4760347340182107,0.5199568721436243,0.004008393838165092,36.38638533362843,2,19.95,主口径p*加权,对数型,32768
464251060.8371399,17093158007.92027,1.0,2.7096017825061924,0.4761310042940304,0.5200620249568929,0.003806970749076919,36.81878071984973,2,20.0,主口径p*加权,对数型,32768
488918718.0265158,18214697906.498344,1.0,2.6917077708496047,0.4762224747128119,0.520161935046314,0.0036155902408740994,37.255063541074115,2,20.05,主口径p*加权,对数型,32768
514902849.69561803,19409421407.866932,1.0,2.674129300454182,0.4763093810114202,0.5202568598994073,0.003433759089172468,37.695307802900494,2,20.1,主口径p*加权,对数型,32768
542273677.5081786,20682100191.104458,1.0,2.6568607090741723,0.4763919474672003,0.5203470444868407,0.0032610080459590652,38.13959823043878,2,20.15,主口径p*加权,对数型,32768
571105185.3586758,22037816421.028946,1.0,2.6398964425376934,0.4764703877295895,0.520432722170773,0.0030968900996375956,38.58801668415663,2,20.2,主口径p*加权,对数型,32768
601475422.958419,23481978955.03343,1.0,2.6232310522687436,0.4765449055130302,0.520514115461699,0.002940979025270933,39.0406291906906,2,20.25,主口径p*加权,对数型,32768
633466468.8574984,25020354417.782627,1.0,2.606859192890604,0.47661569439834944,0.5205914358015038,0.0027928698001469187,39.49751983385736,2,20.3,主口径p*加权,对数型,32768
667164798.4734067,26659084675.067303,1.0,2.5907756199068364,0.47668293870939643,0.5206648845209835,0.002652176769620041,39.95876991122447,2,20.35,主口径p*加权,对数型,32768
702661572.7889479,28404709079.274666,1.0,2.5749751874562343,0.4767468140092843,0.5207346533818743,0.002518532608841382,40.42445208229187,2,20.4,主口径p*加权,对数型,32768
740052659.6337259,30264199572.9363,1.0,2.559452846138311,0.4768074870987612,0.5208009245750735,0.002391588326164975,40.89465685849295,2,20.45,主口径p*加权,对数型,32768
779439381.2274173,32244968699.947983,1.0,2.5442036409061015,0.4768651172113708,0.5208638720260733,0.0022710107625560404,41.369437414325176,2,20.5,主口径p*加权,对数型,32768
820928024.9839048,34354930246.149403,1.0,2.5292227090232013,0.4769198551895414,0.5209236604950298,0.0021564843154286964,41.848894422654126,2,20.55,主口径p*加权,对数型,32768
864630886.086755,36602499922.07691,1.0,2.514505278082189,0.4769718449926215,0.5209804472239408,0.0020477077834377255,42.33309324368075,2,20.6,主口径p*加权,对数型,32768
910666158.872575,38996645757.80173,1.0,2.50004666408169,0.47702122341448994,0.5210343816282001,0.0019443949573099055,42.822109263487334,2,20.65,主口径p*加权,对数型,32768
959158191.056863,41546926904.19962,1.0,2.4858422695595124,0.4770681204107442,0.5210856056539755,0.0018462739352803673,43.31603200763006,2,20.7,主口径p*加权,对数型,32768
1010238215.1849566,44263514840.89572,1.0,2.471887581779435,0.47711265981254003,0.5211342545579105,0.0017530856295496792,43.814928177896995,2,20.75,主口径p*加权,对数型,32768
1064044354.5091381,47157248774.925125,1.0,2.458178170969328,0.47715495925779283,0.5211804568319786,0.0016645839102287948,44.31887503099396,2,20.8,主口径p*加权,对数型,32768
1120722101.064528,50239674449.69455,1.0,2.444709688608457,0.4771951305992205,0.5212243346491753,0.0015805347516042682,44.82795012427607,2,20.85,主口径p*加权,对数型,32768
1180424619.2988298,53523094254.53898,1.0,2.431477865761908,0.4772332801266224,0.5212660041063055,0.0015007157670720904,45.34223819080595,2,20.9,主口径p*加权,对数型,32768
1243313420.2226973,57020604609.17867,1.0,2.418478511460183,0.4772695089999358,0.5213055756969965,0.0014249153030677472,45.861810611652025,2,20.95,主口径p*加权,对数型,32768
1309558539.954674,60746159712.16197,1.0,2.405707511122152,0.47730391332307365,0.5213431543923492,0.001352932284577253,46.38674626509213,2,21.0,主口径p*加权,对数型,32768
1379339135.3788784,64714621052.061165,1.0,2.393160825019603,0.4773365844709999,0.5213788399981909,0.0012845755308092247,46.917120954655786,2,21.05,主口径p*加权,对数型,32768
1452843886.6912663,68941820428.84526,1.0,2.3808344867817532,0.47736760927560445,0.5214127273581003,0.0012196633662953677,47.45301340383835,2,21.1,主口径p*加权,对数型,32768
1530271291.05628,73444633560.08379,1.0,2.3687246019381707,0.47739707017484406,0.5214449065163097,0.0011580233088463658,47.994518350656726,2,21.15,主口径p*加权,对数型,32768
1611831125.554532,78241003141.39867,1.0,2.3568273464986236,0.4774250457675964,0.5214754633237533,0.0010994909086505513,48.54168771215455,2,21.2,主口径p*加权,对数型,32768
1697743655.6307201,83350075203.3429,1.0,2.345138965568462,0.47745161049709794,0.5215044790922969,0.0010439104106054991,49.09461739226935,2,21.25,主口径p*加权,对数型,32768
1788241355.156261,88792221558.92896,1.0,2.3336557719982136,0.4774768352511595,0.5215320312503332,0.0009911334985072684,49.653376655731165,2,21.3,主口径p*加权,对数型,32768
1883568705.9662416,94589161412.98798,1.0,2.322374145066131,0.47750078727991,0.5215581932529365,0.0009410194671536813,50.21805741058179,2,21.35,主口径p*加权,对数型,32768
1983983628.3096213,100764010018.77031,1.0,2.3112905291925085,0.4775235305839626,0.5215830350058429,0.0008934344101945405,50.78873060289439,2,21.4,主口径p*加权,对数型,32768
2089757648.7004402,107341396953.2484,1.0,2.3004014326846236,0.47754512593063936,0.521606622883173,0.0008482511861876487,51.36547628860261,2,21.45,主口径p*加权,对数型,32768
2201176743.7334957,114347559067.018,1.0,2.2897034265112532,0.4775656310476106,0.5216290199389368,0.0008053490134528473,51.9483768818441,2,21.5,主口径p*加权,对数型,32768
2318542135.563687,121810444054.22801,1.0,2.2791931431057217,0.4775851007790409,0.5216502860775871,0.0007646131433720187,52.53751578882275,2,21.55,主口径p*加权,对数型,32768
2442171246.2950673,129759814518.90273,1.0,2.2688672751965315,0.4776035872482135,0.5216704782316488,0.0007259345201378685,53.13297120984321,2,21.6,主口径p*加权,对数型,32768
2572398514.667119,138227368528.00375,1.0,2.2587225746646413,0.47762113997813094,0.5216896504934464,0.0006892095284228342,53.73481897920123,2,21.65,主口径p*加权,对数型,32768
2709575549.4833326,147246906546.7502,1.0,2.248755851426523,0.47763780592964633,0.521707854156755,0.0006543399135988785,54.34316329538313,2,21.7,主口径p*加权,对数型,32768
2854073718.220785,156854378280.46432,1.0,2.238963972342173,0.47765362983408644,0.5217251380801115,0.0006212320858021287,54.9580682794159,2,21.75,主口径p*加权,对数型,32768
3006283784.0662045,167088099015.7691,1.0,2.2293438601472544,0.47766865412625936,0.5217415486136422,0.000589797260098549,55.57961623628592,2,21.8,主口径p*加权,对数型,32768
3166617246.9048586,177988887659.0597,1.0,2.219892492408653,0.47768291910282307,0.5217571297720435,0.0005599511251336189,56.20789434941374,2,21.85,主口径p*加权,对数型,32768
3335507403.1931458,189600232860.40207,1.0,2.2106069005026914,0.4776964630289395,0.5217719233510762,0.0005316136199842658,56.84299566503558,2,21.9,主口径p*加权,对数型,32768
3513411085.389794,201968434328.04535,1.0,2.201484168615331,0.4777093222832538,0.5217859690859221,0.000504708630824198,57.48499945477859,2,21.95,主口径p*加权,对数型,32768
3700809684.4604955,215142798538.97623,1.0,2.192521432763708,0.477721531424986,0.5217993047244646,0.00047916385054939535,58.13398063735876,2,22.0,主口径p*加权,对数型,32768
3898209668.4983625,229175880761.60596,1.0,2.18371587983836,0.4777331232367175,0.5218119660740255,0.0004549106892570379,58.79003446468986,2,22.05,主口径p*加权,对数型,32768
4106144308.9004483,244123675357.07916,1.0,2.175064746665552,0.47774412884719186,0.5218239871354928,0.00043188401731532246,59.45326247494967,2,22.1,主口径p*加权,对数型,32768
4325176085.240419,260045781969.2761,1.0,2.166565319089142,0.4777545778614525,0.5218354002454691,0.0004100218930784712,60.12374452376109,2,22.15,主口径p*加权,对数型,32768
4555897801.238791,277005665386.85657,1.0,2.1582149310714085,0.4777644984039394,0.5218462361233429,0.0003892654727178399,60.801553825798315,2,22.2,主口径p*加权,对数型,32768
4798933104.523722,295070974114.6302,1.0,2.1500109638123406,0.4777739171478459,0.5218565239033538,0.00036955894880034165,61.48678626848978,2,22.25,主口径p*加权,对数型,32768
5054938648.8136635,314313783134.9308,1.0,2.1419508448868707,0.47778285941767307,0.5218662912466104,0.0003508493357166731,62.17954459421514,2,22.3,主口径p*加权,对数型,32768
5324607105.11499,334810804622.2434,1.0,2.1340320473995815,0.47779134929710354,0.5218755644589164,0.00033308624398023013,62.87990794675034,2,22.35,主口径p*加权,对数型,32768
5608667281.650955,356643801983.47577,1.0,2.1262520891564076,0.47779940963004486,0.5218843684919103,0.0003162218780448389,63.587976264923824,2,22.4,主口径p*加权,对数型,32768
5907888446.39326,379899767523.1974,1.0,2.1186085318529013,0.4778070621505315,0.5218927270849538,0.00030021076451456795,64.30381530902544,2,22.45,主口径p*加权,对数型,32768
6223078291.968599,404671531368.7828,1.0,2.1110989802786286,0.4778143274309453,0.5219006627085738,0.00028500986048096943,65.02754945105626,2,22.5,主口径p*加权,对数型,32768
6555089489.729222,431057853531.5463,1.0,2.1037210815372864,0.47782122505355934,0.5219081967518344,0.00027057819460638515,65.75926296764447,2,22.55,主口径p*加权,对数型,32768
6904819950.231333,459163947148.8399,1.0,2.096472524282149,0.47782777360563383,0.5219153495169803,0.00025687687738606155,66.49904710889044,2,22.6,主口径p*加权,对数型,32768
7273215500.001491,489101882181.5811,1.0,2.08935103796646,0.47783399073598404,0.5219221402812242,0.00024386898279178023,67.24699442515912,2,22.65,主口径p*加权,对数型,32768
7661271038.527322,520991127486.85785,1.0,2.082354392108402,0.477839893182096,0.521928587326364,0.00023151949154007998,68.00322359917509,2,22.7,主口径p*加权,对数型,32768
8070038335.409465,554958681297.172,1.0,2.075480395570304,0.47784549689146577,0.5219347080713184,0.00021979503721585275,68.76778749143502,2,22.75,主口径p*加权,对数型,32768
8500620334.784039,591140157304.0168,1.0,2.06872689585173,0.47785081693842113,0.5219405189812729,0.00020866408030606058,69.54082573069475,2,22.8,主口径p*加权,对数型,32768
8954182564.39799,629679751404.1165,1.0,2.062091778396135,0.4778558676847327,0.5219460357431107,0.00019809657215678742,70.32241601904967,2,22.85,主口径p*加权,对数型,32768
9431950710.136118,670731199279.0066,1.0,2.05557296591076,0.47786066274323086,0.5219512732256729,0.0001880640310962245,71.1126701031421,2,22.9,主口径p*加权,对数型,32768
9935216289.05901,714458227546.7819,1.0,2.049168417699474,0.47786521504518104,0.5219562455533497,0.00017853940146930552,71.9116933904667,2,22.95,主口径p*加权,对数型,32768
10465342900.484785,761035004519.2021,1.0,2.0428761290082553,0.4778695368939263,0.5219609661646727,0.00016949694140110105,72.71954791695825,2,23.0,主口径p*加权,对数型,32768
11023760420.299995,810647520100.6351,1.0,2.036694130383031,0.4778736399193683,0.5219654477625955,0.00016091231803624822,73.53638769288263,2,23.05,主口径p*加权,对数型,32768
11611980243.678213,863493507236.8856,1.0,2.030620487039604,0.4778775352046897,0.5219697024529092,0.00015276234240111337,74.36229558752377,2,23.1,主口径p*加权,对数型,32768
12231593436.273516,919783656115.9913,1.0,2.024653298245391,0.4778812332642683,0.5219737417201181,0.00014502501561354826,75.1973699018084,2,23.15,主口径p*加权,对数型,32768
12884274290.71782,979742514751.4596,1.0,2.0187906967127165,0.4778847440716178,0.5219775764579591,0.000137679470423058,76.04173061243291,2,23.2,主口径p*加权,对数型,32768
13571790041.384739,1043608992432.6472,1.0,2.013030848003417,0.47788807711450537,0.5219812170296038,0.000130705855890849,76.89545662365457,2,23.25,主口径p*加权,对数型,32768
14295996594.373743,1111638000976.0479,1.0,2.0073719499444977,0.477891241374281,0.5219846732450814,0.00012408538063773912,77.7586923470266,2,23.3,主口径p*加权,对数型,32768
15058852293.503912,1184100806969.34,1.0,2.001812232054625,0.47789424539511144,0.5219879544369004,0.0001178001679881194,78.63154401747718,2,23.35,主口径p*加权,对数型,32768
15862422725.005823,1261286138495.7825,1.0,1.9963499549812125,0.47789709729798596,0.5219910694753469,0.0001118332266673006,79.51409191153803,2,23.4,主口径p*加权,对数型,32768
16708877588.486492,1343502025086.2036,1.0,1.990983409947873,0.47789980477161953,0.5219940267585477,0.00010616846983286745,80.40647960770053,2,23.45,主口径p*加权,对数型,32768
17600507660.755215,1431076150145.7444,1.0,1.985710918212043,0.4779023751334303,0.5219968342790748,0.0001007905874947707,81.30879959426913,2,23.5,主口径p*加权,对数型,32768
18539724228.09669,1524357690637.46,1.0,1.9805308305325444,0.47790481532463785,0.5219994996185912,9.568505677089056e-05,82.22116315664056,2,23.55,主口径p*加权,对数型,32768
19529066032.468483,1623718681380.2593,1.0,1.9754415266468952,0.47790713193245304,0.5220020299720873,9.083809545943535e-05,83.14369354277925,2,23.6,主口径p*加权,对数型,32768
20571209268.430214,1729555240726.6887,1.0,1.9704414147581641,0.4779093312154781,0.5220044321756262,8.623660889565354e-05,84.0764982825276,2,23.65,主口径p*加权,对数型,32768
21668969311.068707,1842289609497.9524,1.0,1.965528931031177,0.47791141910849727,0.5220067127115746,8.186817992813086e-05,85.01971566118256,2,23.7,主口径p*加权,对数型,32768
22825313440.29391,1962371411957.7893,1.0,1.960702539097889,0.4779134012501778,0.5220088777388608,7.7721010961467e-05,85.97347051075242,2,23.75,主口径p*加权,对数型,32768
24043378103.405804,2090278638312.806,1.0,1.9559607295717378,0.4779152830101141,0.522010933122514,7.378386737185085e-05,86.93781004162277,2,23.8,主口径p*加权,对数型,32768
25326446584.648777,2226522207887.818,1.0,1.951302019570796,0.47791706945463397,0.522012884396315,7.004614905116598e-05,87.91293324336264,2,23.85,主口径p*加权,对数型,32768
26677989915.41442,2371645255607.41,1.0,1.9467249522495564,0.47791876541311906,0.5220147368352362,6.649775164465432e-05,88.89894865119071,2,23.9,主口径p*加权,对数型,32768
28101664411.09297,2526226304366.5454,1.0,1.9422280963391734,0.47792037546981697,0.5220164954464988,6.312908368433417e-05,89.89596727834142,2,23.95,主口径p*加权,对数型,32768
29601320980.105526,2690881623700.7476,1.0,1.9378100456959995,0.47792190397580014,0.522018164982634,5.9931041565933285e-05,90.90410612111658,2,24.0,主口径p*加权,对数型,32768
31181009489.550175,2866268245175.9155,1.0,1.9334694188582544,0.4779233550558368,0.5220197499489887,5.6894995174683276e-05,91.92352307055678,2,24.05,主口径p*加权,对数型,32768
32845007270.437897,3053084983290.6567,1.0,1.9292048586106672,0.4779247326362246,0.5220212546341269,5.4012729648608274e-05,92.9543098636663,2,24.1,主口径p*加权,对数型,32768
34597814420.47275,3252076694155.0913,1.0,1.925015031556943,0.4779260404391106,0.522022683103626,5.1276457263644e-05,93.99659338685633,2,24.15,主口径p*加权,对数型,32768
36444162615.61359,3464037591382.477,1.0,1.9208986276998958,0.47792728199268514,0.5220240392112102,4.8678796104718515e-05,95.05054699482646,2,24.2,主口径p*加权,对数型,32768
38389050332.645485,3689812301912.2583,1.0,1.9168543600291148,0.4779284606563278,0.5220253266262184,4.621271745405652e-05,96.11626935127634,2,24.25,主口径p*加权,对数型,32768
40437733467.07683,3930301386236.265,1.0,1.9128809641160023,0.47792957961334515,0.5220265488256698,4.387156098513664e-05,97.19390898691681,2,24.3,主口径p*加权,对数型,32768
42595758632.149864,4186463101530.9023,1.0,1.9089771977160614,0.4779306418911565,0.5220277091163139,4.164899252949949e-05,98.28356709606996,2,24.35,主口径p*加权,对数型,32768
44868953639.13138,4459319605025.882,1.0,1.9051418403782845,0.47793165035665386,0.5220288106295612,3.953901378521052e-05,99.38541560141918,2,24.4,主口径p*加权,对数型,32768
47263467094.82416,4749958712777.35,1.0,1.9013736930615146,0.4779326077363206,0.5220298563434584,3.753592022107377e-05,100.49958254750041,2,24.45,主口径p*加权,对数型,32768
49785775371.36097,5059539166806.7,1.0,1.8976715777576476,0.47793351661820016,0.5220308490848394,3.563429696059954e-05,101.62620003538552,2,24.5,主口径p*加权,对数型,32768
52442699122.25046,5389295359355.972,1.0,1.894034337121548,0.4779343794587005,0.5220317915367566,3.3829004542852854e-05,102.76540776043684,2,24.55,主口径p*加权,对数型,32768
55241411448.91129,5740543329925.891,1.0,1.8904608341075497,0.47793519858661987,0.5220326862428787,3.2115170501675834e-05,103.91739058360042,2,24.6,主口径p*加权,对数型,32768
58189499836.39392,6114681608569.543,1.0,1.8869499516124277,0.4779359762216764,0.5220335356277298,3.048815059402805e-05,105.08221630640635,2,24.65,主口径p*加权,对数型,32768
61294911207.616936,6513204632312.475,1.0,1.8835005921247079,0.4779367144593314,0.5220343419801123,2.8943560556269084e-05,106.26012019580344,2,24.7,主口径p*加权,对数型,32768
64566075420.48728,6937698002369.916,1.0,1.8801116773802142,0.47793741530265993,0.5220351074879187,2.7477209421410915e-05,107.45113369812368,2,24.75,主口径p*加权,对数型,32768
68011808210.23747,7389857489992.72,1.0,1.8767821480237223,0.4779380806394416,0.5220358342131075,2.6085147450897194e-05,108.65550680771875,2,24.8,主口径p*加权,对数型,32768
71641438305.66188,7871484821916.878,1.0,1.8735109632766187,0.4779387122706442,0.5220365241228158,2.4763606540131156e-05,109.87334995052422,2,24.85,主口径p*加权,对数型,32768
75464772684.29854,8384501280639.721,1.0,1.8702971006104494,0.47793931190245287,0.5220371790806525,2.35090168947493e-05,111.10483716310496,2,24.9,主口径p*加权,对数型,32768
79492176850.43044,8930949441238.455,1.0,1.8671395554262529,0.47793988115969477,0.5220378008613625,2.2317978942819782e-05,112.35004242043343,2,24.95,主口径p*加权,对数型,32768
83734508410.19649,9513011832490.639,1.0,1.86403734073957,0.47794042157639166,0.5220383911405067,2.1187283101889993e-05,113.60921575951144,2,25.0,主口径p*加权,对数型,32768
88203235382.97021,10133009792182.863,1.0,1.8609894868710315,0.4779409346135288,0.5220389515138705,2.011387260077882e-05,114.882518177324,2,25.05,主口径p*加权,对数型,32768
92910469041.8405,10793412326285.771,1.0,1.8579950411424146,0.47794142166119863,0.5220394834998053,1.90948389958436e-05,116.17003377116909,2,25.1,主口径p*加权,对数型,32768
97868925457.03403,11496854120512.488,1.0,1.8550530675780752,0.4779418840345248,0.5220399885347771,1.8127430697939557e-05,117.47195615793069,2,25.15,主口径p*加权,对数型,32768
103092006714.17097,12246140740813.764,1.0,1.8521626466116556,0.47794232298298783,0.5220404679835515,1.720903346068609e-05,118.78846024180083,2,25.200000000000003,主口径p*加权,对数型,32768
108593841128.24017,13044259299064.457,1.0,1.8493228747979764,0.47794273969370327,0.5220409231427756,1.633716352110123e-05,120.11969706145938,2,25.25,主口径p*加权,对数型,32768
114389310014.65498,13894391682039.662,1.0,1.8465328645300103,0.47794313529346605,0.5220413552432099,1.550946332422902e-05,121.46582298870045,2,25.3,主口径p*加权,对数型,32768
120494067210.47592,14799929788436.488,1.0,1.8437917437608562,0.4779435108506474,0.5220417654518005,1.4723697552005245e-05,122.82704145577851,2,25.35,主口径p*加权,对数型,32768
126924648260.5824,15764480894153.719,1.0,1.8410986557306164,0.47794386738224814,0.5220421548793837,1.3977738368161079e-05,124.20346331619122,2,25.4,主口径p*加权,对数型,32768
133698413858.55942,16791894445995.562,1.0,1.8384527586980906,0.47794420585056147,0.52204252457704,1.326957239838899e-05,125.59531531735176,2,25.450000000000003,主口径p*加权,对数型,32768
140833681165.44458,17886267079541.65,1.0,1.8358532256772042,0.47794452717084235,0.522042875544472,1.259728468573654e-05,127.00276618154807,2,25.5,主口径p*加权,对数型,32768
148349773073.69968,19051958789755.094,1.0,1.8332992441780784,0.4779448322130321,0.5220432087318879,1.1959055079992686e-05,128.42593820679554,2,25.55,主口径p*加权,对数型,32768
156266996170.47128,20293619764350.402,1.0,1.8307900159526653,0.4779451218010033,0.522043525039176,1.1353159820791832e-05,129.86504035831177,2,25.6,主口径p*加权,对数型,32768
164606718628.67578,21616206235471.523,1.0,1.8283247567448628,0.4779453967164074,0.522043825320108,1.0777963484721786e-05,131.32031557128562,2,25.65,主口径p*加权,对数型,32768
173391548462.13596,23024984409912.492,1.0,1.8259026960450326,0.47794565770447783,0.5220441103886777,1.023190684458563e-05,132.79184951128417,2,25.700000000000003,主口径p*加权,对数型,32768
182645236686.48883,24525571971065.848,1.0,1.8235230768488384,0.4779459054705498,0.5220443810152993,9.713514151216438e-06,134.27983349581723,2,25.75,主口径p*加权,对数型,32768
192392771286.57675,26123956885493.367,1.0,1.8211851554203276,0.4779461406835769,0.5220446379306483,9.221385774783687e-06,135.7845032887472,2,25.8,主口径p*加权,对数型,32768
202660508243.4592,27826512795033.4,1.0,1.8188882010591876,0.4779463639795853,0.5220448818294351,8.754190979591131e-06,137.30604465673687,2,25.85,主口径p*加权,对数型,32768
213476219183.4377,29640027464496.473,1.0,1.8166314958720937,0.47794657596253987,0.5220451133713503,8.3106661100124e-06,138.84463373893243,2,25.9,主口径p*加权,对数型,32768
224869170660.4624,31571729190481.695,1.0,1.8144143345480779,0.4779467772059655,0.5220453331828361,7.889611198648372e-06,140.40043416246206,2,25.950000000000003,主口径p*加权,对数型,32768
236870240440.61783,33629310247803.95,1.0,1.8122360241378537,0.4779469682549673,0.5220455418592922,7.489885740581136e-06,141.97355558574125,2,26.0,主口径p*加权,对数型,32768
13453164.244440837,230741392.22701225,0.9878184086713434,5.1016241283379316,0.1862521108572564,0.8137478891427439,0.0,17.151458796941398,0,17.0,主口径p*加权,对数型,131072
14171150.059488835,245779047.16892013,0.9878184086713434,5.041886467987274,0.1862521108572564,0.8137478891427435,0.0,17.343620393346225,0,17.05,主口径p*加权,对数型,131072
14927454.133030295,261796723.974599,0.9878184086713434,4.9831955651974935,0.1862521108572564,0.8137478891427438,0.0,17.53793524612585,0,17.1,主口径p*加权,对数型,131072
15724120.95244393,278858301.14848965,0.9878184086713434,4.925533078082004,0.1862521108572564,0.8137478891427438,0.0,17.7344286521243,0,17.15,主口径p*加权,对数型,131072
16563305.887284536,297031788.8107427,0.9878184086713434,4.86888098615127,0.1862521108572564,0.8137478891427438,0.0,17.933122217996992,0,17.2,主口径p*加权,对数型,131072
17447278.09577674,316389651.14938444,0.9878184086713434,4.813221584681125,0.1862521108572564,0.8137478891427438,0.0,18.13404070322976,0,17.25,主口径p*加权,对数型,131072
18378425.482860852,337009118.1309786,0.9878184086713434,4.758537479179733,0.1862521108572564,0.8137478891427437,0.0,18.33721384050352,0,17.3,主口径p*加权,对数型,131072
19359269.893169653,358972333.82255924,0.9878184086713434,4.704811579951526,0.1862521108572564,0.8137478891427438,0.0,18.542658674809427,0,17.35,主口径p*加权,对数型,131072
20392459.199813172,382366953.65203524,0.9878184086713434,4.652027096756389,0.1862521108572564,0.8137478891427437,0.0,18.750409153965027,0,17.4,主口径p*加权,对数型,131072
21480790.27271469,407286202.76356196,0.9878184086713434,4.60016753356242,0.1862521108572564,0.8137478891427438,0.0,18.96048504700056,0,17.45,主口径p*加权,对数型,131072
22627204.443199094,433829471.95386034,0.9878184086713434,4.549216683390662,0.18625211085725638,0.8137478891427435,0.0,19.17291519784953,0,17.5,主口径p*加权,对数型,131072
23834802.588844154,462102580.5915544,0.9878184086713434,4.499158623250139,0.1862521108572564,0.8137478891427438,0.0,19.38772426870617,0,17.55,主口径p*加权,对数型,131072
25106848.819617167,492218288.0305242,0.9878184086713434,4.44997770916166,0.1862521108572564,0.8137478891427438,0.0,19.604940929342387,0,17.6,主口径p*加权,对数型,131072
26446780.78097304,524296716.31511045,0.9878184086713434,4.401658571268815,0.1862521108572564,0.8137478891427438,0.0,19.824594934908383,0,17.65,主口径p*加权,对数型,131072
27858227.89933423,558465650.5258129,0.9878184086713434,4.354186109034631,0.1862521108572564,0.8137478891427438,0.0,20.046704066885724,0,17.7,主口径p*加权,对数型,131072
29345001.45639942,594861439.4322386,0.9878184086713434,4.3075454865224145,0.18625211085725643,0.8137478891427438,0.0,20.27130379652832,0,17.75,主口径p*加权,对数型,131072
30911122.686909076,633629187.2488023,0.9878184086713434,4.261722127759265,0.1862521108572564,0.8137478891427438,0.0,20.498420379831288,0,17.8,主口径p*加权,对数型,131072
33071895.73331137,650886965.6886407,1.0,4.216540417861897,0.18243825732066932,0.7970849087844923,0.020476833894838394,19.68096933230957,2,17.85,主口径p*加权,对数型,131072
34795877.072700486,694828634.8569766,1.0,4.171871265038003,0.18262353552219762,0.7978944015988496,0.01948206287895271,19.968705872975754,2,17.9,主口径p*加权,对数型,131072
36611780.980210476,741659385.6213957,1.0,4.128011136735187,0.18280017328327297,0.7986661437528386,0.01853368296388839,20.257397093637152,2,17.95,主口径p*加权,对数型,131072
38524514.49247209,791567577.6013981,1.0,4.084944149838233,0.18296853969045654,0.7994017478102506,0.01762971249929285,20.54711365035048,2,18.0,主口径p*加权,对数型,131072
40539254.20717386,844753693.572056,1.0,4.042654807513865,0.18312899183537065,0.8001027739281901,0.016768234236439448,20.837918952701596,2,18.05,主口径p*加权,对数型,131072
42661442.96886111,901431487.7596887,1.0,4.001127985912166,0.18328187346979866,0.8007707239811149,0.01594740254908639,21.129887435304287,2,18.1,主口径p*加权,对数型,131072
44896818.794535436,961828553.394625,1.0,3.960348921464292,0.1834275164050311,0.8014070476746745,0.015165435920294438,21.423089190267813,2,18.15,主口径p*加权,对数型,131072
47251427.92674988,1026187276.4012766,1.0,3.920303198749094,0.18356624040359415,0.8020131420726632,0.014420617523742863,21.717592915754693,2,18.2,主口径p*加权,对数型,131072
49731634.439036645,1094765945.5420966,1.0,3.880976738902255,0.18369835300116594,0.8025903508189606,0.013711296179873541,22.013472066439153,2,18.25,主口径p*加权,对数型,131072
52344140.15025811,1167839730.1970618,1.0,3.8423557885424113,0.18382414999331442,0.8031399662641237,0.013035883742561923,22.310801683716324,2,18.3,主口径p*加权,对数型,131072
55096026.49709125,1245701250.5205812,1.0,3.8044269091897163,0.18394391670424562,0.8036632350086294,0.012392848287125145,22.60963865672504,2,18.35,主口径p*加权,对数型,131072
57994719.44994446,1328662939.0857902,1.0,3.7671769671532234,0.1840579257785415,0.804161348254833,0.01178072596662568,22.910067531795995,2,18.4,主口径p*加权,对数型,131072
61048052.44398798,1417057353.433457,1.0,3.7305931238643657,0.18416643956128342,0.8046354522058847,0.011198108232832012,23.212163151864953,2,18.45,主口径p*加权,对数型,131072
64264291.352766685,1511238397.957057,1.0,3.694662826634841,0.18426971027831152,0.8050866488532948,0.010643640868393716,23.51598945768186,2,18.5,主口径p*加权,对数型,131072
67652135.7471116,1611583210.7145662,1.0,3.6593737998179456,0.1843679795306505,0.8055159937680474,0.01011602670130209,23.82161616802131,2,18.55,主口径p*加权,对数型,131072
71220732.63977163,1718493912.0489252,1.0,3.624714036353488,0.18446147847517505,0.8059244968899383,0.009614024634886892,24.12912432031443,2,18.6,主口径p*加权,对数型,131072
74979747.57985766,1832398111.69228,1.0,3.590671789677178,0.18455042937963337,0.8063131293215768,0.00913644129879007,24.438574026148498,2,18.65,主口径p*加权,对数型,131072
78939321.35116772,1953752270.972493,1.0,3.5572355659762422,0.18463504416423654,0.8066828169564938,0.008682138879269845,24.750051527312653,2,18.7,主口径p*加权,对数型,131072
83110181.07332876,2083041506.0471067,1.0,3.524394116773985,0.18471552666939473,0.8070344503870303,0.008250022943575184,25.063614098123825,2,18.75,主口径p*加权,对数型,131072
87503597.9936993,2220783245.7052712,1.0,3.492136431826619,0.1847920713468484,0.8073688791858039,0.007839049467347864,25.379336354434006,2,18.8,主口径p*加权,对数型,131072
92131461.2508905,2367528234.5445347,1.0,3.460451732316682,0.18486486446790304,0.8076869171845663,0.00744821834753089,25.69728301711541,2,18.85,主口径p*加权,对数型,131072
97006260.28572968,2523863988.337882,1.0,3.4293294643280134,0.18493408362612326,0.8079893403014409,0.0070765760724360695,26.01753722805002,2,18.9,主口径p*加权,对数型,131072
102141212.89609854,2690414724.7814255,1.0,3.3987592925880077,0.18499989941651668,0.8082768938773892,0.006723206706094369,26.340148589367207,2,18.95,主口径p*加权,对数型,131072
107550162.14155038,2867847432.416778,1.0,3.3687310944636226,0.18506247381219204,0.8085502855837213,0.006387240604086824,26.665207892874285,2,19.0,主口径p*加权,对数型,131072
113247756.67760253,3056870825.0139275,1.0,3.3392349541982593,0.1851219623306866,0.8088101948869252,0.006067842782388402,26.99277155410971,2,19.05,主口径p*加权,对数型,131072
119249397.81256619,3258240574.974872,1.0,3.3102611573773015,0.18517851312913908,0.8090572690954173,0.005764217775443746,27.32291009214243,2,19.1,主口径p*加权,对数型,131072
125571323.90427196,3472761197.4572997,1.0,3.2818001856107464,0.18523226777008445,0.8092921267053501,0.005475605524565411,27.65568674026822,2,19.15,主口径p*加权,对数型,131072
132230620.6562839,3701290169.6081133,1.0,3.253842711421945,0.18528336118206615,0.8095153572285257,0.005201281589408094,27.991172931337363,2,19.2,主口径p*加权,对数型,131072
139245294.6856405,3944740610.1052938,1.0,3.2263795933320765,0.18533192217543662,0.809727523445961,0.004940554378602464,28.329435612247586,2,19.25,主口径p*加权,对数型,131072
146634301.18671888,4204085505.6597896,1.0,3.1994018711304713,0.18537807353753916,0.8099291618237444,0.004692764638716567,28.670546193052452,2,19.3,主口径p*加权,对数型,131072
154417643.4583409,4480360217.810081,1.0,3.17290076132151,0.18542193257383496,0.8101207848772565,0.004457282548908699,29.01456153239899,2,19.35,主口径p*加权,对数型,131072
162616350.6741952,4774668780.973865,1.0,3.1468676527392465,0.1854636108783056,0.8103028801680423,0.004233508953652229,29.36155411911807,2,19.4,主口径p*加权,对数型,131072
171252607.58122504,5088186220.038297,1.0,3.121294102321424,0.1855032149906222,0.8104759131750279,0.00402087183435013,29.711583910481316,2,19.45,主口径p*加权,对数型,131072
180349737.76469117,5422165476.841371,1.0,3.0961718310350195,0.18554084624176254,0.8106403266200098,0.003818827138227746,30.06472614845643,2,19.5,主口径p*加权,对数型,131072
189932362.6739162,5777939576.235103,1.0,3.0714927199458244,0.18557660140255108,0.8107965433011726,0.003626855296276517,30.42103775729316,2,19.55,主口径p*加权,对数型,131072
200026404.2524936,6156928810.966008,1.0,3.0472488064250354,0.18561057258785743,0.8109449656745216,0.0034444617376210326,30.78058036375092,2,19.6,主口径p*加权,对数型,131072
210659117.34405455,6560647597.345428,1.0,3.0234322804861935,0.18564284737753664,0.8110859763822829,0.003271176240180533,31.14343058140887,2,19.65,主口径p*加权,对数型,131072
221859286.4026194,6990706740.67032,1.0,3.00003548124618,0.1856735094040957,0.8112199408204545,0.003106549775450118,31.50964223324836,2,19.7,主口径p*加权,对数型,131072
233657178.29553512,7448823698.758759,1.0,2.9770508935043214,0.18570263814245672,0.8113472062202695,0.0029501556372740186,31.87928465581875,2,19.75,主口径p*加权,对数型,131072
246084715.31245473,7936826594.392551,1.0,2.9544711444339935,0.1857303093515273,0.8114681035774463,0.0028015870710266684,32.25241593861338,2,19.8,主口径p*加权,对数型,131072
259175483.47839954,8456663970.474372,1.0,2.932289000381414,0.18575659505356537,0.8115829475620306,0.0026604573844040383,32.62910463974952,2,19.85,主口径p*加权,对数型,131072
272964879.14854425,9010410796.390734,1.0,2.9104973637666305,0.18578156383696467,0.811692037841288,0.0025263983217475206,33.009414341129855,2,19.9,主口径p*加权,对数型,131072
287490203.67049074,9600276744.731264,1.0,2.889089270081948,0.1858052809962952,0.8117956596915469,0.002399059312158009,33.39340479140186,2,19.95,主口径p*加权,对数型,131072
302790704.3921621,10228616989.337238,1.0,2.8680578849833678,0.1858278085895435,0.8118940842482884,0.0022781071621683284,33.78114598950685,2,20.0,主口径p*加权,对数型,131072
318907811.7245373,10897937216.68851,1.0,2.847396501470772,0.18584920578232456,0.8119875700100283,0.00216322420764718,34.172688206527255,2,20.05,主口径p*加权,对数型,131072
335884988.16840786,11610912520.420189,1.0,2.8270985371529003,0.18586952863177447,0.8120763618941316,0.002054109474093838,34.568119830942386,2,20.1,主口径p*加权,对数型,131072
353768281.34312284,12370383215.99539,1.0,2.807157531593357,0.1858888307728746,0.8121606942354075,0.001950474991718127,34.96747410205849,2,20.15,主口径p*加权,对数型,131072
372605969.15427476,13179382573.806288,1.0,2.7875671437340483,0.18590716296064408,0.812240788785918,0.0018520482534381368,35.37083048808985,2,20.2,主口径p*加权,对数型,131072
392448988.069037,14041138722.336294,1.0,2.768321149392758,0.18592457355609504,0.8123168568381496,0.0017585696057554347,35.77825182177886,2,20.25,主口径p*加权,对数型,131072
413351005.0220163,14959089740.369394,1.0,2.7494134388316214,0.18594110855522233,0.8123890993516703,0.001669792093107682,36.18979888429842,2,20.3,主口径p*加权,对数型,131072
435368556.0915932,15936897576.903416,1.0,2.73083801439353,0.18595681169312075,0.8124577074080241,0.0015854808988549959,36.605531919835286,2,20.35,主口径p*加权,对数型,131072
458561183.7729038,16978463218.235699,1.0,2.7125889882036263,0.18597172454138156,0.8125228626362657,0.0015054128223527831,37.025513320909546,2,20.4,主口径p*加权,对数型,131072
482991523.0112348,18087945067.445522,1.0,2.694660579933187,0.18598588657396328,0.8125847375007503,0.0014293759252863325,37.44981890091015,2,20.45,主口径p*加权,对数型,131072
508725685.21156335,19269767585.455696,1.0,2.677047114623391,0.1859993353952963,0.8126434962977427,0.0013571683069611418,37.87850337739875,2,20.5,主口径p*加权,对数型,131072
535833275.1913501,20528644848.326237,1.0,2.6597430205665265,0.18601210672595037,0.8126992950927922,0.0012885981812576525,38.311627513232175,2,20.55,主口径p*加权,对数型,131072
564387625.1421694,21869597643.0281,1.0,2.6427428272423974,0.18602423452060995,0.8127522822361797,0.001223483243210643,38.74925081413531,2,20.6,主口径p*加权,对数型,131072
594465791.2140317,23297981353.94007,1.0,2.626041163307766,0.18603575097845587,0.8128025984082723,0.0011616506132719991,39.1914584460115,2,20.65,主口径p*加权,对数型,131072
626149272.4806864,24819487512.630276,1.0,2.609632754636796,0.18604668682683662,0.8128503778589043,0.0011029353142591619,39.63829170367012,2,20.7,主口径p*加权,对数型,131072
659523663.1933342,26440188528.960106,1.0,2.5935124224105595,0.18605707117369877,0.8128957477626348,0.0010471810636664353,40.089825436952324,2,20.75,主口径p*加权,对数型,131072
694679207.2440382,28166549370.93155,1.0,2.5776750812537865,0.18606693170916555,0.8129388290994581,0.0009942391913764074,40.546124135016385,2,20.8,主口径p*加权,对数型,131072
731710964.4397753,30005456352.88278,1.0,2.5621157374171197,0.18607629474499598,0.8129797368272039,0.0009439684278002847,41.00725260534541,2,20.85,主口径p*加权,对数型,131072
770719065.8615613,31964244664.582603,1.0,2.5468294870032206,0.18608518528168974,0.8130185801747214,0.0008962345435890238,41.47327616561663,2,20.9,主口径p*加权,对数型,131072
811809043.8276896,34050725142.97766,1.0,2.5318115142351796,0.18609362708448793,0.8130554629739335,0.0008509099415787738,41.944254504024826,2,20.95,主口径p*加权,对数型,131072
855091910.8874856,36273224030.700356,1.0,2.5170570897657383,0.1861016427027686,0.8130904837445763,0.0008078735526554218,42.42026332941564,2,21.0,主口径p*加权,对数型,131072
900684769.8189266,38640603246.76713,1.0,2.5025615690259193,0.1861092535913629,0.8131237362242374,0.0007670101843997988,42.90136187662574,2,21.05,主口径p*加权,对数型,131072
948710837.9236121,41162308014.573685,1.0,2.48832039061172,0.1861164801100736,0.8131553093662522,0.0007282105236741951,43.38762283422757,2,21.1,主口径p*加权,对数型,131072
999300127.9387639,43848389593.69918,1.0,2.4743290747076085,0.18612334163165145,0.8131852878114605,0.0006913705568881342,43.87909934940603,2,21.15,主口径p*加权,对数型,131072
1052589134.0397562,46709574347.21647,1.0,2.4605832215455936,0.1861298565002522,0.8132137517067018,0.0006563917930460145,44.375884983677075,2,21.2,主口径p*加权,对数型,131072
1108722379.2788517,49757254769.12844,1.0,2.4470785098987458,0.1861360422301845,0.813240777573158,0.00062318019665758,44.878010671609374,2,21.25,主口径p*加权,对数型,131072
1167851173.8457263,53003607146.85513,1.0,2.4338106956080376,0.1861419153565616,0.8132664376538414,0.0005916469895969686,45.38558365473453,2,21.3,主口径p*加权,对数型,131072
1230135834.5343244,56461559340.86808,1.0,2.4207756101414857,0.1861474916790337,0.8132908009784768,0.0005617073424896036,45.89863798435069,2,21.35,主口径p*加权,对数型,131072
1295744546.0925624,60144912964.41096,1.0,2.407969159184582,0.18615278614012543,0.8133139328319506,0.0005332810279240636,46.41726113822629,2,21.4,主口径p*加权,对数型,131072
1364854658.9975102,64068360574.214905,1.0,2.395387321261066,0.18615781295159584,0.8133358953063857,0.0005062917420186522,46.94152608254516,2,21.45,主口径p*加权,对数型,131072
1437653108.6719162,68247546657.18098,1.0,2.3830261463831444,0.18616258562008162,0.8133567474131779,0.0004806669667406238,47.471497988987835,2,21.5,主口径p*加权,对数型,131072
1514336893.3005157,72699131030.81003,1.0,2.370881754730266,0.18616711697715047,0.8133765452143024,0.0004563378085473166,48.0072375918686,2,21.55,主口径p*加权,对数型,131072
1595113135.6549692,77440877884.95906,1.0,2.3589503353556447,0.18617141918726246,0.8133953418570956,0.0004332389556420307,48.548830897289974,2,21.6,主口径p*加权,对数型,131072
1680200255.969343,82491697562.59094,1.0,2.347228144919731,0.1861755038181505,0.8134131878817542,0.0004113083000953909,49.096348646250945,2,21.65,主口径p*加权,对数型,131072
1769828648.9515152,87871717046.73401,1.0,2.3357115064498717,0.18617938186852742,0.8134301313423876,0.00039048678908503717,49.64984440657072,2,21.7,主口径p*加权,对数型,131072
1864240281.6441913,93602410795.84293,1.0,2.324396808125435,0.18618306375283858,0.813446217740402,0.00037071850675940893,50.209413302285824,2,21.75,主口径p*加权,对数型,131072
1963690648.700229,99706622294.91518,1.0,2.3132805020877063,0.18618655938649428,0.813461490396886,0.00035195021661998764,50.77511692634031,2,21.8,主口径p*加权,对数型,131072
2068448541.8119094,106208700775.18207,1.0,2.3023591032738837,0.18618987817317748,0.8134759903971573,0.0003341314296652156,51.347035533282295,2,21.85,主口径p*加权,对数型,131072
2178797468.1849394,113134563328.4506,1.0,2.291629188274544,0.1861930290541409,0.8134897568061452,0.0003172141397139487,51.92523168419966,2,21.9,主口径p*加权,对数型,131072
2295035260.537378,120511857921.78392,1.0,2.2810873942139405,0.18619602049845616,0.8135028266257882,0.00030115287575578284,52.50980670927309,2,21.95,主口径p*加权,对数型,131072
2417476700.580842,128369979416.31267,1.0,2.2707304176525906,0.1861988605757869,0.8135152351129846,0.00028590431122854214,53.10081349924468,2,22.0,主口径p*加权,对数型,131072
2546452921.268329,136740261559.97128,1.0,2.2605550135115235,0.18620155693660645,0.8135270156931629,0.00027142737023073054,53.69832696214314,2,22.05,主口径p*加权,对数型,131072
2682312371.160264,145656099434.82297,1.0,2.2505579940177003,0.18620411683906118,0.8135382000776477,0.0002576830832911972,54.30243733015249,2,22.1,主口径p*加权,对数型,131072
2825422880.392951,155153021980.76047,1.0,2.240736227670046,0.18620654718963744,0.8135488184413388,0.0002446343690239636,54.913203633143326,2,22.15,主口径p*加权,对数型,131072
2976170756.575567,165268936750.50742,1.0,2.2310866382255994,0.18620885452731212,0.8135588993534618,0.00023224611922617217,55.53073068316439,2,22.2,主口径p*加权,对数型,131072
3134963959.865222,176044164899.98877,1.0,2.2216062037053086,0.18621104507776598,0.8135684700144314,0.00022048490780255338,56.155084126567516,2,22.25,主口径p*加权,对数型,131072
3302231993.9717307,187521667688.7188,1.0,2.2122919554189724,0.1862131247482453,0.8135775562334003,0.00020931901835442618,56.786339672997585,2,22.3,主口径p*加权,对数型,131072
3478426634.4028177,199747243309.7609,1.0,2.203140977008901,0.18621509914045073,0.8135861824845719,0.00019871837497753567,57.42459574515472,2,22.35,主口径p*加权,对数型,131072
3664024774.419891,212769617229.65802,1.0,2.194150403511854,0.18621697358461967,0.8135943720561092,0.0001886543592712186,58.06991773502539,2,22.4,主口径p*加权,对数型,131072
3859528162.1433682,226640724491.25708,1.0,2.18531742043882,0.18621875313518366,0.8136021470311596,0.00017909983365678475,58.72239169396121,2,22.45,主口径p*加权,对数型,131072
4065465643.2039933,241415866046.5803,1.0,2.1766392628722513,0.18622044259411116,0.8136095283898447,0.00017002901604443353,59.3820947546664,2,22.5,主口径p*加权,对数型,131072
4282394304.997459,257153945394.63156,1.0,2.1681132145803415,0.18622204652045657,0.8136165360509763,0.0001614174285672682,60.04910502859081,2,22.55,主口径p*加权,对数型,131072
4510899259.732154,273917807989.43158,1.0,2.1597366071479733,0.18622356923173325,0.8136231888780581,0.00015324189020866541,60.72354805939429,2,22.6,主口径p*加权,对数型,131072
4751600168.935728,291774194038.853,1.0,2.151506819123972,0.18622501484910856,0.8136295048767453,0.0001454802741460932,61.40545998511595,2,22.65,主口径p*加权,对数型,131072
5005146547.3397665,310794389266.10876,1.0,2.14342127518429,0.18622638726564616,0.8136355010560926,0.00013811167826118935,62.09496291997601,2,22.7,主口径p*加权,对数型,131072
5272224893.59324,331054182381.9429,1.0,2.135477445310797,0.18622769019062557,0.8136411936221891,0.0001311161871853641,62.792120795954084,2,22.75,主口径p*加权,对数型,131072
5553556651.133099,352634406841.5553,1.0,2.1276728439853243,0.18622892713738123,0.8136465979250278,0.00012447493759085607,63.49703964388423,2,22.8,主口径p*加权,对数型,131072
5849903392.138755,375621061318.81104,1.0,2.120005029398648,0.18623010144873162,0.8136517285696051,0.0001181699816632606,64.20978880156892,2,22.85,主口径p*加权,对数型,131072
6162065934.786267,400105838025.4701,1.0,2.1124716026740824,0.18623121629272005,0.8136565993973134,0.00011218430996662616,64.93047011502772,2,22.9,主口径p*加权,对数型,131072
6490887757.886847,426186411135.7829,1.0,2.105070207105392,0.18623227467754042,0.8136612235511528,0.00010650177130691897,65.65918669875919,2,22.95,主口径p*加权,对数型,131072
6837258052.104759,453966775478.5413,1.0,2.0977985274087128,0.1862332794617214,0.8136656135202249,0.000101107018053585,66.39602776712422,2,23.0,主口径p*加权,对数型,131072
7202115632.526942,483557557527.4903,1.0,2.090654288988198,0.18623423336447262,0.8136697811849384,9.598545058897536e-05,67.14104329894364,2,23.05,主口径p*加权,对数型,131072
7586444315.400577,515076934708.17474,1.0,2.0836352572150996,0.18623513895434793,0.8136737377674763,9.112327817564042e-05,67.89438019897703,2,23.1,主口径p*加权,对数型,131072
7991284298.181759,548650526581.3648,1.0,2.076739236720027,0.18623599867979893,0.813677493965287,8.650735491413189e-05,68.65611409998242,2,23.15,主口径p*加权,对数型,131072
8417730761.872123,584412173963.7041,1.0,2.0699640706980937,0.18623681486375784,0.8136810599274158,8.212520882644584e-05,69.42633240430816,2,23.2,主口径p*加权,对数型,131072
8866935615.505028,622504559852.0372,1.0,2.063307640226717,0.1862375897085429,0.8136844452759379,7.796501551961083e-05,70.20515168323817,2,23.25,主口径p*加权,对数型,131072
9340113843.724455,663079555394.7797,1.0,2.0567678635957987,0.1862383253080192,0.8136876591590899,7.401553289112226e-05,70.99266309695972,2,23.3,主口径p*加权,对数型,131072
9838547237.257797,706298787518.6492,1.0,2.0503426956500483,0.18623902365251171,0.8136907102727339,7.026607475461021e-05,71.78893087426076,2,23.35,主口径p*加权,对数型,131072
10363580234.059725,752334829073.5448,1.0,2.044030127143209,0.1862396866237839,0.81369360683842,6.670653779627494e-05,72.59410474779841,2,23.4,主口径p*加权,对数型,131072
10916634781.365416,801371085328.1978,1.0,2.0378281841039527,0.18624031601588287,0.8136963566944602,6.332728965714806e-05,73.40825276083524,2,23.45,主口径p*加权,对数型,131072
11499204549.14748,853603217711.395,1.0,2.0317349272132135,0.18624091352720398,0.8136989672612559,6.011921154006803e-05,74.23150132368755,2,23.5,主口径p*加权,对数型,131072
12112865179.831001,909239474280.6056,1.0,2.0257484511927393,0.18624148077271913,0.813701445594728,5.707363255306061e-05,75.06394736354947,2,23.55,主口径p*加权,对数型,131072
12759278178.31067,968501539302.3733,1.0,2.019866884204643,0.18624201928692144,0.813703798399179,5.418231389995058e-05,75.90566846866905,2,23.6,主口径p*加权,对数型,131072
13440188910.687159,1031625908162.1786,1.0,2.0140883872617423,0.18624253052267437,0.8137060320222658,5.1437455060080156e-05,76.75680118914597,2,23.65,主口径p*加权,对数型,131072
14157437298.840363,1098864386392.3601,1.0,2.0084111536484763,0.18624301586079356,0.8137081524968645,4.8831642342216025e-05,77.61746446034893,2,23.7,主口径p*加权,对数型,131072
14912968551.438135,1170484636546.832,1.0,2.0028334083522132,0.1862434766165107,0.8137101655693098,4.635781417979699e-05,78.48770233166998,2,23.75,主口径p*加权,对数型,131072
15708819084.87965,1246772750045.1355,1.0,1.997353407504725,0.18624391403084803,0.8137120766617105,4.400930744162428e-05,79.36769424286022,2,23.8,主口径p*加权,对数型,131072
16547144977.694695,1328032599811.1624,1.0,1.99196943783366,0.18624432928826748,0.81371389094906,4.177976267275887e-05,80.2575067542667,2,23.85,主口径p*加权,对数型,131072
17430207976.7939,1414588613900.388,1.0,1.9866798161238117,0.18624472350864096,0.813715613324153,3.966316720601286e-05,81.15729977426157,2,23.9,主口径p*加权,对数型,131072
18360404725.02117,1506785213330.0527,1.0,1.9814828886880045,0.18624509776122516,0.8137172484586436,3.765378013134187e-05,82.06710232681515,2,23.95,主口径p*加权,对数型,131072
19340243333.77041,1604990604652.85,1.0,1.9763770308474158,0.18624545305440854,0.8137188007582479,3.574618734364641e-05,82.98709467891452,2,24.0,主口径p*加权,对数型,131072
20372375918.52333,1709596159720.7976,1.0,1.971360646421154,0.18624579034948377,0.8137202744229179,3.393522759835136e-05,83.9173676432295,2,24.05,主口径p*加权,对数型,131072
21459590292.971905,1821019244598.7212,1.0,1.9664321672249254,0.18624611055715926,0.8137216734315993,3.221601124165622e-05,84.85806204767627,2,24.1,主口径p*加权,对数型,131072
22604833401.581013,1939703546452.1455,1.0,1.9615900525786198,0.18624641454489707,0.8137230015742916,3.058388081146799e-05,85.80923875848958,2,24.15,主口径p*加权,对数型,131072
23811191852.633587,2066123175315.8591,1.0,1.9568327888226422,0.18624670313167077,0.8137242624291453,2.9034439184101016e-05,86.77109437037021,2,24.2,主口径p*加权,对数型,131072
25081936678.003258,2200781441576.4243,1.0,1.952158888842846,0.18624697709974516,0.8137254594139267,2.756348632828667e-05,87.74368063477728,2,24.25,主口径p*加权,对数型,131072
26420497806.08461,2344215820334.6074,1.0,1.9475668916038866,0.1862472371882749,0.8137265957580523,2.6167053672852735e-05,88.72716318746792,2,24.3,主口径p*加权,对数型,131072
27830498513.994507,2496997909520.9663,1.0,1.9430553616908628,0.18624748410106393,0.8137276745364883,2.484136244788229e-05,89.72163787383673,2,24.35,主口径p*加权,对数型,131072
29315745932.894794,2659737410299.9614,1.0,1.9386228888590762,0.1862477185046384,0.813728698661332,2.3582834029739815e-05,90.72726364828762,2,24.4,主口径p*加权,对数型,131072
30880266687.33503,2833082279312.552,1.0,1.9342680875917724,0.18624794103422507,0.8137296709079317,2.2388057843524776e-05,91.7441001399929,2,24.45,主口径p*加权,对数型,131072
32528279478.382835,3017724785313.957,1.0,1.92998959666571,0.1862481522896541,0.8137305938969848,2.1253813361249034e-05,92.77234559299185,2,24.5,主口径p*加权,对数型,131072
34264244548.589157,3214400812561.1196,1.0,1.9257860787244205,0.18624835284263636,0.8137314701263344,2.0177031029094425e-05,93.81210223394444,2,24.55,主口径p*加权,对数型,131072
36092862652.51495,3423893955676.253,1.0,1.921656219859017,0.18624854323601145,0.8137323019676832,1.9154796305251427e-05,94.86346341214018,2,24.6,主口径p*加权,对数型,131072
38019069856.36547,3647040348295.5444,1.0,1.917598729196411,0.1862487239835365,0.81373309166567,1.8184350793588253e-05,95.92660636027965,2,24.65,主口径p*加权,对数型,131072
40048073310.507034,3884729901778.7417,1.0,1.9136123384948103,0.1862488955738098,0.8137338413550134,1.7263071176832017e-05,97.00166776211783,2,24.7,主口径p*加权,对数型,131072
42185368090.992676,4137909544464.363,1.0,1.9096958017463626,0.18624905847142617,0.8137345530655591,1.6388463014859255e-05,98.08873862470527,2,24.75,主口径p*加权,对数型,131072
44436725762.227455,4407589552093.174,1.0,1.9058478947868114,0.18624921311615353,0.8137352287186825,1.5558165164223975e-05,99.18799093518625,2,24.8,主口径p*加权,对数型,131072
46808244952.1851,4694844157586.939,1.0,1.9020674149120476,0.18624935992676647,0.8137358701440377,1.4769929195824116e-05,100.29951266882044,2,24.85,主口径p*加权,对数型,131072
49306321737.57611,5000820408113.518,1.0,1.8983531805014209,0.18624949929914295,0.8137364790712424,1.4021629614800161e-05,101.42351390009318,2,24.9,主口径p*加权,对数型,131072
51937717603.76969,5326737695275.813,1.0,1.8947040306477003,0.18624963161053565,0.8137370571485376,1.3311240926765858e-05,102.5601035438876,2,24.95,主口径p*加权,对数型,131072
54709560419.10587,5673894281987.546,1.0,1.8911188247935584,0.1862497572192102,0.8137376059412106,1.2636839579247236e-05,103.7093743492424,2,25.0,主口径p*加权,对数型,131072
57629321872.9784,6043676833017.442,1.0,1.8875964423744593,0.18624987646370203,0.8137381269283451,1.1996607952887836e-05,104.87155907089095,2,25.05,主口径p*加权,对数型,131072
60704908351.88559,6437558656128.906,1.0,1.884135782467846,0.18624998966694256,0.8137386215208499,1.138881220776835e-05,106.04675685881249,2,25.1,主口径p*加权,对数型,131072
63944652093.3079,6857108616099.676,1.0,1.8807357634485031,0.1862500971354879,0.8137390910580891,1.0811806423186151e-05,107.23506019070676,2,25.15,主口径p*加权,对数型,131072
67357282879.65415,7304002876443.185,1.0,1.877395322649989,0.1862501991588783,0.8137395368050832,1.0264036038614537e-05,108.43672078479017,2,25.200000000000003,主口径p*加权,对数型,131072
70952051582.66785,7780020899721.702,1.0,1.8741134160320359,0.1862502960136751,0.8137399599701474,9.744016177710798e-06,109.6518102884879,2,25.25,主口径p*加权,对数型,131072
74738670546.3895,8287061604814.034,1.0,1.8708890178537942,0.1862503879614914,0.8137403616962868,9.250342222008108e-06,110.88050595802802,2,25.3,主口径p*加权,对数型,131072
78727375514.99028,8827147128195.12,1.0,1.8677211203528372,0.18625047525085556,0.8137407430693381,8.781679806626086e-06,112.12296955732208,2,25.35,主口径p*加权,对数型,131072
82928959874.00069,9402430114247.865,1.0,1.8646087334298083,0.18625055811793834,0.8137411051211471,8.336760914887757e-06,113.37933248570323,2,25.4,主口径p*加权,对数型,131072
87354771551.74591,10015205930400.826,1.0,1.8615508843386155,0.18625063678653642,0.8137414488294966,7.914383966957414e-06,114.64978675455832,2,25.450000000000003,主口径p*加权,对数型,131072
92016784866.7186,10667917179884.629,1.0,1.8585466173820808,0.1862507114694945,0.8137417751243197,7.513406185943533e-06,115.93446994846144,2,25.5,主口径p*加权,对数型,131072
96927610703.0869,11363165916695.037,1.0,1.8555949936129323,0.18625078236880288,0.8137420848881245,7.132743072797629e-06,117.2335295822282,2,25.55,主口径p*加权,对数型,131072
102100526015.28326,12103724579349.56,1.0,1.8526950905400614,0.18625084967611263,0.8137423789582479,6.771365639638051e-06,118.54713243629884,2,25.6,主口径p*加权,对数型,131072
107549522894.83855,12892545510985.05,1.0,1.8498460018399387,0.18625091357344806,0.8137426581299662,6.42829658584998e-06,119.87543193093776,2,25.65,主口径p*加权,对数型,131072
113289318925.60147,13732776020087.852,1.0,1.847046837073104,0.18625097423338477,0.8137429231572735,6.102609341815936e-06,121.21862987901216,2,25.700000000000003,主口径p*加权,对数型,131072
119335426646.84167,14627767433167.42,1.0,1.8442967214056394,0.18625103181989322,0.813743174756568,5.793423538925106e-06,122.57690649111663,2,25.75,主口径p*加权,对数型,131072
125704243903.5195,15581082400039.89,1.0,1.8415947953355332,0.18625108648912128,0.8137434136100702,5.499900808642253e-06,123.9503290915037,2,25.8,主口径p*加权,对数型,131072
132412935932.66612,16596529048825.7,1.0,1.8389402144238536,0.1862511383883894,0.8137436403614325,5.2212501782718525e-06,125.33918179463427,2,25.85,主口径p*加权,对数型,131072
139479676958.6332,17678152154954.824,1.0,1.836332149030644,0.18625118765830256,0.8137438556249678,4.956716729692868e-06,126.74356967572989,2,25.9,主口径p*加权,对数型,131072
146923569674.3201,18830265262415.69,1.0,1.8337697840554554,0.18625123443202068,0.8137440599824605,4.705585518979538e-06,128.1636792800231,2,25.950000000000003,主口径p*加权,对数型,131072
154764728791.44742,20057464028395.477,1.0,1.8312523186824392,0.1862512788359303,0.813744253986102,4.4671779680140335e-06,129.59971037990078,2,26.0,主口径p*加权,对数型,131072
29822433.62997906,523149713.3054585,0.8891705306810411,4.422277355718247,0.9360958562156765,0.06390414378432352,0.0,17.54215366178437,0,17.0,副口径网页c4,指数型,2048
31414037.19802728,557243894.4245522,0.8891705306810411,4.374775773309298,0.9360958562156766,0.06390414378432352,0.0,17.73869085695059,0,17.05,副口径网页c4,指数型,2048
33090577.856024016,593560129.8112925,0.8891705306810411,4.328106540882725,0.9360958562156765,0.0639041437843235,0.0,17.937436221085427,0,17.1,副口径网页c4,指数型,2048
34856602.57706551,632242982.4435579,0.8891705306810411,4.282255073524559,0.9360958562156766,0.06390414378432353,0.0,18.138399491049444,0,17.15,副口径网页c4,指数型,2048
36716872.64262558,673446948.3315585,0.8891705306810411,4.237207041886045,0.9360958562156767,0.06390414378432353,0.0,18.341620619119297,0,17.2,副口径网页c4,指数型,2048
38676424.27442837,717336214.5716338,0.8891705306810411,4.1929483677055135,0.9360958562156766,0.06390414378432352,0.0,18.547118251723024,0,17.25,副口径网页c4,指数型,2048
40740557.790371984,764085752.3830414,0.8891705306810411,4.149465219408671,0.9360958562156766,0.06390414378432352,0.0,18.754916324773884,0,17.3,副口径网页c4,指数型,2048
42914852.97635149,813881999.5457425,0.8891705306810411,4.106744007786001,0.9360958562156765,0.0639041437843235,0.0,18.965042242932476,0,17.35,副口径网页c4,指数型,2048
45205186.64154204,866923559.9245988,0.8891705306810411,4.064771381745918,0.9360958562156764,0.0639041437843235,0.0,19.177524180995757,0,17.4,副口径网页c4,指数型,2048
47617754.6394366,923421877.3938315,0.8891705306810411,4.023534224142315,0.9360958562156764,0.06390414378432352,0.0,19.39238597842372,0,17.45,副口径网页c4,指数型,2048
50159080.66651425,983602229.3311372,0.8891705306810411,3.9830196476752575,0.9360958562156765,0.06390414378432352,0.0,19.609654249261016,0,17.5,副口径网页c4,指数型,2048
52836026.49317746,1047704774.6776799,0.8891705306810411,3.943214990863466,0.9360958562156765,0.06390414378432352,0.0,19.829363489568365,0,17.55,副口径网页c4,指数型,2048
55655849.96527312,1115984731.51641,0.8891705306810411,3.9041078140874053,0.9360958562156765,0.0639041437843235,0.0,20.051526159653246,0,17.6,副口径网页c4,指数型,2048
58626164.68410402,1188714577.939473,0.8891705306810411,3.8656858957016937,0.9360958562156764,0.06390414378432352,0.0,20.276178466468618,0,17.65,副口径网页c4,指数型,2048
61755000.65161675,1266184351.1626196,0.8891705306810411,3.8279372282156214,0.9360958562156766,0.06390414378432352,0.0,20.50334932883643,0,17.7,副口径网页c4,指数型,2048
65050820.11892998,1348702914.9596953,0.8891705306810411,3.7908500145406308,0.9360958562156765,0.06390414378432352,0.0,20.73306550930353,0,17.75,副口径网页c4,指数型,2048
68522531.34323274,1436599378.4298224,0.8891705306810411,3.7544126643035165,0.9360958562156765,0.06390414378432352,0.0,20.965357675329088,0,17.8,副口径网页c4,指数型,2048
72179533.43957712,1530223974.413545,0.8891705306810411,3.7186137902242424,0.9360958562156765,0.06390414378432352,0.0,21.200247514685376,0,17.85,副口径网页c4,指数型,2048
76031704.33460617,1629950241.389132,0.8891705306810411,3.6834422045572284,0.9360958562156765,0.06390414378432352,0.0,21.437770672822506,0,17.9,副口径网页c4,指数型,2048
80089455.86678973,1736175923.546854,0.8891705306810411,3.6488869155949843,0.9360958562156765,0.06390414378432352,0.0,21.67795878691673,0,17.95,副口径网页c4,指数型,2048
84363775.9877958,1849324241.4672809,0.8891705306810411,3.6149371242330353,0.9360958562156764,0.0639041437843235,0.0,21.920832961943372,0,18.0,副口径网页c4,指数型,2048
88866201.90445134,1969846809.324437,0.8891705306810411,3.581582220595005,0.9360958562156764,0.0639041437843235,0.0,22.166434112289508,0,18.05,副口径网页c4,指数型,2048
93608932.9107234,2098223649.9250052,0.8891705306810411,3.5488117807168633,0.9360958562156766,0.06390414378432352,0.0,22.414780135632146,0,18.1,副口径网页c4,指数型,2048
98604771.92294669,2234967125.971841,0.8891705306810411,3.5166155632892573,0.9360958562156765,0.06390414378432352,0.0,22.66591243391673,0,18.15,副口径网页c4,指数型,2048
103867234.24951647,2380622340.8292766,0.8891705306810411,3.4849835064569277,0.9360958562156763,0.0639041437843235,0.0,22.91985877962625,0,18.2,副口径网页c4,指数型,2048
109410553.95281292,2535769976.4641027,0.8891705306810411,3.453905724674222,0.9360958562156764,0.06390414378432352,0.0,23.17664873132569,0,18.25,副口径网页c4,指数型,2048
115249714.73491372,2701028789.820584,0.8891705306810411,3.423372505615691,0.9360958562156764,0.0639041437843235,0.0,23.436316489227153,0,18.3,副口径网页c4,指数型,2048
121400505.89043649,2877057726.771466,0.8891705306810411,3.3933743071408218,0.9360958562156765,0.06390414378432352,0.0,23.69889405047455,0,18.35,副口径网页c4,指数型,2048
127879563.24304521,3064558584.3813777,0.8891705306810411,3.3639017543119665,0.9360958562156764,0.0639041437843235,0.0,23.96441234755347,0,18.4,副口径网页c4,指数型,2048
134704411.98250604,3264278856.1474805,0.8891705306810411,3.3349456364645076,0.9360958562156765,0.06390414378432352,0.0,24.23290230888213,0,18.45,副口径网页c4,指数型,2048
141893472.4384802,3477015729.9642015,0.8891705306810411,3.3064969043283816,0.9360958562156765,0.06390414378432352,0.0,24.504409330539907,0,18.5,副口径网页c4,指数型,2048
149466229.5869257,3703616354.3353763,0.8891705306810411,3.2785466672000294,0.9360958562156764,0.0639041437843235,0.0,24.778950834385295,0,18.55,副口径网页c4,指数型,2048
157443136.82885128,3944984839.087069,0.8891705306810411,3.2510861901638983,0.9360958562156764,0.0639041437843235,0.0,25.056569111522904,0,18.6,副口径网页c4,指数型,2048
165845759.92515302,4202083709.5941477,0.8891705306810411,3.22410689136264,0.9360958562156764,0.06390414378432352,0.0,25.337299617973763,0,18.65,副口径网页c4,指数型,2048
174696835.89354357,4475937702.659007,0.8891705306810411,3.1976003393151293,0.9360958562156765,0.06390414378432352,0.0,25.62117212807761,0,18.7,副口径网页c4,指数型,2048
184020275.90071145,4767639342.213402,0.8891705306810411,3.1715582502814974,0.9360958562156765,0.06390414378432352,0.0,25.908228421447387,0,18.75,副口径网页c4,指数型,2048
193841289.57373413,5078351787.31007,0.8891705306810411,3.1459724856743145,0.9360958562156765,0.0639041437843235,0.0,26.198503933179552,0,18.8,副口径网页c4,指数型,2048
204186467.42801154,5409313061.854399,0.8891705306810411,3.120835049515153,0.9360958562156764,0.0639041437843235,0.0,26.49202530408397,0,18.85,副口径网页c4,指数型,2048
215083753.31502128,5761843603.868495,0.8891705306810411,3.0961380859357055,0.9360958562156766,0.06390414378432352,0.0,26.788836976586705,0,18.9,副口径网页c4,指数型,2048
226562619.41701087,6137348930.891134,0.8891705306810411,3.0718738767226936,0.9360958562156764,0.06390414378432352,0.0,27.088974106512854,0,18.95,副口径网页c4,指数型,2048
238654099.94750944,6537326451.557332,0.8891705306810411,3.0480348389058047,0.9360958562156765,0.06390414378432352,0.0,27.392474937556816,0,19.0,副口径网页c4,指数型,2048
251390891.77485976,6963370989.392813,0.8891705306810411,3.024613522387882,0.9360958562156764,0.06390414378432352,0.0,27.69937661714911,0,19.05,副口径网页c4,指数型,2048
264807443.08172357,7417181125.717343,0.8891705306810411,3.0016026076166447,0.9360958562156765,0.0639041437843235,0.0,28.009715434729262,0,19.1,副口径网页c4,指数型,2048
278940030.45989114,7900566417.390756,0.8891705306810411,2.9789949032972087,0.9360958562156766,0.06390414378432352,0.0,28.323530345805924,0,19.15,副口径网页c4,指数型,2048
293826868.18466693,8415454306.892762,0.8891705306810411,2.9567833441446822,0.9360958562156764,0.0639041437843235,0.0,28.6408603776961,0,19.2,副口径网页c4,指数型,2048
309508168.50650686,8963899051.860283,0.8891705306810411,2.9349609886761505,0.9360958562156765,0.06390414378432352,0.0,28.961752754747838,0,19.25,副口径网页c4,指数型,2048
326026397.7735999,9548085665.559519,0.8891705306810411,2.9135210170413477,0.9360958562156766,0.0639041437843235,0.0,29.286234890065327,0,19.3,副口径网页c4,指数型,2048
343426195.3491519,10170344261.332354,0.8891705306810411,2.892456728891334,0.9360958562156765,0.0639041437843235,0.0,29.614352076411777,0,19.35,副口径网页c4,指数型,2048
361754586.5654783,10833156727.163757,0.8891705306810411,2.871761541284532,0.9360958562156766,0.06390414378432352,0.0,29.946148934874483,0,19.4,副口径网页c4,指数型,2048
381061161.27857614,11539165061.821144,0.8891705306810411,2.851428986629438,0.9360958562156765,0.06390414378432352,0.0,30.28166140864037,0,19.45,副口径网页c4,指数型,2048
401398161.9442078,12291183229.59368,0.8891705306810411,2.831452710663403,0.9360958562156766,0.06390414378432352,0.0,30.620925542011047,0,19.5,副口径网页c4,指数型,2048
422820441.54830575,13092214044.616882,0.8891705306810411,2.8118264704668103,0.9360958562156764,0.0639041437843235,0.0,30.964004475931052,0,19.55,副口径网页c4,指数型,2048
445386084.68503314,13945446639.792633,0.8891705306810411,2.7925441325120675,0.9360958562156764,0.0639041437843235,0.0,31.310916796276953,0,19.6,副口径网页c4,指数型,2048
469156013.08354294,14854286136.212229,0.8891705306810411,2.7735996707467674,0.9360958562156766,0.06390414378432352,0.0,31.661719602786196,0,19.65,副口径网页c4,指数型,2048
494194554.3310479,15822354727.675716,0.8891705306810411,2.7549871647104527,0.9360958562156764,0.06390414378432352,0.0,32.01644896531324,0,19.7,副口径网页c4,指数型,2048
520569336.4021962,16853514907.596373,0.8891705306810411,2.736700797684369,0.9360958562156764,0.06390414378432352,0.0,32.375158752291945,0,19.75,副口径网页c4,指数型,2048
548351763.371714,17951875513.41866,0.8891705306810411,2.7187348548736505,0.9360958562156764,0.06390414378432352,0.0,32.73788234587937,0,19.8,副口径网页c4,指数型,2048
577616880.3610284,19121818680.608826,0.8891705306810411,2.70108372162134,0.9360958562156764,0.06390414378432352,0.0,33.10467427589217,0,19.85,副口径网页c4,指数型,2048
608443873.6603862,20368007666.487083,0.8891705306810411,2.6837418816537273,0.9360958562156765,0.0639041437843235,0.0,33.475573587344314,0,19.9,副口径网页c4,指数型,2048
640916061.8504876,21695412750.995464,0.8891705306810411,2.666703915356409,0.9360958562156765,0.06390414378432352,0.0,33.850630437245236,0,19.95,副口径网页c4,指数型,2048
675121293.7544848,23109325313.723995,0.8891705306810411,2.6499644980805783,0.9360958562156765,0.06390414378432352,0.0,34.22988658113331,0,20.0,副口径网页c4,指数型,2048
711152036.862667,24615383941.039,0.8891705306810411,2.63351839847898,0.9360958562156766,0.06390414378432353,0.0,34.6133916027756,0,20.05,副口径网页c4,指数型,2048
749105685.3391706,26219595007.95857,0.8891705306810411,2.6173604768710277,0.9360958562156766,0.06390414378432352,0.0,35.0011961210616,0,20.1,副口径网页c4,指数型,2048
824620362.1970103,25432030669.446842,0.9094661772500755,2.601267818582515,0.8908125842833744,0.060812805753745015,0.04837460996288062,30.84089580530012,1,20.15,副口径网页c4,指数型,2048
898957324.8396287,25145282999.77094,0.9277876738968659,2.5850836022857595,0.8557498932546195,0.058419192712848685,0.08583091403253178,27.971609224338632,1,20.2,副口径网页c4,指数型,2048
973780368.7275121,25175135084.293858,0.9447999974373261,2.5688781377452887,0.8271496206980886,0.056466747439656184,0.1163836318622552,25.85299097494795,1,20.25,副口径网页c4,指数型,2048
1050121938.8190523,25427569611.086113,0.9609049046977373,2.552699034972094,0.8029635551914867,0.05481564536773883,0.1422207994407746,24.21392094682022,1,20.3,副口径网页c4,指数型,2048
1128617725.2345586,25853951666.523563,0.976317127774905,2.5365807788294097,0.7820329459216894,0.05338678244158733,0.16458027163672306,22.90762504297049,1,20.35,副口径网页c4,指数型,2048
1209783328.5665545,26423768426.223125,0.9911959840309752,2.520549396741255,0.7635783398233518,0.05212694799860748,0.18429471217804058,21.841736286391104,1,20.4,副口径网页c4,指数型,2048
1281700069.817613,27699919711.878273,1.0,2.504643746753244,0.7558161519108081,0.05159704930377783,0.19258679878541415,21.611857847382343,2,20.45,副口径网页c4,指数型,2048
1337511752.682523,30024204842.035664,1.0,2.4890493848138058,0.76193929483786,0.05201505586093125,0.1860456493012088,22.447806370163782,2,20.5,副口径网页c4,指数型,2048
1396122923.425405,32527509788.646214,1.0,2.473801857504343,0.7679372329657708,0.05242451510379662,0.17963825193043248,23.29845692157218,2,20.55,副口径网页c4,指数型,2048
1457684477.8333561,35222348321.892975,1.0,2.458891405810306,0.7738077716652967,0.05282527721235091,0.1733669511223525,24.163218349039475,2,20.6,副口径网页c4,指数型,2048
1522355416.0622385,38122036866.9289,1.0,2.4443085964016533,0.7795489735751905,0.05321720992939968,0.1672338164954097,25.041482734390822,2,20.65,副口径网页c4,指数型,2048
1590303635.16033,41240737009.62454,1.0,2.4300443111459504,0.785159193003774,0.05360020090905764,0.16124060608716828,25.932618210651807,2,20.7,副口径网页c4,指数型,2048
1661706267.3451507,44593510227.30826,1.0,2.4160897368901786,0.7906370608906116,0.05397415669013242,0.15538878241925583,26.83597643195613,2,20.75,副口径网页c4,指数型,2048
1736749619.6386082,48196386781.26569,1.0,2.402436355503338,0.7959814444757217,0.05433899994287594,0.1496795555814023,27.750912530094375,2,20.8,副口径网页c4,指数型,2048
1815630642.1162212,52066404598.49011,1.0,2.38907593417268,0.8011915180432342,0.05469467429841812,0.14411380765834766,28.676760234561666,2,20.85,副口径网页c4,指数型,2048
1898556104.0893674,56221705945.0712,1.0,2.376000515947018,0.8062666666359899,0.05504113777568356,0.13869219558832666,29.6128757132714,2,20.9,副口径网页c4,指数型,2048
1985744953.4521627,60681562760.62627,1.0,2.363202410521211,0.8112065987060221,0.05537837047166444,0.13341503082231349,30.558588430570122,2,20.95,副口径网页c4,指数型,2048
2077427091.7070298,65466495449.75245,1.0,2.350674185256492,0.8160112274785845,0.05570636646253803,0.12828240605887747,31.51325777500975,2,21.0,副口径网页c4,指数型,2048
2173845386.648979,70598316097.26845,1.0,2.3384086564318567,0.8206807463717377,0.05602513895231063,0.12329411467595178,32.47623613475887,2,21.05,副口径网页c4,指数型,2048
2275255330.90947,76100239097.72899,1.0,2.3263988807222113,0.8252155675076739,0.05633471607519054,0.11844971641713554,33.446900690178815,2,21.1,副口径网页c4,指数型,2048
2381926189.0292735,81996959139.13754,1.0,2.31463814689946,0.8296163389261434,0.0566351420706914,0.11374851900316525,34.42464318029706,2,21.15,副口径网页c4,指数型,2048
2494142435.149657,88314724462.63611,1.0,2.3031199677530627,0.8338839600494343,0.05692647833937471,0.109189561611191,35.40885364766144,2,21.2,副口径网页c4,指数型,2048
2612202450.1813655,95081502674.37099,1.0,2.2918380722269722,0.838019490696847,0.05720879723157143,0.1047717120715815,36.3989792091993,2,21.25,副口径网页c4,指数型,2048
2736422103.763854,102327003434.12453,1.0,2.280786397770153,0.842024244857524,0.05748218844894031,0.10049356669353562,37.39445142376875,2,21.3,副口径网页c4,指数型,2048
2867132835.736074,110082883309.30736,1.0,2.26995908289808,0.8458996807180466,0.057746751537018644,0.09635356774493475,38.39476216003294,2,21.35,副口径网页c4,指数型,2048
3004684501.090717,118382807213.80554,1.0,2.259350459962872,0.8496474559572293,0.058002599660013525,0.09234994438275705,39.39941353936892,2,21.4,副口径网页c4,指数型,2048
3149445859.8776817,127262594211.6318,1.0,2.2489550481297917,0.8532693964562821,0.05824985746474886,0.08848074607896918,40.4079320215952,2,21.45,副口径网页c4,指数型,2048
3301804954.250461,136760381173.58362,1.0,2.2387675465579693,0.8567674681926752,0.058488659161953296,0.08474387264537152,41.419884901901916,2,21.5,副口径网页c4,指数型,2048
3462170811.255158,146916750158.5247,1.0,2.228782827783243,0.860143781803785,0.05871914883780505,0.08113706935840995,42.43486476199082,2,21.55,副口径网页c4,指数型,2048
3630973988.147902,157774910135.6963,1.0,2.218995931301024,0.8634005670713256,0.05894147871206917,0.0776579542166051,43.452503557089535,2,21.6,副口径网页c4,指数型,2048
3808668268.7783995,169380847968.48563,1.0,2.209402057347047,0.8665401716098747,0.05915580904856746,0.0743040193415577,44.472460192185025,2,21.65,副口径网页c4,指数型,2048
3995731664.062283,181783519210.72095,1.0,2.199996560873826,0.8695650427382653,0.0593623069175989,0.07107265034413578,45.494426176233695,2,21.7,副口径网页c4,指数型,2048
4192667999.847872,195035029719.56567,1.0,2.1907749457205288,0.8724777191266988,0.05956114562571597,0.06796113524758515,46.518119184882366,2,21.75,副口径网页c4,指数型,2048
4400006790.441615,209190907334.2731,1.0,2.18173285897387,0.8752807974945477,0.059752502442294464,0.06496670006315779,47.543314657766075,2,21.8,副口径网页c4,指数型,2048
4618307730.133761,224310189857.95496,1.0,2.1728660855175077,0.8779769637331334,0.059936560724181916,0.06208647554268458,48.569779877240485,2,21.85,副口径网页c4,指数型,2048
4848158116.156607,240455840650.39926,1.0,2.164170542767244,0.8805689268979431,0.060113505409566254,0.05931756769249071,49.597359427918455,2,21.9,副口径网页c4,指数型,2048
5090178331.576521,257694825498.7917,1.0,2.1556422755892206,0.8830594577504964,0.06028352564910056,0.05665701660040301,50.62589337984528,2,21.95,副口径网页c4,指数型,2048
5345020789.066689,276098503765.792,1.0,2.1472774513980895,0.8854513454750194,0.06044681185109466,0.05410184267388605,51.65527219848334,2,22.0,副口径网页c4,指数型,2048
5613373388.443853,295742833953.4542,1.0,2.1390723554320057,0.8877474060638799,0.06060355625396086,0.05164903768215935,52.68540207253885,2,22.05,副口径网页c4,指数型,2048
5895960836.807537,316708700559.33276,1.0,2.131023386201113,0.8899504661739214,0.0607539518241397,0.049295582001938766,53.716215104783466,2,22.1,副口径网页c4,指数型,2048
6193544012.088462,339082371488.32416,1.0,2.1231270511060223,0.8920633364533262,0.060898190435213745,0.04703847311145991,54.747713235993565,2,22.15,副口径网页c4,指数型,2048
6506928174.533724,362955527846.8971,1.0,2.1153799622226654,0.8940888489459589,0.06103646542137745,0.04487468563266372,55.779857731856076,2,22.2,副口径网页c4,指数型,2048
6836959052.534762,388425940764.6099,1.0,2.107778832249712,0.8960298039637555,0.06116896795059237,0.04280122808565206,56.81267618834185,2,22.25,副口径网页c4,指数型,2048
7184528003.493331,415597715275.14136,1.0,2.1003204706146588,0.897888984675782,0.06129588802053339,0.04081512730368442,57.846209949083004,2,22.3,副口径网页c4,指数型,2048
7550574231.959536,444581713983.1453,1.0,2.09300177973455,0.899669148364293,0.061417413861669067,0.038913437774038016,58.880516941526295,2,22.35,副口径网页c4,指数型,2048
7936085951.427137,475496077400.52325,1.0,2.085819751427193,0.9013730141173278,0.061533731097076265,0.037093254785595706,59.915691476982474,2,22.4,副口径网页c4,指数型,2048
8342105523.359446,508466556310.8306,1.0,2.0787714634686547,0.9030032691706235,0.061645023175381224,0.03535170765399535,60.95182503829876,2,22.45,副口径网页c4,指数型,2048
8769728905.603163,543627207895.43384,1.0,2.071854076292753,0.9045625497728893,0.06175147006449591,0.03368598016261465,61.98905504913602,2,22.5,副口径网页c4,指数型,2048
9220113173.388699,581120663537.0156,1.0,2.065064829828181,0.90605345476613,0.06185324917870115,0.03209329605516883,63.027497885195096,2,22.55,副口径网页c4,指数型,2048
9694475034.78761,621098970409.8464,1.0,2.0584010404689006,0.9074785245991541,0.06195053394596892,0.030570941454876942,64.06731341110249,2,22.6,副口径网页c4,指数型,2048
10194094949.605747,663724156998.1085,1.0,2.051860098173389,0.908840243386296,0.06204349394850448,0.02911626266519952,65.10868893013183,2,22.65,副口径网页c4,指数型,2048
10720326150.86669,709168528594.4128,1.0,2.0454394636883406,0.9101410505738774,0.06213229571917671,0.02772665370694584,66.151768016599,2,22.7,副口径网页c4,指数型,2048
11274589536.938866,757615904519.4047,1.0,2.039136665892409,0.9113833148102647,0.06221710095771406,0.026399584232021458,67.19676153506364,2,22.75,副口径网页c4,指数型,2048
11858383065.730642,809262006385.6802,1.0,2.032949299255626,0.9125693477902977,0.06229806747581766,0.025132584733884394,68.24387455692454,2,22.8,副口径网页c4,指数型,2048
12473285917.970201,864315224971.722,1.0,2.026875021410154,0.9137014016155681,0.06237534901695612,0.023923249367475696,69.29330656379065,2,22.85,副口径网页c4,指数型,2048
13120958881.432312,922997711825.0868,1.0,2.0209115508280773,0.914781660408948,0.06244909468391751,0.02276924490713456,70.34529413328444,2,22.9,副口径网页c4,指数型,2048
13803154691.489532,985545871272.7115,1.0,2.015056664602007,0.9158122500418391,0.06251944960285621,0.02166830035530476,71.4000453737115,2,22.95,副口径网页c4,指数型,2048
14521716911.513502,1052211701491.812,1.0,2.0093081963243478,0.9167952276027627,0.0625865542043486,0.02061821819288868,72.45780288263084,2,23.0,副口径网页c4,指数型,2048
15278588271.087961,1123263572562.2148,1.0,2.0036640340611314,0.9177325869795735,0.06265054460447222,0.01961686841595411,73.51880636038824,2,23.05,副口径网页c4,指数型,2048
16075813304.255606,1198987484305.3875,1.0,1.998122118416448,0.9186262555950614,0.0627115523819562,0.01866219202298224,74.58331728622342,2,23.1,副口径网页c4,指数型,2048
16915549599.995007,1279687792229.2778,1.0,1.992680440683563,0.9194781011393368,0.06276970503777873,0.017752193822884448,75.65156453619784,2,23.15,副口径网页c4,指数型,2048
17800067797.45314,1365688840652.7886,1.0,1.9873370410789384,0.9202899250048222,0.06282512554699586,0.016884949448182043,76.72379994239085,2,23.2,副口径网页c4,指数型,2048
18731759990.051697,1457336094193.5964,1.0,1.9820900070554686,0.9210634657466898,0.06287793259497404,0.016058601658336148,77.80027583994121,2,23.25,副口径网页c4,指数型,2048
19713144385.803715,1554997654580.9812,1.0,1.9769374716913528,0.9218003985050681,0.06292824053794599,0.015271360956985919,78.88125933378757,2,23.3,副口径网页c4,指数型,2048
20746871786.658775,1659065763321.4177,1.0,1.9718776121511397,0.9225023362921302,0.06297615949087608,0.014521504216993601,79.96703215702503,2,23.35,副口径网页c4,指数型,2048
21835740809.67176,1769957732593.3247,1.0,1.9669086482156053,0.9231708362648134,0.06302179575567793,0.01380736797950864,81.05782844836448,2,23.4,副口径网页c4,指数型,2048
22982696269.422184,1888118319505.4849,1.0,1.962028840877223,0.9238073941596986,0.06306525144130208,0.01312735439899946,82.1539081999518,2,23.45,副口径网页c4,指数型,2048
24190831771.043316,2014021958292.757,1.0,1.9572364909981221,0.9244134439539334,0.06310662444058854,0.012479931605478051,83.25558944622826,2,23.5,副口径网页c4,指数型,2048
25463423939.94383,2148172543302.3777,1.0,1.9525299380275405,0.9249903722812419,0.06314600941439946,0.011863618304358711,84.3630671338191,2,23.55,副口径网页c4,指数型,2048
26803909377.95858,2291108035480.7354,1.0,1.9479075587758872,0.9255395034370902,0.06318349676797202,0.011276999794937882,85.47663712684992,2,23.6,副口径网页c4,指数型,2048
28215911118.819916,2443401219605.7354,1.0,1.9433677662426665,0.9260621099784427,0.06321917337452837,0.010718716647029045,86.59657344809239,2,23.65,副口径网页c4,指数型,2048
29703248715.708332,2605661947195.62,1.0,1.9389090084956127,0.9265594136521949,0.06325312263865651,0.010187463709148631,87.72312995573566,2,23.7,副口径网页c4,指数型,2048
31269945607.418697,2778539811516.255,1.0,1.9345297675985078,0.9270325855360253,0.063285424505926,0.009681989958048674,88.8565604302508,2,23.75,副口径网页c4,指数型,2048
32920233358.46721,2962727329532.5654,1.0,1.9302285585852597,0.9274827458842458,0.06331615545236453,0.009201098663389546,89.99715455451171,2,23.8,副口径网页c4,指数型,2048
34658576332.83526,3158961545926.7437,1.0,1.9260039284779351,0.9279109696280244,0.06334538885993982,0.008743641512035674,91.14516175132009,2,23.85,副口径网页c4,指数型,2048
36489681903.459946,3368027103499.443,1.0,1.921854455346539,0.9283182866457143,0.0633731950350141,0.008308518319271688,92.30080745593146,2,23.9,副口径网页c4,指数型,2048
38418489870.723175,3590761505370.0454,1.0,1.9177787474084416,0.9287056784104522,0.06339964097948687,0.007894680610061091,93.46441042979117,2,23.95,副口径网页c4,指数型,2048
40450218462.09409,3828055497641.0225,1.0,1.9137754421654507,0.9290740869875981,0.06342479100502003,0.007501122007381882,94.63621318209428,2,24.0,副口径网页c4,指数型,2048
42590371825.685394,4080857166442.6055,1.0,1.909843205576629,0.9294244141167816,0.06344870667037229,0.007126879212846008,95.81642496911762,2,24.05,副口径网页c4,指数型,2048
44844723185.75288,4350178730578.1357,1.0,1.9059807312650374,0.9297575177387306,0.06347144654429734,0.0067710357169720355,97.00536476853944,2,24.1,副口径网页c4,指数型,2048
47219370064.39308,4637096858243.151,1.0,1.9021867397566967,0.9300742202882673,0.06349306677167904,0.006432712940053755,98.20327657737788,2,24.15,副口径网页c4,指数型,2048
49720742569.3916,4942757676755.419,1.0,1.89845997775012,0.9303753080567435,0.06351362103000702,0.006111070913249653,99.41037525449613,2,24.2,副口径网页c4,指数型,2048
52355597726.96971,5268383605293.87,1.0,1.8947992174148798,0.9306615298574172,0.06353316043826636,0.005805309704316171,100.62694027041908,2,24.25,副口径网页c4,指数型,2048
55131063801.21685,5615275687929.464,1.0,1.8912032557177283,0.9309336017329303,0.06355173387830139,0.005514664388768209,101.85320762494563,2,24.3,副口径网页c4,指数型,2048
58054637123.449,5984821019992.934,1.0,1.8876709137748848,0.9311922058859112,0.06356938792181155,0.005238406192277151,103.08945704486351,2,24.35,副口径网页c4,指数型,2048
61134229239.698814,6378495564710.449,1.0,1.8842010362291668,0.9314379945666539,0.06358616709575024,0.004975838337595852,104.33591204202894,2,24.4,副口径网页c4,指数型,2048
64378175882.65838,6797871251909.779,1.0,1.880792490650715,0.9316715898930873,0.06360211387003477,0.004726296236877891,105.59279070441835,2,24.45,副口径网页c4,指数型,2048
67795228670.491196,7244625512978.989,1.0,1.8774441669601294,0.931893583168152,0.06361726861094584,0.004489148220902209,106.86040382267066,2,24.5,副口径网页c4,指数型,2048
71394636373.28162,7720541948984.098,1.0,1.8741549768728967,0.932104540208641,0.06363166994490989,0.004263789846449232,108.1389631094668,2,24.55,副口径网页c4,指数型,2048
75186141475.96495,8227520356503.913,1.0,1.8709238533640487,0.9323050001743535,0.0636453546785692,0.004049645147077222,109.4286818686398,2,24.6,副口径网页c4,指数型,2048
79179986650.25717,8767586491548.523,1.0,1.8677497501520495,0.9324954758416586,0.06365835781745723,0.0038461663408841306,110.72983038347162,2,24.65,副口径网页c4,指数型,2048
83386973343.01622,9342896824471.64,1.0,1.8646316412009676,0.9326764564336362,0.0636707127592029,0.003652830807160694,112.04264227266286,2,24.7,副口径网页c4,指数型,2048
87818475469.01257,9955748815149.117,1.0,1.8615685202400338,0.9328484078272701,0.06368245130767497,0.0034691408650548623,113.36736104764287,2,24.75,副口径网页c4,指数型,2048
92486475540.55298,10608589485542.89,1.0,1.858559400299742,0.9330117738301991,0.06369360376014159,0.003294622409659187,114.70422484519148,2,24.8,副口径网页c4,指数型,2048
97403597808.3736,11304025081676.566,1.0,1.8556033132636913,0.9331669771542395,0.06370419897372942,0.0031288238720311337,116.05346553949141,2,24.85,副口径网页c4,指数型,2048
102583119460.84499,12044834136220.506,1.0,1.8526993094354147,0.9333144197077642,0.06371426438538337,0.0029713159068523397,117.41536228889886,2,24.9,副口径网页c4,指数型,2048
108039084861.4653,12833969409424.025,1.0,1.8498464571194853,0.9334544856946709,0.06372382622342287,0.0028216880819060563,118.79006033678063,2,24.95,副口径网页c4,指数型,2048
113786213463.3255,13674584856368.535,1.0,1.8470438422162188,0.933587538893465,0.06373290932179387,0.002679551784741027,120.17787076442261,2,25.0,副口径网页c4,指数型,2048
119840071787.6648,14570032676288.518,1.0,1.8442905678293429,0.9337139269931057,0.06374153741606269,0.0025445355908314455,121.57897153219345,2,25.05,副口径网页c4,指数型,2048
126216999226.71216,15523890529785.078,1.0,1.841585753886029,0.933833979664141,0.06374973301173868,0.0024162873241203426,122.99365873768652,2,25.1,副口径网页c4,指数型,2048
132934256143.65753,16539963303639.098,1.0,1.8389285367687196,0.9339480115552793,0.06375751758884039,0.0022944708558803716,124.42213003219366,2,25.15,副口径网页c4,指数型,2048
140009993193.3048,17622307659706.04,1.0,1.836318068958216,0.9340563214815953,0.06376491154647691,0.002178766971927645,125.86464192863575,2,25.200000000000003,副口径网页c4,指数型,2048
147463371360.29608,18775239410452.875,1.0,1.8337535186875193,0.9341591943084395,0.06377193433145614,0.002068871360104419,127.32137640186919,2,25.25,副口径网页c4,指数型,2048
155314508421.2417,20003363972341.37,1.0,1.831234069605946,0.934256900106038,0.0637786043805722,0.0019644955133897536,128.79262971420897,2,25.3,副口径网页c4,指数型,2048
163584670876.52505,21311577317082.887,1.0,1.8287589204530672,0.9343496966765755,0.06378493929312087,0.001865364030303651,130.27857196453957,2,25.35,副口径网页c4,指数型,2048
172296196745.88263,22705102673227.934,1.0,1.8263272847420458,0.9344378284580989,0.06379095575607288,0.0017712157858281148,131.77947686631404,2,25.4,副口径网页c4,指数型,2048
181472653760.86526,24189498800243.555,1.0,1.823938390451964,0.9345215282983572,0.06379666966516785,0.0016818020364747822,133.2955588565931,2,25.450000000000003,副口径网页c4,指数型,2048
191138818119.62814,25770693318457.816,1.0,1.821591479728765,0.9346010171828766,0.06380209610635106,0.001596886710772166,134.82710404920837,2,25.5,副口径网页c4,指数型,2048
201320886401.52277,27454986982692.836,1.0,1.8192858085944452,0.9346765059972453,0.06380724947607862,0.0015162445266760725,136.37426038317489,2,25.55,副口径网页c4,指数型,2048
212046312766.83682,29249110246971.348,1.0,1.8170206466641563,0.9347481942047839,0.06381214339104659,0.0014396624041694383,137.9373678576211,2,25.6,副口径网页c4,指数型,2048
223344228158.19553,31160203106938.164,1.0,1.8147952768708968,0.9348162727884154,0.06381679088902249,0.0013669363225620298,139.5164914889463,2,25.65,副口径网页c4,指数型,2048
235245035606.89658,33195910075818.2,1.0,1.8126089951974835,0.9348809215994602,0.06382120424785648,0.001297874152683274,141.11205360902846,2,25.700000000000003,副口径网页c4,指数型,2048
247780983387.28882,35364342870253.39,1.0,1.8104611104155242,0.9349423128670706,0.06382539522505869,0.0012322919078706191,142.72420097299357,2,25.75,副口径网页c4,指数型,2048
260986004671.14343,37674146724945.33,1.0,1.8083509438311016,0.9350006100242705,0.06382937497765687,0.0011700149980724908,144.35313024702916,2,25.8,副口径网页c4,指数型,2048
274895696926.7679,40134551514525.766,1.0,1.8062778290369284,0.9350559677978633,0.06383315406833413,0.0011108781338026444,145.99919883510435,2,25.85,副口径网页c4,指数型,2048
289547787876.6732,42755355206907.7,1.0,1.8042411116707162,0.9351085341443526,0.06383674259758781,0.0010547232580594926,147.662517197743,2,25.9,副口径网页c4,指数型,2048
304981892763.49225,45547012510355.984,1.0,1.8022401491795286,0.9351584491491116,0.06384015012857935,0.0010014007223090636,149.3433334603797,2,25.950000000000003,副口径网页c4,指数型,2048
321239644268.6909,48520674121568.055,1.0,1.8002743105898988,0.9352058456693759,0.0638433857310294,0.0009507685995947102,151.04198683828838,2,26.0,副口径网页c4,指数型,2048
28999704.563794013,505676764.36874187,0.8891705306810411,4.448185173239565,0.8798686062881276,0.12013139371187236,0.0,17.437307447610234,0,17.0,副口径网页c4,指数型,4096
30547398.80800165,538632230.6421895,0.8891705306810411,4.400229619186646,0.8798686062881275,0.12013139371187234,0.0,17.632670919957317,0,17.05,副口径网页c4,指数型,4096
32177689.833835173,573735484.2315302,0.8891705306810411,4.35311436986773,0.8798686062881276,0.12013139371187234,0.0,17.830226072607655,0,17.1,副口径网页c4,指数型,4096
33894991.61517228,611126394.3395016,0.8891705306810411,4.306824700981122,0.8798686062881277,0.12013139371187237,0.0,18.029991016901313,0,17.15,副口径网页c4,指数型,4096
35703940.58999103,650954181.024499,0.8891705306810411,4.261346146232778,0.8798686062881277,0.12013139371187237,0.0,18.23199821274021,0,17.2,副口径网页c4,指数型,4096
37609432.1022139,693377582.2730901,0.8891705306810411,4.216664492815374,0.8798686062881276,0.12013139371187237,0.0,18.43626833791713,0,17.25,副口径网页c4,指数型,4096
39616623.55829881,738565663.6737539,0.8891705306810411,4.172765776966543,0.8798686062881276,0.12013139371187234,0.0,18.64282206147375,0,17.3,副口径网页c4,指数型,4096
41730934.53237331,786698752.4294153,0.8891705306810411,4.129636279604974,0.8798686062881276,0.12013139371187236,0.0,18.851692665045007,0,17.35,副口径网页c4,指数型,4096
43958085.45240678,837968711.5200089,0.8891705306810411,4.087262522042976,0.8798686062881276,0.12013139371187237,0.0,19.062902828815734,0,17.4,副口径网页c4,指数型,4096
46304095.53696174,892580030.9745891,0.8891705306810411,4.045631261774146,0.8798686062881277,0.12013139371187236,0.0,19.2764812836501,0,17.45,副口径网页c4,指数型,4096
48775306.48368647,950750505.4424206,0.8891705306810411,4.0047294883348865,0.8798686062881275,0.12013139371187236,0.0,19.492455793392327,0,17.5,副口径网页c4,指数型,4096
51378411.289982885,1012711871.3840685,0.8891705306810411,3.9645444192384076,0.8798686062881277,0.12013139371187237,0.0,19.710844418062305,0,17.55,副口径网页c4,指数型,4096
54120438.751579,1078711387.0111809,0.8891705306810411,3.9250634959799844,0.8798686062881277,0.12013139371187237,0.0,19.93168222383838,0,17.6,副口径网页c4,指数型,4096
57008811.76323091,1149012048.961671,0.8891705306810411,3.886274380112222,0.8798686062881276,0.12013139371187236,0.0,20.154990315071814,0,17.65,副口径网页c4,指数型,4096
60051328.225749165,1223894418.7969518,0.8891705306810411,3.8481649493890684,0.8798686062881276,0.12013139371187236,0.0,20.38080513716536,0,17.7,副口径网页c4,指数型,4096
63256224.938973874,1303656882.5987585,0.8891705306810411,3.810723293977437,0.8798686062881276,0.12013139371187234,0.0,20.60914769821397,0,17.75,副口径网页c4,指数型,4096
66632161.60863986,1388617613.257454,0.8891705306810411,3.7739377127351608,0.8798686062881276,0.12013139371187236,0.0,20.84005050614175,0,17.8,副口径网页c4,指数型,4096
70188270.03002387,1479115314.5845597,0.8891705306810411,3.737796709554205,0.8798686062881276,0.12013139371187236,0.0,21.07353997971243,0,17.85,副口径网页c4,指数型,4096
73934167.61268207,1575510798.7498224,0.8891705306810411,3.702288989767936,0.8798686062881275,0.12013139371187234,0.0,21.309644101268976,0,17.9,副口径网页c4,指数型,4096
77879979.9829866,1678188500.1340818,0.8891705306810411,3.6674034566213414,0.8798686062881276,0.12013139371187237,0.0,21.548394086653506,0,17.95,副口径网页c4,指数型,4096
82036380.36267999,1787557752.6260486,0.8891705306810411,3.633129207803127,0.8798686062881276,0.12013139371187237,0.0,21.789817453224018,0,18.0,副口径网页c4,指数型,4096
86414596.15840194,1904054904.1171114,0.8891705306810411,3.599455532038547,0.8798686062881276,0.12013139371187237,0.0,22.03395015151018,0,18.05,副口径网页c4,指数型,4096
91026484.43049751,2028144069.6925428,0.8891705306810411,3.566371905741961,0.8798686062881275,0.12013139371187234,0.0,22.28081291265417,0,18.1,副口径网页c4,指数型,4096
95884507.61478801,2160320215.145287,0.8891705306810411,3.533867989728036,0.8798686062881275,0.12013139371187234,0.0,22.53044072379537,0,18.15,副口径网页c4,指数型,4096
101001791.77093531,2301110603.940106,0.8891705306810411,3.5019336259805662,0.8798686062881276,0.12013139371187237,0.0,22.782869131261123,0,18.2,副口径网页c4,指数型,4096
106392177.98215537,2451076535.539189,0.8891705306810411,3.470558834477945,0.8798686062881277,0.12013139371187237,0.0,23.03812725734683,0,18.25,副口径网页c4,指数型,4096
112070248.98005612,2610815817.5016828,0.8891705306810411,3.4397338100742294,0.8798686062881276,0.12013139371187237,0.0,23.296243572781748,0,18.3,副口径网页c4,指数型,4096
118051362.62376447,2780965285.336137,0.8891705306810411,3.4094489194348654,0.8798686062881277,0.12013139371187236,0.0,23.557248502071175,0,18.35,副口径网页c4,指数型,4096
124351674.68838063,2962203791.766196,0.8891705306810411,3.3796946980261198,0.8798686062881277,0.12013139371187236,0.0,23.821181332614437,0,18.4,副口径网页c4,指数型,4096
130988227.8938738,3155253849.385393,0.8891705306810411,3.350461847157242,0.8798686062881275,0.12013139371187237,0.0,24.088071883389162,0,18.45,副口径网页c4,指数型,4096
137978983.65816766,3360884829.196872,0.8891705306810411,3.321741231074484,0.8798686062881275,0.12013139371187237,0.0,24.357947421349373,0,18.5,副口径网页c4,指数型,4096
145342819.4688812,3579917276.708616,0.8891705306810411,3.293523874106012,0.8798686062881276,0.12013139371187236,0.0,24.63085063156559,0,18.55,副口径网页c4,指数型,4096
153099663.79853204,3813224151.046713,0.8891705306810411,3.2658009578568685,0.8798686062881277,0.12013139371187234,0.0,24.90680943665975,0,18.6,副口径网页c4,指数型,4096
161270472.42808467,4061736201.7185316,0.8891705306810411,3.2385638184530694,0.8798686062881276,0.12013139371187238,0.0,25.18586409877221,0,18.65,副口径网页c4,指数型,4096
169877362.79131314,4326443750.314482,0.8891705306810411,3.211803943834,0.8798686062881276,0.12013139371187237,0.0,25.4680416461923,0,18.7,副口径网页c4,指数型,4096
178943593.1313154,4608402657.277207,0.8891705306810411,3.1855129710922583,0.8798686062881277,0.12013139371187237,0.0,25.75338170333593,0,18.75,副口径网页c4,指数型,4096
188493670.49239793,4908737411.578288,0.8891705306810411,3.1596826838601046,0.8798686062881276,0.12013139371187236,0.0,26.04192171946835,0,18.8,副口径网页c4,指数型,4096
198553454.9218671,5228644605.879949,0.8891705306810411,3.1343050097417082,0.8798686062881277,0.12013139371187238,0.0,26.333687358588023,0,18.85,副口径网页c4,指数型,4096
209150100.08414143,5569401086.755314,0.8891705306810411,3.1093720177903914,0.8798686062881275,0.12013139371187237,0.0,26.628727810862795,0,18.9,副口径网页c4,指数型,4096
220312293.1486921,5932364686.97237,0.8891705306810411,3.0848759160300703,0.8798686062881275,0.12013139371187236,0.0,26.927070669490636,0,18.95,副口径网页c4,指数型,4096
232070213.97637185,6318982742.422021,0.8891705306810411,3.060809049020141,0.8798686062881276,0.12013139371187236,0.0,27.228753893704713,0,19.0,副口径网页c4,指数型,4096
244455620.9083566,6730797802.533991,0.8891705306810411,3.0371638954630216,0.8798686062881276,0.12013139371187236,0.0,27.533823020814417,0,19.05,副口径网页c4,指数型,4096
257502048.22158566,7169450723.118496,0.8891705306810411,3.013933065853622,0.8798686062881277,0.12013139371187237,0.0,27.84230561517336,0,19.1,副口径网页c4,指数型,4096
271244722.33097386,7636692000.470491,0.8891705306810411,2.9911093001699998,0.8798686062881277,0.12013139371187238,0.0,28.15425102042048,0,19.15,副口径网页c4,指数型,4096
285720879.7342051,8134382558.154571,0.8891705306810411,2.9686854656044823,0.8798686062881276,0.12013139371187236,0.0,28.469681899767586,0,19.2,副口径网页c4,指数型,4096
300969594.4153496,8664508835.968662,0.8891705306810411,2.946654554334546,0.8798686062881275,0.12013139371187234,0.0,28.78865173340835,0,19.25,副口径网页c4,指数型,4096
317032119.4444029,9229184071.98782,0.8891705306810411,2.9250096813327544,0.8798686062881275,0.12013139371187234,0.0,29.11119569891504,0,19.3,副口径网页c4,指数型,4096
333951890.0084145,9830659779.618103,0.8891705306810411,2.9037440822150726,0.8798686062881276,0.12013139371187236,0.0,29.43735332466722,0,19.35,副口径网页c4,指数型,4096
351774662.52954096,10471334109.89952,0.8891705306810411,2.8828511111268864,0.8798686062881274,0.12013139371187233,0.0,29.767164111827327,0,19.4,副口径网页c4,指数型,4096
370548614.72442704,11153762120.894285,0.8891705306810411,2.862324238666053,0.8798686062881277,0.12013139371187238,0.0,30.100671484601868,0,19.45,副口径网页c4,指数型,4096
390324524.9848684,11880664504.561073,0.8891705306810411,2.842157049842365,0.8798686062881275,0.12013139371187236,0.0,30.437914463667504,0,19.5,副口径网页c4,指数型,4096
411155855.9556821,12654940040.991976,0.8891705306810411,2.822343242072755,0.8798686062881276,0.12013139371187234,0.0,30.778936643324943,0,19.55,副口径网页c4,指数型,4096
433098964.15012366,13479675174.455803,0.8891705306810411,2.8028766232116302,0.8798686062881278,0.12013139371187236,0.0,31.12377606560931,0,19.6,副口径网页c4,指数型,4096
456213109.84226197,14358160736.675993,0.8891705306810411,2.783751109615727,0.8798686062881276,0.12013139371187236,0.0,31.472486052933466,0,19.65,副口径网页c4,指数型,4096
480560904.6768765,15293896099.653889,0.8891705306810411,2.7649607242428678,0.8798686062881275,0.12013139371187236,0.0,31.82509428214375,0,19.7,副口径网页c4,指数型,4096
506208067.6260966,16290616108.83288,0.8891705306810411,2.7464995947840394,0.8798686062881276,0.12013139371187237,0.0,32.18166036987327,0,19.75,副口径网页c4,指数型,4096
533224033.2804021,17352292365.73405,0.8891705306810411,2.728361951828196,0.8798686062881276,0.12013139371187234,0.0,32.542217309640925,0,19.8,副口径网页c4,指数型,4096
561681834.3252003,18483158749.531055,0.8891705306810411,2.7105421270592234,0.8798686062881276,0.12013139371187234,0.0,32.90681239804837,0,19.85,副口径网页c4,指数型,4096
591658367.5390364,19687726205.05103,0.8891705306810411,2.6930345514844936,0.8798686062881277,0.12013139371187236,0.0,33.27549695095299,0,19.9,副口径网页c4,指数型,4096
623234717.3588667,20970796901.685337,0.8891705306810411,2.675833753694462,0.8798686062881275,0.12013139371187233,0.0,33.64831309551403,0,19.95,副口径网页c4,指数型,4096
656496338.6380543,22337484473.85287,0.8891705306810411,2.658934358152763,0.8798686062881276,0.12013139371187237,0.0,34.025299394956996,0,20.0,副口径网页c4,指数型,4096
691533047.9511864,23793242577.514416,0.8891705306810411,2.6423310835162632,0.8798686062881276,0.12013139371187236,0.0,34.40651556423363,0,20.05,副口径网页c4,指数型,4096
744423300.6392921,24205262880.94949,0.8988958166137798,2.625968624802437,0.8587782016886086,0.11725185047055137,0.02396994784083998,32.51545573622241,1,20.1,副口径网页c4,指数型,4096
814624463.4543887,23754198041.790577,0.9179723390203055,2.6095402551260403,0.8219569486806526,0.11222452205986509,0.06581852925948249,29.159691498904497,1,20.15,副口径网页c4,指数型,4096
884655434.7852076,23665263092.297997,0.9354764683308686,2.5930623949932388,0.7925683715397843,0.10821200166089856,0.09921962679931694,26.750825419440133,1,20.2,副口径网页c4,指数型,4096
955724448.7643805,23818950878.589455,0.9519207908410692,2.5765921817712383,0.7680802095578724,0.10486855127830154,0.127051239163826,24.92240405629893,1,20.25,副口径网页c4,指数型,4096
1028554981.7050717,24154724791.257374,0.9675823802242045,2.5601699327276726,0.7471036463538951,0.10200455118218514,0.15089180246391976,23.484135725263066,1,20.3,副口径网页c4,指数型,4096
1103698563.9326143,24636207381.350216,0.9826551880515829,2.543825582191122,0.7287449849586216,0.09949798194635047,0.17175703309502785,22.32149989718965,1,20.35,副口径网页c4,指数型,4096
1181564136.0385315,25242601319.92409,0.9972569706343558,2.527582085400036,0.7124307543319175,0.09727054565811778,0.19029870000996474,21.363716577041497,1,20.4,副口径网页c4,指数型,4096
1238697034.175987,27083077803.67072,1.0,2.5115350975182897,0.7141909875968513,0.09751087617322343,0.18829813622992533,21.864166181431987,2,20.45,副口径网页c4,指数型,4096
1292859851.7453268,29346154068.315163,1.0,2.495841385621917,0.719869697894345,0.09828620941917458,0.18184409268648033,22.698635144945236,2,20.5,副口径网页c4,指数型,4096
1349745749.2531602,31782781249.458694,1.0,2.4804953406979973,0.7254293416079532,0.09904528610753922,0.17552537228450743,23.547235667935762,2,20.55,副口径网页c4,指数型,4096
1409501597.740911,34405045680.436806,1.0,2.46548721455465,0.7308680241479043,0.09978784756366052,0.16934412828843518,24.409369762744323,2,20.6,副口径网页c4,指数型,4096
1472282320.5878408,37225804351.45232,1.0,2.4508075845877046,0.7361841076685336,0.10051367016701046,0.16330222216445583,25.284419863568765,2,20.65,副口径网页c4,指数型,4096
1538251164.945538,40258736124.86453,1.0,2.4364473432508222,0.7413761994108959,0.10122256375956766,0.15740123682953627,26.171757280151255,2,20.7,副口径网页c4,指数型,4096
1607580211.609795,43518392042.932594,1.0,2.422397687794704,0.7464431592212948,0.10191437267234746,0.15164246810635765,27.070743797819112,2,20.75,副口径网页c4,指数型,4096
1680451187.8782947,47020242087.60363,1.0,2.408650110267777,0.7513841215577017,0.10258897873001155,0.14602689971228658,27.980724716539065,2,20.8,副口径网页c4,指数型,4096
1757055276.0488634,50780749267.619606,1.0,2.3951963877714584,0.7561984439246646,0.1032462942105142,0.14055526186482123,28.901053916648323,2,20.85,副口径网页c4,指数型,4096
1837593817.1789782,54817429117.20817,1.0,2.382028572963755,0.760885722671515,0.1038862640020842,0.13522801332640066,29.83109140047191,2,20.9,副口径网页c4,指数型,4096
1922279711.1918943,59148894527.85368,1.0,2.369138984805546,0.7654458359061614,0.10450887146238792,0.13004529263145045,30.770180938537234,2,20.95,副口径网页c4,指数型,4096
2011336807.4169643,63794956669.50672,1.0,2.3565201995444762,0.7698788668616953,0.10511412795551682,0.12500700518278776,31.71768966503161,2,21.0,副口径网页c4,指数型,4096
2105001121.5432792,68776686063.87794,1.0,2.3441650419319062,0.7741851343642708,0.10570207701186846,0.12011278862386063,32.67299259843358,2,21.05,副口径网页c4,指数型,4096
2203521056.880672,74116505785.56299,1.0,2.332066576668847,0.7783651658670682,0.10627279064638372,0.11536204348654813,33.635487872524855,2,21.1,副口径网页c4,指数型,4096
2307159029.04907,79838250528.59293,1.0,2.3202181000772297,0.7824197293943908,0.10682637371998084,0.11075389688562834,34.604571910025406,2,21.15,副口径网页c4,指数型,4096
2416190789.802593,85967299991.71492,1.0,2.3086131319932073,0.786349765847486,0.10736295469704342,0.10628727945547069,35.57968201622794,2,21.2,副口径网页c4,指数型,4096
2530907696.075906,92530631525.10146,1.0,2.2972454078795534,0.7901564381646322,0.10788269235741112,0.1019608694779567,36.56025530625528,2,21.25,副口径网页c4,指数型,4096
2651615627.3026705,99556984846.4946,1.0,2.2861088711544237,0.7938410549197906,0.10838576536504874,0.09777317971516067,37.54578296393884,2,21.3,副口径网页c4,指数型,4096
2778638087.0037446,107076900806.63219,1.0,2.275197665734009,0.7974051337449686,0.10887238092731306,0.09372248532771837,38.535749332542665,2,21.35,副口径网页c4,指数型,4096
2912314432.538152,115122930231.92226,1.0,2.2645061287867265,0.800850310009485,0.10934276232662836,0.08980692766388639,39.529704947274475,2,21.4,副口径网页c4,指数型,4096
3053004019.477483,123729650096.33691,1.0,2.254028783696746,0.8041784135483365,0.1097971593964662,0.08602442705519728,40.5271821808846,2,21.45,副口径网页c4,指数型,4096
3201083611.6196265,132933926152.61253,1.0,2.2437603332346727,0.807391364386498,0.11023583428423651,0.08237280132926546,41.527789424204705,2,21.5,副口径网页c4,指数型,4096
3356951164.7322626,142774959631.62433,1.0,2.2336956529332497,0.8104912298805007,0.1106590692530177,0.07884970086648159,42.531139902063934,2,21.55,副口径网页c4,指数型,4096
3521025743.7958946,153294483664.10013,1.0,2.223829784665928,0.8134801831568553,0.11106716100701598,0.07545265583612858,43.53688237985977,2,21.6,副口径网页c4,指数型,4096
3693748143.3729706,164536950652.28558,1.0,2.2141579304260834,0.8163604842454988,0.1114604181156521,0.07217909763884894,44.544712921882535,2,21.65,副口径网页c4,指数型,4096
3875583071.710321,176549670079.9906,1.0,2.204675446304592,0.819134487196749,0.11183916198526281,0.0690263508179881,45.55435061338475,2,21.7,副口径网页c4,指数型,4096
4067020480.5653687,189382991392.92773,1.0,2.195377836663359,0.8218046266527423,0.11220372502565441,0.06599164832160326,46.565536686601845,2,21.75,副口径网页c4,指数型,4096
4268575415.273177,203090567645.7384,1.0,2.1862607485022614,0.8243733859765081,0.11255444629865925,0.06307216772483239,47.5780671272833,2,21.8,副口径网页c4,指数型,4096
4480792650.91167,217729426513.74753,1.0,2.17731996601683,0.826843328172689,0.11289167573984449,0.060264996087466514,48.59172103610908,2,21.85,副口径网页c4,指数型,4096
4704242309.694124,233360459227.35663,1.0,2.168551405343831,0.8292170146171646,0.11321576306239688,0.057567222320438406,49.60638586717061,2,21.9,副口径网页c4,指数型,4096
4939528379.701887,250048349079.45135,1.0,2.1599511094917423,0.831497077015278,0.1135270675818193,0.0549758554029028,50.62190757056494,2,21.95,副口径网页c4,指数型,4096
5187284785.870769,267862083304.6471,1.0,2.151515243452954,0.8336861456627065,0.11382594842114821,0.05248790591614529,51.63820656892702,2,22.0,副口径网页c4,指数型,4096
5448180491.904651,286875070723.89233,1.0,2.1432400894943453,0.8357868756645491,0.11411276809073313,0.05010035624471768,52.6552068438545,2,22.05,副口径网页c4,指数型,4096
5722919478.954111,307165521689.962,1.0,2.135122042622739,0.8378019210068932,0.11438788894814116,0.047810190044965666,53.67287148099065,2,22.1,副口径网页c4,指数型,4096
6012244189.292914,328816683231.2924,1.0,2.127157606221562,0.8397339386661995,0.1146516737592251,0.045614387574575414,54.691172360709416,2,22.15,副口径网页c4,指数型,4096
6316934395.378933,351917333616.066,1.0,2.1193433878548946,0.8415855603230817,0.11490448183611143,0.04350995784080661,55.71014539481466,2,22.2,副口径网页c4,指数型,4096
6637813997.162027,376561893764.0267,1.0,2.111676095234973,0.84335941644963,0.1151466723259228,0.04149391122444739,56.72980501186449,2,22.25,副口径网页c4,指数型,4096
6975750301.717492,402850954285.1673,1.0,2.1041525323490378,0.8450581093481221,0.1153786005296636,0.03956329012221435,57.75019701980757,2,22.3,副口径网页c4,指数型,4096
7331655442.757089,430891732001.15497,1.0,2.096769595741376,0.8466842049436027,0.11560061678163323,0.03771517827476387,58.77141054505379,2,22.35,副口径网页c4,指数型,4096
7706490465.529135,460798412199.5365,1.0,2.0895242709462454,0.8482402370426977,0.11581306703089635,0.03594669592640587,59.793548601749634,2,22.4,副口径网页c4,指数型,4096
8101268890.750122,492692546487.81964,1.0,2.0824136290673443,0.8497287054833603,0.11601629258866147,0.034255001927978146,60.81671317568126,2,22.45,副口径网页c4,指数型,4096
8517058487.274096,526703589451.58575,1.0,2.075434823499394,0.8511520667500461,0.11621062884693963,0.032637304403014364,61.84102061041012,2,22.5,副口径网页c4,指数型,4096
8954981290.183943,562969588979.426,1.0,2.068585086787376,0.8525127217678691,0.11639640361203973,0.031090874620090983,62.86664044697989,2,22.55,副口径网页c4,指数型,4096
9416220797.830647,601637493398.8892,1.0,2.061861727618928,0.8538130278167431,0.11657393873124598,0.02961303345201097,63.8937325617404,2,22.6,副口径网页c4,指数型,4096
9902026074.106255,642863672740.5315,1.0,2.0552621279454026,0.855055295707541,0.1167435497072696,0.028201154585189406,64.9224378858804,2,22.65,副口径网页c4,指数型,4096
10413706684.443497,686815071531.7504,1.0,2.048783740227075,0.8562417661307579,0.11690554246905281,0.02685269140018928,65.95298795555172,2,22.7,副口径网页c4,指数型,4096
10952647578.043983,733669167233.0034,1.0,2.0424240847980473,0.8573746371771728,0.11706021712925666,0.02556514569357041,66.98555413247655,2,22.75,副口径网页c4,指数型,4096
11520306143.812214,783615093427.5579,1.0,2.036180747346371,0.8584560450089997,0.11720786534522877,0.024336089645771518,68.02033588738031,2,22.8,副口径网页c4,指数型,4096
12118218159.101677,836854266481.1292,1.0,2.030051376505008,0.8594880675007114,0.11734877081609714,0.023163161683191477,69.05753432509299,2,22.85,副口径网页c4,指数型,4096
12747997067.493185,893601519892.5858,1.0,2.0240336815492874,0.8604727157195144,0.11748320811957105,0.022044076160914427,70.09740551095899,2,22.9,副口径网页c4,指数型,4096
13411347782.33441,954085326739.8932,1.0,2.018125430196572,0.8614119492131669,0.11761144479923771,0.0209766059875954,71.14015252043691,2,22.95,副口径网页c4,指数型,4096
14110059605.452328,1018549509888.2137,1.0,2.012324446503957,0.8623076577376171,0.11773373886977599,0.019958603392606772,72.18605295576722,2,23.0,副口径网页c4,指数型,4096
14846025940.658367,1087253181128.6309,1.0,2.006628608859883,0.863161681657416,0.11785034160229255,0.018987976740291325,73.23530118258807,2,23.05,副口径网页c4,指数型,4096
15621238228.493063,1160472544895.3801,1.0,2.0010358480656545,0.8639757961006285,0.11796149536093914,0.018062708538432365,74.28812799094786,2,23.1,副口径网页c4,指数型,4096
16437787248.737822,1238502317715.4521,1.0,1.9955441455029526,0.8647517094257099,0.11806743339359026,0.017180857180699845,75.3448319396244,2,23.15,副口径网页c4,指数型,4096
17297881814.261856,1321655961129.647,1.0,1.9901515313835445,0.8654910775116954,0.11816838178293015,0.016340540705374457,76.40565332340059,2,23.2,副口径网页c4,指数型,4096
18203853139.842197,1410267020252.6013,1.0,1.984856083077492,0.8661955004274375,0.1182645589916928,0.015539940580869688,77.47079749649235,2,23.25,副口径网页c4,指数型,4096
19158142061.759777,1504691905882.5862,1.0,1.979655923516281,0.8668665090042027,0.11835617402937382,0.014777316966423353,78.54059652715469,2,23.3,副口径网页c4,指数型,4096
20163332726.30031,1605309269594.3613,1.0,1.974549219667421,0.8675055871981809,0.11844342950545832,0.014050983296360871,79.61527448785563,2,23.35,副口径网页c4,指数型,4096
21222147797.711517,1712522381982.7761,1.0,1.9695341810771625,0.8681141625217373,0.11852652032296788,0.013359317155294889,80.69505491651724,2,23.4,副口径网页c4,指数型,4096
22337444503.301334,1826761650537.0955,1.0,1.9646090584781186,0.8686936016460588,0.11860563307807524,0.012700765275865961,81.78024349504759,2,23.45,副口径网页c4,指数型,4096
23512238754.658344,1948485052410.8267,1.0,1.9597721424586976,0.8692452216810137,0.11868094760018107,0.01207383071880527,82.87109844122286,2,23.5,副口径网页c4,指数型,4096
24749705608.52248,2078180566425.3728,1.0,1.9550217621913533,0.8697702868228723,0.11875263649421616,0.011477076682911591,83.96789033764338,2,23.55,副口径网页c4,指数型,4096
26053196564.57888,2216367396159.565,1.0,1.950356284216807,0.8702700132407082,0.11882086580779803,0.010909120951493684,85.07084306011299,2,23.6,副口径网页c4,指数型,4096
27426230290.741257,2363599565570.249,1.0,1.9457741112814908,0.870745563161641,0.11888579422366939,0.01036864261468955,86.18025665627732,2,23.65,副口径网页c4,指数型,4096
28872524606.503254,2520466251005.5386,1.0,1.941273681225595,0.8711980549704721,0.11894757443863514,0.00985437059089274,87.29635822832854,2,23.7,副口径网页c4,指数型,4096
30395986456.23833,2687595826671.8735,1.0,1.936853465919206,0.8716285574748608,0.11900635238056768,0.009365090144571564,88.41943098445762,2,23.75,副口径网页c4,指数型,4096
32000735087.17186,2865657302718.5713,1.0,1.932511970244136,0.8720380957333799,0.1190622680041308,0.008899636262489378,89.54973362056698,2,23.8,副口径网页c4,指数型,4096
33691113963.082108,3055362902705.4814,1.0,1.9282477311191597,0.8724276521528206,0.11911545544059844,0.008456892406581066,90.6875001537044,2,23.85,副口径网页c4,指数型,4096
35471690993.38987,3257471927693.5576,1.0,1.9240593165664723,0.8727981651985167,0.11916604282177083,0.008035791979712511,91.83300362817735,2,23.9,副口径网页c4,指数型,4096
37347276917.64142,3472793269087.666,1.0,1.9199453248172915,0.8731505326878555,0.11921415272964855,0.0076353145824959645,92.98651884971169,2,23.95,副口径网页c4,指数型,4096
39322949958.81166,3702187552254.9126,1.0,1.9159043834546303,0.8734856151327322,0.11925990265278905,0.0072544822144788,94.14826599054047,2,24.0,副口径网页c4,指数型,4096
41404047297.42621,3946572613461.3745,1.0,1.9119351485913447,0.8738042330264845,0.11930340461588268,0.006892362357632837,95.31852248914575,2,24.05,副口径网页c4,指数型,4096
43596194778.2403,4206925765057.2637,1.0,1.9080363040816872,0.8741071711769693,0.11934476577136222,0.006548063051668448,96.49754494529924,2,24.1,副口径网页c4,指数型,4096
45905327010.509445,4484287196864.978,1.0,1.9042065607646517,0.8743951803536882,0.11938408862429024,0.0062207310220213086,97.68555174083296,2,24.15,副口径网页c4,指数型,4096
48337689113.87407,4779765479359.197,1.0,1.900444655737503,0.8746689766004327,0.11942147093851245,0.005909552461054655,98.88278829587844,2,24.2,副口径网页c4,指数型,4096
50899846363.63487,5094542740523.063,1.0,1.896749351657966,0.8749292422384382,0.11945700587362144,0.005613751887940273,100.08955045025112,2,24.25,副口径网页c4,指数型,4096
53598734533.89521,5429876175190.115,1.0,1.8931194360736205,0.8751766306090218,0.11949078263248511,0.005332586758493272,101.30605176426927,2,24.3,副口径网页c4,指数型,4096
56441649145.52907,5787105948756.695,1.0,1.8895537207771238,0.8754117640661861,0.11952288618716995,0.005065349746644019,102.53254531658403,2,24.35,副口径网页c4,指数型,4096
59436277369.44642,6167659345687.122,1.0,1.8860510411859712,0.8756352365107823,0.11955339762493881,0.004811365864278761,103.76927389563676,2,24.4,副口径网页c4,指数型,4096
62590712756.8473,6573057080472.111,1.0,1.8826102557455495,0.875847614093264,0.11958239424420032,0.004569991662535715,105.01649191961043,2,24.45,副口径网页c4,指数型,4096
65913498903.3083,7004917081377.091,1.0,1.8792302453543281,0.8760494377394987,0.11960994989936624,0.004340612361135119,106.27439292295715,2,24.5,副口径网页c4,指数型,4096
69413605377.81186,7464965881376.628,1.0,1.875909912810079,0.8762412212819711,0.11963613474569847,0.0041226439723304415,107.54326678099353,2,24.55,副口径网页c4,指数型,4096
73100514934.90424,7955038864665.843,1.0,1.872648182276084,0.8764234563156708,0.11966101590229959,0.003915527782029548,108.82329449730659,2,24.6,副口径网页c4,指数型,4096
76984165996.22638,8477096492245.326,1.0,1.869443998766342,0.8765966088646773,0.1196846569969906,0.0037187341383321053,110.11480585060644,2,24.65,副口径网页c4,指数型,4096
81075082030.68608,9033221058610.734,1.0,1.8662963276488473,0.8767611254114777,0.11970711898951376,0.0035317555990084545,111.41797001440904,2,24.7,副口径网页c4,指数型,4096
85384327766.24637,9625632765677.762,1.0,1.8632041541660542,0.876917430257095,0.11972845981110204,0.003354109931802616,112.7330157359734,2,24.75,副口径网页c4,指数型,4096
89923542323.7872,10256698337158.912,1.0,1.8601664829716955,0.8770659269688036,0.11974873456214068,0.003185338469055538,114.06021239941455,2,24.8,副口径网页c4,指数型,4096
94705015233.20444,10928935437134.28,1.0,1.8571823376831729,0.8772070007792225,0.11976799583972318,0.0030250033810541688,115.39975375351078,2,24.85,副口径网页c4,指数型,4096
99741646766.36269,11645031004597.271,1.0,1.854250760448769,0.8773410171781582,0.11978629354539119,0.0028726892764507476,116.75194246466455,2,24.9,副口径网页c4,指数型,4096
105047086315.27637,12407840075828.498,1.0,1.8513708115289877,0.8774683256957926,0.11980367540166557,0.0027279989025416314,118.11693699517775,2,24.95,副口径网页c4,指数型,4096
110635667736.28792,13220408870549.084,1.0,1.848541568891353,0.8775892578839651,0.11982018667642402,0.0025905554396108677,119.49499778011337,2,25.0,副口径网页c4,指数型,4096
116522499319.18427,14085981055248.4,1.0,1.845762127818042,0.8777041295321674,0.11983587048545861,0.002459999982373909,120.88636218369618,2,25.05,副口径网页c4,指数型,4096
122723487882.07509,15008012660537.164,1.0,1.8430316005257668,0.8778132410185684,0.11985076784040184,0.002335991141029749,122.29128196680942,2,25.1,副口径网页c4,指数型,4096
129255435375.5165,15990179302444.336,1.0,1.840349115797336,0.8779168788842379,0.11986491786366128,0.0022182032521007953,123.7099179310272,2,25.15,副口径网页c4,指数型,4096
136135985796.60054,17036402819218.059,1.0,1.837713818624378,0.8780153148190615,0.11987835764996253,0.0021063275309759575,125.14253831952988,2,25.200000000000003,副口径网页c4,指数型,4096
143383738690.5148,18150858975257.24,1.0,1.8351248698607248,0.878108807521886,0.11989112252032151,0.0020000699577922536,126.58938273631418,2,25.25,副口径网页c4,指数型,4096
151018291543.88254,19337995028157.25,1.0,1.8325814458859824,0.8781976031302773,0.11990324608072053,0.001899150789002099,128.05068068551194,2,25.3,副口径网页c4,指数型,4096
159060267773.67477,20602550658118.52,1.0,1.8300827382788492,0.8782819355330755,0.11991476026478261,0.0018033042021416903,129.5266941674817,2,25.35,副口径网页c4,指数型,4096
167531480467.3226,21949562891591.883,1.0,1.8276279534997584,0.8783620280067543,0.11992569555718886,0.001712276436056628,131.0175426753493,2,25.4,副口径网页c4,指数型,4096
176454750744.32196,23384417369975.22,1.0,1.8252163125824434,0.8784380914063162,0.11993608074667572,0.0016258278470079178,132.52359186326805,2,25.450000000000003,副口径网页c4,指数型,4096
185854266251.49075,24912831246494.05,1.0,1.8228470508340655,0.8785103275183922,0.11994594338384448,0.0015437290977632354,134.04497916008546,2,25.5,副口径网页c4,指数型,4096
195755426942.13513,26540904625617.69,1.0,1.8205194175435266,0.8785789275271172,0.11995530957170239,0.0014657629011804916,135.58196081819548,2,25.55,副口径网页c4,指数型,4096
206184960825.67502,28275139018202.008,1.0,1.818232675697654,0.8786440730574673,0.11996420410811287,0.0013917228344197184,137.13482741405195,2,25.6,副口径网页c4,指数型,4096
217171184920.8336,30122437348446.97,1.0,1.815986101704923,0.878705937708357,0.11997265069511436,0.0013214115965284922,138.70365610164922,2,25.65,副口径网页c4,指数型,4096
228743701073.55502,32090183578094.168,1.0,1.8137789851264254,0.8787646852044952,0.1199806716865871,0.001254643108917481,140.2888185663098,2,25.700000000000003,副口径网页c4,指数型,4096
240933835958.90027,34186222871677.215,1.0,1.8116106284137992,0.8788204719577782,0.11998828843796865,0.0011912396042530356,141.8905017455036,2,25.75,副口径网页c4,指数型,4096
253774506592.31284,36418923189443.17,1.0,1.809480346653841,0.8788734462522191,0.11999552119496965,0.001131032552811198,143.50899023892083,2,25.8,副口径网页c4,指数型,4096
267300478133.20724,38797184821006.336,1.0,1.8073874673195647,0.8789237493856087,0.12000238924944845,0.001073861364942801,145.1444647310808,2,25.85,副口径网页c4,指数型,4096
281548343857.08167,41330491873970.586,1.0,1.805331330027443,0.8789715154935295,0.12000891091538324,0.0010195735910871987,146.79714079565173,2,25.9,副口径网页c4,指数型,4096
296556605201.2791,44028953099765.914,1.0,1.8033112863006167,0.8790168718929362,0.1200151035757822,0.0009680245312816648,148.46728188664875,2,25.950000000000003,副口径网页c4,指数型,4096
312365879077.1462,46903327082307.414,1.0,1.8013266993378538,0.8790599397424723,0.1200209837728389,0.0009190764846887274,150.15509126950298,2,26.0,副口径网页c4,指数型,4096
27551362.000401575,475176035.30903065,0.8891705306810411,4.496276140973358,0.7855048177628823,0.21449518223711772,0.0,17.246916334012987,0,17.0,副口径网页c4,指数型,8192
29021757.142931983,506143774.09587806,0.8891705306810411,4.447477909390222,0.7855048177628822,0.21449518223711775,0.0,17.4401491819783,0,17.05,副口径网页c4,指数型,8192
30570628.531888016,539129672.0951918,0.8891705306810411,4.399534748420285,0.7855048177628824,0.21449518223711775,0.0,17.63554424577268,0,17.1,副口径网页c4,指数型,8192
32202161.73314954,574265301.2794088,0.8891705306810411,4.352431675025642,0.7855048177628823,0.21449518223711775,0.0,17.833128907251243,0,17.15,副口径网页c4,指数型,8192
33920766.55256639,611690794.3833046,0.8891705306810411,4.306153968709769,0.7855048177628823,0.21449518223711772,0.0,18.03292957532014,0,17.2,副口径网页c4,指数型,8192
35731093.518598035,651555319.8257847,0.8891705306810411,4.260687166917138,0.7855048177628823,0.21449518223711772,0.0,18.234967241812797,0,17.25,副口径网页c4,指数型,8192
37638036.78995024,694017849.4853828,0.8891705306810411,4.21601706051341,0.7855048177628823,0.21449518223711772,0.0,18.439268056369322,0,17.3,副口径网页c4,指数型,8192
39646750.22036759,739247744.2239558,0.8891705306810411,4.172129689344857,0.7855048177628823,0.21449518223711775,0.0,18.645859751808473,0,17.35,副口径网页c4,指数型,8192
41762670.03925501,787425265.9010866,0.8891705306810411,4.129011337875571,0.7855048177628823,0.21449518223711772,0.0,18.85476348042265,0,17.4,副口径网页c4,指数型,8192
43991512.466891766,838742614.4513128,0.8891705306810411,4.0866485309011304,0.7855048177628823,0.2144951822371177,0.0,19.06600995095485,0,17.45,副口径网页c4,指数型,8192
46339307.63430244,893404348.6252695,0.8891705306810411,4.0450280293373835,0.7855048177628823,0.21449518223711775,0.0,19.279622295520262,0,17.5,副口径网页c4,指数型,8192
48812401.28725339,951628477.2579266,0.8891705306810411,4.004136826083004,0.7855048177628823,0.21449518223711772,0.0,19.49562922868189,0,17.55,副口径网页c4,指数型,8192
51417483.41211919,1013647108.9326499,0.8891705306810411,3.9639621419545588,0.7855048177628823,0.21449518223711772,0.0,19.7140552525317,0,17.6,副口径网页c4,指数型,8192
54161596.92173058,1079707559.0824354,0.8891705306810411,3.924491421692805,0.7855048177628824,0.21449518223711775,0.0,19.93492844464558,0,17.65,副口径网页c4,指数型,8192
57052163.43355969,1150073204.7141976,0.8891705306810411,3.8857123300389436,0.7855048177628822,0.21449518223711772,0.0,20.158275085457884,0,17.7,副口径网页c4,指数型,8192
60096994.641339734,1225024708.8072345,0.8891705306810411,3.847612747879667,0.7855048177628824,0.21449518223711772,0.0,20.384125963672734,0,17.75,副口径网页c4,指数型,8192
63304325.2486546,1304860902.5931726,0.8891705306810411,3.8101807684597233,0.7855048177628824,0.21449518223711775,0.0,20.612507873163132,0,17.8,副口径网页c4,指数型,8192
66682835.18559795,1389899971.5116324,0.8891705306810411,3.7734046936608605,0.7855048177628824,0.21449518223711778,0.0,20.843444458279734,0,17.85,副口径网页c4,指数型,8192
70241649.05028783,1480481223.7402189,0.8891705306810411,3.7372730303459614,0.7855048177628822,0.21449518223711772,0.0,21.07697133762198,0,17.9,副口径网页c4,指数型,8192
73990389.66236578,1576965848.6153185,0.8891705306810411,3.701774486767252,0.7855048177628822,0.21449518223711772,0.0,21.313117227944822,0,17.95,副口径网页c4,指数型,8192
77939208.73752317,1679738244.04658,0.8891705306810411,3.6668979690374477,0.7855048177628822,0.2144951822371177,0.0,21.55190271052732,0,18.0,副口径网页c4,指数型,8192
82098766.692583,1789208569.505181,0.8891705306810411,3.6326325776627155,0.7855048177628823,0.21449518223711775,0.0,21.79336720373441,0,18.05,副口径网页c4,指数型,8192
86480315.34099624,1905813232.8904202,0.8891705306810411,3.598967604136412,0.7855048177628824,0.21449518223711775,0.0,22.03753796890891,0,18.1,副口径网页c4,指数型,8192
91095708.37094033,2030017049.1274793,0.8891705306810411,3.565892527592492,0.7855048177628823,0.21449518223711772,0.0,22.284442213910683,0,18.15,副口径网页c4,指数型,8192
95957418.28151006,2162315432.222093,0.8891705306810411,3.5333970115175557,0.7855048177628824,0.21449518223711775,0.0,22.53411430764543,0,18.2,副口径网页c4,指数型,8192
101078594.70130987,2303235826.935519,0.8891705306810411,3.5014709005205282,0.7855048177628824,0.21449518223711775,0.0,22.786583388319226,0,18.25,副口径网页c4,指数型,8192
106473082.30875638,2453340204.434445,0.8891705306810411,3.4701042171589203,0.7855048177628824,0.21449518223711775,0.0,23.04188205353271,0,18.3,副口径网页c4,指数型,8192
112155479.96195108,2613226805.873454,0.8891705306810411,3.4392871588207186,0.7855048177628823,0.21449518223711772,0.0,23.300036759327277,0,18.35,副口径网页c4,指数型,8192
118141132.85672048,2783533623.321697,0.8891705306810411,3.4090100946609,0.7855048177628823,0.21449518223711772,0.0,23.56108796330503,0,18.4,副口径网页c4,指数型,8192
124446243.6645107,2964939325.9003353,0.8891705306810411,3.37926356259163,0.7855048177628823,0.21449518223711778,0.0,23.825060834245736,0,18.45,副口径网页c4,指数型,8192
131087842.5883333,3158167693.916605,0.8891705306810411,3.3500382663252113,0.7855048177628823,0.21449518223711772,0.0,24.091995348756157,0,18.5,副口径网页c4,指数型,8192
138083918.03439417,3363988491.1667724,0.8891705306810411,3.3213250724688343,0.7855048177628824,0.2144951822371177,0.0,24.36191367577551,0,18.55,副口径网页c4,指数型,8192
145453347.61995086,3583223367.6372433,0.8891705306810411,3.2931150076702336,0.7855048177628822,0.2144951822371177,0.0,24.634863523386908,0,18.6,副口径网页c4,指数型,8192
153216083.6380416,3816745880.70785,0.8891705306810411,3.2653992558133784,0.7855048177628823,0.21449518223711775,0.0,24.910869603771815,0,18.65,副口径网页c4,指数型,8192
161393109.938906,4065487334.666879,0.8891705306810411,3.238169155263272,0.7855048177628822,0.21449518223711772,0.0,25.189968371052736,0,18.7,副口径网页c4,指数型,8192
170006549.1217433,4330439253.135887,0.8891705306810411,3.211416196159064,0.7855048177628823,0.21449518223711775,0.0,25.472190780337638,0,18.75,副口径网页c4,指数型,8192
179079670.8602695,4612658633.176968,0.8891705306810411,3.1851320177545634,0.7855048177628823,0.21449518223711775,0.0,25.757578238883895,0,18.8,副口径网页c4,指数型,8192
188637025.48015022,4913270366.136589,0.8891705306810411,3.159308405805376,0.7855048177628824,0.21449518223711772,0.0,26.04616115860881,0,18.85,副口径网页c4,指数型,8192
198704458.10860446,5233473045.011564,0.8891705306810411,3.1339372900018097,0.7855048177628823,0.21449518223711772,0.0,26.337974974628615,0,18.9,副口径网页c4,指数型,8192
209309160.33390227,5574544250.101402,0.8891705306810411,3.109010741446763,0.7855048177628823,0.21449518223711772,0.0,26.633063938570878,0,18.95,副口径网页c4,指数型,8192
220479840.63123813,5937843081.359627,0.8891705306810411,3.0845209701778273,0.7855048177628824,0.21449518223711775,0.0,26.93145579368828,0,19.0,副口径网页c4,指数型,8192
232246693.40246862,6324818440.261792,0.8891705306810411,3.060460322732782,0.7855048177628822,0.21449518223711775,0.0,27.23319048207626,0,19.05,副口径网页c4,指数型,8192
244641525.79187083,6737013629.551343,0.8891705306810411,3.036821279757761,0.7855048177628823,0.21449518223711775,0.0,27.538307765799612,0,19.1,副口径网页c4,指数型,8192
257697844.6999596,7176072477.853467,0.8891705306810411,3.0135964536573363,0.7855048177628822,0.21449518223711775,0.0,27.846847094156516,0,19.15,副口径网页c4,指数型,8192
271451014.93109846,7643743989.646389,0.8891705306810411,2.990778586285758,0.7855048177628823,0.21449518223711775,0.0,28.158833709229548,0,19.2,副口径网页c4,指数型,8192
285938169.0251651,8141894502.788906,0.8891705306810411,2.968360546678676,0.7855048177628823,0.21449518223711772,0.0,28.474318523290073,0,19.25,副口径网页c4,指数型,8192
301198454.5834081,8672511081.752382,0.8891705306810411,2.946335328824589,0.7855048177628823,0.21449518223711778,0.0,28.79334521734999,0,19.3,副口径网页c4,指数型,8192
317273199.78488356,9237707655.764555,0.8891705306810411,2.9246960494753473,0.7855048177628824,0.21449518223711775,0.0,29.115940653127566,0,19.35,副口径网页c4,指数型,8192
334205828.0581452,9839739106.727482,0.8891705306810411,2.903435945995029,0.7855048177628824,0.21449518223711778,0.0,29.442152950772485,0,19.4,副口径网页c4,指数型,8192
352042190.1897853,10481004041.09431,0.8891705306810411,2.8825483742464915,0.7855048177628823,0.21449518223711772,0.0,29.7720112337786,0,19.45,副口径网页c4,指数型,8192
370830396.5837668,11164062960.900824,0.8891705306810411,2.8620268065149794,0.7855048177628823,0.21449518223711778,0.0,30.105576737366984,0,19.5,副口径网页c4,指数型,8192
390621368.8211579,11891635946.204224,0.8891705306810411,2.8418648294681033,0.7855048177628822,0.2144951822371177,0.0,30.442871013666156,0,19.55,副口径网页c4,指数型,8192
411468542.7932274,12666626482.666067,0.8891705306810411,2.822056142151561,0.7855048177628822,0.21449518223711772,0.0,30.783948626253416,0,19.6,副口径网页c4,指数型,8192
433428345.9664754,13492123012.390991,0.8891705306810411,2.802594554019989,0.7855048177628824,0.21449518223711775,0.0,31.12884318238515,0,19.65,副口径网页c4,指数型,8192
456560061.1479096,14371420108.658049,0.8891705306810411,2.783473983002305,0.7855048177628822,0.2144951822371177,0.0,31.477611231531284,0,19.7,副口径网页c4,指数型,8192
480926365.9825298,15308019806.79335,0.8891705306810411,2.764688453600976,0.7855048177628823,0.21449518223711772,0.0,31.830277750564065,0,19.75,副口径网页c4,指数型,8192
506593040.4932685,16305660042.542336,0.8891705306810411,2.746232095024558,0.7855048177628824,0.21449518223711775,0.0,32.18690100176969,0,19.8,副口径网页c4,指数型,8192
533629564.26550037,17368316324.892475,0.8891705306810411,2.7280991393529863,0.7855048177628823,0.21449518223711775,0.0,32.54751514526489,0,19.85,副口径网页c4,指数型,8192
562108938.3085126,18500229307.228268,0.8891705306810411,2.7102839197350006,0.7855048177628821,0.21449518223711772,0.0,32.91217777624886,0,19.9,副口径网页c4,指数型,8192
592108284.9309427,19705908630.69905,0.8891705306810411,2.6927808686171586,0.7855048177628825,0.21449518223711772,0.0,33.280920284703235,0,19.95,副口径网页c4,指数型,8192
623708690.7190257,20990162807.611736,0.8891705306810411,2.6755845160038865,0.7855048177628824,0.21449518223711772,0.0,33.65379241936455,0,20.0,副口径网页c4,指数型,8192
667005464.9080223,21652592226.711548,0.8960211772533192,2.658663852995538,0.7723080109387254,0.21089157418700127,0.016800414874273195,32.46239103857622,1,20.05,副口径网页c4,指数型,8192
729761692.4612317,21258382873.189186,0.915000723874191,2.6417158450670737,0.7393712122667263,0.2018976323629674,0.05873115537030631,29.130582069184907,1,20.1,副口径网页c4,指数型,8192
792379555.3650262,21185855517.424564,0.9324286579245972,2.6247186120330195,0.7130672953294694,0.1947149094446338,0.09221779522589678,26.737004222256665,1,20.15,副口径网页c4,指数型,8192
855899315.6160604,21331061626.792755,0.9487898583328085,2.6077308990377963,0.6911724197408556,0.18873614875056968,0.12009143150857471,24.922395937936994,1,20.2,副口径网页c4,指数型,8192
921000969.8934894,21638232009.106693,0.9643821792976196,2.590794174080449,0.6724083702931051,0.18361231231470393,0.14397931739219083,23.494255398676813,1,20.25,副口径网页c4,指数型,8192
988156427.87211,22076156386.365223,0.9793857187066737,2.573939232032248,0.6559948235048064,0.1791303198050458,0.16487485669014781,22.340750678416253,1,20.3,副口径网页c4,指数型,8192
1057730473.0870783,22626324632.2547,0.9939182328711222,2.557189689977588,0.6414167261439632,0.1751495273523782,0.18343374650365882,21.391389591166647,1,20.35,副口径网页c4,指数型,8192
1115166913.0732589,23973864641.74082,1.0,2.540603540789287,0.6386003831606203,0.1743804779617267,0.18701913887765287,21.498005689275594,2,20.4,副口径网页c4,指数型,8192
1163988716.1132557,25974625695.101265,1.0,2.5243645019120775,0.6436493255541881,0.1757591758313303,0.18059149861448157,22.315186853215113,2,20.45,副口径网页c4,指数型,8192
1215266669.338339,28128624086.295246,1.0,2.5084847836545188,0.6485916098449505,0.17710874892832779,0.17429964122672179,23.14605081830318,2,20.5,副口径网页c4,指数型,8192
1269133470.0551236,30446515969.246407,1.0,2.492954321857738,0.6534256085420892,0.17842875283922646,0.16814563861868428,23.990003169583094,2,20.55,副口径网页c4,指数型,8192
1325728621.145935,32939645797.733376,1.0,2.477763388581046,0.6581498817579758,0.17971879437871124,0.16213132386331294,24.8464469065026,2,20.6,副口径网页c4,指数型,8192
1385199678.2969093,35620071760.052605,1.0,2.4629025812135996,0.6627632553773641,0.18097855293504553,0.15625819168759034,25.71475601542672,2,20.65,副口径网页c4,指数型,8192
1447701742.3284645,38500629627.26369,1.0,2.4483628118640985,0.6672647448189071,0.18220775965188288,0.15052749552921002,26.594310486454052,2,20.7,副口径网页c4,指数型,8192
1513398736.9005995,41594963057.81345,1.0,2.4341352970208017,0.6716536210296891,0.18340621544917377,0.1449401635211371,27.484470578453656,2,20.75,副口径网页c4,指数型,8192
1582462938.5529184,44917595768.33455,1.0,2.42021154747479,0.6759293433775573,0.1845737726982983,0.1394968839241445,28.384611528033254,2,20.8,副口径网页c4,指数型,8192
1655076402.4724576,48483964781.01749,1.0,2.40658335850014,0.6800916209467193,0.18571035195985083,0.13419802709342984,29.294094646379513,2,20.85,副口径网页c4,指数型,8192
1731430755.7133126,52310495659.15413,1.0,2.393242800285228,0.6841403621688396,0.18681592822957113,0.12904370960158934,30.21229436207128,2,20.9,副口径网页c4,指数型,8192
1811728118.6579766,56414655627.09495,1.0,2.3801822086100253,0.6880756935955787,0.1878905360644994,0.12403377033992188,31.138588095041356,2,20.95,副口径网页c4,指数型,8192
1896181075.2773235,60815036289.1503,1.0,2.36739417576475,0.6918979254227428,0.1889342601687703,0.11916781440848685,32.07237804557029,2,21.0,副口径网页c4,指数型,8192
1985014153.3558302,65531400970.00735,1.0,2.354871541705725,0.6956075878215048,0.18994724531445895,0.11444516686403625,33.01306484854081,2,21.05,副口径网页c4,指数型,8192
2078463784.7301521,70584778429.76198,1.0,2.3426073854447256,0.6992053906214186,0.19092968533235535,0.10986492404622625,33.96007135093096,2,21.1,副口径网页c4,指数型,8192
2176778635.34197,75997555005.041,1.0,2.330595016668476,0.7026922068144301,0.19188181860746042,0.10542597457810957,34.91285414655949,2,21.15,副口径网页c4,指数型,8192
2280221457.0258307,81793526158.93083,1.0,2.3188279675852694,0.7060691065387641,0.19280393735885187,0.10112695610238402,35.8708694310845,2,21.2,副口径网页c4,指数型,8192
2389068403.982456,87998032236.17688,1.0,2.307299984995951,0.7093372973040662,0.19369637131716372,0.09696633137877009,36.83361769361171,2,21.25,副口径网页c4,指数型,8192
2503611086.3733096,94638016364.59962,1.0,2.2960050225867015,0.7124981568144902,0.1945594966874768,0.09294234649803296,37.800606044483814,2,21.3,副口径网页c4,指数型,8192
2624155928.913094,101742177534.56319,1.0,2.284937233441226,0.715553180246263,0.19539372175257955,0.08905309800115732,38.771391750605325,2,21.35,副口径网页c4,指数型,8192
2751026049.8552113,109341049434.02931,1.0,2.2740909627700603,0.7185040013072935,0.19619949262364497,0.08529650606906146,39.745552187622515,2,21.4,副口径网页c4,指数型,8192
2884562561.1560817,117467103562.90434,1.0,2.263460740854741,0.7213523868872832,0.19697729177935416,0.0816703213333627,40.722674954162066,2,21.45,副口径网页c4,指数型,8192
3025123174.749185,126154962957.26112,1.0,2.253041276204621,0.7241001766391032,0.19772762156758444,0.07817220179331238,41.70242190806684,2,21.5,副口径网页c4,指数型,8192
3173086582.8953185,135441412818.33704,1.0,2.2428274489240914,0.7267493440040378,0.19845102086936928,0.07479963512659282,42.68443651945734,2,21.55,副口径网页c4,指数型,8192
3328850564.4799075,145365655166.18958,1.0,2.2328143042878654,0.7293019252828566,0.19914804573057204,0.07155002898657133,43.668423184055186,2,21.6,副口径网页c4,指数型,8192
3492833592.5081553,155969448068.37366,1.0,2.222997046521951,0.7317600250255785,0.1998192708336513,0.06842070414077012,44.6541307902316,2,21.65,副口径网页c4,指数型,8192
3665478014.0043755,167297187115.47235,1.0,2.2133710327877694,0.7341258356543727,0.20046529485602071,0.0654088694896065,45.64130148272461,2,21.7,副口径网页c4,指数型,8192
3847248635.2036123,179396188261.32736,1.0,2.2039317673667673,0.7364015869353009,0.2010867266724662,0.06251168639223291,46.6297360196043,2,21.75,副口径网页c4,指数型,8192
4038635464.9431057,192316815441.48737,1.0,2.1946748960426934,0.7385895590011212,0.20168418891123951,0.05972625208763927,47.61925583798553,2,21.8,副口径网页c4,指数型,8192
4240154194.9322486,206112717857.75455,1.0,2.1855962006785687,0.740692062469486,0.202258312525001,0.05704962500551286,48.60972228417932,2,21.85,副口径网页c4,指数型,8192
4452348675.799492,220840995441.7247,1.0,2.17669159398519,0.7427114414170408,0.20280973760294663,0.054478820980012596,49.60101095453157,2,21.9,副口径网页c4,指数型,8192
4675790706.859281,236562503774.34607,1.0,2.1679571144778267,0.7446500482045809,0.20333910649639758,0.052010845299021606,50.59304802229795,2,21.95,副口径网页c4,指数型,8192
4911084309.188098,253341968603.87738,1.0,2.1593889216176203,0.7465102601215955,0.2038470683638704,0.04964267151453405,51.58575024458498,2,22.0,副口径网页c4,指数型,8192
5158863927.044988,271248407034.11597,1.0,2.150983291133986,0.7482944421911185,0.20433426901432142,0.047371288794560235,52.579097039585584,2,22.05,副口径网页c4,指数型,8192
5419798587.149783,290355287106.65076,1.0,2.142736610524196,0.7500049614167528,0.20480135479753464,0.045193683785712445,53.57307701342932,2,22.1,副口径网页c4,指数型,8192
5694593456.042153,310740830362.0406,1.0,2.1346453747261407,0.7516441764713779,0.20524896978845092,0.04310685374017116,54.567693508012276,2,22.15,副口径网页c4,指数型,8192
5983989489.201588,332488441895.1852,1.0,2.126706181960131,0.7532144188816511,0.20567775064928287,0.041107830469066006,55.563005666232776,2,22.2,副口径网页c4,指数型,8192
6288770289.940336,355686788854.22815,1.0,2.1189157297354932,0.7547180148327057,0.20608833258365086,0.03919365258364343,56.55903657718156,2,22.25,副口径网页c4,指数型,8192
6609757462.786462,380430513025.8163,1.0,2.1112708110175613,0.7561572441917104,0.20648133814728303,0.03736141766100662,57.55589598675516,2,22.3,副口径网页c4,指数型,8192
6947818116.86232,406820329873.9631,1.0,2.1037683105506315,0.7575343644667875,0.20685738379039742,0.03560825174281515,58.5536816064042,2,22.35,副口径网页c4,指数型,8192
7303868039.669303,434963374391.06036,1.0,2.096405201332304,0.7588516062166896,0.20721707860423744,0.03393131517907303,59.55246891491679,2,22.4,副口径网页c4,指数型,8192
7678867335.842658,464974016662.84314,1.0,2.0891785412346264,0.7601111436548467,0.2075610162940168,0.03232784005113664,60.552422164201666,2,22.45,副口径网页c4,指数型,8192
8073829499.946539,496973955279.55444,1.0,2.082085469767391,0.7613151175271932,0.20788978142609224,0.030795101046714603,61.55368468987922,2,22.5,副口径网页c4,指数型,8192
8489823659.416593,531092722289.5963,1.0,2.075123204978905,0.7624656277111267,0.208203947406985,0.029330424881888393,62.55639028503593,2,22.55,副口径网页c4,指数型,8192
8927971856.674925,567468538472.5867,1.0,2.0682890404895606,0.7635647155997476,0.20850407167310445,0.027931212727148016,63.560744543378405,2,22.6,副口径网页c4,指数型,8192
9389459640.546545,606248411254.697,1.0,2.0615803426535324,0.7646143833773482,0.20879070095424124,0.02659491566841067,64.5669116715441,2,22.65,副口径网页c4,指数型,8192
9875535399.694897,647588950195.4025,1.0,2.054994547843942,0.7656165807521832,0.20906436765072947,0.02531905159708744,65.5750725388934,2,22.7,副口径网页c4,指数型,8192
10387512251.081469,691657090464.734,1.0,2.048529159856897,0.7665732016032626,0.20932558891779757,0.024101209478939803,66.58544160972941,2,22.75,副口径网页c4,指数型,8192
10926771977.819904,738630743057.0344,1.0,2.0421817474298165,0.7674860853081241,0.20957486702813843,0.02293904766373744,67.59825724892679,2,22.8,副口径网页c4,指数型,8192
11494777263.762089,788698941807.6202,1.0,2.03594994186957,0.7683570293844004,0.20981269282390025,0.021830277791699455,68.61367764767714,2,22.85,副口径网页c4,指数型,8192
12093059545.611343,842063658274.02,1.0,2.0298314347859767,0.7691877626057999,0.2100395383755571,0.020772699018643117,69.63197816880104,2,22.9,副口径网页c4,指数型,8192
12723239882.187033,898939496979.2404,1.0,2.0238239759263514,0.7699799710902352,0.2102558641057069,0.019764164804057953,70.65334814898728,2,22.95,副口径网页c4,指数型,8192
13387018375.480785,959555562988.5588,1.0,2.017925371106822,0.7707352772413588,0.21046211303870704,0.01880260971993401,71.67806423169245,2,23.0,副口径网页c4,指数型,8192
14086190707.402552,1024155562020.2028,1.0,2.0121334802362925,0.7714552557678916,0.21065871517501897,0.01788602905708942,72.70635356952751,2,23.05,副口径网页c4,指数型,8192
14822648041.379723,1092999106709.2871,1.0,2.006446215428989,0.7721414271178292,0.21084608569830857,0.017012487183862356,73.73845102831899,2,23.1,副口径网页c4,指数型,8192
15598383437.2407,1166362658054.2825,1.0,2.00086153920167,0.7727952592751329,0.21102462546606296,0.01618011525880414,74.77458563235628,2,23.15,副口径网页c4,指数型,8192
16415489865.91289,1244541173296.5522,1.0,1.9953774627516863,0.7734181627559303,0.21119471964321937,0.015387117600850366,75.81504928956572,2,23.2,副口径网页c4,指数型,8192
17276180672.631443,1327848195299.8545,1.0,1.9899920443121917,0.7740115034225958,0.2113567412012635,0.014631755376140605,76.86005491962719,2,23.25,副口径网页c4,指数型,8192
18182780555.636967,1416618210465.0684,1.0,1.9847033875809383,0.7745765915217177,0.21151104792486367,0.013912360553419,77.9098777621167,2,23.3,副口径网页c4,指数型,8192
19137742134.84079,1511207217067.3022,1.0,1.9795096402192056,0.7751146902835605,0.21165798476009762,0.01322732495634201,78.96476012789971,2,23.35,副口径网页c4,指数型,8192
20143648652.448574,1611994435495.42,1.0,1.9744089924175436,0.7756270139683227,0.21179788328094998,0.012575102750727409,80.02494797780703,2,23.4,副口径网页c4,指数型,8192
21203215273.779762,1719384277286.4158,1.0,1.9693996755251306,0.7761147266095629,0.21193106134618464,0.011954212044252543,81.09073341403246,2,23.45,副口径网页c4,指数型,8192
22319311612.32071,1833806756737.12,1.0,1.96447996073968,0.776578950468549,0.21205782540794513,0.011363224123505869,82.16233495861144,2,23.5,副口径网页c4,指数型,8192
23494953922.585636,1955720436602.9492,1.0,1.9596481578549407,0.7770207597187905,0.21217846878721103,0.01080077149399877,83.24002009311967,2,23.55,副口径网页c4,指数型,8192
24733321549.041553,2085613599364.1843,1.0,1.954902614062973,0.7774411856246076,0.21229327308789284,0.01026554128749959,84.32404015080637,2,23.6,副口径网页c4,指数型,8192
26037759628.457417,2224006681812.513,1.0,1.950241712808492,0.7778412157151279,0.2124025079712776,0.009756276313594608,85.41467136757159,2,23.65,副口径网页c4,指数型,8192
27411802525.310123,2371453138574.8022,1.0,1.9456638726926945,0.7782217994121968,0.21250643269282388,0.00927176789497923,86.51211960195502,2,23.7,副口径网页c4,指数型,8192
28859155104.826897,2528544046795.3555,1.0,1.941167546424101,0.7785838411696318,0.21260529422872082,0.008810864601647322,87.61670387129382,2,23.75,副口径网页c4,指数型,8192
30383742254.584198,2695907087218.269,1.0,1.936751219814055,0.7789282124720677,0.2126993305523726,0.008372456975559743,88.72860573359819,2,23.8,副口径网页c4,指数型,8192
31989680038.945114,2874212441464.435,1.0,1.932413410814632,0.7792557429780128,0.21278876821586273,0.007955488806124464,89.84811470340716,2,23.85,副口径网页c4,指数型,8192
33681311064.04065,3064173377176.7207,1.0,1.9281526685968209,0.7795672279482669,0.2128738243784068,0.007558947673326404,90.97547810269594,2,23.9,副口径网页c4,指数型,8192
35463211172.21501,3266549516539.892,1.0,1.9239675726669403,0.7798634280405147,0.21295470675026318,0.007181865209222327,92.11093436172507,2,23.95,副口径网页c4,指数型,8192
37340197856.39448,3482150223624.006,1.0,1.9198567320193556,0.780145069894852,0.21303161375262092,0.006823316352527235,93.25473413440123,2,24.0,副口径网页c4,指数型,8192
39317341706.034355,3711837994490.1914,1.0,1.9158187843236512,0.7804128473676737,0.21310473485453277,0.006482417777793649,94.4071453823773,2,24.05,副口径网页c4,指数型,8192
41399997825.879005,3956530238178.513,1.0,1.9118523951445192,0.7806674250470794,0.21317425153285582,0.006158323420064684,95.56836825979974,2,24.1,副口径网页c4,指数型,8192
43593789256.97957,4217205842091.5107,1.0,1.9079562571926958,0.7809094353631787,0.21324033648317203,0.0058502281536492035,96.73868488998846,2,24.15,副口径网页c4,指数型,8192
45904653712.639206,4494906107897.797,1.0,1.9041290896053817,0.7811394837280993,0.21330315502335304,0.005557361248547742,97.91830989589161,2,24.2,副口径网页c4,指数型,8192
48338840880.8884,4790740668557.5205,1.0,1.9003696372546517,0.7813581473361403,0.2133628647659221,0.005278987897937583,99.10747922901939,2,24.25,副口径网页c4,指数型,8192
50902924759.05632,5105892396482.401,1.0,1.8966766700824378,0.7815659761710122,0.21341961589309777,0.005014407935890033,100.30646413051136,2,24.3,副口径网页c4,指数型,8192
53603836403.6257,5441620662837.426,1.0,1.8930489824607553,0.7817634954781255,0.21347355183189345,0.004762952689981116,101.51550761895395,2,24.35,副口径网页c4,指数型,8192
56448898623.607506,5799264692657.06,1.0,1.889485392575898,0.7819512075564564,0.21352480974341642,0.004523982700127338,102.73477134293897,2,24.4,副口径网页c4,指数型,8192
59445786483.70385,6180254910569.175,1.0,1.8859847418354065,0.7821295887505185,0.21357351970147492,0.004296891548006751,103.96455789618322,2,24.45,副口径网页c4,指数型,8192
62602602566.62098,6586113165390.039,1.0,1.8825458942966782,0.7822990943744303,0.2136198060371778,0.004081099588391803,105.20510163105715,2,24.5,副口径网页c4,指数型,8192
65927900718.879974,7018458498023.745,1.0,1.8791677361161427,0.7824601592236121,0.21366378747866102,0.003876053297726938,106.45657485668806,2,24.55,副口径网页c4,指数型,8192
69430653384.6564,7479019467946.399,1.0,1.8758491750179924,0.7826131957595112,0.21370557665539722,0.0036812275850916397,107.7192724445713,2,24.6,副口径网页c4,指数型,8192
73120342023.94902,7969634094547.19,1.0,1.872589139781506,0.7827585983083143,0.21374528124472372,0.0034961204469619272,108.99339190641238,2,24.65,副口径网页c4,指数型,8192
77006942404.6615,8492261434662.481,1.0,1.8693865797460627,0.7828967419438242,0.2137830036667936,0.0033202543893822863,110.27916665015407,2,24.7,副口径网页c4,指数型,8192
81100961685.12262,9048988342203.396,1.0,1.8662404643329917,0.7830279838477934,0.21381884145603744,0.003153174696169016,111.57683157120155,2,24.75,副口径网页c4,指数型,8192
85413461546.68909,9642038390587.643,1.0,1.8631497825834455,0.7831526639741103,0.21385288744253036,0.0029944485833592973,112.88663655572685,2,24.8,副口径网页c4,指数型,8192
89956113161.72266,10273777927138.982,1.0,1.8601135427115363,0.7832711065151109,0.21388523015239297,0.0028436633324960205,114.20877988212803,2,24.85,副口径网页c4,指数型,8192
94741211125.62767,10946727416562.14,1.0,1.8571307716720131,0.783383619997244,0.21391595383391418,0.0027004261688417033,115.54346082874838,2,24.9,副口径网页c4,指数型,8192
99781657636.20857,11663577204933.846,1.0,1.854200514741797,0.7834904970174966,0.21394513838557774,0.002564364596925589,116.89099461002931,2,24.95,副口径网页c4,指数型,8192
105091126446.10374,12427183344952.57,1.0,1.8513218351147371,0.7835920177639949,0.21397286031742158,0.002435121918583398,118.25150005719925,2,25.0,副口径网页c4,指数型,8192
110683944056.35857,13240597026325.008,1.0,1.8484938135089701,0.783688447323951,0.21399919201592696,0.0023123606601219556,119.62527301686231,2,25.05,副口径网页c4,指数型,8192
116575254801.40277,14107061998350.314,1.0,1.8457155477863194,0.7837800388570192,0.21402420261055669,0.0021957585324241247,121.01249122194122,2,25.1,副口径网页c4,指数型,8192
122780955379.47565,15030040147098.195,1.0,1.8429861525831825,0.783867032353656,0.214047957634705,0.002085010011638973,122.41344841018115,2,25.15,副口径网页c4,指数型,8192
129317868717.9388,16013209507178.465,1.0,1.8403047589524049,0.7839496571702067,0.21407051971794447,0.001979823111848916,123.8282819376309,2,25.200000000000003,副口径网页c4,指数型,8192
136203625990.08745,17060498829128.379,1.0,1.837670514015646,0.784028130318193,0.2140919481188879,0.0018799215629190904,125.25730284427229,2,25.25,副口径网页c4,指数型,8192
143456862166.97562,18176085164060.707,1.0,1.8350825806257887,0.784102658949843,0.2141122994039038,0.0017850416462530565,126.70070214490526,2,25.3,副口径网页c4,指数型,8192
151097204369.1243,19364418021621.36,1.0,1.8325401370389562,0.7841734399773926,0.21413162734316002,0.001694932679447519,128.15867839827715,2,25.35,副口径网页c4,指数型,8192
159145309788.98087,20630239084201.918,1.0,1.8300423765957299,0.7842406604592252,0.21414998301606578,0.0016093565247089759,129.6314614081724,2,25.4,副口径网页c4,指数型,8192
167622968451.5243,21978595095806.676,1.0,1.8275885074111788,0.7843044984736003,0.21416741504985778,0.0015280864765420503,131.1192332342138,2,25.450000000000003,副口径网页c4,指数型,8192
176553011711.1451,23414877682687.676,1.0,1.8251777520733432,0.7843651224807,0.2141839694453965,0.0014509080739034338,132.62236342360612,2,25.5,副口径网页c4,指数型,8192
185959675258.91437,24944805392546.438,1.0,1.8228093473498195,0.7844226938923738,0.21419969027887753,0.001377615828748742,134.14093866218803,2,25.55,副口径网页c4,指数型,8192
195868341084.25473,26574488973482.96,1.0,1.8204825439021233,0.7844773652021101,0.21421461919118956,0.0013080156067003862,135.6752644474161,2,25.6,副口径网页c4,指数型,8192
206305863015.60385,28310421616223.527,1.0,1.8181966060075239,0.7845292820019283,0.2142287959386599,0.0012419220594118827,137.22548260338235,2,25.65,副口径网页c4,指数型,8192
217300369988.97153,30159541302907.117,1.0,1.815950811288051,0.7845785819069659,0.2142422580993955,0.0011791599936385234,138.79194639400652,2,25.700000000000003,副口径网页c4,指数型,8192
228881678760.02792,32129212472267.242,1.0,1.8137444504464082,0.7846253965490737,0.21425504161766704,0.0011195618332592815,140.3747676368333,2,25.75,副口径网页c4,指数型,8192
241081063304.6143,34227298095425.934,1.0,1.8115768270085169,0.7846698504496098,0.21426718049610682,0.0010629690542833246,141.97422902593786,2,25.8,副口径网页c4,指数型,8192
253931551153.20386,36462161679922.65,1.0,1.8094472570724527,0.7847120622522988,0.2142787071323611,0.0010092306153400748,143.5905129328495,2,25.85,副口径网页c4,指数型,8192
267467826031.54904,38842727040847.266,1.0,1.8073550690635347,0.7847521443594532,0.2142896522197547,0.0009582034207920462,145.22392325522395,2,25.9,副口径网页c4,指数型,8192
281726466101.1813,41378493532142.34,1.0,1.8052996034953428,0.7847902037429285,0.21430004496873567,0.000909751288335912,146.87471186069317,2,25.950000000000003,副口径网页c4,指数型,8192
296746164652.803,44079555521061.586,1.0,1.803280212736458,0.7848263424285188,0.2143099132391475,0.0008637443323337447,148.54296625075258,2,26.0,副口径网页c4,指数型,8192
22014073.938626718,361852262.770963,0.8891705306810411,4.717036187102145,0.4779505480499618,0.5220494519500384,0.0,16.437314773257096,0,17.0,副口径网页c4,指数型,32768
23188949.791797172,385434542.4370293,0.8891705306810411,4.664369671323271,0.4779505480499618,0.5220494519500383,0.0,16.621474706602385,0,17.05,副口径网页c4,指数型,32768
24426526.419768836,410553729.0217394,0.8891705306810411,4.612626008452812,0.4779505480499618,0.5220494519500383,0.0,16.807700037508024,0,17.1,副口径网页c4,指数型,32768
25730152.48018706,437309944.764516,0.8891705306810411,4.5617890277325985,0.47795054804996184,0.5220494519500384,0.0,16.996010618330263,0,17.15,副口径网页c4,指数型,32768
27103350.893596534,465809912.1588747,0.8891705306810411,4.51184284175775,0.4779505480499618,0.5220494519500383,0.0,17.186432555427213,0,17.2,副口径网页c4,指数型,32768
28549838.666960515,496167204.6140447,0.8891705306810411,4.462771841511625,0.4779505480499618,0.5220494519500383,0.0,17.378984533045276,0,17.25,副口径网页c4,指数型,32768
30073521.635751363,528502962.6688454,0.8891705306810411,4.414560691487719,0.47795054804996173,0.5220494519500383,0.0,17.573697190174155,0,17.3,副口径网页c4,指数型,32768
31678525.081926353,562946029.6013198,0.8891705306810411,4.367194324897077,0.47795054804996184,0.5220494519500383,0.0,17.77058837636665,0,17.35,副口径网页c4,指数型,32768
33369184.094979677,599633828.4059135,0.8891705306810411,4.320657938959662,0.4779505480499619,0.5220494519500384,0.0,17.969688042091718,0,17.4,副口径网页c4,指数型,32768
35150073.098501086,638712596.1481732,0.8891705306810411,4.274936990278238,0.47795054804996184,0.5220494519500384,0.0,18.171017578208392,0,17.45,副口径网页c4,指数型,32768
37026008.20260424,680338143.4356737,0.8891705306810411,4.23001719029333,0.4779505480499618,0.5220494519500383,0.0,18.37460143456193,0,17.5,副口径网页c4,指数型,32768
39002057.21885108,724676533.8901426,0.8891705306810411,4.185884500817791,0.4779505480499618,0.5220494519500383,0.0,18.580469482001597,0,17.55,副口径网页c4,指数型,32768
41083567.7115931,771904482.1212531,0.8891705306810411,4.142525129649652,0.4779505480499618,0.5220494519500384,0.0,18.788642883695676,0,17.6,副口径网页c4,指数型,32768
43276165.693346135,822210348.5564535,0.8891705306810411,4.09992552626182,0.47795054804996184,0.5220494519500384,0.0,18.99914965624765,0,17.65,副口径网页c4,指数型,32768
45585789.70814442,875794534.9542471,0.8891705306810411,4.058072377567303,0.4779505480499618,0.5220494519500383,0.0,19.21200752605974,0,17.7,副口径网页c4,指数型,32768
48018664.55611407,932871093.1134773,0.8891705306810411,4.016952603758664,0.4779505480499618,0.5220494519500383,0.0,19.427260248425583,0,17.75,副口径网页c4,指数型,32768
50581387.58165382,993667246.0254841,0.8891705306810411,3.9765533542203646,0.4779505480499618,0.5220494519500383,0.0,19.644918685186354,0,17.8,副口径网页c4,指数型,32768
53280879.14104305,1058425589.976842,0.8891705306810411,3.9368620035127133,0.47795054804996173,0.5220494519500383,0.0,19.865017376590565,0,17.85,副口径网页c4,指数型,32768
56124437.65532921,1127404362.4559407,0.8891705306810411,3.8978661474262264,0.4779505480499617,0.5220494519500382,0.0,20.087584117627053,0,17.9,副口径网页c4,指数型,32768
59119763.54039169,1200878377.5553966,0.8891705306810411,3.8595535991050864,0.47795054804996184,0.5220494519500384,0.0,20.312638374051254,0,17.95,副口径网页c4,指数型,32768
62274935.76613864,1279141017.0880833,0.8891705306810411,3.8219123852385612,0.47795054804996184,0.5220494519500383,0.0,20.540222183313805,0,18.0,副口径网页c4,指数型,32768
65598506.73424087,1362503919.305111,0.8891705306810411,3.7849307423191436,0.47795054804996184,0.5220494519500384,0.0,20.770349618246968,0,18.05,副口径网页c4,指数型,32768
69099453.01939873,1451299694.9293935,0.8891705306810411,3.7485971129662485,0.4779505480499618,0.5220494519500383,0.0,21.003056196725044,0,18.1,副口径网页c4,指数型,32768
72787238.25746241,1545882469.1345637,0.8891705306810411,3.7129001423143486,0.47795054804996184,0.5220494519500384,0.0,21.238372359540296,0,18.15,副口径网页c4,指数型,32768
76671845.2321096,1646629145.3841383,0.8891705306810411,3.67782867446438,0.47795054804996173,0.5220494519500383,0.0,21.476320811104493,0,18.2,副口径网页c4,指数型,32768
80763763.53672081,1753941746.0563421,0.8891705306810411,3.6433717489973487,0.47795054804996173,0.5220494519500383,0.0,21.71693924663229,0,18.25,副口径网页c4,指数型,32768
85074062.62949654,1868248064.230746,0.8891705306810411,3.6095185975490094,0.4779505480499618,0.5220494519500383,0.0,21.960254471061248,0,18.3,副口径网页c4,指数型,32768
89614410.80734494,1990003589.5827835,0.8891705306810411,3.576258640444575,0.4779505480499618,0.5220494519500382,0.0,22.206289944381126,0,18.35,副口径网页c4,指数型,32768
94397057.42914611,2119694422.1140833,0.8891705306810411,3.5435814833923884,0.4779505480499618,0.5220494519500384,0.0,22.455090019147192,0,18.4,副口径网页c4,指数型,32768
99434961.89217569,2257837084.293013,0.8891705306810411,3.511476914235534,0.47795054804996173,0.5220494519500382,0.0,22.706672193844096,0,18.45,副口径网页c4,指数型,32768
104741731.71170276,2404982738.754863,0.8891705306810411,3.479934899760372,0.4779505480499618,0.5220494519500384,0.0,22.961074821394753,0,18.5,副口径网页c4,指数型,32768
110331727.15874392,2561717863.7361765,0.8891705306810411,3.448945582560988,0.47795054804996184,0.5220494519500383,0.0,23.218324680537346,0,18.55,副口径网页c4,指数型,32768
116220047.10876355,2728667802.7614937,0.8891705306810411,3.41849927795859,0.4779505480499618,0.5220494519500384,0.0,23.478460649804187,0,18.6,副口径网页c4,指数型,32768
122422630.14778413,2906497862.0341296,0.8891705306810411,3.3885864709748867,0.4779505480499618,0.5220494519500383,0.0,23.741508073511504,0,18.65,副口径网页c4,指数型,32768
128956231.53456233,3095917508.047389,0.8891705306810411,3.3591978133584885,0.4779505480499617,0.5220494519500383,0.0,24.007506044542204,0,18.7,副口径网页c4,指数型,32768
135838537.82139713,3297681557.291868,0.8891705306810411,3.3303241206634384,0.47795054804996173,0.5220494519500383,0.0,24.276480078339162,0,18.75,副口径网页c4,指数型,32768
143088142.9948195,3512594897.5541086,0.8891705306810411,3.3019563693789085,0.47795054804996173,0.5220494519500383,0.0,24.548469384226212,0,18.8,副口径网页c4,指数型,32768
150724648.9296079,3741514499.4420004,0.8891705306810411,3.2740856941092034,0.47795054804996184,0.5220494519500383,0.0,24.823507807202652,0,18.85,副口径网页c4,指数型,32768
158768709.8023033,3985353029.0567794,0.8891705306810411,3.246703384803184,0.4779505480499618,0.5220494519500383,0.0,25.101627606719788,0,18.9,副口径网页c4,指数型,32768
167242081.40472543,4245082644.6027637,0.8891705306810411,3.219800884032216,0.47795054804996173,0.5220494519500382,0.0,25.38286183086704,0,18.95,副口径网页c4,指数型,32768
176167675.67953387,4521738983.484124,0.8891705306810411,3.1933697843158457,0.4779505480499619,0.5220494519500383,0.0,25.667245515060362,0,19.0,副口径网页c4,指数型,32768
185569608.55554226,4816425664.831553,0.8891705306810411,3.167401825494314,0.47795054804996173,0.5220494519500382,0.0,25.954819338803336,0,19.05,副口径网页c4,指数型,32768
195473336.88859627,5130316834.157027,0.8891705306810411,3.141888892147122,0.4779505480499618,0.5220494519500383,0.0,26.245609328708017,0,19.1,副口径网页c4,指数型,32768
205905610.6941907,5464664863.651835,0.8891705306810411,3.116823011056826,0.47795054804996173,0.5220494519500383,0.0,26.539659823878768,0,19.15,副口径网页c4,指数型,32768
216894634.72074276,5820803043.474253,0.8891705306810411,3.092196348717267,0.47795054804996184,0.5220494519500383,0.0,26.837007983017568,0,19.2,副口径网页c4,指数型,32768
228470150.21574506,6200150711.237878,0.8891705306810411,3.0680012088854824,0.4779505480499618,0.5220494519500383,0.0,27.137683874164992,0,19.25,副口径网页c4,指数型,32768
240663418.9454022,6604221510.700791,0.8891705306810411,3.0442300301764917,0.4779505480499618,0.5220494519500384,0.0,27.441733935472136,0,19.3,副口径网页c4,指数型,32768
253507451.13298073,7034625546.032399,0.8891705306810411,3.0208753837002433,0.4779505480499618,0.5220494519500383,0.0,27.749186521315668,0,19.35,副口径网页c4,指数型,32768
267036960.7598873,7493079442.154906,0.8891705306810411,2.9979299707399574,0.4779505480499618,0.5220494519500383,0.0,28.06008359604006,0,19.4,副口径网页c4,指数型,32768
281288535.9506797,7981411104.318216,0.8891705306810411,2.975386620471155,0.4779505480499618,0.5220494519500383,0.0,28.374462817488066,0,19.45,副口径网页c4,指数型,32768
296300705.14107025,8501567914.730615,0.8891705306810411,2.9532382877206635,0.47795054804996173,0.5220494519500383,0.0,28.692364774099932,0,19.5,副口径网页c4,指数型,32768
312114055.7628504,9055624095.76882,0.8891705306810411,2.9314780507648726,0.4779505480499618,0.5220494519500383,0.0,29.013829811783413,0,19.55,副口径网页c4,指数型,32768
328771366.0939065,9645788328.492294,0.8891705306810411,2.910099109166588,0.4779505480499618,0.5220494519500383,0.0,29.33889420813241,0,19.6,副口径网页c4,指数型,32768
346317623.88604325,10274415399.264042,0.8891705306810411,2.8890947816497756,0.4779505480499617,0.5220494519500383,0.0,29.667607683300766,0,19.65,副口径网页c4,指数型,32768
364800349.16186285,10944009672.603727,0.8891705306810411,2.8684585040115533,0.4779505480499618,0.5220494519500382,0.0,29.999997800845968,0,19.7,副口径网页c4,指数型,32768
384269493.9599507,11657241805.143179,0.8891705306810411,2.8481838270707693,0.47795054804996173,0.5220494519500383,0.0,30.33611043388763,0,19.75,副口径网页c4,指数型,32768
404777692.2188417,12416956038.97956,0.8891705306810411,2.8282644146525255,0.47795054804996184,0.5220494519500383,0.0,30.675989012424075,0,19.8,副口径网页c4,指数型,32768
429341114.69836175,13031554781.544207,0.8925716100207668,2.808686711065348,0.4741873498995269,0.5179390360502566,0.007873614050216528,30.352450150737756,1,19.85,副口径网页c4,指数型,32768
467602352.0145668,12911998839.259176,0.9103943740556217,2.7891762803600435,0.4560594043500946,0.49813848539146344,0.04580211025844202,27.613203363136506,1,19.9,副口径网页c4,指数型,32768
506101878.9224939,12951640616.268847,0.9269564528769737,2.7696511519500824,0.4412797364173258,0.4819951467640978,0.07672511681857633,25.59097516856345,1,19.95,副口径网页c4,指数型,32768
545344177.1646686,13105189376.4595,0.9426249691019415,2.7501677705656147,0.42881032302554767,0.4683752221633715,0.1028144548110807,24.031043009564108,1,20.0,副口径网页c4,指数型,32768
585671992.6257592,13347567926.332617,0.9576285085109955,2.73076708116352,0.4180303812731615,0.45660065111863185,0.1253689676082068,22.790176232418254,1,20.05,副口径网页c4,指数型,32768
627344845.8696625,13663911474.624718,0.9721194616244495,2.7114800083651938,0.4085381560044308,0.4462326098651062,0.14522923413046315,21.7805431328331,1,20.1,副口径网页c4,指数型,32768
670558026.3555906,14045909676.951685,0.9861878773861248,2.6923305277477043,0.40007138247901497,0.4369846353690788,0.16294398215190625,20.94659839252043,1,20.15,副口径网页c4,指数型,32768
715505357.1697814,14487468240.468548,0.999920341318927,2.673337550302413,0.3924249730085202,0.428632717184773,0.1789423098067069,20.247882276904928,2,20.2,副口径网页c4,指数型,32768
747165084.9886578,15682687805.990606,1.0,2.6546359217969373,0.39535598403482897,0.4318341628284426,0.17280985313672842,20.98958867467512,2,20.25,副口径网页c4,指数型,32768
780331575.2436209,16973035879.971687,1.0,2.6363450163843787,0.39828134051911945,0.43502943220435025,0.16668922727653032,21.751056113130723,2,20.3,副口径网页c4,指数型,32768
815179224.2530521,18360789030.881668,1.0,2.6184534139194193,0.40113974450001255,0.43815157159254703,0.16070868390744036,22.523622394456435,2,20.35,副口径网页c4,指数型,32768
851799042.6778419,19852640197.77309,1.0,2.600950072064624,0.4039305209733082,0.4411998437084455,0.15486963531824627,23.306718137838455,2,20.4,副口径网页c4,指数型,32768
890286584.5412006,21455715865.079327,1.0,2.5838243181504765,0.4066531013478298,0.44417362749885625,0.1491732711533142,24.09978566186785,2,20.45,副口径网页c4,指数型,32768
930742777.4384353,23177592335.188244,1.0,2.5670658370081405,0.40930706881520795,0.44707246769789116,0.1436204634869009,24.90225322937985,2,20.5,副口径网页c4,指数型,32768
973273874.9558742,25026330802.871605,1.0,2.5506646591120363,0.411892133085266,0.4498960472312666,0.1382118196834674,25.713554475102125,2,20.55,副口径网页c4,指数型,32768
1017991917.0449901,27010504618.49479,1.0,2.5346111490248937,0.4144081404819464,0.4526441982437473,0.13294766127430643,26.53312287282244,2,20.6,副口径网页c4,指数型,32768
1065015089.0007485,29139230551.445763,1.0,2.5188959941386417,0.4168550727783144,0.4553169008266602,0.1278280263950253,27.36039221640106,2,20.65,副口径网页c4,指数型,32768
1114467985.259538,31422204726.89912,1.0,2.503510193705166,0.41923303920917526,0.4579142742935418,0.12285268649728295,28.194802490967472,2,20.7,副口径网页c4,指数型,32768
1166481467.4802134,33869752031.52389,1.0,2.4884450481516254,0.42154225147386676,0.46043654987652216,0.11802119864961114,29.03582523663061,2,20.75,副口径网页c4,指数型,32768
1221193875.6881044,36492845205.86249,1.0,2.473692148675516,0.4237830604084409,0.4628841107821264,0.11333282880943302,29.882925170501625,2,20.8,副口径网页c4,指数型,32768
1278750944.8198614,39303158054.50309,1.0,2.459243367115211,0.4259559271787036,0.46525746072639196,0.1087866120949045,30.735584762394648,2,20.85,副口径网页c4,指数型,32768
1339305893.8051755,42313119620.53483,1.0,2.4450908460921066,0.42806140848867064,0.4675572077785588,0.1043813837327708,31.59331995494823,2,20.9,副口径网页c4,指数型,32768
1403020672.6214502,45535939865.643814,1.0,2.4312269894208764,0.43010018107262804,0.4697840911129292,0.10011572781444274,32.45564427825782,2,20.95,副口径网页c4,指数型,32768
1470065387.2001083,48985689598.44606,1.0,2.4176444527846344,0.43207300048082353,0.4719389359918542,0.09598806352732221,33.322116162291515,2,21.0,副口径网页c4,指数型,32768
1540619511.4447072,52677334647.9667,1.0,2.4043361346720156,0.43398072068279164,0.4740226751777905,0.09199660413941782,34.192306573197186,2,21.05,副口径网页c4,指数型,32768
1614872087.2515166,56626802705.38924,1.0,2.39129516757338,0.4358242778604708,0.47603633123106354,0.08813939090846568,35.06581304638626,2,21.1,副口径网页c4,指数型,32768
1693022162.6778564,60851048658.18153,1.0,2.3785149094334392,0.4376046826904175,0.4779810080799867,0.08441430922959589,35.942263485749834,2,21.15,副口径网页c4,指数型,32768
1775279723.0160687,65368108728.02357,1.0,2.365988935357666,0.4393230225561112,0.4798578934372884,0.08081908400660048,36.821300824057175,2,21.2,副口径网页c4,指数型,32768
1861865377.6746805,70197201094.39381,1.0,2.3537110295698422,0.44098043622219635,0.4816682311376311,0.07735133264017265,37.70261907016309,2,21.25,副口径网页c4,指数型,32768
1953012330.034086,75358755698.46548,1.0,2.3416751776180744,0.44257813506819477,0.4834133443304869,0.07400852060131856,38.58590882380668,2,21.3,副口径网页c4,指数型,32768
2048965454.9412117,80874548529.43173,1.0,2.329875558826504,0.4441173666499862,0.4850945956795583,0.07078803767045558,39.47091852349075,2,21.35,副口径网页c4,指数型,32768
2149983077.793185,86767749650.96846,1.0,2.3183065389898405,0.4455994294351923,0.4867134034577461,0.0676871671070617,40.35741050577467,2,21.4,副口径网页c4,指数型,32768
2256337223.956397,93063030921.14047,1.0,2.3069626633076887,0.44702565825013896,0.48827122565135184,0.06470311609850928,41.245178217623945,2,21.45,副口径网页c4,指数型,32768
2368314691.8767266,99786651206.00209,1.0,2.2958386495554812,0.4483974226825543,0.4897695582153979,0.061833019102047915,42.134033770203075,2,21.5,副口径网页c4,指数型,32768
2486216826.2799053,106966600290.14029,1.0,2.284929381488621,0.4497161091903985,0.49120991553169935,0.05907397527790223,43.023842152252286,2,21.55,副口径网页c4,指数型,32768
2610361667.9456186,114632658582.33754,1.0,2.2742299024762693,0.4509831321681553,0.49259384249620375,0.056423025335641114,43.914473611066555,2,21.6,副口径网页c4,指数型,32768
2741084431.512207,122816529179.204,1.0,2.2637354093609825,0.4521999222461335,0.4939229017387101,0.05387717601515648,44.80581764183321,2,21.65,副口径网页c4,指数型,32768
2878737836.305284,131551988208.75066,1.0,2.2534412465401976,0.4533679158069166,0.49519866217203484,0.051433422021048614,45.69780080342122,2,21.7,副口径网页c4,指数型,32768
3023692485.1194377,140875046723.89108,1.0,2.2433429002653775,0.4544885474767767,0.4964226907906339,0.04908876173258934,46.590401443659516,2,21.75,副口径网页c4,指数型,32768
3176340708.862699,150823970108.836,1.0,2.2334359931544108,0.455563267773983,0.4975965719472625,0.046840160278754456,47.483561724976,2,21.8,副口径网页c4,指数型,32768
3337094041.479833,161439587391.99167,1.0,2.223716278912655,0.45659351071362686,0.49872187196880424,0.04468461731756908,48.377296349850944,2,21.85,副口径网页c4,指数型,32768
3506386848.6565924,172765343440.7858,1.0,2.214179637257885,0.457580709079051,0.4998001558367449,0.04261913508420408,49.271615169038654,2,21.9,副口径网页c4,指数型,32768
3684676492.0947604,184847516925.53708,1.0,2.2048220690441793,0.45852628329154554,0.5008329750299122,0.04064074167854231,50.16655256495806,2,21.95,副口径网页c4,指数型,32768
3872444314.650035,197735418142.13034,1.0,2.195639691579705,0.45943163747366395,0.5018218632245673,0.03874649930176858,51.06217212577279,2,22.0,副口径网页c4,指数型,32768
4070197485.2996182,211481560569.82065,1.0,2.1866287341331505,0.4602981596523008,0.5027683365162198,0.036933503831479586,51.95855025060361,2,22.05,副口径网页c4,指数型,32768
4278470712.3505516,226141852380.33517,1.0,2.1777855336235348,0.46112722001555145,0.503673891515653,0.03519888846879562,52.85576730197949,2,22.1,副口径网页c4,指数型,32768
4497826787.9748335,241775864140.26938,1.0,2.169106530487967,0.4619201645530633,0.5045399984024926,0.03353983704444408,53.75392951695457,2,22.15,副口径网页c4,指数型,32768
4728858052.961384,258447071593.03595,1.0,2.1605882647219015,0.46267831355973366,0.5053680992908451,0.031953587149421266,54.653167572071006,2,22.2,副口径网页c4,指数型,32768
4972189166.46093,276223048322.353,1.0,2.1522273720863816,0.4634029637778315,0.5061596105690662,0.03043742565310227,55.553608093909496,2,22.25,副口径网页c4,指数型,32768
5228477218.838082,295175818539.7275,1.0,2.144020580476722,0.46409538170751785,0.5069159155930648,0.02898870269941748,56.45540875194327,2,22.3,副口径网页c4,指数型,32768
5498415785.760716,315382021666.64996,1.0,2.1359647064471097,0.4647568086803309,0.5076383702279028,0.027604821091766187,57.3587072995456,2,22.35,副口径网页c4,指数型,32768
5782734246.37036,336923356618.48566,1.0,2.1280566518855686,0.46538845266556306,0.5083282938981724,0.02628325343626454,58.26367636208802,2,22.4,副口径网页c4,指数型,32768
6082201843.950934,359886792848.52057,1.0,2.120293400833815,0.46599149266664525,0.508986974390021,0.025021532943333688,59.17047840272625,2,22.45,副口径网页c4,指数型,32768
6397626724.888487,384365091307.10345,1.0,2.1126720164465462,0.4665670718104357,0.509615660302812,0.023817267886752157,60.07932438631031,2,22.5,副口径网页c4,指数型,32768
6729862899.371174,410456899899.9965,1.0,2.105189638084776,0.4671163061340013,0.5102155706466318,0.02266812321936701,60.990380641832814,2,22.55,副口径网页c4,指数型,32768
7079807406.380487,438267445943.2194,1.0,2.0978434785379014,0.4676402746703048,0.5107878840132182,0.02157184131647725,61.90386556959764,2,22.6,副口径网页c4,指数型,32768
7448407026.972665,467908703949.9621,1.0,2.0906308213693094,0.46814002659467063,0.5113337463818056,0.02052622702352387,62.81996972715644,2,22.65,副口径网页c4,指数型,32768
7836657907.41335,499500017213.71954,1.0,2.083549018380371,0.4686165764424215,0.5118542658955089,0.01952915766206972,63.73890797774912,2,22.7,副口径网页c4,指数型,32768
8245610400.861165,533168442950.19025,1.0,2.076595487187857,0.46907090711637683,0.5123505161463145,0.018578576737308665,64.66088221855674,2,22.75,副口径网页c4,指数型,32768
8676369271.236952,569049424076.0177,1.0,2.069767708909859,0.46950396695381286,0.5128235329714181,0.017672500074768983,65.58612321428902,2,22.8,副口径网页c4,指数型,32768
9130099946.263348,607287123618.2852,1.0,2.063063225955489,0.4699166735941884,0.5132743186778121,0.01680900772799947,66.514838522313,2,22.85,副口径网页c4,指数型,32768
9608029195.663416,648035155911.009,1.0,2.0564796399137153,0.4703099116176205,0.5137038394628729,0.015986248919506636,67.44725091005132,2,22.9,副口径网页c4,指数型,32768
10111449682.914858,691457120114.8286,1.0,2.05001460953686,0.4706845342059063,0.5141130272286379,0.015202438565455943,68.38357918975474,2,22.95,副口径网页c4,指数型,32768
10641721158.18842,737727408019.5244,1.0,2.0436658488144284,0.47104136201381247,0.5145027783489536,0.014455859637233977,69.32406864014379,2,23.0,副口径网页c4,指数型,32768
11200277083.776278,787031704330.0493,1.0,2.0374311251330597,0.47138118602677953,0.5148739567908504,0.013744857182370297,70.26894945930161,2,23.05,副口径网页c4,指数型,32768
11788630356.166899,839567592245.6116,1.0,2.0313082575185684,0.4717047687469546,0.515227395410007,0.013067835843038462,71.21841697296199,2,23.1,副口径网页c4,指数型,32768
12408369698.007996,895545876053.4404,1.0,2.0252951149561658,0.47201284046146824,0.5155638918747131,0.012423267663818698,72.17272678434209,2,23.15,副口径网页c4,指数型,32768
13061170824.35464,955190948777.2264,1.0,2.019389614785123,0.4723061040782228,0.5158842139478401,0.01180968197393726,73.13210749805985,2,23.2,副口径网页c4,指数型,32768
13748799465.116783,1018741787288.9934,1.0,2.013589721164271,0.47258523473083874,0.5161890990553374,0.011225666213824051,74.09678131343232,2,23.25,副口径网页c4,指数型,32768
14473112594.89848,1086453165756.0939,1.0,2.007893443604878,0.4728508791782722,0.5164792536304541,0.010669867191273828,75.06700156116037,2,23.3,副口径网页c4,指数型,32768
15236072286.251595,1158596021530.2224,1.0,2.0022988355675966,0.4731036598659175,0.5167553575495462,0.010140982584536428,76.04295908832697,2,23.35,副口径网页c4,指数型,32768
16039743002.706533,1235459117620.8179,1.0,1.9968039931203228,0.47334417245319604,0.5170180614315443,0.009637766115259613,77.02486987555521,2,23.4,副口径网页c4,指数型,32768
16886291851.937166,1317350617015.6758,1.0,1.991407053653918,0.47357298563278033,0.5172679864404983,0.009159027926721597,78.0130195881076,2,23.45,副口径网页c4,指数型,32768
17778012688.205517,1404597920311.889,1.0,1.9861061946529257,0.47379064710849395,0.5175057308150377,0.008703622076468461,79.00758903405118,2,23.5,副口径网页c4,指数型,32768
18717312690.955738,1497550473910.703,1.0,1.9808996325185082,0.4739976789132357,0.5177318647542969,0.008270456332467552,80.00883987124519,2,23.55,副口径网页c4,指数型,32768
19706736556.293636,1596579787242.2156,1.0,1.9757856214409801,0.4741945825473279,0.5179469360303615,0.007858481422310834,81.01695492206315,2,23.6,副口径网页c4,指数型,32768
20748954813.3702,1702082380588.462,1.0,1.9707624523194358,0.47438183569807063,0.518151466405146,0.007466697896783496,82.03219853231715,2,23.65,副口径网页c4,指数型,32768
21846788156.631115,1814480005287.445,1.0,1.965828451726085,0.4745598965448276,0.518345956332697,0.00709414712247548,83.05477181718811,2,23.7,副口径网页c4,指数型,32768
23003205843.89098,1934222058076.2656,1.0,1.960981980913038,0.4747292026030143,0.518530883696519,0.006739913700466727,84.08489108877586,2,23.75,副口径网页c4,指数型,32768
24221330431.809902,2061787661367.2336,1.0,1.95622143485938,0.474890171227148,0.5187067043590396,0.006403124413812375,85.12280806257799,2,23.8,副口径网页c4,指数型,32768
25504461200.86961,2197686317619.0564,1.0,1.9515452413565002,0.47504320236745723,0.5188738551725613,0.006082942459981568,86.16870202865228,2,23.85,副口径网页c4,指数型,32768
26856063648.55624,2342461573865.567,1.0,1.9469518601297278,0.47518867671020765,0.5190327519480029,0.005778571341789463,87.22281882108571,2,23.9,副口径网页c4,指数型,32768
28279795973.491554,2496691737584.0195,1.0,1.9424397819944448,0.4753269585023393,0.5191837925401551,0.005489248957505749,88.285351843568,2,23.95,副口径网页c4,指数型,32768
29779506626.82165,2660993239361.4814,1.0,1.938007528044928,0.4754583948329571,0.519327356062878,0.005214249104165055,89.35652536851607,2,24.0,副口径网页c4,指数型,32768
31359247173.714684,2836022895989.866,1.0,1.9336536488742695,0.47558331671642223,0.5194638040721241,0.004952879211453721,90.43657458610869,2,24.05,副口径网页c4,指数型,32768
33023295104.502434,3022479462285.659,1.0,1.9293767238238133,0.47570204062260674,0.519593482237386,0.004704477140007258,91.5256776381946,2,24.1,副口径网页c4,指数型,32768
34776145624.032974,3221108189058.2305,1.0,1.9251753602606265,0.4758148675617867,0.5197167193421542,0.004468413096059055,92.6240712205955,2,24.15,副口径网页c4,指数型,32768
36622536891.81183,3432702630254.904,1.0,1.921048192881607,0.4759220847680475,0.519833829122646,0.004244086109306618,93.73197275752891,2,24.2,副口径网页c4,指数型,32768
38567469106.68161,3658107199002.081,1.0,1.9169938830429016,0.47602396650373746,0.5199451111464823,0.004030922349780386,94.84955284162874,2,24.25,副口径网页c4,指数型,32768
40616192689.742065,3898222906393.0684,1.0,1.9130111181133809,0.476120773271147,0.5200508499516315,0.0038283767772216283,95.97706353647457,2,24.3,副口径网页c4,指数型,32768
42774257823.91632,4154007626339.595,1.0,1.9090986108509889,0.4762127541937441,0.5201513176473535,0.0036359281589024924,97.11466282921617,2,24.35,副口径网页c4,指数型,32768
45047483952.675934,4426484262702.657,1.0,1.9052550988008443,0.4763001454752131,0.5202467722310594,0.003453082293727429,98.26263032476673,2,24.4,副口径网页c4,指数型,32768
47442035814.24996,4716739004613.53,1.0,1.9014793437140436,0.47638317341700137,0.5203374608842767,0.0032793656987218215,99.42109194219663,2,24.45,副口径网页c4,指数型,32768
49964375262.91512,5025931964047.15,1.0,1.897770130986154,0.4764620523882032,0.5204236177552215,0.0031143298565753266,100.59030934741877,2,24.5,副口径网页c4,指数型,32768
52621323859.54464,5355297404805.532,1.0,1.8941262691144665,0.4765369870249256,0.5205054663610921,0.0029575466139822384,101.77048033036458,2,24.55,副口径网页c4,指数型,32768
55420069139.77488,5706149830788.998,1.0,1.8905465891731053,0.4766081721731932,0.5205832195257064,0.002808608301100493,102.96179559786411,2,24.6,副口径网页c4,指数型,32768
58368186282.1336,6079888983866.159,1.0,1.8870299443051592,0.4766757933634495,0.5206570798977838,0.002667126738766638,104.16443222131099,2,24.65,副口径网页c4,指数型,32768
61473632861.553246,6478008104634.49,1.0,1.883575209231032,0.47674002669584126,0.5207272398256442,0.002532733478514435,105.37864451941243,2,24.7,副口径网页c4,指数型,32768
64744812962.70859,6902095486985.473,1.0,1.8801812797722732,0.4768010402269815,0.5207938828719244,0.002405076901094296,106.60460925203242,2,24.75,副口径网页c4,指数型,32768
68190568877.32932,7353844020823.279,1.0,1.8768470723901618,0.47685899365657725,0.5208571834712907,0.0022838228721320654,107.84253807960448,2,24.8,副口径网页c4,指数型,32768
71820218890.10222,7835056493334.61,1.0,1.8735715237383892,0.47691403899562335,0.5209173076602863,0.0021686533440902433,109.09262898966722,2,24.85,副口径网页c4,指数型,32768
75643584986.82329,8347652476451.602,1.0,1.870353590229199,0.47696632092811003,0.5209744134724104,0.0020592655994795582,110.35506154164584,2,24.9,副口径网页c4,指数型,32768
79671001486.45647,8893677937856.883,1.0,1.8671922476123854,0.4770159769082211,0.5210286510442863,0.001955372047492502,111.63005073268407,2,24.95,副口径网页c4,指数型,32768
83913350483.2791,9475312627029.645,1.0,1.864086490566594,0.47706313764634706,0.5210801631465167,0.0018566992071362238,112.91782025695342,2,25.0,副口径网页c4,指数型,32768
88382097608.54637,10094878069871.645,1.0,1.8610353323023796,0.47710792750169134,0.5211290856125141,0.0017629868857943797,114.21858434026905,2,25.05,副口径网页c4,指数型,32768
93089353788.61115,10754843263098.38,1.0,1.858037804176526,0.47715046503008157,0.521175547936857,0.001673987033061451,115.53247310665255,2,25.1,副口径网页c4,指数型,32768
98047819280.26842,11457844653440.268,1.0,1.8550929553171431,0.47719086244405706,0.521219672685562,0.0015894648703808922,116.8597602429909,2,25.15,副口径网页c4,指数型,32768
103270925109.38145,12206684377549.676,1.0,1.8521998522590983,0.47722922687184566,0.5212615768712213,0.0015091962569330174,118.20059096614776,2,25.200000000000003,副口径网页c4,指数型,32768
108772772410.16342,13004352669635.16,1.0,1.849357578589351,0.4772656598137518,0.521301371359234,0.0014329688270141034,119.55521939440858,2,25.25,副口径网页c4,指数型,32768
114568257181.13353,13854029630168.11,1.0,1.8465652346017873,0.477300258043183,0.5213391618519674,0.0013605801048496512,120.92380534570543,2,25.3,副口径网页c4,指数型,32768
120673021074.08875,14759108557530.047,1.0,1.8438219369611755,0.47733311326212224,0.5213750485124408,0.00129183822543698,122.30661357577601,2,25.35,副口径网页c4,指数型,32768
127103617459.90974,15723194518514.508,1.0,1.8411268183758815,0.47736431303416654,0.5214091269834523,0.0012265599823812524,123.70375314828331,2,25.4,副口径网页c4,指数型,32768
133877389027.64633,16750139090067.139,1.0,1.8384790272789964,0.4773939401248116,0.5214414876669943,0.0011645722081942073,125.11551959388865,2,25.450000000000003,副口径网页c4,指数型,32768
141012671393.8253,17844036551212.348,1.0,1.835877727517566,0.47742207350663834,0.5214722168221843,0.0011057096711773295,126.54207862906786,2,25.5,副口径网页c4,指数型,32768
148528765753.93198,19009249583503.367,1.0,1.8333220980495977,0.4774487881607292,0.5215013963483592,0.001049815490911568,127.98362315213771,2,25.55,副口径网页c4,指数型,32768
156445984508.61108,20250427601376.72,1.0,1.8308113326485704,0.47747415527528103,0.5215291040020137,0.0009967407227054346,129.4403794701557,2,25.6,副口径网页c4,指数型,32768
164785751990.4639,21572519434726.55,1.0,1.8283446396151628,0.4774982425831634,0.5215554137655033,0.0009463436513331694,130.9125283839767,2,25.65,副口径网页c4,指数型,32768
173570593550.71375,22980801969501.688,1.0,1.8259212414959398,0.4775211143248173,0.5215803958065205,0.0008984898686623513,132.4003190827781,2,25.700000000000003,副口径网页c4,指数型,32768
182824252217.2192,24480894036770.156,1.0,1.823540374808754,0.4775428315925194,0.5216041168541227,0.0008530515533578696,133.9039746635126,2,25.75,副口径网页c4,指数型,32768
192571803726.97037,26078771833094.223,1.0,1.8212012897746181,0.4775634525678183,0.5216266404580756,0.0008099069741061255,135.4236255172065,2,25.8,副口径网页c4,指数型,32768
202839569843.27835,27780813402558.094,1.0,1.8189032500558353,0.47758303232556165,0.5216480267748002,0.0007689408996381527,136.95953616950882,2,25.85,副口径网页c4,指数型,32768
213655310684.66742,29593807980855.92,1.0,1.816645532500165,0.47760162326499017,0.52166833303824,0.0007300436967697662,138.5119231814146,2,25.9,副口径网页c4,指数型,32768
225048290409.01483,31524984135527.31,1.0,1.8144274268908296,0.47761927519948577,0.5216876136578917,0.0006931111426226027,140.0809758573687,2,25.950000000000003,副口径网页c4,指数型,32768
237049273193.42682,33582050187610.58,1.0,1.8122482357021652,0.47763603535909627,0.5217059202215621,0.0006580444193416729,141.6669611984357,2,26.0,副口径网页c4,指数型,32768
14383463.918315247,215817404.29495504,0.8891705306810411,5.185009571253139,0.1862521108572564,0.8137478891427437,0.0,15.004550052796601,0,17.0,副口径网页c4,指数型,131072
15151099.569146354,229882441.4039007,0.8891705306810411,5.124142957323891,0.1862521108572564,0.8137478891427438,0.0,15.17265729492218,0,17.05,副口径网页c4,指数型,131072
15959702.558591373,244864124.18787217,0.8891705306810411,5.0643428831278925,0.1862521108572564,0.8137478891427437,0.0,15.342649606966374,0,17.1,副口径网页c4,指数型,131072
16811459.365975752,260822190.41174757,0.8891705306810411,5.005590660143985,0.18625211085725638,0.8137478891427438,0.0,15.51454782918004,0,17.15,副口径网页c4,指数型,131072
17708676.098771736,277820224.8930889,0.8891705306810411,4.947867927321988,0.1862521108572564,0.8137478891427438,0.0,15.688367856722973,0,17.2,副口径网页c4,指数型,131072
18653774.602128245,295926071.15555567,0.8891705306810411,4.891156645344585,0.1862521108572564,0.8137478891427438,0.0,15.864138892393012,0,17.25,副口径网页c4,指数型,131072
19649313.38880043,315211877.487031,0.8891705306810411,4.835439090989732,0.1862521108572564,0.8137478891427435,0.0,16.041877456476065,0,17.3,副口径网页c4,指数型,131072
20697982.624788225,335754571.864852,0.8891705306810411,4.780697851591844,0.18625211085725638,0.8137478891427437,0.0,16.22160854762469,0,17.35,副口径网页c4,指数型,131072
21802617.82718568,357636067.53604615,0.8891705306810411,4.726915819600062,0.18625211085725638,0.8137478891427437,0.0,16.403354421509412,0,17.4,副口径网页c4,指数型,131072
22966207.97784908,380943580.7153133,0.8891705306810411,4.674076187231834,0.1862521108572564,0.8137478891427437,0.0,16.587134501382796,0,17.45,副口径网页c4,指数型,131072
24191899.54753538,405770044.47694045,0.8891705306810411,4.622162441220232,0.1862521108572564,0.8137478891427438,0.0,16.77297161719901,0,17.5,副口径网页c4,指数型,131072
25483002.48172939,432214523.86122745,0.8891705306810411,4.571158357653259,0.1862521108572564,0.8137478891427438,0.0,16.96089478353712,0,17.55,副口径网页c4,指数型,131072
26843011.884193435,460382396.62331676,0.8891705306810411,4.521047996903617,0.18625211085725638,0.8137478891427438,0.0,17.150921759804977,0,17.6,副口径网页c4,指数型,131072
28275602.698831394,490386021.767904,0.8891705306810411,4.471815698647305,0.1862521108572564,0.8137478891427438,0.0,17.34307936743542,0,17.65,副口径网页c4,指数型,131072
29784652.685061466,522344965.0665595,0.8891705306810411,4.423446076969492,0.18625211085725638,0.8137478891427438,0.0,17.537386471810105,0,17.7,副口径网页c4,指数型,131072
31374236.559850782,556386759.3461505,0.8891705306810411,4.37592401555619,0.1862521108572564,0.8137478891427438,0.0,17.73387404295127,0,17.75,副口径网页c4,指数型,131072
33048656.956009656,592647064.9359506,0.8891705306810411,4.32923466297013,0.1862521108572564,0.8137478891427439,0.0,17.932561245221255,0,17.8,副口径网页c4,指数型,131072
34812439.58178366,631270499.367889,0.8891705306810411,4.2833634280094515,0.18625211085725643,0.8137478891427439,0.0,18.133474900110553,0,17.85,副口径网页c4,指数型,131072
36670355.148435615,672411042.6167436,0.8891705306810411,4.238295975147707,0.18625211085725638,0.8137478891427438,0.0,18.336638407098413,0,17.9,副口径网页c4,指数型,131072
38627424.8537712,716232785.2094852,0.8891705306810411,4.194018220053758,0.18625211085725635,0.8137478891427437,0.0,18.542079569654753,0,17.95,副口径网页c4,指数型,131072
40688943.20327438,762910413.3063682,0.8891705306810411,4.15051632519021,0.18625211085725638,0.8137478891427437,0.0,18.749821284249386,0,18.0,副口径网页c4,指数型,131072
42860482.85679099,812630079.4479024,0.8891705306810411,4.107776695488933,0.1862521108572564,0.8137478891427439,0.0,18.95989091310823,0,18.05,副口径网页c4,指数型,131072
45147914.22982978,865590062.3480815,0.8891705306810411,4.065785974102382,0.18625211085725638,0.8137478891427438,0.0,19.1723156454518,0,18.1,副口径网页c4,指数型,131072
47557424.213768505,922001502.0456947,0.8891705306810411,4.0245310382293615,0.18625211085725638,0.8137478891427438,0.0,19.387120250696064,0,18.15,副口径网页c4,指数型,131072
50095525.74919421,982089378.7902337,0.8891705306810411,3.9839989950139185,0.18625211085725643,0.8137478891427437,0.0,19.604333203470386,0,18.2,副口径网页c4,指数型,131072
52769091.14424116,1046093103.0894829,0.8891705306810411,3.9441771775161305,0.18625211085725638,0.8137478891427438,0.0,19.82397423199975,0,18.25,副口径网页c4,指数型,131072
55585339.46930277,1114268082.8701844,0.8891705306810411,3.9050531407534605,0.18625211085725638,0.8137478891427438,0.0,20.046078579506442,0,18.3,副口径网页c4,指数型,131072
58551890.98427906,1186886055.741191,0.8891705306810411,3.8666146578114944,0.1862521108572564,0.8137478891427438,0.0,20.27066992695189,0,18.35,副口径网页c4,指数型,131072
61676759.901182346,1264236726.1508021,0.8891705306810411,3.828849716022832,0.1862521108572564,0.8137478891427438,0.0,20.497781144410713,0,18.4,副口径网页c4,指数型,131072
64968400.617844,1346628425.4089363,0.8891705306810411,3.7917465132129182,0.1862521108572564,0.8137478891427437,0.0,20.72743691706451,0,18.45,副口径网页c4,指数型,131072
68435724.19586933,1434389461.1664832,0.8891705306810411,3.755293454011677,0.18625211085725638,0.8137478891427438,0.0,20.9596592718319,0,18.5,副口径网页c4,指数型,131072
72088085.6748573,1527870199.5046349,0.8891705306810411,3.7194791462297565,0.18625211085725635,0.8137478891427437,0.0,21.194489841162774,0,18.55,副口径网页c4,指数型,131072
75935375.2950185,1627443085.0997403,0.8891705306810411,3.6842923972982886,0.1862521108572564,0.8137478891427438,0.0,21.431948927320356,0,18.6,副口径网页c4,指数型,131072
79987992.55471122,1733505227.1858826,0.8891705306810411,3.6497222107710154,0.1862521108572564,0.8137478891427438,0.0,21.672068166983653,0,18.65,副口径网页c4,指数型,131072
84256886.68013209,1846479733.5036838,0.8891705306810411,3.615757782887716,0.1862521108572564,0.8137478891427439,0.0,21.914882050099376,0,18.7,副口径网页c4,指数型,131072
88753621.07123913,1966816631.907724,0.8891705306810411,3.582388499197863,0.1862521108572564,0.8137478891427438,0.0,22.16040999982452,0,18.75,副口径网页c4,指数型,131072
93490332.95860541,2094996233.8594258,0.8891705306810411,3.549603931243416,0.1862521108572564,0.8137478891427437,0.0,22.408693685870436,0,18.8,副口径网页c4,指数型,131072
98479850.24712738,2231529197.4814987,0.8891705306810411,3.5173938332997627,0.18625211085725638,0.8137478891427438,0.0,22.65975417186006,0,18.85,副口径网页c4,指数型,131072
103735648.61325543,2376960289.7470193,0.8891705306810411,3.485748139173756,0.18625211085725638,0.8137478891427438,0.0,22.913630189065877,0,18.9,副口径网页c4,指数型,131072
109271937.42670456,2531869457.063859,0.8891705306810411,3.4546569590578557,0.18625211085725643,0.8137478891427438,0.0,23.170353859261812,0,18.95,副口径网页c4,指数型,131072
115103699.61356698,2696874086.6215005,0.8891705306810411,3.424110576439412,0.1862521108572564,0.8137478891427438,0.0,23.429951388839868,0,19.0,副口径网页c4,指数型,131072
121246700.87036282,2872632190.3248744,0.8891705306810411,3.39409944506408,0.1862521108572564,0.8137478891427437,0.0,23.692456534518804,0,19.05,副口径网页c4,指数型,131072
127717551.55865967,3059844588.01148,0.8891705306810411,3.3646141859524628,0.1862521108572564,0.8137478891427438,0.0,23.957902032017245,0,19.1,副口径网页c4,指数型,131072
134533749.79697984,3259257741.9932437,0.8891705306810411,3.3356455844690225,0.18625211085725638,0.8137478891427437,0.0,24.226320509996004,0,19.15,副口径网页c4,指数型,131072
141713714.19732997,3471667088.9515967,0.8891705306810411,3.3071845874423462,0.1862521108572564,0.8137478891427439,0.0,24.49774962582278,0,19.2,副口径网页c4,指数型,131072
149276873.412624,3697919244.979493,0.8891705306810411,3.279222300335893,0.1862521108572564,0.8137478891427437,0.0,24.772217962777674,0,19.25,副口径网页c4,指数型,131072
157243674.98511085,3938916439.8512764,0.8891705306810411,3.2517499844682916,0.1862521108572564,0.8137478891427438,0.0,25.049760762868498,0,19.3,副口径网页c4,指数型,131072
165635652.51282802,4195619837.4101257,0.8891705306810411,3.2247590542823583,0.18625211085725638,0.8137478891427435,0.0,25.33041512355069,0,19.35,副口径网页c4,指数型,131072
174475495.49439946,4469053077.975798,0.8891705306810411,3.1982410746619725,0.18625211085725643,0.8137478891427439,0.0,25.61421628471175,0,19.4,副口径网页c4,指数型,131072
183787134.897119,4760305724.027895,0.8891705306810411,3.1721877582959523,0.18625211085725635,0.8137478891427438,0.0,25.901191216091572,0,19.45,副口径网页c4,指数型,131072
197339869.51265332,4860742710.169771,0.9006967954902129,3.14648034045265,0.1819988821807144,0.7951652495063533,0.02283586831293218,24.63132626049549,1,19.5,副口径网页c4,指数型,131072
212669798.9029104,4918616331.238113,0.9160189696235589,3.1208449272737893,0.17688867068480854,0.7728383947999743,0.05027293451521716,23.127949321490618,1,19.55,副口径网页c4,指数型,131072
228384528.2930135,5011637220.790259,0.930655386415494,3.0953200946998365,0.17250335899067876,0.7536786756542084,0.07381796535511309,21.94385608450855,1,19.6,副口径网页c4,指数型,131072
244587319.30672708,5133938427.22341,0.9447584363863314,3.0699486899876023,0.1686692226173365,0.7369270782299843,0.09440369915267917,20.990206858537686,1,19.65,副口径网页c4,指数型,131072
261360260.98418486,5282017986.237777,0.9584320221635579,3.0447637545455857,0.16526872674888643,0.7220700850810013,0.11266118817011231,20.209721119605845,1,19.7,副口径网页c4,指数型,131072
278776902.0935812,5453623741.842156,0.9717592658491628,3.0197912478612756,0.162215821298938,0.7087317376431468,0.12905244105791536,19.562681487906975,1,19.75,副口径网页c4,指数型,131072
296900811.6146139,5647541501.449301,0.9847955821778054,2.995051810590147,0.1594490977949283,0.6966437382058949,0.143907163999177,19.02164386394463,1,19.8,副口径网页c4,指数型,131072
315797189.90708387,5862921730.996202,0.997596385884145,2.97056196781197,0.15691830488723973,0.6855865352726763,0.15749515984008408,18.5654651731424,1,19.85,副口径网页c4,指数型,131072
331056056.7337998,6292065342.088074,1.0,2.9464205671213737,0.15734248763694988,0.68743981798501,0.1552176943780402,19.00604207083722,2,19.9,副口径网页c4,指数型,131072
346009248.6711438,6800331416.973546,1.0,2.922795393125688,0.15840505498230595,0.6920822455546934,0.1495126994630006,19.653611697058302,2,19.95,副口径网页c4,指数型,131072
361727137.15795046,7346278192.417229,1.0,2.899677055442603,0.15944089075853804,0.69660788111677,0.14395122812469213,20.30889429567301,2,20.0,副口径网页c4,指数型,131072
378251110.1266422,7932461094.811344,1.0,2.8770517907612785,0.1604498858451727,0.7010162479166159,0.13853386623821148,20.971415238293623,2,20.05,副口径网页c4,指数型,131072
395624551.07785106,8561602452.453544,1.0,2.8549062969938417,0.16143196864689632,0.7053070331495331,0.13326099820357043,21.640725857705405,2,20.1,副口径网页c4,指数型,131072
413893475.6671914,9236592611.83575,1.0,2.833227717739346,0.1623871351521043,0.7094802192885539,0.12813264555934187,22.316352285926886,2,20.15,副口径网页c4,指数型,131072
433106172.98956335,9960509780.694277,1.0,2.8120036271475324,0.16331541933533036,0.7135359547706808,0.1231486258939889,22.99784764539548,2,20.2,副口径网页c4,指数型,131072
453313602.8094255,10736627013.67019,1.0,2.7912220151750624,0.1642169069532658,0.7174746142726152,0.11830847877411914,23.68476689675669,2,20.25,副口径网页c4,指数型,131072
474569414.5990863,11568427185.444973,1.0,2.7708712732275287,0.16509172782069195,0.7212967649637912,0.1136115072155168,24.376680901819007,2,20.3,副口径网页c4,指数型,131072
496930306.7052719,12459611894.746641,1.0,2.7509401801813356,0.16594006248347426,0.7250031956611313,0.10905674185539456,25.073157596999625,2,20.35,副口径网页c4,指数型,131072
520455703.1768786,13414126257.231205,1.0,2.7314178887800744,0.16676212171379995,0.7285948272423729,0.10464305104382736,25.773809712048386,2,20.4,副口径网页c4,指数型,131072
545208569.5591096,14436159837.123354,1.0,2.7122939124005527,0.167558168921926,0.7320728105644896,0.10036902051358444,26.478233547938093,2,20.45,副口径网页c4,指数型,131072
571254926.3711871,15530177898.567266,1.0,2.6935581121840406,0.16832849456056487,0.7354384146347454,0.09623309080468993,27.186072594980384,2,20.5,副口径网页c4,指数型,131072
598664596.4981508,16700925674.523691,1.0,2.67520068452861,0.16907343240368672,0.7386930977338676,0.0922334698624459,27.896965633536137,2,20.55,副口径网页c4,指数型,131072
627510943.4214188,17953457804.026386,1.0,2.657212148938691,0.16979334326409398,0.7418384362770443,0.08836822045886185,28.61058917337374,2,20.6,副口径网页c4,指数型,131072
657871377.2509754,19293150708.453888,1.0,2.6395833362281285,0.1704886212671763,0.7448761522243776,0.08463522650844611,29.326630365153623,2,20.65,副口径网页c4,指数型,131072
689827294.9252225,20725730798.054493,1.0,2.6223053770730824,0.1711596846746857,0.7478080729893469,0.08103224233596742,30.04481114407218,2,20.7,副口径网页c4,指数型,131072
723464573.8583022,22257289924.45411,1.0,2.6053696909111683,0.17180697966650765,0.7506361479616164,0.07755687237187602,30.764864968790334,2,20.75,副口径网页c4,指数型,131072
758873673.3450958,23894312841.923374,1.0,2.5887679751831087,0.1724309744584625,0.7533624228073199,0.0742066027342177,31.486548659143562,2,20.8,副口径网页c4,指数型,131072
796149840.1005772,25643704110.935078,1.0,2.5724921949131314,0.17303215622875473,0.7559890260405113,0.07097881773073393,32.20964549549557,2,20.85,副口径网页c4,指数型,131072
835393319.5078956,27512817096.355476,1.0,2.556534572624145,0.17361102827560462,0.7585181566046684,0.06787081511972713,32.93396829239959,2,20.9,副口径网页c4,指数型,131072
876709829.3330386,29509477150.02861,1.0,2.5408875785835354,0.17416811070122964,0.7609520868610524,0.06487980243771808,33.6593433342456,2,20.95,副口径网页c4,指数型,131072
920210871.160689,31642011462.49795,1.0,2.5255439213752084,0.1747039375990905,0.7632931502995995,0.062002912101310086,34.3856092708261,2,21.0,副口径网页c4,指数型,131072
966013370.0945657,33919303520.018303,1.0,2.510496538793217,0.17521904695418672,0.7655436974126388,0.05923725563317453,35.112664658769525,2,21.05,副口径网页c4,指数型,131072
1014240982.4033152,36350796965.74041,1.0,2.4957385890520762,0.17571399074294247,0.7677061398219651,0.05657986943509243,35.84039453779973,2,21.1,副口径网页c4,指数型,131072
1065023823.2370714,38946552372.776146,1.0,2.481263442308547,0.1761893250959278,0.7697829072991151,0.05402776760495724,36.56871473015562,2,21.15,副口径网页c4,指数型,131072
1118498842.9250047,41717286995.55832,1.0,2.4670646724894136,0.1766456091418183,0.7717764427145469,0.05157794814363493,37.297568307234684,2,21.2,副口径网页c4,指数型,131072
1174810441.9252763,44674409070.77018,1.0,2.453136049419488,0.1770834053419085,0.7736892034991545,0.04922739115893708,38.02690840707704,2,21.25,副口径网页c4,指数型,131072
1234110495.5261078,47830076287.27884,1.0,2.439471531243766,0.17750327474770894,0.7755236409243902,0.046973084327901066,38.75672110453013,2,21.3,副口径网页c4,指数型,131072
1296559037.553743,51197234862.06664,1.0,2.4260652571374592,0.1779057777619162,0.777282203426996,0.044812018811087886,39.48700628292408,2,21.35,副口径网页c4,指数型,131072
1362325117.491397,54789654662.07248,1.0,2.4129115402973165,0.17829147477809415,0.7789673394038119,0.04274118581809398,40.2177526925165,2,21.4,副口径网页c4,指数型,131072
1431585907.2893257,58622035358.167244,1.0,2.400004861207462,0.178660916679021,0.7805814556984214,0.04075762762255764,40.94901679296822,2,21.45,副口径网页c4,指数型,131072
1504528829.3191726,62710002426.94768,1.0,2.3873398611727756,0.17901465338055292,0.7821269549298611,0.038858391689585985,41.68082472392711,2,21.5,副口径网页c4,指数型,131072
1581350706.8712776,67070221895.260994,1.0,2.374911336112632,0.17935322514156313,0.7836061975251656,0.03704057733327133,42.413249384736595,2,21.55,副口径网页c4,指数型,131072
1662259087.5241742,71720436179.41,1.0,2.3627142306077014,0.1796771657762458,0.7850215157541361,0.03530131846961796,43.14636431690855,2,21.6,副口径网页c4,指数型,131072
1747472789.1130095,76679534715.88591,1.0,2.3507436321923865,0.17998700120496713,0.7863752073979152,0.033637791397117735,43.88024534265124,2,21.65,副口径网页c4,指数型,131072
1837221979.4916778,81967650697.74275,1.0,2.338994765885342,0.180283246697202,0.7876695237031888,0.03204722959960911,44.61499569062501,2,21.7,副口径网页c4,指数型,131072
1931749323.160304,87606219595.95152,1.0,2.327462988950531,0.18056640815272956,0.7889066749798189,0.03052691686745146,45.35071841134618,2,21.75,副口径网页c4,指数型,131072
2031310284.0294921,93618079700.59216,1.0,2.3161437858811493,0.18083698024649097,0.7900888224956023,0.029074197257906866,46.08753297644061,2,21.8,副口径网页c4,指数型,131072
2136173751.1929176,100027566773.01337,1.0,2.3050327635988115,0.18109544593623678,0.7912180763251475,0.027686477738615756,46.82557620472319,2,21.85,副口径网页c4,指数型,131072
2246623443.56224,106860580573.01097,1.0,2.294125646860371,0.18134227767290526,0.7922965006381015,0.02636122168899336,47.56497172644701,2,21.9,副口径网页c4,指数型,131072
2362957664.5259724,114144734060.15083,1.0,2.2834182738647937,0.18157793456744992,0.7933261013208266,0.0250959641117236,48.30587351341699,2,21.95,副口径网页c4,指数型,131072
2485491188.046123,121909413988.32648,1.0,2.2729065920525935,0.1818028645247113,0.7943088352994322,0.02388830017585649,49.04841931230545,2,22.0,副口径网页c4,指数型,131072
2614554892.8511357,130185955277.67345,1.0,2.2625866540903687,0.18201750160882932,0.7952465990290826,0.022735899362088103,49.79277950278851,2,22.05,副口径网页c4,指数型,131072
2750498189.8419104,139007692876.80322,1.0,2.2524546140331623,0.18222226863473232,0.7961412398163878,0.021636491548880008,50.53909629542164,2,22.1,副口径网页c4,指数型,131072
2893688403.892574,148410169934.86017,1.0,2.2425067236574154,0.18241757441212353,0.7969945437781952,0.020587881809681446,51.28754351547306,2,22.15,副口径网页c4,指数型,131072
3044512398.0067997,158431250168.80283,1.0,2.2327393289574755,0.18260381494413136,0.7978082410785727,0.01958794397729603,52.038300212712414,2,22.2,副口径网页c4,指数型,131072
3203378398.956706,169111228802.92023,1.0,2.223148866798759,0.1827813742801338,0.7985840096548565,0.018634616065009633,52.791524366274466,2,22.25,副口径网页c4,指数型,131072
3370715522.573377,180493073584.46252,1.0,2.2137318617208135,0.18295062266766104,0.799323467143189,0.017725910189150068,53.54740629273421,2,22.3,副口径网页c4,指数型,131072
3546976366.486349,192622523124.37955,1.0,2.2044849228837315,0.18311191833710896,0.8000281786760515,0.016859902986839693,54.30611969799852,2,22.35,副口径网页c4,指数型,131072
3732637456.487766,205548309260.5793,1.0,2.19540474115154,0.183265606750226,0.8006996535988541,0.01603473965091999,55.06784724118117,2,22.4,副口径网页c4,指数型,131072
3928200826.223198,219322336283.01898,1.0,2.186488086306364,0.18341202106478097,0.8013393475000992,0.015248631435119998,55.8327707735575,2,22.45,副口径网页c4,指数型,131072
4134195333.9680433,233999889935.19003,1.0,2.1777318043873946,0.1835514822694452,0.8019486628006909,0.014499854929864027,56.60107252614852,2,22.5,副口径网页c4,指数型,131072
4351177612.443886,249639884958.9459,1.0,2.169132815148852,0.18368429911048734,0.80252894843366,0.013786752455852766,57.37294755447433,2,22.55,副口径网页c4,指数型,131072
4579735008.704205,266305019498.5799,1.0,2.1606881096313715,0.18381076921005754,0.803081504730022,0.013107726059920522,58.148565144586506,2,22.6,副口径网页c4,指数型,131072
4820484487.443653,284062177464.7976,1.0,2.152394747841426,0.18393117777324763,0.8036075777698372,0.01246124445691546,58.92813848996294,2,22.65,副口径网页c4,指数型,131072
5074078193.395223,302982472285.6103,1.0,2.144249856533601,0.18404579994733544,0.8041083696899048,0.011845830362759862,59.711825623813525,2,22.7,副口径网页c4,指数型,131072
5341201083.399767,323141768815.9517,1.0,2.1362506270907606,0.18415489899561444,0.8045850307051059,0.011260070299280027,60.499832110845446,2,22.75,副口径网页c4,指数型,131072
5622575426.853873,344620833107.46094,1.0,2.1283943134973224,0.18425872792477582,0.8050386662185406,0.010702605856683839,61.292345045568275,2,22.8,副口径网页c4,指数型,131072
5918962588.60495,367505662040.5963,1.0,2.1206782304010736,0.1843575295764568,0.8054703372215115,0.010172133202031794,62.089539600758705,2,22.85,副口径网页c4,指数型,131072
6231162761.644545,391887968934.1906,1.0,2.113099751259147,0.18445153617938775,0.8058810583368239,0.009667405483788546,62.89162776270709,2,22.9,副口径网页c4,指数型,131072
6560022231.283488,417865234643.7663,1.0,2.105656306563987,0.18454097123422566,0.8062718060537475,0.009187222712026934,63.69875282602658,2,22.95,副口径网页c4,指数型,131072
6906427914.308476,445541578207.93677,1.0,2.0983453821452938,0.18462604756322087,0.806643510206883,0.00873044222989636,64.51114581025027,2,23.0,副口径网页c4,指数型,131072
7271316948.720763,475027724428.7887,1.0,2.0911645175441502,0.18470696968528055,0.8069970643529698,0.008295965961749842,65.32898067555148,2,23.05,副口径网页c4,指数型,131072
7655678211.261778,506441500613.41626,1.0,2.0841113044556825,0.18478393359298143,0.8073333247966421,0.00788274161037661,66.15240173867582,2,23.1,副口径网页c4,指数型,131072
8060547672.745408,539908785717.1047,1.0,2.077183385236811,0.18485712565052267,0.8076531057755104,0.007489768573967135,66.9816503340911,2,23.15,副口径网页c4,指数型,131072
8487022618.908143,575563266779.081,1.0,2.0703784514757877,0.18492672516996442,0.8079571907159192,0.00711608411411636,67.81686495058821,2,23.2,副口径网页c4,指数型,131072
8936254676.436367,613547625188.8176,1.0,2.0636942426203997,0.18499290282026012,0.8082463252819045,0.006760771897835456,68.65825196395258,2,23.25,副口径网页c4,指数型,131072
9409460236.373451,654013618295.0271,1.0,2.057128544661854,0.1850558221611003,0.808521224076658,0.006422953762241595,69.50596547152145,2,23.3,副口径网页c4,指数型,131072
9907915803.087753,697123226032.233,1.0,2.0506791888715283,0.1851156388058577,0.8087825669853795,0.006101794208762797,70.36022912255451,2,23.35,副口径网页c4,指数型,131072
10432973759.340721,743048445288.597,1.0,2.04434405058791,0.18517250225256401,0.8090310071749357,0.005796490572500435,71.22115538950149,2,23.4,副口径网页c4,指数型,131072
10986050023.51777,791973089852.6752,1.0,2.038121048051166,0.18522655426027432,0.8092671640000892,0.005506281739636767,72.08897539673524,2,23.45,副口径网页c4,指数型,131072
11568640881.171228,844092616386.7693,1.0,2.0320081412829603,0.18527793063383588,0.8094916308012711,0.005230438564893072,72.96385332183567,2,23.5,副口径网页c4,指数型,131072
12182321373.23832,899615299260.8297,1.0,2.0260033310092136,0.1853267608342042,0.8097049732020272,0.004968265963768826,73.84596676599519,2,23.55,副口径网页c4,指数型,131072
12828751387.22654,958762929488.074,1.0,2.0201046576236563,0.18537316840474205,0.8099077309715451,0.004719100623713022,74.73548286567504,2,23.6,副口径网页c4,指数型,131072
13509682402.664083,1021771525736.134,1.0,2.0143102001901267,0.18541727133038097,0.8101004195938566,0.004482309075762589,75.63253489472429,2,23.65,副口径网页c4,指数型,131072
14226948544.43678,1088893304633.4692,1.0,2.008618075481672,0.18545918143146173,0.8102835276194852,0.004257290949053255,76.5373756172938,2,23.7,副口径网页c4,指数型,131072
14982494519.659399,1160395962434.7817,1.0,2.0030264370546402,0.18549900605575181,0.8104575240579834,0.004043469886264776,77.45011759638282,2,23.75,副口径网页c4,指数型,131072
15778360796.713327,1236565253617.7588,1.0,1.9975334743560031,0.18553684705581014,0.8106228539099716,0.0038402990342183813,78.37095814638353,2,23.8,副口径网页c4,指数型,131072
16616700940.486994,1317705232429.623,1.0,1.9921374118622963,0.1855728016860423,0.8107799420864311,0.0036472562275265677,79.30005102390706,2,23.85,副口径网页c4,指数型,131072
17499782522.475334,1404139839235.689,1.0,1.9868365082486188,0.1856069625395904,0.8109291931329732,0.0034638443274364983,80.23755937722785,2,23.9,副口径网页c4,指数型,131072
18429989674.636124,1496214485734.8167,1.0,1.9816290555862295,0.18563941765408143,0.8110709916918587,0.003289590654059851,81.18368551198645,2,23.95,副口径网页c4,指数型,131072
19409840975.349636,1594296516547.6306,1.0,1.976513378567368,0.18567025112246033,0.8112057051707707,0.0031240437067689467,82.13856664628918,2,24.0,副口径网页c4,指数型,131072
20441983794.794186,1698777673296.2134,1.0,1.9714878337559794,0.18569954283015863,0.8113336825944852,0.0029667745753561084,83.1023882197201,2,24.05,副口径网页c4,指数型,131072
21529210094.033688,1810074958532.4067,1.0,1.9665508088631245,0.1857273689280243,0.8114552566711334,0.0028173744008423256,84.07530748348385,2,24.1,副口径网页c4,指数型,131072
22674462335.065777,1928632422091.2566,1.0,1.961700722045903,0.18575380192633745,0.8115707442029635,0.002675453870699179,85.05747098173306,2,24.15,副口径网页c4,指数型,131072
23880830919.021782,2054923826943.3213,1.0,1.956936021228792,0.18577891064002444,0.8116804458469761,0.0025406435129994714,86.04909242527714,2,24.2,副口径网页c4,指数型,131072
25151586122.292336,2189452534998.512,1.0,1.9522551834463628,0.18580276086134642,0.8117846490539464,0.002412590084707303,87.05027684349331,2,24.25,副口径网页c4,指数型,131072
26490158009.813454,2332755983015.1265,1.0,1.9476567142063925,0.18582541490853188,0.8118836260963697,0.002290958995098424,88.0612332380555,2,24.3,副口径网页c4,指数型,131072
27900164349.945522,2485406240925.321,1.0,1.9431391468724433,0.18584693217094864,0.8119776364503527,0.0021754313786985814,89.08213621079167,2,24.35,副口径网页c4,指数型,131072
29385425628.178444,2648011800456.3403,1.0,1.93870104206504,0.18586736927772327,0.8120669275323248,0.0020657031899519716,90.11310007764847,2,24.4,副口径网页c4,指数型,131072
30949951518.938538,2821222123000.0405,1.0,1.9343409870806085,0.18588677988870883,0.8121517337857616,0.00196148632552959,91.15433092920067,2,24.45,副口径网页c4,指数型,131072
32597968793.100437,3005728732901.5894,1.0,1.9300575953274088,0.18590521509822303,0.812232278445143,0.0018625064566341447,92.20601295678799,2,24.5,副口径网页c4,指数型,131072
34333946792.191563,3202266652716.332,1.0,1.925849505777709,0.18592272367105084,0.8123087745670657,0.001768501761883632,93.26823601429392,2,24.55,副口径网页c4,指数型,131072
36162572515.63864,3411620729847.646,1.0,1.921715382435515,0.18593935175914,0.8123814237924667,0.0016792244483933778,94.34120673722197,2,24.6,副口径网页c4,指数型,131072
38088785086.49457,3634626797708.545,1.0,1.9176539138191901,0.18595514328282906,0.8124504180122323,0.001594438704938633,95.42511764170978,2,24.65,副口径网页c4,指数型,131072
40117796677.89853,3872174270188.6895,1.0,1.9136638124583438,0.18597014007944257,0.8125159400164232,0.0015139199041342422,96.52011303806039,2,24.7,副口径网页c4,指数型,131072
42255093061.31472,4125210958686.7656,1.0,1.9097438144044034,0.1859843818853555,0.8125781634159105,0.0014374546987340857,97.62636074900682,2,24.75,副口径网页c4,指数型,131072
44506457166.88868,4394746014972.146,1.0,1.9058926787543027,0.18599790650112855,0.812637253363864,0.0013648401350075127,98.74400917810395,2,24.8,副口径网页c4,指数型,131072
46877976829.685135,4681854718001.927,1.0,1.9021091871867701,0.18601074983280586,0.8126933667361844,0.0012958834310099906,99.8732247983274,2,24.85,副口径网页c4,指数型,131072
49376061608.40649,4987682745338.333,1.0,1.898392143510711,0.18602294599473398,0.8127466525807258,0.0012304014245402494,101.01418750030801,2,24.9,副口径网页c4,指数型,131072
52007469865.443115,5313449764626.863,1.0,1.8947403732252142,0.1860345274434319,0.8127972527021836,0.0011682198543846321,102.16704981753858,2,24.95,副口径网页c4,指数型,131072
54779306704.99244,5660456358394.678,1.0,1.8911527230907363,0.18604552496803597,0.8128453016203471,0.0011091734116170512,103.33201894792873,2,25.0,副口径网页c4,指数型,131072
57699076659.75658,6030085794903.607,1.0,1.887628060711038,0.18605596790910622,0.8128909275260792,0.0010531045648147397,104.50922517291194,2,25.05,副口径网页c4,指数型,131072
60774678762.151825,6423812091832.247,1.0,1.88416527412547,0.1860658841192861,0.8129342521094356,0.0009998637712784833,105.69882429115783,2,25.1,副口径网页c4,指数型,131072
64014413309.24925,6843207485046.008,1.0,1.8807632714112306,0.1860753000058536,0.8129753907455747,0.0009493092485716609,106.90104198857436,2,25.15,副口径网页c4,指数型,131072
67427051935.33514,7289943672862.708,1.0,1.8774209802952342,0.18608424074526597,0.8130144534321168,0.0009013058226172817,108.11600779838358,2,25.200000000000003,副口径网页c4,指数型,131072
71021816899.3269,7765803170016.8,1.0,1.874137347775244,0.18609273020995282,0.8130515444692981,0.0008557253207493627,109.3439102103624,2,25.25,副口径网页c4,指数型,131072
74808446630.27647,8272682031256.589,1.0,1.8709113397499453,0.18610079113356798,0.8130867631819675,0.0008124456844646097,110.58486579921136,2,25.3,副口径网页c4,指数型,131072
78797144782.09496,8812605901918.203,1.0,1.8677419406576523,0.18610844500402518,0.813120203452253,0.0007713515437218704,111.83915262778262,2,25.35,副口径网页c4,指数型,131072
82998727296.10265,9387724924940.459,1.0,1.8646281531233557,0.1861157123670676,0.8131519550458762,0.0007323325870564176,113.10685393342503,2,25.4,副口径网页c4,指数型,131072
87424560734.29333,10000332292361.303,1.0,1.8615689976138239,0.18612261268508554,0.8131821029953176,0.0006952843195969164,114.38813313291892,2,25.450000000000003,副口径网页c4,指数型,131072
92086580010.64407,10652875051580.502,1.0,1.8585635121005022,0.18612916439384294,0.8132107278476595,0.0006601077584979487,115.68325211283947,2,25.5,副口径网页c4,指数型,131072
96997401767.72493,11347954623987.049,1.0,1.8556107517299534,0.18613538507367391,0.8132379064125529,0.0006267085137733025,116.99235667323808,2,25.55,副口径网页c4,指数型,131072
102170311583.07855,12088342445080.83,1.0,1.8527097885015955,0.18614129141452737,0.8132637116094977,0.0005949969759750409,118.31560712478928,2,25.6,副口径网页c4,指数型,131072
107619304027.91685,12876990546052.291,1.0,1.849859710952514,0.18614689926714773,0.813288212691453,0.0005648880413994304,119.65316689570814,2,25.65,副口径网页c4,指数型,131072
113359105992.5289,13717045078275.459,1.0,1.8470596238491221,0.1861522236724309,0.8133114753730954,0.0005363009544737187,121.00523339677274,2,25.700000000000003,副口径网页c4,指数型,131072
119405250360.40976,14611854812906.084,1.0,1.8443086478854716,0.1861572789345789,0.8133335621504375,0.0005091589149835519,122.3719624455544,2,25.75,副口径网页c4,指数型,131072
125774036141.65466,15564994487263.758,1.0,1.841605919387999,0.18616207859172185,0.8133545321724722,0.0004833892358059946,123.7536375928453,2,25.8,副口径网页c4,指数型,131072
132482738008.54436,16580258786137.883,1.0,1.8389505900265377,0.18616663558116783,0.8133744419631611,0.00045892245567123247,125.15033305749277,2,25.85,副口径网页c4,指数型,131072
139549477512.41135,17661698959845.797,1.0,1.836341826531393,0.18617096213508016,0.813393344965641,0.0004356928992788458,126.56227221112303,2,25.9,副口径网页c4,指数型,131072
146993372487.31766,18813626638236.12,1.0,1.8337788104163217,0.1861750698896798,0.8134112920193369,0.00041363809098344406,127.98962510952207,2,25.950000000000003,副口径网页c4,指数型,131072
154834538551.32788,20040637317936.234,1.0,1.831260737707245,0.18617896988383068,0.8134283313537818,0.00039269876238776276,129.43260273477506,2,26.0,副口径网页c4,指数型,131072
29822433.62997906,523149713.3054585,0.8891705306810411,4.422277355718247,0.9360958562156765,0.06390414378432352,0.0,17.54215366178437,0,17.0,副口径网页c4,幂函数型,2048
31414037.19802728,557243894.4245522,0.8891705306810411,4.374775773309298,0.9360958562156766,0.06390414378432352,0.0,17.73869085695059,0,17.05,副口径网页c4,幂函数型,2048
33090577.856024016,593560129.8112925,0.8891705306810411,4.328106540882725,0.9360958562156765,0.0639041437843235,0.0,17.937436221085427,0,17.1,副口径网页c4,幂函数型,2048
34856602.57706551,632242982.4435579,0.8891705306810411,4.282255073524559,0.9360958562156766,0.06390414378432353,0.0,18.138399491049444,0,17.15,副口径网页c4,幂函数型,2048
36716872.64262558,673446948.3315585,0.8891705306810411,4.237207041886045,0.9360958562156767,0.06390414378432353,0.0,18.341620619119297,0,17.2,副口径网页c4,幂函数型,2048
38676424.27442837,717336214.5716338,0.8891705306810411,4.1929483677055135,0.9360958562156766,0.06390414378432352,0.0,18.547118251723024,0,17.25,副口径网页c4,幂函数型,2048
40740557.790371984,764085752.3830414,0.8891705306810411,4.149465219408671,0.9360958562156766,0.06390414378432352,0.0,18.754916324773884,0,17.3,副口径网页c4,幂函数型,2048
42914852.97635149,813881999.5457425,0.8891705306810411,4.106744007786001,0.9360958562156765,0.0639041437843235,0.0,18.965042242932476,0,17.35,副口径网页c4,幂函数型,2048
45205186.64154204,866923559.9245988,0.8891705306810411,4.064771381745918,0.9360958562156764,0.0639041437843235,0.0,19.177524180995757,0,17.4,副口径网页c4,幂函数型,2048
47617754.6394366,923421877.3938315,0.8891705306810411,4.023534224142315,0.9360958562156764,0.06390414378432352,0.0,19.39238597842372,0,17.45,副口径网页c4,幂函数型,2048
50159080.66651425,983602229.3311372,0.8891705306810411,3.9830196476752575,0.9360958562156765,0.06390414378432352,0.0,19.609654249261016,0,17.5,副口径网页c4,幂函数型,2048
52836026.49317746,1047704774.6776799,0.8891705306810411,3.943214990863466,0.9360958562156765,0.06390414378432352,0.0,19.829363489568365,0,17.55,副口径网页c4,幂函数型,2048
55655849.96527312,1115984731.51641,0.8891705306810411,3.9041078140874053,0.9360958562156765,0.0639041437843235,0.0,20.051526159653246,0,17.6,副口径网页c4,幂函数型,2048
58626164.68410402,1188714577.939473,0.8891705306810411,3.8656858957016937,0.9360958562156764,0.06390414378432352,0.0,20.276178466468618,0,17.65,副口径网页c4,幂函数型,2048
61755000.65161675,1266184351.1626196,0.8891705306810411,3.8279372282156214,0.9360958562156766,0.06390414378432352,0.0,20.50334932883643,0,17.7,副口径网页c4,幂函数型,2048
65050820.11892998,1348702914.9596953,0.8891705306810411,3.7908500145406308,0.9360958562156765,0.06390414378432352,0.0,20.73306550930353,0,17.75,副口径网页c4,幂函数型,2048
68522531.34323274,1436599378.4298224,0.8891705306810411,3.7544126643035165,0.9360958562156765,0.06390414378432352,0.0,20.965357675329088,0,17.8,副口径网页c4,幂函数型,2048
72179533.43957712,1530223974.413545,0.8891705306810411,3.7186137902242424,0.9360958562156765,0.06390414378432352,0.0,21.200247514685376,0,17.85,副口径网页c4,幂函数型,2048
76031704.33460617,1629950241.389132,0.8891705306810411,3.6834422045572284,0.9360958562156765,0.06390414378432352,0.0,21.437770672822506,0,17.9,副口径网页c4,幂函数型,2048
80089455.86678973,1736175923.546854,0.8891705306810411,3.6488869155949843,0.9360958562156765,0.06390414378432352,0.0,21.67795878691673,0,17.95,副口径网页c4,幂函数型,2048
84363775.9877958,1849324241.4672809,0.8891705306810411,3.6149371242330353,0.9360958562156764,0.0639041437843235,0.0,21.920832961943372,0,18.0,副口径网页c4,幂函数型,2048
88866201.90445134,1969846809.324437,0.8891705306810411,3.581582220595005,0.9360958562156764,0.0639041437843235,0.0,22.166434112289508,0,18.05,副口径网页c4,幂函数型,2048
93608932.9107234,2098223649.9250052,0.8891705306810411,3.5488117807168633,0.9360958562156766,0.06390414378432352,0.0,22.414780135632146,0,18.1,副口径网页c4,幂函数型,2048
98604771.92294669,2234967125.971841,0.8891705306810411,3.5166155632892573,0.9360958562156765,0.06390414378432352,0.0,22.66591243391673,0,18.15,副口径网页c4,幂函数型,2048
103867234.24951647,2380622340.8292766,0.8891705306810411,3.4849835064569277,0.9360958562156763,0.0639041437843235,0.0,22.91985877962625,0,18.2,副口径网页c4,幂函数型,2048
109410553.95281292,2535769976.4641027,0.8891705306810411,3.453905724674222,0.9360958562156764,0.06390414378432352,0.0,23.17664873132569,0,18.25,副口径网页c4,幂函数型,2048
115249714.73491372,2701028789.820584,0.8891705306810411,3.423372505615691,0.9360958562156764,0.0639041437843235,0.0,23.436316489227153,0,18.3,副口径网页c4,幂函数型,2048
121400505.89043649,2877057726.771466,0.8891705306810411,3.3933743071408218,0.9360958562156765,0.06390414378432352,0.0,23.69889405047455,0,18.35,副口径网页c4,幂函数型,2048
127879563.24304521,3064558584.3813777,0.8891705306810411,3.3639017543119665,0.9360958562156764,0.0639041437843235,0.0,23.96441234755347,0,18.4,副口径网页c4,幂函数型,2048
134704411.98250604,3264278856.1474805,0.8891705306810411,3.3349456364645076,0.9360958562156765,0.06390414378432352,0.0,24.23290230888213,0,18.45,副口径网页c4,幂函数型,2048
141893472.4384802,3477015729.9642015,0.8891705306810411,3.3064969043283816,0.9360958562156765,0.06390414378432352,0.0,24.504409330539907,0,18.5,副口径网页c4,幂函数型,2048
149466229.5869257,3703616354.3353763,0.8891705306810411,3.2785466672000294,0.9360958562156764,0.0639041437843235,0.0,24.778950834385295,0,18.55,副口径网页c4,幂函数型,2048
157443136.82885128,3944984839.087069,0.8891705306810411,3.2510861901638983,0.9360958562156764,0.0639041437843235,0.0,25.056569111522904,0,18.6,副口径网页c4,幂函数型,2048
165845759.92515302,4202083709.5941477,0.8891705306810411,3.22410689136264,0.9360958562156764,0.06390414378432352,0.0,25.337299617973763,0,18.65,副口径网页c4,幂函数型,2048
174696835.89354357,4475937702.659007,0.8891705306810411,3.1976003393151293,0.9360958562156765,0.06390414378432352,0.0,25.62117212807761,0,18.7,副口径网页c4,幂函数型,2048
184020275.90071145,4767639342.213402,0.8891705306810411,3.1715582502814974,0.9360958562156765,0.06390414378432352,0.0,25.908228421447387,0,18.75,副口径网页c4,幂函数型,2048
193841289.57373413,5078351787.31007,0.8891705306810411,3.1459724856743145,0.9360958562156765,0.0639041437843235,0.0,26.198503933179552,0,18.8,副口径网页c4,幂函数型,2048
204186467.42801154,5409313061.854399,0.8891705306810411,3.120835049515153,0.9360958562156764,0.0639041437843235,0.0,26.49202530408397,0,18.85,副口径网页c4,幂函数型,2048
215083753.31502128,5761843603.868495,0.8891705306810411,3.0961380859357055,0.9360958562156766,0.06390414378432352,0.0,26.788836976586705,0,18.9,副口径网页c4,幂函数型,2048
226562619.41701087,6137348930.891134,0.8891705306810411,3.0718738767226936,0.9360958562156764,0.06390414378432352,0.0,27.088974106512854,0,18.95,副口径网页c4,幂函数型,2048
238654099.94750944,6537326451.557332,0.8891705306810411,3.0480348389058047,0.9360958562156765,0.06390414378432352,0.0,27.392474937556816,0,19.0,副口径网页c4,幂函数型,2048
251390891.77485976,6963370989.392813,0.8891705306810411,3.024613522387882,0.9360958562156764,0.06390414378432352,0.0,27.69937661714911,0,19.05,副口径网页c4,幂函数型,2048
264807443.08172357,7417181125.717343,0.8891705306810411,3.0016026076166447,0.9360958562156765,0.0639041437843235,0.0,28.009715434729262,0,19.1,副口径网页c4,幂函数型,2048
278940030.45989114,7900566417.390756,0.8891705306810411,2.9789949032972087,0.9360958562156766,0.06390414378432352,0.0,28.323530345805924,0,19.15,副口径网页c4,幂函数型,2048
293826868.18466693,8415454306.892762,0.8891705306810411,2.9567833441446822,0.9360958562156764,0.0639041437843235,0.0,28.6408603776961,0,19.2,副口径网页c4,幂函数型,2048
309508168.50650686,8963899051.860283,0.8891705306810411,2.9349609886761505,0.9360958562156765,0.06390414378432352,0.0,28.961752754747838,0,19.25,副口径网页c4,幂函数型,2048
326026397.7735999,9548085665.559519,0.8891705306810411,2.9135210170413477,0.9360958562156766,0.0639041437843235,0.0,29.286234890065327,0,19.3,副口径网页c4,幂函数型,2048
343426195.3491519,10170344261.332354,0.8891705306810411,2.892456728891334,0.9360958562156765,0.0639041437843235,0.0,29.614352076411777,0,19.35,副口径网页c4,幂函数型,2048
361754586.5654783,10833156727.163757,0.8891705306810411,2.871761541284532,0.9360958562156766,0.06390414378432352,0.0,29.946148934874483,0,19.4,副口径网页c4,幂函数型,2048
381061161.27857614,11539165061.821144,0.8891705306810411,2.851428986629438,0.9360958562156765,0.06390414378432352,0.0,30.28166140864037,0,19.45,副口径网页c4,幂函数型,2048
401398161.9442078,12291183229.59368,0.8891705306810411,2.831452710663403,0.9360958562156766,0.06390414378432352,0.0,30.620925542011047,0,19.5,副口径网页c4,幂函数型,2048
422820441.54830575,13092214044.616882,0.8891705306810411,2.8118264704668103,0.9360958562156764,0.0639041437843235,0.0,30.964004475931052,0,19.55,副口径网页c4,幂函数型,2048
445386084.68503314,13945446639.792633,0.8891705306810411,2.7925441325120675,0.9360958562156764,0.0639041437843235,0.0,31.310916796276953,0,19.6,副口径网页c4,幂函数型,2048
469156013.08354294,14854286136.212229,0.8891705306810411,2.7735996707467674,0.9360958562156766,0.06390414378432352,0.0,31.661719602786196,0,19.65,副口径网页c4,幂函数型,2048
494194554.3310479,15822354727.675716,0.8891705306810411,2.7549871647104527,0.9360958562156764,0.06390414378432352,0.0,32.01644896531324,0,19.7,副口径网页c4,幂函数型,2048
520569336.4021962,16853514907.596373,0.8891705306810411,2.736700797684369,0.9360958562156764,0.06390414378432352,0.0,32.375158752291945,0,19.75,副口径网页c4,幂函数型,2048
548351763.371714,17951875513.41866,0.8891705306810411,2.7187348548736505,0.9360958562156764,0.06390414378432352,0.0,32.73788234587937,0,19.8,副口径网页c4,幂函数型,2048
577616880.3610284,19121818680.608826,0.8891705306810411,2.70108372162134,0.9360958562156764,0.06390414378432352,0.0,33.10467427589217,0,19.85,副口径网页c4,幂函数型,2048
608443873.6603862,20368007666.487083,0.8891705306810411,2.6837418816537273,0.9360958562156765,0.0639041437843235,0.0,33.475573587344314,0,19.9,副口径网页c4,幂函数型,2048
640916061.8504876,21695412750.995464,0.8891705306810411,2.666703915356409,0.9360958562156765,0.06390414378432352,0.0,33.850630437245236,0,19.95,副口径网页c4,幂函数型,2048
675121293.7544848,23109325313.723995,0.8891705306810411,2.6499644980805783,0.9360958562156765,0.06390414378432352,0.0,34.22988658113331,0,20.0,副口径网页c4,幂函数型,2048
711152036.862667,24615383941.039,0.8891705306810411,2.63351839847898,0.9360958562156766,0.06390414378432353,0.0,34.6133916027756,0,20.05,副口径网页c4,幂函数型,2048
749105685.3391706,26219595007.95857,0.8891705306810411,2.6173604768710277,0.9360958562156766,0.06390414378432352,0.0,35.0011961210616,0,20.1,副口径网页c4,幂函数型,2048
789084956.3273244,27928351940.386086,0.8891705306810411,2.6014856836365663,0.9360958562156765,0.06390414378432352,0.0,35.393339736667066,0,20.15,副口径网页c4,幂函数型,2048
844750993.3800411,28753220291.03643,0.8960281040951517,2.585887667358742,0.91953116535293,0.06277332755476002,0.017695507092309933,34.03750988914289,1,20.2,副口径网页c4,幂函数型,2048
1073723766.7780824,20317107679.583633,0.9997956581659431,2.5692561190599066,0.7360472577461028,0.05024749279546728,0.21370524945842997,18.92209924769485,1,20.25,副口径网页c4,幂函数型,2048
1119891921.3985965,22040702254.793133,1.0,2.552248160136283,0.7422544157301826,0.050671234780513795,0.20707434948930362,19.681097643125433,2,20.3,副口径网页c4,幂函数型,2048
1167986641.0538003,23915677169.07649,1.0,2.5356257630398304,0.7486378976999306,0.05110701381631527,0.2002550884837541,20.475985194059145,2,20.35,副口径网页c4,幂函数型,2048
1218474035.254386,25937188338.66386,1.0,2.5193779122054334,0.7549017377948521,0.05153462530012856,0.19356363690501927,21.286615543883006,2,20.4,副口径网页c4,幂函数型,2048
1271482763.0190437,28115613715.669228,1.0,2.5034939530748805,0.7610431743951179,0.05195388070537339,0.18700294489950864,22.112461555444717,2,20.45,副口径网页c4,幂函数型,2048
1327148958.6379604,30461990237.445934,1.0,2.4879635855466513,0.7670597518532918,0.052364612393184726,0.18057563575352342,22.952954933339786,2,20.5,副口径网页c4,幂函数型,2048
1385615621.010221,32988072378.703354,1.0,2.4727768527135696,0.7729492141265858,0.052766666351041595,0.17428411952237258,23.807520555125162,2,20.55,副口径网页c4,幂函数型,2048
1447033955.322452,35706358760.92015,1.0,2.4579241298928736,0.7787096144408702,0.05315990967916342,0.1681304758799664,24.675550030865356,2,20.6,副口径网页c4,幂函数型,2048
1511563436.2819943,38630144606.81986,1.0,2.4433961139391216,0.7843392748514585,0.05354422782985957,0.1621164973186819,25.556416409382567,2,20.65,副口径网页c4,幂函数型,2048
1579371870.3119605,41773579628.02652,1.0,2.429183812831103,0.7898367575237277,0.053919522646953155,0.15624371982931898,26.449489454168464,2,20.7,副口径网页c4,幂函数型,2048
1650636240.993067,45151713648.10834,1.0,2.4152785355246658,0.7952009025687161,0.05428571494869102,0.15051338248259288,27.35412717034727,2,20.75,副口径网页c4,幂函数型,2048
1725543407.6908062,48780547851.87128,1.0,2.4016718820640426,0.8004308390008882,0.05464274527579397,0.14492641572331783,28.26967298211955,2,20.8,副口径网页c4,幂函数型,2048
1804290114.7920237,52677106581.46963,1.0,2.388355733944952,0.8055259437427684,0.05499057109283966,0.13948348516439177,29.19547480175692,2,20.85,副口径网页c4,幂函数型,2048
1887083523.4071815,56859503128.272026,1.0,2.375322244723377,0.8104858430952734,0.05532916688863733,0.13418499001608922,30.130888443989285,2,20.9,副口径网页c4,幂函数型,2048
1974142359.8666525,61346994039.001884,1.0,2.362563830864535,0.815310443340303,0.055658526265364695,0.12903103039433228,31.0752635099455,2,20.95,副口径网页c4,幂函数型,2048
2065696884.878665,66160068580.618355,1.0,2.350073162827102,0.819999885422053,0.05597865884481216,0.12402145573313476,32.027965508843025,2,21.0,副口径网页c4,幂函数型,2048
2161989826.279979,71320519784.29637,1.0,2.3378431563782485,0.8245545565892318,0.056289591063158236,0.11915585234760981,32.98836974964576,2,21.05,副口径网页c4,幂函数型,2048
2263276634.826902,76851540325.18002,1.0,2.3258669641355487,0.8289750636801438,0.05659136434723115,0.11443357197262487,33.95587580528251,2,21.1,副口径网页c4,幂函数型,2048
2369827444.0065956,82777774622.13086,1.0,2.314137967332191,0.8332622780899314,0.05688403818427265,0.10985368372579604,34.92987425370557,2,21.15,副口径网页c4,幂函数型,2048
2481925794.9146695,89125474273.37312,1.0,2.302649767802289,0.8374172390995981,0.057167683522532556,0.1054150773778695,35.909806190010336,2,21.2,副口径网页c4,幂函数型,2048
2599870855.153076,95922557710.68889,1.0,2.2913961801834257,0.8414412068291354,0.05744238638620231,0.10111640678466217,36.8951240483986,2,21.25,副口径网页c4,幂函数型,2048
2723977854.783838,103198730100.91194,1.0,2.280371224333758,0.8453356332981684,0.05770824589982163,0.09695612080200992,37.88530436092746,2,21.3,副口径网页c4,幂函数型,2048
2854578731.978633,110985606964.63512,1.0,2.2695691179612614,0.8491021442704302,0.05796537304886137,0.09293248268070847,38.87985492265829,2,21.35,副口径网页c4,幂函数型,2048
2992023790.491529,119316811746.03355,1.0,2.258984269462808,0.8527425480821252,0.058213891282406414,0.08904356063546834,39.878296464491754,2,21.4,副口径网页c4,幂函数型,2048
3136680624.90337,128228180736.80957,1.0,2.2486112709708834,0.856258769428416,0.058453931992979866,0.08528729857860429,40.88021576655093,2,21.45,副口径网页c4,幂函数型,2048
3288938176.603446,137757794296.7196,1.0,2.238444891605816,0.8596529163028162,0.05868563908627225,0.08166144461091171,41.88518813661159,2,21.5,副口径网页c4,幂函数型,2048
3449205434.8239183,147946211595.05557,1.0,2.2284800709313632,0.8629272049697254,0.05890916385926659,0.0781636311710081,42.89283847849678,2,21.55,副口径网页c4,幂函数型,2048
3617912621.871088,158836631749.87262,1.0,2.218711912611524,0.8660839552692212,0.059124664679712176,0.0747913800510665,43.90283800378975,2,21.6,副口径网页c4,幂函数型,2048
3795514215.4240847,170474990904.1555,1.0,2.20913567826636,0.8691256129224544,0.059332308508839554,0.07154207856870609,44.91486033997314,2,21.65,副口径网页c4,幂函数型,2048
3982487581.5214453,182910248934.46408,1.0,2.1997467815245093,0.8720546885951593,0.05953226674142955,0.06841304466341114,45.92864263611493,2,21.7,副口径网页c4,幂函数型,2048
4179336280.3770747,196194502849.31223,1.0,2.1905407822700083,0.874873782563771,0.05972471688968677,0.06540150054654208,46.94393790958856,2,21.75,副口径网页c4,幂函数型,2048
4386590365.976811,210383238069.33417,1.0,2.181513381080839,0.8775855547302367,0.05990984053625082,0.0625046047335125,47.96053894184071,2,21.8,副口径网页c4,幂函数型,2048
4604809422.975921,225535477463.81946,1.0,2.172660413856543,0.8801927334683359,0.060087823938105064,0.05971944259355907,48.97824355954868,2,21.85,副口径网页c4,幂函数型,2048
4834580538.758615,241714176702.249,1.0,2.1639778466320108,0.8826980612358956,0.0602588543137038,0.05704308445040082,49.99692833006655,2,21.9,副口径网页c4,幂函数型,2048
5076524340.575406,258986272980.1976,1.0,2.1554617705744694,0.8851043375585771,0.06042312277733219,0.05447253966409078,51.01645448839558,2,21.95,副口径网页c4,幂函数型,2048
5331293056.021357,277423118631.4706,1.0,2.1471083971604403,0.887414367563849,0.060580820825692085,0.05200481161045911,52.036741502727715,2,22.0,副口径网页c4,幂函数型,2048
5599574120.623369,297100680640.4905,1.0,2.1389140535293425,0.8896309732636623,0.06073214110813268,0.04963688562820521,53.05772800582483,2,22.05,副口径网页c4,幂函数型,2048
5882091625.296695,318099862733.9574,1.0,2.130875178010205,0.8917569799129706,0.06087727649539214,0.04736574359163715,54.079379070861094,2,22.1,副口径网页c4,幂函数型,2048
6179609617.668868,340506757582.8135,1.0,2.1229883158178255,0.8937952164387829,0.06101642010888759,0.04518836345232954,55.101661536875966,2,22.15,副口径网页c4,幂函数型,2048
6492929907.48377,364413211969.53754,1.0,2.1152501149145415,0.8957484784214406,0.06114976279357035,0.04310175878498904,56.12461818654685,2,22.2,副口径网页c4,幂函数型,2048
6822899427.3433695,389916924672.4016,1.0,2.107657322033682,0.8976195575476816,0.06127749512858839,0.041102947323730085,57.1482738130032,2,22.25,副口径网页c4,幂函数型,2048
7170409085.868612,417122016121.5501,1.0,2.1002067788606005,0.8994112118116485,0.06139980539300854,0.0391889827953431,58.17269435067673,2,22.3,副口径网页c4,幂函数型,2048
7536398586.08057,446139312995.79504,1.0,2.0928954183671187,0.9011261732597834,0.06151688009453455,0.03735694664568185,59.19794553061414,2,22.35,副口径网页c4,幂函数型,2048
7921855054.755353,477087010976.6994,1.0,2.085720261295109,0.9027671240357557,0.06162890233417425,0.03560397363007003,60.224153014553366,2,22.4,副口径网页c4,幂函数型,2048
8327821718.730822,510090805445.7703,1.0,2.078678412784868,0.9043367189731818,0.06173605334856921,0.033927227678249114,61.25140795203158,2,22.45,副口径网页c4,幂函数型,2048
8755395861.61902,545284668104.69727,1.0,2.0717670591438804,0.9058375587943712,0.061838510680362405,0.03232393052526645,62.2798416796959,2,22.5,副口径网页c4,幂函数型,2048
9205731298.249216,582811420157.9346,1.0,2.064983464751517,0.9072721877459402,0.06193644801678951,0.030791364237270333,63.30962758697682,2,22.55,副口径网页c4,幂函数型,2048
9680045644.169386,622823053939.6774,1.0,2.0583249690952177,0.9086431046185133,0.06203003594195719,0.029326859439529545,64.34092119336488,2,22.6,副口径网页c4,幂函数型,2048
10179621791.338793,665481443189.7932,1.0,2.0517889839336703,0.9099527522206737,0.06211944121826466,0.027927806561061717,65.373886852654,2,22.65,副口径网页c4,幂函数型,2048
10705810450.282337,710959047141.044,1.0,2.045372990582511,0.9112035126895376,0.06220482646627243,0.026591660844190065,66.40870865804413,2,22.7,副口径网页c4,幂函数型,2048
11260033399.435823,759439628409.6622,1.0,2.0390745373181205,0.9123977055593444,0.062286350032851254,0.02531594440780447,67.44559287432607,2,22.75,副口径网页c4,幂函数型,2048
11843787995.359495,811118947094.0593,1.0,2.0328912368950793,0.9135375884703224,0.06236416603957401,0.024098245490103497,68.48475736072473,2,22.8,副口径网页c4,幂函数型,2048
12458653448.8536,866205392225.8877,1.0,2.026820764172934,0.9146253599059417,0.06243842456957895,0.022936215524479362,69.52640554470136,2,22.85,副口径网页c4,幂函数型,2048
13106291414.260395,924921056892.0125,1.0,2.020860853847969,0.9156631510917067,0.06250927111452717,0.021827577793766265,70.57076846968666,2,22.9,副口径网页c4,幂函数型,2048
13788452854.998106,987502467568.1923,1.0,2.015009298285744,0.9166530301849758,0.06257684686062769,0.02077012295439645,71.618076223123,2,22.95,副口径网页c4,幂函数型,2048
14506980736.680653,1054201669809.7384,1.0,2.009263945450259,0.9175969989903873,0.06264128846441043,0.019761712545202332,72.66857859293957,2,23.0,副口径网页c4,幂函数型,2048
15263822454.426203,1125286703043.7363,1.0,2.0036226969256687,0.9184970022407658,0.06270272868630294,0.018800269072931145,73.72247065920409,2,23.05,副口径网页c4,幂函数型,2048
16061018663.086817,1201043844069.322,1.0,1.9980835060265805,0.9193549076410291,0.06276129502829425,0.017883797330676708,74.78005407151987,2,23.1,副口径网页c4,幂函数型,2048
16900728567.821999,1281777332052.1174,1.0,1.9926443759930819,0.9201725301759173,0.06281711139334262,0.017010358430740245,75.84154297895456,2,23.15,副口径网页c4,幂函数型,2048
17785218823.822742,1367811812228.6233,1.0,1.9873033582667228,0.9209516138757418,0.06287029684058398,0.016178089283674243,76.90722423929259,2,23.2,副口径网页c4,幂函数型,2048
18716883972.965855,1459492574102.596,1.0,1.9820585508438184,0.9216938468050635,0.062920966608559,0.015385186586377561,77.97732657907407,2,23.25,副口径网页c4,幂函数型,2048
19698242134.359257,1557187731519.46,1.0,1.9769080967025299,0.9224008518780343,0.06296923148820714,0.0146299166337585,79.05211647303736,2,23.3,副口径网页c4,幂函数型,2048
20731945510.032993,1661289421319.0156,1.0,1.9718501823003118,0.9230741917558909,0.06301519815720216,0.013910610086906887,80.13186319224374,2,23.35,副口径网页c4,幂函数型,2048
21820792659.14066,1772214960304.4138,1.0,1.966883036138435,0.9237153729037717,0.06305896945689748,0.013225657639330618,81.21680032379753,2,23.4,副口径网页c4,幂函数型,2048
22967723883.499928,1890409473255.8755,1.0,1.9620049273903943,0.9243258393354116,0.06310064396529742,0.012573516699290839,82.30721872331243,2,23.45,副口径网页c4,幂函数型,2048
24175843068.74842,2016346565109.0044,1.0,1.9572141645911612,0.9249069822861089,0.06314031665739837,0.011952701056492744,83.40336092417357,2,23.5,副口径网页c4,幂函数型,2048
25448415848.29587,2150531028007.621,1.0,1.9525090943843302,0.9254601357679928,0.06317807860176165,0.011361785630245523,84.50549695617416,2,23.55,副口径网页c4,幂函数型,2048
26788880720.91015,2293500682049.815,1.0,1.9478881003243456,0.9259865797343442,0.06321401717653125,0.010799403089124339,85.61390473696109,2,23.6,副口径网页c4,幂函数型,2048
28200864649.125595,2445827987566.882,1.0,1.9433496017311107,0.9264875439047627,0.06324821633056515,0.010264239764671834,86.72882970071338,2,23.65,副口径网页c4,幂函数型,2048
29688186397.543495,2608122863380.028,1.0,1.9388920525943854,0.926964206434342,0.06328075649258441,0.009755037073073587,87.85052843766277,2,23.7,副口径网页c4,幂函数型,2048
31254865595.64831,2781035239946.091,1.0,1.9345139405255096,0.927417695420351,0.0633117146740293,0.009270589905619502,88.97927368893568,2,23.75,副口径网页c4,幂函数型,2048
32905139640.73632,2965257128919.095,1.0,1.9302137857540802,0.9278490923485984,0.06334116470433099,0.008809742947070555,90.11531819327485,2,23.8,副口径网页c4,幂函数型,2048
34643469918.18749,3161525838647.9414,1.0,1.925990140167338,0.928259432030254,0.06336917722659868,0.008371390743147165,91.25892545158042,2,23.85,副口径网页c4,幂函数型,2048
36474561077.6849,3370626265440.819,1.0,1.9218415863901102,0.9286497058602844,0.06339581992006209,0.007954474219653448,92.41033108697133,2,23.9,副口径网页c4,幂函数型,2048
38403352817.84625,3593395938010.6836,1.0,1.9177667369032616,0.9290208590003056,0.0634211573077542,0.007557983691940163,93.56984935806992,2,23.95,副口径网页c4,幂函数型,2048
40435074072.3285,3830724609924.3296,1.0,1.9137642331987172,0.9293738001178918,0.06344525142138141,0.007180948460726639,94.7376676761392,2,24.0,副口径网页c4,幂函数型,2048
42575207495.71856,4083562389779.786,1.0,1.909832744969188,0.9297093932813162,0.06346816124800453,0.006822445470679113,95.91409249597754,2,24.05,副口径网页c4,幂函数型,2048
44829546474.666,4352919607029.569,1.0,1.9059709693308557,0.9300284671148794,0.06348994335504243,0.006481589530078181,97.0993451715931,2,24.1,副口径网页c4,幂函数型,2048
47204192796.56709,4639872493726.284,1.0,1.9021776300773368,0.9303318127540692,0.06351065175067779,0.006157535495253049,98.2936518737318,2,24.15,副口径网页c4,幂函数型,2048
49705551408.653755,4945569629586.666,1.0,1.8984514769633405,0.9306201830046484,0.06353033782645066,0.0058494791689010185,99.49732956238044,2,24.2,副口径网页c4,幂函数型,2048
52340395318.9925,5271231891299.92,1.0,1.8947912850165247,0.930894299684928,0.06354905085849108,0.005556649456581083,100.71058613856465,2,24.25,副口径网页c4,幂函数型,2048
55115856336.017265,5618159961472.781,1.0,1.8911958538761107,0.9311548511278145,0.06356683783699214,0.0052783110351932215,101.9336418765104,2,24.3,副口径网页c4,幂函数型,2048
58039418696.93599,5987742162565.081,1.0,1.8876640071569157,0.931402491633199,0.06358374342882639,0.005013764937974691,103.16681829346415,2,24.35,副口径网页c4,幂函数型,2048
61119005349.80851,6381453302556.959,1.0,1.8841945918375236,0.931637848700356,0.06359981047127763,0.004762340828366374,104.41029375450974,2,24.4,副口径网页c4,幂函数型,2048
64362930343.975945,6800867578271.976,1.0,1.880786477671374,0.9318615182413306,0.06361507964527484,0.0045234021133946185,105.66435589439416,2,24.45,副口径网页c4,幂函数型,2048
67779981693.209305,7247658618042.419,1.0,1.8774385566196354,0.9320740704787868,0.0636295898780185,0.0042963396431947775,106.9291911415276,2,24.5,副口径网页c4,幂函数型,2048
71379389316.57497,7723611983295.358,1.0,1.874149742304767,0.9322760472089302,0.06364337815612962,0.004080574634940182,108.20507232193233,2,24.55,副口径网页c4,幂函数型,2048
75170886550.79507,8230628469824.556,1.0,1.8709189694837531,0.932467965477828,0.06365647977661971,0.0038755547455523896,109.49223625642475,2,24.6,副口径网页c4,幂函数型,2048
79164726704.01459,8770732698604.635,1.0,1.8677451935400322,0.932650317960651,0.06366892837278046,0.0036807536665684443,110.79091741700985,2,24.65,副口径网页c4,幂函数型,2048
83371695027.09018,9346082945426.004,1.0,1.8646273899932118,0.9328235733994319,0.06368075594406788,0.0034956706565003157,112.10139055454201,2,24.7,副口径网页c4,幂函数型,2048
87803199661.86249,9958972862154.756,1.0,1.8615645540256998,0.9329881801023838,0.0636919930949894,0.0033198268026269286,113.42380346624722,2,24.75,副口径网页c4,幂函数型,2048
92471189082.89992,10611853288034.979,1.0,1.8585557000254294,0.9331445624676566,0.06370266879779203,0.003152768734551261,114.75848200158332,2,24.8,副口径网页c4,幂函数型,2048
97388309962.81516,11307327934398.936,1.0,1.8555998611439173,0.9332931266913932,0.06371281078213245,0.0029940625264741807,116.10559767097615,2,24.85,副口径网页c4,幂函数型,2048
102567838260.57622,12048175448637.012,1.0,1.8526960888689088,0.9334342580783059,0.06372244535147902,0.0028432965702149997,117.46543217600349,2,24.9,副口径网页c4,幂函数型,2048
108023778094.91434,12837353332029.533,1.0,1.8498434526109337,0.9335683240248565,0.06373159758676354,0.0027000783883800463,118.83821838512334,2,24.95,副口径网页c4,幂函数型,2048
113770910988.3928,13678008240813.21,1.0,1.8470410393031158,0.9336956748384377,0.06374029140230403,0.002564033759258254,120.22412514749641,2,25.0,副口径网页c4,幂函数型,2048
119824761376.23126,14573497360540.744,1.0,1.8442879530136178,0.9338166428271404,0.06374854948366612,0.002434807689193576,121.6234206783205,2,25.05,副口径网页c4,幂函数型,2048
126201678626.42007,15527397188286.035,1.0,1.8415833145701472,0.9339315442373021,0.06375639341993315,0.0023120623427648917,123.03637603941827,2,25.1,副口径网页c4,幂函数型,2048
132918939767.36256,16543510557322.473,1.0,1.838926261195973,0.9340406809066805,0.06376384381656271,0.002195475276756949,124.46315465860066,2,25.15,副口径网页c4,幂函数型,2048
139994669213.35187,17625897371825.04,1.0,1.8363159461569252,0.9341443387710157,0.06377092019343467,0.0020847410355497083,125.90406099651675,2,25.200000000000003,副口径网页c4,幂函数型,2048
147448045573.65738,18778871261506.844,1.0,1.8337515384189078,0.934242791079013,0.06377764120432727,0.0019795677166599725,127.35924161250341,2,25.25,副口径网页c4,幂函数型,2048
155299200674.02734,20007035819761.742,1.0,1.8312322223154376,0.9343362967432445,0.06378402452433882,0.001879678732416706,128.82896842306653,2,25.3,副口径网页c4,幂函数型,2048
163569353257.24127,21315293147046.043,1.0,1.8287571972247938,0.9344251022118232,0.06379008697766048,0.0017848108105164274,130.31348918720755,2,25.35,副口径网页c4,幂函数型,2048
172280869358.17114,22708862919158.445,1.0,1.826325677256352,0.9345094420125447,0.06379584457472305,0.0016947134127323375,131.8130272023809,2,25.4,副口径网页c4,幂函数型,2048
181457316343.14304,24193303950651.855,1.0,1.823936890945718,0.934589539198559,0.06380131254262164,0.001609148258819392,133.32779541884852,2,25.450000000000003,副口径网页c4,幂函数型,2048
191123494042.8307,25774540689875.637,1.0,1.8215900809582897,0.9346656056260119,0.06380650534406908,0.0015278890299190062,134.85804463212446,2,25.5,副口径网页c4,幂函数型,2048
201305526610.0777,27458883652669.57,1.0,1.8192845038009002,0.934737842745832,0.0638114367314488,0.0014507205227190945,136.40402285555,2,25.55,副口径网页c4,幂函数型,2048
212030973657.42627,29253049004723.41,1.0,1.8170194295412128,0.9348064423400879,0.06381611979708332,0.001377437862828828,137.96592309191067,2,25.6,副口径网页c4,幂函数型,2048
223328890863.12827,31164186966259.855,1.0,1.8147941415345514,0.9348715867952198,0.06382056699188701,0.001307846212893191,139.5439114295314,2,25.65,副口径网页c4,幂函数型,2048
235229694264.9221,33199940319122.97,1.0,1.8126079361578737,0.9349334484471923,0.06382479008066166,0.0012417614721461153,141.13838995910223,2,25.700000000000003,副口径网页c4,幂函数型,2048
247765659187.5185,35368416955950.83,1.0,1.8104601225506143,0.934992192353345,0.0638288003313217,0.0011790073153331755,142.74947170617645,2,25.75,副口径网页c4,幂函数型,2048
260970659200.37323,37678270609251.92,1.0,1.8083500223621147,0.9350479747432603,0.06383260840913992,0.0011194168475995576,144.37742052957208,2,25.8,副口径网页c4,幂函数型,2048
274880385671.95233,40138717656643.3,1.0,1.806276969505411,0.9351009441577983,0.06383622445450571,0.0010628313876957665,146.02248741219984,2,25.85,副口径网页c4,幂函数型,2048
289532453062.3839,42759572503074.78,1.0,1.8042403099171276,0.9351512418297544,0.06383965810891125,0.0010091000613342335,147.6849038883445,2,25.9,副口径网页c4,幂函数型,2048
304966518621.0183,45551283886284.12,1.0,1.8022394013232532,0.9351990020637501,0.06384291854088535,0.0009580793953645464,149.3648682886749,2,25.950000000000003,副口径网页c4,幂函数型,2048
321224299025.75653,48524989917557.39,1.0,1.8002736130105923,0.9352443522899564,0.06384601444966104,0.0009096332603824073,151.06263774169383,2,26.0,副口径网页c4,幂函数型,2048
28999704.563794013,505676764.36874187,0.8891705306810411,4.448185173239565,0.8798686062881276,0.12013139371187236,0.0,17.437307447610234,0,17.0,副口径网页c4,幂函数型,4096
30547398.80800165,538632230.6421895,0.8891705306810411,4.400229619186646,0.8798686062881275,0.12013139371187234,0.0,17.632670919957317,0,17.05,副口径网页c4,幂函数型,4096
32177689.833835173,573735484.2315302,0.8891705306810411,4.35311436986773,0.8798686062881276,0.12013139371187234,0.0,17.830226072607655,0,17.1,副口径网页c4,幂函数型,4096
33894991.61517228,611126394.3395016,0.8891705306810411,4.306824700981122,0.8798686062881277,0.12013139371187237,0.0,18.029991016901313,0,17.15,副口径网页c4,幂函数型,4096
35703940.58999103,650954181.024499,0.8891705306810411,4.261346146232778,0.8798686062881277,0.12013139371187237,0.0,18.23199821274021,0,17.2,副口径网页c4,幂函数型,4096
37609432.1022139,693377582.2730901,0.8891705306810411,4.216664492815374,0.8798686062881276,0.12013139371187237,0.0,18.43626833791713,0,17.25,副口径网页c4,幂函数型,4096
39616623.55829881,738565663.6737539,0.8891705306810411,4.172765776966543,0.8798686062881276,0.12013139371187234,0.0,18.64282206147375,0,17.3,副口径网页c4,幂函数型,4096
41730934.53237331,786698752.4294153,0.8891705306810411,4.129636279604974,0.8798686062881276,0.12013139371187236,0.0,18.851692665045007,0,17.35,副口径网页c4,幂函数型,4096
43958085.45240678,837968711.5200089,0.8891705306810411,4.087262522042976,0.8798686062881276,0.12013139371187237,0.0,19.062902828815734,0,17.4,副口径网页c4,幂函数型,4096
46304095.53696174,892580030.9745891,0.8891705306810411,4.045631261774146,0.8798686062881277,0.12013139371187236,0.0,19.2764812836501,0,17.45,副口径网页c4,幂函数型,4096
48775306.48368647,950750505.4424206,0.8891705306810411,4.0047294883348865,0.8798686062881275,0.12013139371187236,0.0,19.492455793392327,0,17.5,副口径网页c4,幂函数型,4096
51378411.289982885,1012711871.3840685,0.8891705306810411,3.9645444192384076,0.8798686062881277,0.12013139371187237,0.0,19.710844418062305,0,17.55,副口径网页c4,幂函数型,4096
54120438.751579,1078711387.0111809,0.8891705306810411,3.9250634959799844,0.8798686062881277,0.12013139371187237,0.0,19.93168222383838,0,17.6,副口径网页c4,幂函数型,4096
57008811.76323091,1149012048.961671,0.8891705306810411,3.886274380112222,0.8798686062881276,0.12013139371187236,0.0,20.154990315071814,0,17.65,副口径网页c4,幂函数型,4096
60051328.225749165,1223894418.7969518,0.8891705306810411,3.8481649493890684,0.8798686062881276,0.12013139371187236,0.0,20.38080513716536,0,17.7,副口径网页c4,幂函数型,4096
63256224.938973874,1303656882.5987585,0.8891705306810411,3.810723293977437,0.8798686062881276,0.12013139371187234,0.0,20.60914769821397,0,17.75,副口径网页c4,幂函数型,4096
66632161.60863986,1388617613.257454,0.8891705306810411,3.7739377127351608,0.8798686062881276,0.12013139371187236,0.0,20.84005050614175,0,17.8,副口径网页c4,幂函数型,4096
70188270.03002387,1479115314.5845597,0.8891705306810411,3.737796709554205,0.8798686062881276,0.12013139371187236,0.0,21.07353997971243,0,17.85,副口径网页c4,幂函数型,4096
73934167.61268207,1575510798.7498224,0.8891705306810411,3.702288989767936,0.8798686062881275,0.12013139371187234,0.0,21.309644101268976,0,17.9,副口径网页c4,幂函数型,4096
77879979.9829866,1678188500.1340818,0.8891705306810411,3.6674034566213414,0.8798686062881276,0.12013139371187237,0.0,21.548394086653506,0,17.95,副口径网页c4,幂函数型,4096
82036380.36267999,1787557752.6260486,0.8891705306810411,3.633129207803127,0.8798686062881276,0.12013139371187237,0.0,21.789817453224018,0,18.0,副口径网页c4,幂函数型,4096
86414596.15840194,1904054904.1171114,0.8891705306810411,3.599455532038547,0.8798686062881276,0.12013139371187237,0.0,22.03395015151018,0,18.05,副口径网页c4,幂函数型,4096
91026484.43049751,2028144069.6925428,0.8891705306810411,3.566371905741961,0.8798686062881275,0.12013139371187234,0.0,22.28081291265417,0,18.1,副口径网页c4,幂函数型,4096
95884507.61478801,2160320215.145287,0.8891705306810411,3.533867989728036,0.8798686062881275,0.12013139371187234,0.0,22.53044072379537,0,18.15,副口径网页c4,幂函数型,4096
101001791.77093531,2301110603.940106,0.8891705306810411,3.5019336259805662,0.8798686062881276,0.12013139371187237,0.0,22.782869131261123,0,18.2,副口径网页c4,幂函数型,4096
106392177.98215537,2451076535.539189,0.8891705306810411,3.470558834477945,0.8798686062881277,0.12013139371187237,0.0,23.03812725734683,0,18.25,副口径网页c4,幂函数型,4096
112070248.98005612,2610815817.5016828,0.8891705306810411,3.4397338100742294,0.8798686062881276,0.12013139371187237,0.0,23.296243572781748,0,18.3,副口径网页c4,幂函数型,4096
118051362.62376447,2780965285.336137,0.8891705306810411,3.4094489194348654,0.8798686062881277,0.12013139371187236,0.0,23.557248502071175,0,18.35,副口径网页c4,幂函数型,4096
124351674.68838063,2962203791.766196,0.8891705306810411,3.3796946980261198,0.8798686062881277,0.12013139371187236,0.0,23.821181332614437,0,18.4,副口径网页c4,幂函数型,4096
130988227.8938738,3155253849.385393,0.8891705306810411,3.350461847157242,0.8798686062881275,0.12013139371187237,0.0,24.088071883389162,0,18.45,副口径网页c4,幂函数型,4096
137978983.65816766,3360884829.196872,0.8891705306810411,3.321741231074484,0.8798686062881275,0.12013139371187237,0.0,24.357947421349373,0,18.5,副口径网页c4,幂函数型,4096
145342819.4688812,3579917276.708616,0.8891705306810411,3.293523874106012,0.8798686062881276,0.12013139371187236,0.0,24.63085063156559,0,18.55,副口径网页c4,幂函数型,4096
153099663.79853204,3813224151.046713,0.8891705306810411,3.2658009578568685,0.8798686062881277,0.12013139371187234,0.0,24.90680943665975,0,18.6,副口径网页c4,幂函数型,4096
161270472.42808467,4061736201.7185316,0.8891705306810411,3.2385638184530694,0.8798686062881276,0.12013139371187238,0.0,25.18586409877221,0,18.65,副口径网页c4,幂函数型,4096
169877362.79131314,4326443750.314482,0.8891705306810411,3.211803943834,0.8798686062881276,0.12013139371187237,0.0,25.4680416461923,0,18.7,副口径网页c4,幂函数型,4096
178943593.1313154,4608402657.277207,0.8891705306810411,3.1855129710922583,0.8798686062881277,0.12013139371187237,0.0,25.75338170333593,0,18.75,副口径网页c4,幂函数型,4096
188493670.49239793,4908737411.578288,0.8891705306810411,3.1596826838601046,0.8798686062881276,0.12013139371187236,0.0,26.04192171946835,0,18.8,副口径网页c4,幂函数型,4096
198553454.9218671,5228644605.879949,0.8891705306810411,3.1343050097417082,0.8798686062881277,0.12013139371187238,0.0,26.333687358588023,0,18.85,副口径网页c4,幂函数型,4096
209150100.08414143,5569401086.755314,0.8891705306810411,3.1093720177903914,0.8798686062881275,0.12013139371187237,0.0,26.628727810862795,0,18.9,副口径网页c4,幂函数型,4096
220312293.1486921,5932364686.97237,0.8891705306810411,3.0848759160300703,0.8798686062881275,0.12013139371187236,0.0,26.927070669490636,0,18.95,副口径网页c4,幂函数型,4096
232070213.97637185,6318982742.422021,0.8891705306810411,3.060809049020141,0.8798686062881276,0.12013139371187236,0.0,27.228753893704713,0,19.0,副口径网页c4,幂函数型,4096
244455620.9083566,6730797802.533991,0.8891705306810411,3.0371638954630216,0.8798686062881276,0.12013139371187236,0.0,27.533823020814417,0,19.05,副口径网页c4,幂函数型,4096
257502048.22158566,7169450723.118496,0.8891705306810411,3.013933065853622,0.8798686062881277,0.12013139371187237,0.0,27.84230561517336,0,19.1,副口径网页c4,幂函数型,4096
271244722.33097386,7636692000.470491,0.8891705306810411,2.9911093001699998,0.8798686062881277,0.12013139371187238,0.0,28.15425102042048,0,19.15,副口径网页c4,幂函数型,4096
285720879.7342051,8134382558.154571,0.8891705306810411,2.9686854656044823,0.8798686062881276,0.12013139371187236,0.0,28.469681899767586,0,19.2,副口径网页c4,幂函数型,4096
300969594.4153496,8664508835.968662,0.8891705306810411,2.946654554334546,0.8798686062881275,0.12013139371187234,0.0,28.78865173340835,0,19.25,副口径网页c4,幂函数型,4096
317032119.4444029,9229184071.98782,0.8891705306810411,2.9250096813327544,0.8798686062881275,0.12013139371187234,0.0,29.11119569891504,0,19.3,副口径网页c4,幂函数型,4096
333951890.0084145,9830659779.618103,0.8891705306810411,2.9037440822150726,0.8798686062881276,0.12013139371187236,0.0,29.43735332466722,0,19.35,副口径网页c4,幂函数型,4096
351774662.52954096,10471334109.89952,0.8891705306810411,2.8828511111268864,0.8798686062881274,0.12013139371187233,0.0,29.767164111827327,0,19.4,副口径网页c4,幂函数型,4096
370548614.72442704,11153762120.894285,0.8891705306810411,2.862324238666053,0.8798686062881277,0.12013139371187238,0.0,30.100671484601868,0,19.45,副口径网页c4,幂函数型,4096
390324524.9848684,11880664504.561073,0.8891705306810411,2.842157049842365,0.8798686062881275,0.12013139371187236,0.0,30.437914463667504,0,19.5,副口径网页c4,幂函数型,4096
411155855.9556821,12654940040.991976,0.8891705306810411,2.822343242072755,0.8798686062881276,0.12013139371187234,0.0,30.778936643324943,0,19.55,副口径网页c4,幂函数型,4096
433098964.15012366,13479675174.455803,0.8891705306810411,2.8028766232116302,0.8798686062881278,0.12013139371187236,0.0,31.12377606560931,0,19.6,副口径网页c4,幂函数型,4096
456213109.84226197,14358160736.675993,0.8891705306810411,2.783751109615727,0.8798686062881276,0.12013139371187236,0.0,31.472486052933466,0,19.65,副口径网页c4,幂函数型,4096
480560904.6768765,15293896099.653889,0.8891705306810411,2.7649607242428678,0.8798686062881275,0.12013139371187236,0.0,31.82509428214375,0,19.7,副口径网页c4,幂函数型,4096
506208067.6260966,16290616108.83288,0.8891705306810411,2.7464995947840394,0.8798686062881276,0.12013139371187237,0.0,32.18166036987327,0,19.75,副口径网页c4,幂函数型,4096
533224033.2804021,17352292365.73405,0.8891705306810411,2.728361951828196,0.8798686062881276,0.12013139371187234,0.0,32.542217309640925,0,19.8,副口径网页c4,幂函数型,4096
561681834.3252003,18483158749.531055,0.8891705306810411,2.7105421270592234,0.8798686062881276,0.12013139371187234,0.0,32.90681239804837,0,19.85,副口径网页c4,幂函数型,4096
591658367.5390364,19687726205.05103,0.8891705306810411,2.6930345514844936,0.8798686062881277,0.12013139371187236,0.0,33.27549695095299,0,19.9,副口径网页c4,幂函数型,4096
623234717.3588667,20970796901.685337,0.8891705306810411,2.675833753694462,0.8798686062881275,0.12013139371187233,0.0,33.64831309551403,0,19.95,副口径网页c4,幂函数型,4096
656496338.6380543,22337484473.85287,0.8891705306810411,2.658934358152763,0.8798686062881276,0.12013139371187237,0.0,34.025299394956996,0,20.0,副口径网页c4,幂函数型,4096
691533047.9511864,23793242577.514416,0.8891705306810411,2.6423310835162632,0.8798686062881276,0.12013139371187236,0.0,34.40651556423363,0,20.05,副口径网页c4,幂函数型,4096
728439653.7223077,25343873530.12664,0.8891705306810411,2.6260187409845535,0.8798686062881276,0.12013139371187236,0.0,34.7920015070845,0,20.1,副口径网页c4,幂函数型,4096
767315970.8481346,26995559585.514694,0.8891705306810411,2.609992232678365,0.8798686062881276,0.12013139371187234,0.0,35.181803339341144,0,20.15,副口径网页c4,幂函数型,4096
922423693.779363,21646484521.466206,0.9548854791453514,2.593859461656355,0.755908232981521,0.103206670743077,0.140885096275402,23.46696498306112,1,20.2,副口径网页c4,幂函数型,4096
1037457780.8425204,19870822707.912003,1.0,2.576574957549247,0.6955646963133085,0.09496776653664374,0.20946753715004773,19.153379612011673,2,20.25,副口径网页c4,幂函数型,4096
1081911284.6955175,21564957270.755856,1.0,2.5594635476847922,0.7016031060228171,0.0957922107423153,0.20260468323486772,19.932278714354002,2,20.3,副口径网页c4,幂函数型,4096
1128573123.6387377,23391813864.62624,1.0,2.542738514905391,0.7075299907426468,0.09660142806939603,0.19586858118795722,20.72689254658707,2,20.35,副口径网页c4,幂函数型,4096
1177562148.0841663,25360810468.95575,1.0,2.526388849643313,0.7133426912545144,0.09739505544594973,0.18926225329953567,21.53670658505498,2,20.4,副口径网页c4,幂函数型,4096
1229003988.1655977,27481965713.93874,1.0,2.510403908390871,0.7190388166999251,0.09817276644009644,0.18278841685997835,22.361168864031207,2,20.45,副口径网页c4,幂函数型,4096
1283030578.1017337,29765950610.749466,1.0,2.494773402092427,0.7246161581742452,0.0989342594627236,0.17644958236303102,23.199720348667537,2,20.5,副口径网页c4,幂函数型,4096
1339781489.0302155,32224111128.282997,1.0,2.4794873848385857,0.7300728027775449,0.09967927333922746,0.17024792388322757,24.051766196298193,2,20.55,副口径网页c4,幂函数型,4096
1399403840.0706663,34868518514.64304,1.0,2.4645362428525592,0.7354070810499415,0.10040758013268535,0.16418533881737313,24.916694892649623,2,20.6,副口径网页c4,幂函数型,4096
1462052363.8968089,37712021924.512436,1.0,2.4499106837594016,0.7406175436606708,0.10111898196113692,0.15826347437819216,25.79389278780588,2,20.65,副口径网页c4,幂函数型,4096
1527890901.39393,40768274079.24738,1.0,2.4356017261296072,0.7457030528938835,0.1018133234884449,0.15248362361767126,26.682712778807407,2,20.7,副口径网页c4,幂函数型,4096
1597091266.7073715,44051816771.617195,1.0,2.421600689289252,0.7506626530575018,0.10249047423078426,0.14684687271171387,27.582529370682877,2,20.75,副口径网页c4,幂函数型,4096
1669835427.8004065,47578097996.3156,1.0,2.40789918338958,0.7554957017298132,0.10315034647617717,0.14135395179400953,28.492686886508288,2,20.8,副口径网页c4,幂函数型,4096
1746314590.1274855,51363562593.37378,1.0,2.394489099729578,0.7602017617981687,0.10379288054417664,0.13600535765765445,29.412548508584646,2,20.85,副口径网页c4,幂函数型,4096
1826730279.6188924,55425702776.14967,1.0,2.3813626013257325,0.7647806418375185,0.10441805029888253,0.1308013078635989,30.341481385918144,2,20.9,副口径网页c4,幂函数型,4096
1911295494.7676792,59783108587.790565,1.0,2.3685121137237304,0.7692324207567074,0.10502586651398245,0.12574171272931003,31.27884136777986,2,20.95,副口径网页c4,幂函数型,4096
2000233911.0347745,64455575306.3629,1.0,2.3559303160474085,0.7735573648982561,0.10561636555410858,0.12082626954763515,32.224018876381464,2,21.0,副口径网页c4,幂函数型,4096
2093781931.8850515,69464141182.97076,1.0,2.3436101322807437,0.7777559976763481,0.10618961888274406,0.11605438344090785,33.176397276688476,2,21.05,副口径网页c4,幂函数型,4096
2192187940.764895,74831207606.74094,1.0,2.3315447227791166,0.7818290235697885,0.10674572268472844,0.11142525374548326,34.135397889576446,2,21.1,副口径网页c4,幂函数型,4096
2295714369.7572865,80580585864.15884,1.0,2.319727476006463,0.7857773816888504,0.1072848051799177,0.10693781313123187,35.100440597354535,2,21.15,副口径网页c4,幂函数型,4096
2404636934.740197,86737634135.5415,1.0,2.308152000495257,0.7896021750857122,0.10780701697170259,0.10259080794258522,36.07098971259578,2,21.2,副口径网页c4,幂函数型,4096
2519247285.756442,93329296919.89188,1.0,2.2968121170265485,0.7933047302454513,0.10831253916951229,0.09838273058503635,37.04650093207041,2,21.25,副口径网页c4,幂函数型,4096
2639851080.338476,100384298298.9811,1.0,2.2857018510274885,0.7968864935467432,0.10880156925224868,0.09431193720100829,38.02650045172625,2,21.3,副口径网页c4,幂函数型,4096
2766772067.107236,107933147341.55629,1.0,2.2748154251839625,0.8003491244216989,0.10927433378770929,0.09037654179059175,39.01049480176531,2,21.35,副口径网页c4,幂函数型,4096
2900349816.2225184,116008364348.1303,1.0,2.2641472522660453,0.803694388400758,0.10973107382965018,0.08657453776959169,39.998059440713334,2,21.4,副口径网页c4,幂函数型,4096
3040943205.76222,124644520199.43008,1.0,2.2536919281640895,0.806924217354445,0.11017205314279357,0.08290372950276145,40.98876952494337,2,21.45,副口径网页c4,幂函数型,4096
3188929077.3702106,133878456565.70555,1.0,2.2434442251332736,0.8100406394163835,0.11059754863498358,0.07936181194863288,41.98226216937695,2,21.5,副口径网页c4,幂函数型,4096
3344705531.8794847,143749347598.29456,1.0,2.2333990852444123,0.8130458196427914,0.11100785590856245,0.07594632444864606,42.97817736962863,2,21.55,副口径网页c4,幂函数型,4096
3508691761.3025475,154298900180.66382,1.0,2.2235516140388016,0.8159420174561057,0.11140328345000697,0.07265469909388741,43.97619132077386,2,21.6,副口径网页c4,幂函数型,4096
3681328169.6685443,165571562619.98697,1.0,2.213897074384785,0.8187315607012522,0.1117841490877443,0.06948429021100365,44.97603989347533,2,21.65,副口径网页c4,幂函数型,4096
3863080356.4938374,177614587509.93076,1.0,2.2044308805336104,0.8214168813565332,0.11215078486787868,0.06643233377558817,45.97745092497511,2,21.7,副口径网页c4,幂函数型,4096
4054437005.01785,190478359172.68695,1.0,2.1951485923720333,0.8240004497162755,0.1125035280679288,0.0634960222157957,46.98022411914336,2,21.75,副口径网页c4,幂函数型,4096
4255914785.4958816,204216441925.24637,1.0,2.1860459098689673,0.8264848160349441,0.1128427268826377,0.06067245708241815,47.984147291015816,2,21.8,副口径网页c4,幂函数型,4096
4468055891.294529,218885961595.4385,1.0,2.177118667713312,0.8288725479838397,0.11316873188472691,0.057958720131433605,48.98908315402042,2,21.85,副口径网页c4,幂函数型,4096
4691433364.617531,234547661517.37247,1.0,2.168362830139959,0.831166268602478,0.11348190120652502,0.0553518301909969,49.994882861667584,2,21.9,副口径网页c4,幂函数型,4096
4926648832.467019,251266318841.82034,1.0,2.15977448594075,0.833368603652169,0.11378259335197614,0.052848802995854816,51.00146720138743,2,21.95,副口径网页c4,幂函数型,4096
5174337441.103242,269110849869.57474,1.0,2.1513498436570493,0.8354822077723525,0.11407117076785186,0.05044662145979565,52.0087553107469,2,22.0,副口径网页c4,幂函数型,4096
5435167184.808821,288154698082.8544,1.0,2.1430852269503706,0.837509732480884,0.11434799547472338,0.04814227204439242,53.016712878352806,2,22.05,副口径网页c4,幂函数型,4096
5709843534.913793,308475987061.1673,1.0,2.1349770701473765,0.8394538408215068,0.11461343106682971,0.04593272811166377,54.02529599540501,2,22.1,副口径网页c4,幂函数型,4096
5999106774.788104,330158063102.66425,1.0,2.1270219139553856,0.8413171659684656,0.11486783706022785,0.043814996971306426,55.03453688975653,2,22.15,副口径网页c4,幂函数型,4096
6303739489.994522,353289547837.99274,1.0,2.119216401344411,0.8431023433132612,0.11511157327370396,0.041786083413034754,56.04443971689251,2,22.2,副口径网页c4,幂函数型,4096
6624562515.931622,377965015130.9588,1.0,2.111557273591592,0.8448119651282271,0.11534499363884063,0.03984304123293227,57.055090690438604,2,22.25,副口径网页c4,幂函数型,4096
6962444267.93676,404284989669.0356,1.0,2.1040413664838047,0.8464486161493852,0.11556845105826272,0.03798293279235223,58.06653153847661,2,22.3,副口径网页c4,幂函数型,4096
7318297249.413069,432356660921.5203,1.0,2.096665606674088,0.8480148352226179,0.11578229216906145,0.036202872608320495,59.07886031223937,2,22.35,副口径网页c4,幂函数型,4096
7693082441.539253,462294210981.72284,1.0,2.089427008187507,0.849513122738929,0.11598685835795511,0.0345000189031161,60.09219509796723,2,22.4,副口径网页c4,幂函数型,4096
8087813031.57763,494219204671.18384,1.0,2.0823226690719396,0.8509459405934388,0.11618248575569083,0.03287157365087042,61.10665550026694,2,22.45,副口径网页c4,幂函数型,4096
8503556480.463823,528261110269.79114,1.0,2.0753497681892945,0.8523157047580402,0.1163695042229644,0.031314791018995376,62.12237332502286,2,22.5,副口径网页c4,幂函数型,4096
8941434788.970663,564557975466.8004,1.0,2.068505562142571,0.8536247743863901,0.11654823586288846,0.02982698975072154,63.13952836329887,2,22.55,副口径网页c4,幂函数型,4096
9402632038.600248,603256710025.2329,1.0,2.061787382334215,0.8548754640059805,0.11671899668561654,0.02840553930840289,64.15828116517878,2,22.6,副口径网页c4,幂函数型,4096
9888395857.642485,644513770636.2596,1.0,2.055192632151186,0.8560700341461253,0.11688209532875099,0.027047870525123655,65.17879946504485,2,22.65,副口径网页c4,幂函数型,4096
10400037307.169672,688496008093.9906,1.0,2.0487187842721957,0.8572106817078279,0.11703783174250876,0.025751486549663447,66.20130176065321,2,22.7,副口径网页c4,幂函数型,4096
10938942084.966343,735380847323.0697,1.0,2.042363378092591,0.8582995563988751,0.11718649943365975,0.0245139441674652,67.22595673430996,2,22.75,副口径网页c4,幂函数型,4096
11506566252.1143,785357505409.4098,1.0,2.0361240172624107,0.8593387410396252,0.11732838277661017,0.023332876183764655,68.25298600832394,2,22.8,副口径网页c4,幂函数型,4096
12104442658.702229,838627596512.7408,1.0,2.0299983673331923,0.8603302578734434,0.11746375787498746,0.022205984251569152,69.28262788785467,2,22.85,副口径网页c4,幂函数型,4096
12734189495.453365,895405637943.7625,1.0,2.0239841535091903,0.8612760748330476,0.11759289341720545,0.021131031749746697,70.3150866620494,2,22.9,副口径网页c4,幂函数型,4096
13397507628.42578,955920379639.8608,1.0,2.018079158498727,0.8621780935373904,0.11771604903763837,0.020105857424971122,71.35061282679654,2,22.95,副口径网页c4,幂函数型,4096
14096192452.53264,1020415220933.9762,1.0,2.0122812204614973,0.8630381601467366,0.11783347679870113,0.019128363054562187,72.38942177968347,2,23.0,副口径网页c4,幂函数型,4096
14832130480.871899,1089149757578.9911,1.0,2.006588231047737,0.863858054509717,0.11794541970906004,0.018196525781222984,73.4317810232051,2,23.05,副口径网页c4,幂函数型,4096
15607314774.348942,1162400086151.4504,1.0,2.0009981335252784,0.86463950294438,0.11805211346867267,0.017308383586947414,74.47790365975622,2,23.1,副口径网页c4,幂函数型,4096
16423837186.839096,1240460850667.449,1.0,1.9955089209905998,0.8653841645016754,0.11815378459329542,0.016462050905029033,75.52807766880852,2,23.15,副口径网页c4,幂函数型,4096
17283907524.1475,1323645440152.762,1.0,1.9901186346601205,0.8660936455976812,0.11825065241227009,0.015655701990048624,76.5825342622023,2,23.2,副口径网页c4,幂函数型,4096
18189853067.7321,1412287698774.9778,1.0,1.9848253622380845,0.8667694936484718,0.11834292819947136,0.014887578152056713,77.64151219452708,2,23.25,副口径网页c4,幂函数型,4096
19144122314.86096,1506743457475.0107,1.0,1.9796272363575025,0.8674131966693702,0.11843081511859135,0.014155988212038504,78.7052774054507,2,23.3,副口径网页c4,幂函数型,4096
20149292779.02248,1607391876221.7507,1.0,1.9745224330907456,0.8680261860213513,0.11851450859811516,0.013459305380533537,79.77410889057177,2,23.35,副口径网页c4,幂函数型,4096
21208084571.676014,1714636437803.161,1.0,1.9695091705265049,0.8686098414270964,0.11859419701617957,0.012795961556723764,80.84824596055721,2,23.4,副口径网页c4,幂函数型,4096
22323360007.742992,1828907157173.7688,1.0,1.9645857074099462,0.8691654871471474,0.11867006117849054,0.01216445167436184,81.92795155117336,2,23.45,副口径网页c4,幂函数型,4096
23498133953.10299,1950662098282.2942,1.0,1.959750341843028,0.8696943951513286,0.11874227475132809,0.011563330097343002,83.01348958923201,2,23.5,副口径网页c4,幂函数型,4096
24735587708.533585,2080388725410.2202,1.0,1.9550014100420523,0.8701977886976413,0.11881100475018465,0.0109912065521739,84.10508575434018,2,23.55,副口径网页c4,幂函数型,4096
26039058450.13065,2218607432227.409,1.0,1.950337285149652,0.8706768359687276,0.11887641067093027,0.010446753360342143,85.20305895378016,2,23.6,副口径网页c4,幂函数型,4096
27412079358.45299,2365871035688.8306,1.0,1.9457563760985386,0.8711326637704166,0.11893864636012087,0.009928689869462286,86.30760931163265,2,23.65,副口径网页c4,幂函数型,4096
28858355649.27621,2522769785243.2437,1.0,1.9412571265244303,0.8715663464557515,0.11899785850275861,0.009435795041489909,87.41904133080835,2,23.7,副口径网页c4,幂函数型,4096
30381803047.91748,2689931311017.922,1.0,1.9368380137257322,0.8719789171757161,0.11905418815839108,0.008966894665892827,88.53757977350534,2,23.75,副口径网页c4,幂函数型,4096
31986539525.719147,2868024732109.6284,1.0,1.932497547667605,0.8723713632015043,0.11910777012244539,0.0085208666760501,89.66348891237703,2,23.8,副口径网页c4,幂函数型,4096
33676902826.290318,3057762786451.468,1.0,1.9282342700282091,0.8727446295743184,0.11915873342454694,0.008096637001134499,90.79703089752022,2,23.85,副口径网页c4,幂函数型,4096
35457468573.70881,3259904091507.0884,1.0,1.9240467532849925,0.8730996217303495,0.11920720168691702,0.007693176582733545,91.93843279393778,2,23.9,副口径网页c4,幂函数型,4096
37333037777.81812,3475258430980.4834,1.0,1.9199335998389933,0.8734372020734242,0.11925329265642486,0.007309505270150934,93.08801634795844,2,23.95,副口径网页c4,幂函数型,4096
39308703540.87074,3704685063803.2207,1.0,1.9158934411752477,0.8737582013119957,0.11929711975246449,0.0069446789355396155,94.24592342383716,2,24.0,副口径网页c4,幂函数型,4096
41389791028.42788,3949102939775.8447,1.0,1.9119249370574551,0.8740634067133602,0.11933879046326414,0.00659780282337555,95.41248799887562,2,24.05,副口径网页c4,幂函数型,4096
43581928555.88203,4209489151078.544,1.0,1.908026774755178,0.8743535735494078,0.1193784079086125,0.006268018541979713,96.58795034003631,2,24.1,副口径网页c4,幂函数型,4096
45891050055.32347,4486883960478.8,1.0,1.9041976683019202,0.8746294236494209,0.11941607064226763,0.00595450570831131,97.77252765124538,2,24.15,副口径网页c4,幂函数型,4096
48323400227.11665,4782395990034.613,1.0,1.9004363577825174,0.8748916453308738,0.11945187264250862,0.005656482026617679,98.9664627811305,2,24.2,副口径网页c4,幂函数型,4096
50885549420.24942,5097206875473.827,1.0,1.8967416086483648,0.8751408948545878,0.11948590351081308,0.0053732016345989795,100.17002731713539,2,24.25,副口径网页c4,幂函数型,4096
53584428519.05598,5432574297184.48,1.0,1.8931122110590648,0.8753777994543512,0.11951824888550076,0.0051039516601479795,101.3834512623853,2,24.3,副口径网页c4,幂函数型,4096
56427334305.38519,5789838303222.42,1.0,1.8895469792491726,0.8756029571033995,0.11954899040985081,0.004848052486749664,102.60697894902793,2,24.35,副口径网页c4,幂函数型,4096
59421954699.37662,6170426107067.597,1.0,1.8860447509187737,0.8758169382435099,0.11957820596818054,0.00460485578830944,103.84084701158996,2,24.4,副口径网页c4,幂函数型,4096
62576391992.39609,6575857512675.71,1.0,1.8826043866467004,0.8760202870262007,0.1196059698553106,0.0043737431184885855,105.08527742338947,2,24.45,副口径网页c4,幂函数型,4096
65899173235.147705,7007752169237.759,1.0,1.8792247693252613,0.8762135216772682,0.11963235282633634,0.0041541254963954714,106.34051726615796,2,24.5,副口径网页c4,幂函数型,4096
69399264454.6233,7467837023868.576,1.0,1.8759048036154127,0.8763971353667944,0.11965742221541299,0.0039454424177926715,107.60686129103601,2,24.55,副口径网页c4,幂函数型,4096
73086160964.20065,7957946144198.617,1.0,1.8726434154213665,0.8765716006029807,0.1196812425356603,0.003747156861358937,108.88444596367032,2,24.6,副口径网页c4,幂函数型,4096
76969806777.43866,8480039378575.587,1.0,1.869439551383672,0.8767373647520652,0.11970387486748196,0.0035587603804528955,110.1735827802708,2,24.65,副口径网页c4,幂函数型,4096
81060733514.31075,9036198090658.225,1.0,1.8662921783898812,0.8768948563691183,0.11972537772293029,0.0033797659079515415,111.47441799379897,2,24.7,副口径网页c4,幂函数型,4096
85369957290.76854,9628647890897.32,1.0,1.863200283101934,0.8770444807009464,0.11974580643170256,0.0032097128673510638,112.78731062383362,2,24.75,副口径网页c4,幂函数型,4096
89909170339.16599,10259749599391.34,1.0,1.860162871499471,0.8771866267398571,0.11976521410421516,0.0030481591559277524,114.11238209281991,2,24.8,副口径网页c4,幂函数型,4096
94690640407.31831,10932023311269.855,1.0,1.8571789684382958,0.8773216631488698,0.11978365107525904,0.002894685775871164,115.44988252529504,2,24.85,副口径网页c4,幂函数型,4096
99727264493.91797,11648156360885.795,1.0,1.8542476172232856,0.8774499403298611,0.11980116518637036,0.002748894483768604,116.80011900452936,2,24.9,副口径网页c4,幂函数型,4096
105032702408.08794,12411002580659.25,1.0,1.851367879195063,0.8775717936656653,0.1198178022284855,0.002610404105849217,118.1632224641642,2,24.95,副口径网页c4,幂函数型,4096
110621283629.7369,13223608695690.99,1.0,1.8485388333297876,0.8776875408808129,0.11983360558159366,0.002478853537593488,119.53946168218444,2,25.0,副口径网页c4,幂函数型,4096
116508103059.28029,14089219988668.357,1.0,1.845759575851465,0.877797484437562,0.11984861654187516,0.0023538990205626727,120.92909951078377,2,25.05,副口径网页c4,幂函数型,4096
122709101831.49005,15011288359469.0,1.0,1.8430292198562024,0.8779019128538038,0.11986287450163935,0.0022352126445568383,122.33231386603426,2,25.1,副口径网页c4,幂函数型,4096
129241047828.5062,15993493540556.28,1.0,1.840346894947864,0.8780011001429272,0.11987641687284765,0.0021224829842249803,123.74933358462494,2,25.15,副口径网页c4,幂函数型,4096
136121567716.69492,17039759593080.133,1.0,1.837711746884626,0.878095306494625,0.11988927918006616,0.002015414325308632,125.18045361146876,2,25.200000000000003,副口径网页c4,幂函数型,4096
143369302565.99475,18154257167055.305,1.0,1.8351229372359443,0.8781847803953806,0.11990149534998264,0.0019137242546366934,126.6258316259763,2,25.25,副口径网页c4,幂函数型,4096
151003870546.08765,19341430828467.773,1.0,1.8325796430494763,0.8782697578419221,0.1199130976040171,0.0018171445540608147,128.08566269541154,2,25.3,副口径网页c4,幂函数型,4096
159045872819.0508,20606022996417.746,1.0,1.8300810565275343,0.8783504625923659,0.11992411649261105,0.0017254209150228514,129.56024970142775,2,25.35,副口径网页c4,幂函数型,4096
167517044382.3286,21953080868111.938,1.0,1.8276263847126577,0.8784271078455427,0.11993458112451144,0.0016383110299459105,131.04983405752932,2,25.4,副口径网页c4,幂函数型,4096
176440347528.3712,23387971714889.836,1.0,1.8252148491819244,0.878499896855566,0.11994451925067995,0.0015555838937541294,132.55455479721897,2,25.450000000000003,副口径网页c4,幂函数型,4096
185839854861.23782,24916427758120.35,1.0,1.8228456857496338,0.8785690219213164,0.11995395712632372,0.001477020952359993,134.07472674106882,2,25.5,副口径网页c4,幂函数型,4096
195741003854.86288,26544544216984.035,1.0,1.8205181441780203,0.8786346664863512,0.11996291979760317,0.0014024137160455667,135.61054502748007,2,25.55,副口径网页c4,幂函数型,4096
206170550169.53564,28278818839702.305,1.0,1.8182314878956736,0.878697004661347,0.11997143103642927,0.0013315643022234578,137.16226113015856,2,25.6,副口径网页c4,幂函数型,4096
217156728050.71423,30126165908018.8,1.0,1.8159849937233552,0.8787562022319408,0.11997951347806766,0.0012642842899913123,138.73005998222266,2,25.65,副口径网页c4,幂函数型,4096
228729249171.67706,32093954281442.184,1.0,1.8137779516069203,0.8788124165832584,0.1199871886108342,0.0012003948059074868,140.3141679416499,2,25.700000000000003,副口径网页c4,幂函数型,4096
240919337610.16965,34190043428747.77,1.0,1.8116096643570743,0.8788657969885451,0.1199944768155027,0.0011397261959520714,141.9148988532855,2,25.75,副口径网页c4,幂函数型,4096
253760101411.43356,36422774179055.08,1.0,1.8094794473956954,0.8789164862145022,0.12000139758448673,0.001082116201011008,143.53231251275812,2,25.8,副口径网页c4,幂函数型,4096
267286093726.13812,38801076887268.766,1.0,1.807386628508481,0.8789646186752217,0.12000796926979031,0.0010274120549877753,145.16683732534335,2,25.85,副口径网页c4,幂函数型,4096
281533952357.41174,41334429491213.375,1.0,1.805330547603684,0.8790103230163604,0.12001420943583374,0.0009754675478058068,146.81863109263168,2,25.9,副口径网页c4,幂函数型,4096
296542183718.1575,44032940150458.36,1.0,1.8033105564767118,0.8790537211724052,0.12002013473073908,0.0009261440968555726,148.48794730772124,2,25.950000000000003,副口径网页c4,幂函数型,4096
312351418771.99493,46907365462760.484,1.0,1.801326018580384,0.8790949291889827,0.12002576099860245,0.0008793098124148514,150.17497166229023,2,26.0,副口径网页c4,幂函数型,4096
27551362.000401575,475176035.30903065,0.8891705306810411,4.496276140973358,0.7855048177628823,0.21449518223711772,0.0,17.246916334012987,0,17.0,副口径网页c4,幂函数型,8192
29021757.142931983,506143774.09587806,0.8891705306810411,4.447477909390222,0.7855048177628822,0.21449518223711775,0.0,17.4401491819783,0,17.05,副口径网页c4,幂函数型,8192
30570628.531888016,539129672.0951918,0.8891705306810411,4.399534748420285,0.7855048177628824,0.21449518223711775,0.0,17.63554424577268,0,17.1,副口径网页c4,幂函数型,8192
32202161.73314954,574265301.2794088,0.8891705306810411,4.352431675025642,0.7855048177628823,0.21449518223711775,0.0,17.833128907251243,0,17.15,副口径网页c4,幂函数型,8192
33920766.55256639,611690794.3833046,0.8891705306810411,4.306153968709769,0.7855048177628823,0.21449518223711772,0.0,18.03292957532014,0,17.2,副口径网页c4,幂函数型,8192
35731093.518598035,651555319.8257847,0.8891705306810411,4.260687166917138,0.7855048177628823,0.21449518223711772,0.0,18.234967241812797,0,17.25,副口径网页c4,幂函数型,8192
37638036.78995024,694017849.4853828,0.8891705306810411,4.21601706051341,0.7855048177628823,0.21449518223711772,0.0,18.439268056369322,0,17.3,副口径网页c4,幂函数型,8192
39646750.22036759,739247744.2239558,0.8891705306810411,4.172129689344857,0.7855048177628823,0.21449518223711775,0.0,18.645859751808473,0,17.35,副口径网页c4,幂函数型,8192
41762670.03925501,787425265.9010866,0.8891705306810411,4.129011337875571,0.7855048177628823,0.21449518223711772,0.0,18.85476348042265,0,17.4,副口径网页c4,幂函数型,8192
43991512.466891766,838742614.4513128,0.8891705306810411,4.0866485309011304,0.7855048177628823,0.2144951822371177,0.0,19.06600995095485,0,17.45,副口径网页c4,幂函数型,8192
46339307.63430244,893404348.6252695,0.8891705306810411,4.0450280293373835,0.7855048177628823,0.21449518223711775,0.0,19.279622295520262,0,17.5,副口径网页c4,幂函数型,8192
48812401.28725339,951628477.2579266,0.8891705306810411,4.004136826083004,0.7855048177628823,0.21449518223711772,0.0,19.49562922868189,0,17.55,副口径网页c4,幂函数型,8192
51417483.41211919,1013647108.9326499,0.8891705306810411,3.9639621419545588,0.7855048177628823,0.21449518223711772,0.0,19.7140552525317,0,17.6,副口径网页c4,幂函数型,8192
54161596.92173058,1079707559.0824354,0.8891705306810411,3.924491421692805,0.7855048177628824,0.21449518223711775,0.0,19.93492844464558,0,17.65,副口径网页c4,幂函数型,8192
57052163.43355969,1150073204.7141976,0.8891705306810411,3.8857123300389436,0.7855048177628822,0.21449518223711772,0.0,20.158275085457884,0,17.7,副口径网页c4,幂函数型,8192
60096994.641339734,1225024708.8072345,0.8891705306810411,3.847612747879667,0.7855048177628824,0.21449518223711772,0.0,20.384125963672734,0,17.75,副口径网页c4,幂函数型,8192
63304325.2486546,1304860902.5931726,0.8891705306810411,3.8101807684597233,0.7855048177628824,0.21449518223711775,0.0,20.612507873163132,0,17.8,副口径网页c4,幂函数型,8192
66682835.18559795,1389899971.5116324,0.8891705306810411,3.7734046936608605,0.7855048177628824,0.21449518223711778,0.0,20.843444458279734,0,17.85,副口径网页c4,幂函数型,8192
70241649.05028783,1480481223.7402189,0.8891705306810411,3.7372730303459614,0.7855048177628822,0.21449518223711772,0.0,21.07697133762198,0,17.9,副口径网页c4,幂函数型,8192
73990389.66236578,1576965848.6153185,0.8891705306810411,3.701774486767252,0.7855048177628822,0.21449518223711772,0.0,21.313117227944822,0,17.95,副口径网页c4,幂函数型,8192
77939208.73752317,1679738244.04658,0.8891705306810411,3.6668979690374477,0.7855048177628822,0.2144951822371177,0.0,21.55190271052732,0,18.0,副口径网页c4,幂函数型,8192
82098766.692583,1789208569.505181,0.8891705306810411,3.6326325776627155,0.7855048177628823,0.21449518223711775,0.0,21.79336720373441,0,18.05,副口径网页c4,幂函数型,8192
86480315.34099624,1905813232.8904202,0.8891705306810411,3.598967604136412,0.7855048177628824,0.21449518223711775,0.0,22.03753796890891,0,18.1,副口径网页c4,幂函数型,8192
91095708.37094033,2030017049.1274793,0.8891705306810411,3.565892527592492,0.7855048177628823,0.21449518223711772,0.0,22.284442213910683,0,18.15,副口径网页c4,幂函数型,8192
95957418.28151006,2162315432.222093,0.8891705306810411,3.5333970115175557,0.7855048177628824,0.21449518223711775,0.0,22.53411430764543,0,18.2,副口径网页c4,幂函数型,8192
101078594.70130987,2303235826.935519,0.8891705306810411,3.5014709005205282,0.7855048177628824,0.21449518223711775,0.0,22.786583388319226,0,18.25,副口径网页c4,幂函数型,8192
106473082.30875638,2453340204.434445,0.8891705306810411,3.4701042171589203,0.7855048177628824,0.21449518223711775,0.0,23.04188205353271,0,18.3,副口径网页c4,幂函数型,8192
112155479.96195108,2613226805.873454,0.8891705306810411,3.4392871588207186,0.7855048177628823,0.21449518223711772,0.0,23.300036759327277,0,18.35,副口径网页c4,幂函数型,8192
118141132.85672048,2783533623.321697,0.8891705306810411,3.4090100946609,0.7855048177628823,0.21449518223711772,0.0,23.56108796330503,0,18.4,副口径网页c4,幂函数型,8192
124446243.6645107,2964939325.9003353,0.8891705306810411,3.37926356259163,0.7855048177628823,0.21449518223711778,0.0,23.825060834245736,0,18.45,副口径网页c4,幂函数型,8192
131087842.5883333,3158167693.916605,0.8891705306810411,3.3500382663252113,0.7855048177628823,0.21449518223711772,0.0,24.091995348756157,0,18.5,副口径网页c4,幂函数型,8192
138083918.03439417,3363988491.1667724,0.8891705306810411,3.3213250724688343,0.7855048177628824,0.2144951822371177,0.0,24.36191367577551,0,18.55,副口径网页c4,幂函数型,8192
145453347.61995086,3583223367.6372433,0.8891705306810411,3.2931150076702336,0.7855048177628822,0.2144951822371177,0.0,24.634863523386908,0,18.6,副口径网页c4,幂函数型,8192
153216083.6380416,3816745880.70785,0.8891705306810411,3.2653992558133784,0.7855048177628823,0.21449518223711775,0.0,24.910869603771815,0,18.65,副口径网页c4,幂函数型,8192
161393109.938906,4065487334.666879,0.8891705306810411,3.238169155263272,0.7855048177628822,0.21449518223711772,0.0,25.189968371052736,0,18.7,副口径网页c4,幂函数型,8192
170006549.1217433,4330439253.135887,0.8891705306810411,3.211416196159064,0.7855048177628823,0.21449518223711775,0.0,25.472190780337638,0,18.75,副口径网页c4,幂函数型,8192
179079670.8602695,4612658633.176968,0.8891705306810411,3.1851320177545634,0.7855048177628823,0.21449518223711775,0.0,25.757578238883895,0,18.8,副口径网页c4,幂函数型,8192
188637025.48015022,4913270366.136589,0.8891705306810411,3.159308405805376,0.7855048177628824,0.21449518223711772,0.0,26.04616115860881,0,18.85,副口径网页c4,幂函数型,8192
198704458.10860446,5233473045.011564,0.8891705306810411,3.1339372900018097,0.7855048177628823,0.21449518223711772,0.0,26.337974974628615,0,18.9,副口径网页c4,幂函数型,8192
209309160.33390227,5574544250.101402,0.8891705306810411,3.109010741446763,0.7855048177628823,0.21449518223711772,0.0,26.633063938570878,0,18.95,副口径网页c4,幂函数型,8192
220479840.63123813,5937843081.359627,0.8891705306810411,3.0845209701778273,0.7855048177628824,0.21449518223711775,0.0,26.93145579368828,0,19.0,副口径网页c4,幂函数型,8192
232246693.40246862,6324818440.261792,0.8891705306810411,3.060460322732782,0.7855048177628822,0.21449518223711775,0.0,27.23319048207626,0,19.05,副口径网页c4,幂函数型,8192
244641525.79187083,6737013629.551343,0.8891705306810411,3.036821279757761,0.7855048177628823,0.21449518223711775,0.0,27.538307765799612,0,19.1,副口径网页c4,幂函数型,8192
257697844.6999596,7176072477.853467,0.8891705306810411,3.0135964536573363,0.7855048177628822,0.21449518223711775,0.0,27.846847094156516,0,19.15,副口径网页c4,幂函数型,8192
271451014.93109846,7643743989.646389,0.8891705306810411,2.990778586285758,0.7855048177628823,0.21449518223711775,0.0,28.158833709229548,0,19.2,副口径网页c4,幂函数型,8192
285938169.0251651,8141894502.788906,0.8891705306810411,2.968360546678676,0.7855048177628823,0.21449518223711772,0.0,28.474318523290073,0,19.25,副口径网页c4,幂函数型,8192
301198454.5834081,8672511081.752382,0.8891705306810411,2.946335328824589,0.7855048177628823,0.21449518223711778,0.0,28.79334521734999,0,19.3,副口径网页c4,幂函数型,8192
317273199.78488356,9237707655.764555,0.8891705306810411,2.9246960494753473,0.7855048177628824,0.21449518223711775,0.0,29.115940653127566,0,19.35,副口径网页c4,幂函数型,8192
334205828.0581452,9839739106.727482,0.8891705306810411,2.903435945995029,0.7855048177628824,0.21449518223711778,0.0,29.442152950772485,0,19.4,副口径网页c4,幂函数型,8192
352042190.1897853,10481004041.09431,0.8891705306810411,2.8825483742464915,0.7855048177628823,0.21449518223711772,0.0,29.7720112337786,0,19.45,副口径网页c4,幂函数型,8192
370830396.5837668,11164062960.900824,0.8891705306810411,2.8620268065149794,0.7855048177628823,0.21449518223711778,0.0,30.105576737366984,0,19.5,副口径网页c4,幂函数型,8192
390621368.8211579,11891635946.204224,0.8891705306810411,2.8418648294681033,0.7855048177628822,0.2144951822371177,0.0,30.442871013666156,0,19.55,副口径网页c4,幂函数型,8192
411468542.7932274,12666626482.666067,0.8891705306810411,2.822056142151561,0.7855048177628822,0.21449518223711772,0.0,30.783948626253416,0,19.6,副口径网页c4,幂函数型,8192
433428345.9664754,13492123012.390991,0.8891705306810411,2.802594554019989,0.7855048177628824,0.21449518223711775,0.0,31.12884318238515,0,19.65,副口径网页c4,幂函数型,8192
456560061.1479096,14371420108.658049,0.8891705306810411,2.783473983002305,0.7855048177628822,0.2144951822371177,0.0,31.477611231531284,0,19.7,副口径网页c4,幂函数型,8192
480926365.9825298,15308019806.79335,0.8891705306810411,2.764688453600976,0.7855048177628823,0.21449518223711772,0.0,31.830277750564065,0,19.75,副口径网页c4,幂函数型,8192
506593040.4932685,16305660042.542336,0.8891705306810411,2.746232095024558,0.7855048177628824,0.21449518223711775,0.0,32.18690100176969,0,19.8,副口径网页c4,幂函数型,8192
533629564.26550037,17368316324.892475,0.8891705306810411,2.7280991393529863,0.7855048177628823,0.21449518223711775,0.0,32.54751514526489,0,19.85,副口径网页c4,幂函数型,8192
562108938.3085126,18500229307.228268,0.8891705306810411,2.7102839197350006,0.7855048177628821,0.21449518223711772,0.0,32.91217777624886,0,19.9,副口径网页c4,幂函数型,8192
592108284.9309427,19705908630.69905,0.8891705306810411,2.6927808686171586,0.7855048177628825,0.21449518223711772,0.0,33.280920284703235,0,19.95,副口径网页c4,幂函数型,8192
623708690.7190257,20990162807.611736,0.8891705306810411,2.6755845160038865,0.7855048177628824,0.21449518223711772,0.0,33.65379241936455,0,20.0,副口径网页c4,幂函数型,8192
656995585.5977175,22358113225.150154,0.8891705306810411,2.6586894877480094,0.7855048177628822,0.21449518223711772,0.0,34.03084239113924,0,20.05,副口径网页c4,幂函数型,8192
692058959.0322902,23815215049.288456,0.8891705306810411,2.6420905038712434,0.7855048177628823,0.21449518223711775,0.0,34.412118705304245,0,20.1,副口径网页c4,幂函数型,8192
804139012.4808415,20558135031.405655,0.9369934466921719,2.6255811682414234,0.7022085238952347,0.19174974092499208,0.10604173517977335,25.565399405237102,1,20.15,副口径网页c4,幂函数型,8192
933841775.775388,17595020139.2256,1.0,2.6079082848554918,0.622034277001464,0.16985682657319975,0.20810889642533636,18.84154317750038,2,20.2,副口径网页c4,幂函数型,8192
973907043.4492778,19093243242.445564,1.0,2.590203809279909,0.6274057036638934,0.17132358414715385,0.2012707121889528,19.60479018081972,2,20.25,副口径网页c4,幂函数型,8192
1015964296.0356073,20708679878.947407,1.0,2.5728986256936603,0.632677093649303,0.17276302503916968,0.19455988131152735,20.383275238858996,2,20.3,副口径网页c4,幂函数型,8192
1060120648.9114728,22449638940.870693,1.0,2.555981367315287,0.6378461003957915,0.1741745084814108,0.18797939112279768,21.17649435837504,2,20.35,副口径网页c4,幂函数型,8192
1106489395.6157017,24324957980.05028,1.0,2.53944104542238,0.6429106280306115,0.17555746216089235,0.18153190980849607,21.98390520183409,2,20.4,副口径网页c4,幂函数型,8192
1155189773.3516383,26344045037.537014,1.0,2.5232670373496715,0.6478687706732126,0.1769113656451653,0.17521986368162215,22.804950013626826,2,20.45,副口径网页c4,幂函数型,8192
1206347540.0055547,28516909674.62631,1.0,2.507449074799117,0.6527188475798986,0.178235759979151,0.1690453924409504,23.63904988316634,2,20.5,副口径网页c4,幂函数型,8192
1260095300.1179621,30854200624.670425,1.0,2.491977232451654,0.6574594033222817,0.17953024773387105,0.16301034894384725,24.485608843856532,2,20.55,副口径网页c4,幂函数型,8192
1316572900.952758,33367244929.711456,1.0,2.4768419168711686,0.6620892116989581,0.1807944940745955,0.15711629422644643,25.344016199607893,2,20.6,副口径网页c4,幂函数型,8192
1375927855.9906838,36068089395.59489,1.0,2.4620338556919577,0.6666072779542236,0.18202822736669996,0.15136449467907642,26.213648657927237,2,20.65,副口径网页c4,幂函数型,8192
1438315335.9771736,38969555158.00076,1.0,2.4475440870816993,0.6710128078997933,0.1832312307438369,0.14575596135636962,27.09388837290352,2,20.7,副口径网页c4,幂函数型,8192
1503899413.2138765,42085267911.84271,1.0,2.4333639494727173,0.6753052662044187,0.18440335802488658,0.14029137577069478,27.984097568005083,2,20.75,副口径网页c4,幂函数型,8192
1572852555.5437443,45429731212.54517,1.0,2.4194850715549276,0.6794843054962809,0.18554451435418445,0.13497118014953455,28.88365540204107,2,20.8,副口径网页c4,幂函数型,8192
1645356649.024323,49018369526.93037,1.0,2.405899362524587,0.6835498028620478,0.1866546661681965,0.12979553096975577,29.791941799364704,2,20.85,副口径网页c4,幂函数型,8192
1721603656.5644546,52867582399.456314,1.0,2.3925990025834922,0.6875018602672713,0.18773384131031626,0.12476429842241236,30.70833533483322,2,20.9,副口径网页c4,幂函数型,8192
1801795364.8942301,56994827744.862595,1.0,2.3795764336838463,0.6913407575335065,0.18878211619048285,0.11987712627601058,31.632242404069196,2,20.95,副口径网页c4,幂函数型,8192
1886145045.3035877,61418659518.52119,1.0,2.366824350514557,0.6950670020402806,0.18979962935713265,0.11513336860258676,32.56306277793999,2,21.0,副口径网页c4,幂函数型,8192
1974876807.860282,66158833022.29587,1.0,2.3543356917250726,0.6986812621657834,0.19078656332206992,0.1105321745121467,33.500232905148614,2,21.05,副口径网页c4,幂函数型,8192
2068226957.8987837,71236361525.07755,1.0,2.342103631383355,0.702184395875285,0.19174315236701117,0.1060724517577038,34.443203272744384,2,21.1,副口径网页c4,幂函数型,8192
2166445100.6582494,76673582640.77457,1.0,2.3301215706648626,0.7055774542533013,0.19266968350810149,0.10175286223859728,35.39142654363971,2,21.15,副口径网页c4,幂函数型,8192
2269793152.4573417,82494297126.80798,1.0,2.3183831297696837,0.7088616127290406,0.19356647771587668,0.0975719095550828,36.344411841007336,2,21.2,副口径网页c4,幂函数型,8192
2378547847.3432336,88723806589.00362,1.0,2.3068821400652313,0.7120382251934848,0.19443390469283425,0.09352787011368101,37.301669877318396,2,21.25,副口径网页c4,幂函数型,8192
2493000086.0887303,95389057793.62376,1.0,2.2956126364520157,0.715108767926995,0.19527236756193142,0.08961886451107372,38.26275752091117,2,21.3,副口径网页c4,幂函数型,8192
2613457180.8763504,102518699710.47766,1.0,2.284568849950168,0.7180748704694674,0.1960823112961959,0.08584281823433682,39.227235273126176,2,21.35,副口径网页c4,幂函数型,8192
2740241995.7030716,110143254680.15974,1.0,2.273745200504429,0.7209382595452963,0.19686420740650223,0.08219753304820156,40.19471815002966,2,21.4,副口径网页c4,幂函数型,8192
2873695205.0090165,118295190902.06721,1.0,2.263136290005341,0.7237007840912157,0.19761856077584133,0.078680655132943,41.16483567772667,2,21.45,副口径网页c4,幂函数型,8192
3014175297.680239,127009083958.5761,1.0,2.2527368955243823,0.7263643827440848,0.19834590078131809,0.07528971647459716,42.13725859153728,2,21.5,副口径网页c4,幂函数型,8192
3162060239.662642,136321728105.53712,1.0,2.2425419627606824,0.7289310877062515,0.19904678234965373,0.07202212994409489,43.1116796560717,2,21.55,副口径网页c4,幂函数型,8192
3317747681.8017054,146272314078.97562,1.0,2.2325465996969025,0.7314029992565694,0.19972177899699384,0.06887522174643698,44.08783551603368,2,21.6,副口径网页c4,幂函数型,8192
3481657319.957347,156902533262.6967,1.0,2.222746070461746,0.7337822965334674,0.20037148577340555,0.065846217693127,45.06547280322776,2,21.65,副口径网页c4,幂函数型,8192
3654230304.7892046,168256813755.40488,1.0,2.213135789396399,0.7360712004123372,0.2009965091259289,0.06293229046173397,46.04439231290071,2,21.7,副口径网页c4,幂函数型,8192
3835932113.740443,180382427778.00665,1.0,2.2037113153220904,0.7382719887078256,0.20159747104981696,0.06013054024235748,47.024405654070485,2,21.75,副口径网页c4,幂函数型,8192
4027251654.912677,193329773441.60773,1.0,2.1944683460057397,0.7403869597663879,0.202174999146875,0.05743804108673713,48.005386801635,2,21.8,副口径网页c4,幂函数型,8192
4228706098.9968286,207152420284.30054,1.0,2.185402712820543,0.7424184640129347,0.20272973523979868,0.0548518007472668,48.9871879091912,2,21.85,副口径网页c4,幂函数型,8192
4440838256.726119,221907502089.8256,1.0,2.176510375598115,0.7443688502980828,0.20326232072139652,0.052368828980520615,49.96973302365228,2,21.9,副口径网页c4,幂函数型,8192
4664220223.525428,237655849239.17453,1.0,2.167787417668668,0.7462404834590766,0.20377340134989186,0.049986115191031605,50.95296487942062,2,21.95,副口径网页c4,幂函数型,8192
4899455794.897543,254462186834.67545,1.0,2.159230041085523,0.7480357415216711,0.20426362648485102,0.04770063199347792,51.93682675934762,2,22.0,副口径网页c4,幂函数型,8192
5147179416.634977,272395522339.37875,1.0,2.1508345620300546,0.7497569868265906,0.204733641202781,0.04550937197062841,52.92131870496564,2,22.05,副口径网页c4,幂函数型,8192
5408060632.236872,291529287990.4359,1.0,2.1425974063930666,0.7514065809243781,0.20518409036441687,0.04340932871120495,53.906438521169854,2,22.1,副口径网页c4,幂函数型,8192
5682802756.194391,311941792522.91846,1.0,2.1345151055283984,0.752986857617962,0.20561561125354483,0.04139753112849321,54.89224347667081,2,22.15,副口径网页c4,幂函数型,8192
5972149753.296856,333716276524.21954,1.0,2.126584292174465,0.754500147263709,0.2060288402128101,0.03947101252348117,55.87875226002083,2,22.2,副口径网页c4,幂函数型,8192
6276881932.538241,356941574369.4119,1.0,2.118801696539309,0.755948735552894,0.20642440138831028,0.03762686305879573,56.86606474451752,2,22.25,副口径网页c4,幂函数型,8192
6597823384.707983,381712188605.98145,1.0,2.111164142544637,0.7573348883458118,0.20680291351096305,0.03586219814322511,57.85425985949999,2,22.3,副口径网页c4,幂函数型,8192
6935840447.639774,408128870076.5467,1.0,2.1036685442242407,0.7586608290311662,0.2071649837141105,0.034174187254723445,58.84346290223999,2,22.35,副口径网页c4,幂函数型,8192
7291847214.488201,436298845544.8243,1.0,2.09631190227214,0.7599287487671565,0.20751121033001826,0.032560040902825146,59.83378871103337,2,22.4,副口径网页c4,幂函数型,8192
7666805339.826066,466336394940.35675,1.0,2.0890913007357272,0.7611407924500717,0.20784217905836622,0.03101702849156223,60.82538609894279,2,22.45,副口径网页c4,幂函数型,8192
8061728688.197076,498363190691.48975,1.0,2.0820039038491833,0.762299063515837,0.20815846427739124,0.029542472206771846,61.818402723119135,2,22.5,副口径网页c4,幂函数型,8192
8477684522.216931,532508873516.4532,1.0,2.075046953002408,0.7634056163503551,0.2084606269714036,0.02813375667824137,62.813008920176365,2,22.55,副口径网页c4,幂函数型,8192
8915796928.925035,568911539722.1339,1.0,2.0682177638407175,0.7644624564233498,0.20874921476733602,0.02678832880931426,63.809387344438626,2,22.6,副口径网页c4,幂函数型,8192
9377250535.455183,607718250217.5378,1.0,2.0615137234905907,0.7654715401320152,0.209024761892049,0.025503697975935706,64.80772246830435,2,22.65,副口径网页c4,幂函数型,8192
9863292994.53284,649085660527.1274,1.0,2.054932287906761,0.7664347715317275,0.20928778827959704,0.024277440188675555,65.80821039047622,2,22.7,副口径网页c4,幂函数型,8192
10375238130.04881,693180661622.1049,1.0,2.048470979336039,0.7673540011351332,0.20953879924330038,0.02310719962156647,66.81106042419519,2,22.75,副口径网页c4,幂函数型,8192
10914468957.758224,740181083119.7789,1.0,2.0421273838932557,0.7682310246965618,0.2097782851438078,0.021990690159630438,67.81649991259019,2,22.8,副口径网页c4,幂函数型,8192
11482445308.425247,790276145872.6589,1.0,2.035899149244851,0.7690675888207904,0.21000672292066386,0.020925688258545662,68.8247254522339,2,22.85,副口径网页c4,幂函数型,8192
12080699018.538467,843667800674.8759,1.0,2.0297839823956645,0.7698653775128577,0.210224572419511,0.019910050067631427,69.8360086101163,2,22.9,副口径网页c4,幂函数型,8192
12710852960.308578,900570529488.6483,1.0,2.0237796475746186,0.7706260329792554,0.210432282072202,0.018941684948542637,70.85051902502579,2,22.95,副口径网页c4,幂函数型,8192
13374606384.078861,961213497270.2765,1.0,2.017883964215049,0.7713511306232286,0.21063028206884965,0.018018587307921902,71.86854473822164,2,23.0,副口径网页c4,幂函数型,8192
14073754639.985512,1025840434962.4218,1.0,2.012094805025577,0.7720421990965741,0.21081898983330455,0.017138811070121267,72.8903168489143,2,23.05,副口径网页c4,幂函数型,8192
14810190552.870054,1094710837163.8193,1.0,2.0064100941475083,0.7727007150764608,0.21099880859687886,0.01630047632666039,73.91605349410418,2,23.1,副口径网页c4,幂函数型,8192
15585903791.226755,1168101412449.4482,1.0,2.000827805394869,0.7733280988731024,0.2111701261989485,0.015501774927949146,74.94601712522876,2,23.15,副口径网页c4,幂函数型,8192
16402988708.920033,1246307024310.582,1.0,1.9953459605733157,0.7739257185855757,0.21133331622176785,0.014740965192656804,75.98048419266628,2,23.2,副口径网页c4,幂函数型,8192
17263658377.793617,1329641239932.227,1.0,1.9899626278742706,0.7744948966387727,0.21148873977549418,0.01401636358573326,77.01966818589015,2,23.25,副口径网页c4,幂函数型,8192
18170240441.724953,1418438324770.5684,1.0,1.9846759203407656,0.7750369027515279,0.21163674357801723,0.013326353670454764,78.06381700449926,2,23.3,副口径网页c4,幂函数型,8192
19125185440.469105,1513054435201.2324,1.0,1.9794839944016027,0.775552957165175,0.21177766083657049,0.012669381998254316,79.1131902961627,2,23.35,副口径网页c4,幂函数型,8192
20131070796.269,1613869255050.8665,1.0,1.9743850484705707,0.7760442308649917,0.21191181130820042,0.012043957826807849,80.16807806120147,2,23.4,副口径网页c4,幂函数型,8192
21190622569.20491,1721286343729.6553,1.0,1.9693773216075756,0.7765118537771765,0.2120395035380877,0.011448642684735777,81.22868207898242,2,23.45,副口径网页c4,幂函数型,8192
22306703824.5828,1835736233736.3718,1.0,1.964459092238679,0.7769569063805478,0.21216103256898158,0.010882061050470532,82.29527088234899,2,23.5,副口径网页c4,幂函数型,8192
23482331964.772053,1957677401021.2817,1.0,1.959628676932156,0.7773804259757122,0.21227668165310115,0.010342892371186553,83.36810006596316,2,23.55,副口径网页c4,幂函数型,8192
24720683366.31448,2087598379968.7268,1.0,1.9548844292278085,0.7777834065458449,0.2123867222141187,0.00982987124003635,84.44743816481153,2,23.6,副口径网页c4,幂函数型,8192
26025111003.544075,2226018957520.148,1.0,1.9502247385168967,0.7781668028568611,0.21249141496678017,0.009341782176358733,85.53350482220847,2,23.65,副口径网页c4,幂函数型,8192
27399139639.456043,2373493398964.227,1.0,1.945648028970157,0.7785315272405142,0.21259100903847644,0.008877463721009445,86.62656675344235,2,23.7,副口径网页c4,幂函数型,8192
28846483084.414417,2530612024630.0483,1.0,1.9411527585115051,0.7788784536188581,0.21268574306818952,0.008435803312952418,87.72688224157638,2,23.75,副口径网页c4,幂函数型,8192
30371056123.743416,2698003393248.784,1.0,1.9367374178351222,0.7792084190342393,0.21277584562428292,0.008015735341477839,88.83469123549988,2,23.8,副口径网页c4,幂函数型,8192
31976979211.969364,2876337319274.6606,1.0,1.9324005294637376,0.7795222235420493,0.21286153517521555,0.007616241282735248,89.95025140454835,2,23.85,副口径网页c4,幂函数型,8192
33668602190.851048,3066326424952.646,1.0,1.9281406468460276,0.779820633908555,0.21294302109929608,0.007236344992148819,91.07376681607161,2,23.9,副口径网页c4,幂函数型,8192
35450492007.81114,3268731130515.3022,1.0,1.923956353491144,0.7801043804385458,0.21302050281841894,0.006875116743035161,92.20552227582827,2,23.95,副口径网页c4,幂函数型,8192
37327466529.88947,3484360779934.9165,1.0,1.9198462621385008,0.7803741623464812,0.21309417126474578,0.006531666388773418,93.3457612813037,2,24.0,副口径网页c4,幂函数型,8192
39304603593.12734,3714077202556.4277,1.0,1.9158090139610218,0.7806306479240732,0.21316420892646698,0.006205143149459781,94.49471214628552,2,24.05,副口径网页c4,幂函数型,8192
41387247342.28105,3958798836220.6636,1.0,1.9118432778001526,0.7808744747450695,0.2132307899037203,0.005894735351210276,95.6526246715705,2,24.1,副口径网页c4,幂函数型,8192
43581029067.525894,4219503801514.0913,1.0,1.9079477494310382,0.7811062517567293,0.21329408047970427,0.005599667763566546,96.819737665585,2,24.15,副口径网页c4,幂函数型,8192
45891888393.83253,4497233210212.3,1.0,1.9041211508563258,0.7813265608527658,0.21335423955019522,0.0053191995970392,97.99625527758167,2,24.2,副口径网页c4,幂函数型,8192
48326066723.34151,4793097502831.7295,1.0,1.9003622296271603,0.7815359557976026,0.2134114183297987,0.005052625872598837,99.18244599278886,2,24.25,副口径网页c4,幂函数型,8192
50890144728.83245,5108278905621.542,1.0,1.8966697581899932,0.7817349654891156,0.21346576124289451,0.004799273267989804,100.37854938006066,2,24.3,副口径网页c4,幂函数型,8192
53591054365.350815,5444036694581.275,1.0,1.8930425332579157,0.781924094359096,0.21351740603299052,0.0045584996079133635,101.58480289391555,2,24.35,副口径网页c4,幂函数型,8192
56436104907.05832,5801711470385.466,1.0,1.8894793752052865,0.7821038238254682,0.21356648415927454,0.0043296920152573045,102.80141551122286,2,24.4,副口径网页c4,幂函数型,8192
59432988407.08743,6182731941553.607,1.0,1.8859791274844897,0.7822746122897366,0.21361312079591743,0.0041122669143459625,104.02862294597846,2,24.45,副口径网页c4,幂函数型,8192
62589803296.582565,6588620371138.0625,1.0,1.882540656063734,0.7824368964553803,0.21365743519208252,0.003905668352537114,105.26667322978797,2,24.5,副口径网页c4,幂函数型,8192
65915097960.3178,7020996372390.48,1.0,1.8791628488848486,0.7825910933036919,0.21369954121146148,0.0037093654848466295,106.51575419970186,2,24.55,副口径网页c4,幂函数型,8192
69417838358.02147,7481589217546.13,1.0,1.8758446153400938,0.782737598384867,0.21373954686562774,0.0035228547495052415,107.77617676540062,2,24.6,副口径网页c4,幂函数型,8192
73107529375.33069,7972234419226.754,1.0,1.8725848857670708,0.7828767909527355,0.21377755571616033,0.003345653331104303,109.04806231787248,2,24.65,副口径网页c4,幂函数型,8192
76994115576.53036,8494894415504.977,1.0,1.8693826109608325,0.7830090296245201,0.21381366568946897,0.0031773046860109587,110.33173576831659,2,24.7,副口径网页c4,幂函数型,8192
81088127542.99812,9051653524555.418,1.0,1.866236761702397,0.7831346578262554,0.21384797056375612,0.0030173716099884907,111.62735900832894,2,24.75,副口径网页c4,幂函数型,8192
85400620292.22713,9644736049925.705,1.0,1.8631463283028542,0.783254001327484,0.21388055929582495,0.00286543937669118,112.93519902926907,2,24.8,副口径网页c4,幂函数型,8192
89943274563.90443,10276507253423.967,1.0,1.8601103201623472,0.7833673712091453,0.21391151683151066,0.002721111959343945,114.25542713727349,2,24.85,副口径网页c4,幂函数型,8192
94728361428.71915,10949490277935.09,1.0,1.857127765343219,0.7834750627001313,0.21394092378798252,0.0025840135118863415,115.58830019639178,2,24.9,副口径网页c4,幂函数型,8192
99768821627.80019,11666371037433.047,1.0,1.8541977101566722,0.7835773571344463,0.21396885698817947,0.002453785877374136,116.93403657663588,2,24.95,副口径网页c4,幂函数型,8192
105078285574.13226,12430010601218.45,1.0,1.8513192187623193,0.7836745221865942,0.21399538952508596,0.0023300882883199115,118.29285692379452,2,25.0,副口径网页c4,幂函数型,8192
110671098708.96222,13243457981436.393,1.0,1.8484913727800303,0.7837668123328869,0.2140205908877003,0.0022125967794127985,119.6650086240079,2,25.05,副口径网页c4,幂函数型,8192
116562396021.03981,14109958059498.908,1.0,1.845713270913533,0.7838544700567887,0.21404452729017376,0.002101002653037721,121.05068650915535,2,25.1,副口径网页c4,幂函数型,8192
122768105723.80135,15032968915575.094,1.0,1.8429840285852304,0.7839377257740121,0.2140672616513569,0.001995012574631109,122.4501170474655,2,25.15,副口径网页c4,幂函数型,8192
129305002050.53775,16016174512149.836,1.0,1.8403027775817473,0.7840167986030785,0.21408885380521397,0.0018943475917077143,123.86353395586391,2,25.200000000000003,副口径网页c4,幂函数型,8192
136190755111.3903,17063498850161.287,1.0,1.8376686657097392,0.7840918969628988,0.21410936066400224,0.001798742373099022,125.29116852465548,2,25.25,副口径网页c4,幂函数型,8192
143443982787.78622,18179121092743.434,1.0,1.8350808564615138,0.7841632191099359,0.21412883636495322,0.0017079445251108021,126.733242757474,2,25.3,副口径网页c4,幂函数型,8192
151084361082.99048,19367484517535.63,1.0,1.832538528690057,0.7842309541029727,0.21414733253371845,0.0016217133633087094,128.18986941273883,2,25.35,副口径网页c4,幂函数型,8192
159132461969.26718,20633341647900.99,1.0,1.8300408762930593,0.7842952803666965,0.2141648978921326,0.0015398217411707552,129.66142415295408,2,25.4,副口径网页c4,幂函数型,8192
167610068066.87732,21981740382752.43,1.0,1.8275871079055763,0.784356368521271,0.21418157903087506,0.0014620524478539834,131.14809054299528,2,25.450000000000003,副口径网页c4,幂函数型,8192
176540163052.28128,23418052397715.344,1.0,1.8251764466009677,0.7844143809508621,0.21419742029164876,0.0013881987574891057,132.64999869055424,2,25.5,副口径网页c4,幂函数型,8192
185946803116.47156,24948019819512.46,1.0,1.8228081295997753,0.7844694710442552,0.21421246355981796,0.0013180653959270038,134.16751136014832,2,25.55,副口径网页c4,幂函数型,8192
195855473659.69687,26577739733594.023,1.0,1.820481407986237,0.7845217854915814,0.21422674889156784,0.00125146561685079,135.70077586789034,2,25.6,副口径网页c4,幂函数型,8192
206292964589.1146,28313713966570.875,1.0,1.8181955464321216,0.7845714633795801,0.2142403142668507,0.0011882223535692289,137.2500221855113,2,25.65,副口径网页c4,幂函数型,8192
217287502569.1438,30162867126604.008,1.0,1.8159498229276123,0.784618636931062,0.2142531957913087,0.0011281672776292777,138.815471529504,2,25.700000000000003,副口径网页c4,幂函数型,8192
228868814021.64352,32132576030462.066,1.0,1.8137435285189671,0.7846634317756545,0.2142654277702054,0.001071140454140118,140.39735456235366,2,25.75,副口径网页c4,幂函数型,8192
241068208092.61737,34230698802154.562,1.0,1.8115759670526996,0.784705967290871,0.21427704280156057,0.0010169899075683348,141.99590677258976,2,25.8,副口径网页c4,幂函数型,8192
253918649253.31924,36465607967662.76,1.0,1.8094464549260434,0.7847463568757513,0.21428807185087181,0.000965571273376897,143.61138134160137,2,25.85,副口径网页c4,幂函数型,8192
267454931856.88602,38846211572112.266,1.0,1.807354320843466,0.784784708491987,0.2142985443988786,0.0009167471091345055,145.24395307430228,2,25.9,副口径网页c4,幂函数型,8192
281713619016.8704,41382010916415.91,1.0,1.8052989055790207,0.7848211244660468,0.2143084883875285,0.0008703871464247999,146.89389551286743,2,25.950000000000003,副口径网页c4,幂函数型,8192
296733270245.7711,44083120030055.86,1.0,1.8032795617443282,0.7848557021493198,0.21431793040024097,0.0008263674504393841,148.5614336186291,2,26.0,副口径网页c4,幂函数型,8192
22014073.938626718,361852262.770963,0.8891705306810411,4.717036187102145,0.4779505480499618,0.5220494519500384,0.0,16.437314773257096,0,17.0,副口径网页c4,幂函数型,32768
23188949.791797172,385434542.4370293,0.8891705306810411,4.664369671323271,0.4779505480499618,0.5220494519500383,0.0,16.621474706602385,0,17.05,副口径网页c4,幂函数型,32768
24426526.419768836,410553729.0217394,0.8891705306810411,4.612626008452812,0.4779505480499618,0.5220494519500383,0.0,16.807700037508024,0,17.1,副口径网页c4,幂函数型,32768
25730152.48018706,437309944.764516,0.8891705306810411,4.5617890277325985,0.47795054804996184,0.5220494519500384,0.0,16.996010618330263,0,17.15,副口径网页c4,幂函数型,32768
27103350.893596534,465809912.1588747,0.8891705306810411,4.51184284175775,0.4779505480499618,0.5220494519500383,0.0,17.186432555427213,0,17.2,副口径网页c4,幂函数型,32768
28549838.666960515,496167204.6140447,0.8891705306810411,4.462771841511625,0.4779505480499618,0.5220494519500383,0.0,17.378984533045276,0,17.25,副口径网页c4,幂函数型,32768
30073521.635751363,528502962.6688454,0.8891705306810411,4.414560691487719,0.47795054804996173,0.5220494519500383,0.0,17.573697190174155,0,17.3,副口径网页c4,幂函数型,32768
31678525.081926353,562946029.6013198,0.8891705306810411,4.367194324897077,0.47795054804996184,0.5220494519500383,0.0,17.77058837636665,0,17.35,副口径网页c4,幂函数型,32768
33369184.094979677,599633828.4059135,0.8891705306810411,4.320657938959662,0.4779505480499619,0.5220494519500384,0.0,17.969688042091718,0,17.4,副口径网页c4,幂函数型,32768
35150073.098501086,638712596.1481732,0.8891705306810411,4.274936990278238,0.47795054804996184,0.5220494519500384,0.0,18.171017578208392,0,17.45,副口径网页c4,幂函数型,32768
37026008.20260424,680338143.4356737,0.8891705306810411,4.23001719029333,0.4779505480499618,0.5220494519500383,0.0,18.37460143456193,0,17.5,副口径网页c4,幂函数型,32768
39002057.21885108,724676533.8901426,0.8891705306810411,4.185884500817791,0.4779505480499618,0.5220494519500383,0.0,18.580469482001597,0,17.55,副口径网页c4,幂函数型,32768
41083567.7115931,771904482.1212531,0.8891705306810411,4.142525129649652,0.4779505480499618,0.5220494519500384,0.0,18.788642883695676,0,17.6,副口径网页c4,幂函数型,32768
43276165.693346135,822210348.5564535,0.8891705306810411,4.09992552626182,0.47795054804996184,0.5220494519500384,0.0,18.99914965624765,0,17.65,副口径网页c4,幂函数型,32768
45585789.70814442,875794534.9542471,0.8891705306810411,4.058072377567303,0.4779505480499618,0.5220494519500383,0.0,19.21200752605974,0,17.7,副口径网页c4,幂函数型,32768
48018664.55611407,932871093.1134773,0.8891705306810411,4.016952603758664,0.4779505480499618,0.5220494519500383,0.0,19.427260248425583,0,17.75,副口径网页c4,幂函数型,32768
50581387.58165382,993667246.0254841,0.8891705306810411,3.9765533542203646,0.4779505480499618,0.5220494519500383,0.0,19.644918685186354,0,17.8,副口径网页c4,幂函数型,32768
53280879.14104305,1058425589.976842,0.8891705306810411,3.9368620035127133,0.47795054804996173,0.5220494519500383,0.0,19.865017376590565,0,17.85,副口径网页c4,幂函数型,32768
56124437.65532921,1127404362.4559407,0.8891705306810411,3.8978661474262264,0.4779505480499617,0.5220494519500382,0.0,20.087584117627053,0,17.9,副口径网页c4,幂函数型,32768
59119763.54039169,1200878377.5553966,0.8891705306810411,3.8595535991050864,0.47795054804996184,0.5220494519500384,0.0,20.312638374051254,0,17.95,副口径网页c4,幂函数型,32768
62274935.76613864,1279141017.0880833,0.8891705306810411,3.8219123852385612,0.47795054804996184,0.5220494519500383,0.0,20.540222183313805,0,18.0,副口径网页c4,幂函数型,32768
65598506.73424087,1362503919.305111,0.8891705306810411,3.7849307423191436,0.47795054804996184,0.5220494519500384,0.0,20.770349618246968,0,18.05,副口径网页c4,幂函数型,32768
69099453.01939873,1451299694.9293935,0.8891705306810411,3.7485971129662485,0.4779505480499618,0.5220494519500383,0.0,21.003056196725044,0,18.1,副口径网页c4,幂函数型,32768
72787238.25746241,1545882469.1345637,0.8891705306810411,3.7129001423143486,0.47795054804996184,0.5220494519500384,0.0,21.238372359540296,0,18.15,副口径网页c4,幂函数型,32768
76671845.2321096,1646629145.3841383,0.8891705306810411,3.67782867446438,0.47795054804996173,0.5220494519500383,0.0,21.476320811104493,0,18.2,副口径网页c4,幂函数型,32768
80763763.53672081,1753941746.0563421,0.8891705306810411,3.6433717489973487,0.47795054804996173,0.5220494519500383,0.0,21.71693924663229,0,18.25,副口径网页c4,幂函数型,32768
85074062.62949654,1868248064.230746,0.8891705306810411,3.6095185975490094,0.4779505480499618,0.5220494519500383,0.0,21.960254471061248,0,18.3,副口径网页c4,幂函数型,32768
89614410.80734494,1990003589.5827835,0.8891705306810411,3.576258640444575,0.4779505480499618,0.5220494519500382,0.0,22.206289944381126,0,18.35,副口径网页c4,幂函数型,32768
94397057.42914611,2119694422.1140833,0.8891705306810411,3.5435814833923884,0.4779505480499618,0.5220494519500384,0.0,22.455090019147192,0,18.4,副口径网页c4,幂函数型,32768
99434961.89217569,2257837084.293013,0.8891705306810411,3.511476914235534,0.47795054804996173,0.5220494519500382,0.0,22.706672193844096,0,18.45,副口径网页c4,幂函数型,32768
104741731.71170276,2404982738.754863,0.8891705306810411,3.479934899760372,0.4779505480499618,0.5220494519500384,0.0,22.961074821394753,0,18.5,副口径网页c4,幂函数型,32768
110331727.15874392,2561717863.7361765,0.8891705306810411,3.448945582560988,0.47795054804996184,0.5220494519500383,0.0,23.218324680537346,0,18.55,副口径网页c4,幂函数型,32768
116220047.10876355,2728667802.7614937,0.8891705306810411,3.41849927795859,0.4779505480499618,0.5220494519500384,0.0,23.478460649804187,0,18.6,副口径网页c4,幂函数型,32768
122422630.14778413,2906497862.0341296,0.8891705306810411,3.3885864709748867,0.4779505480499618,0.5220494519500383,0.0,23.741508073511504,0,18.65,副口径网页c4,幂函数型,32768
128956231.53456233,3095917508.047389,0.8891705306810411,3.3591978133584885,0.4779505480499617,0.5220494519500383,0.0,24.007506044542204,0,18.7,副口径网页c4,幂函数型,32768
135838537.82139713,3297681557.291868,0.8891705306810411,3.3303241206634384,0.47795054804996173,0.5220494519500383,0.0,24.276480078339162,0,18.75,副口径网页c4,幂函数型,32768
143088142.9948195,3512594897.5541086,0.8891705306810411,3.3019563693789085,0.47795054804996173,0.5220494519500383,0.0,24.548469384226212,0,18.8,副口径网页c4,幂函数型,32768
150724648.9296079,3741514499.4420004,0.8891705306810411,3.2740856941092034,0.47795054804996184,0.5220494519500383,0.0,24.823507807202652,0,18.85,副口径网页c4,幂函数型,32768
158768709.8023033,3985353029.0567794,0.8891705306810411,3.246703384803184,0.4779505480499618,0.5220494519500383,0.0,25.101627606719788,0,18.9,副口径网页c4,幂函数型,32768
167242081.40472543,4245082644.6027637,0.8891705306810411,3.219800884032216,0.47795054804996173,0.5220494519500382,0.0,25.38286183086704,0,18.95,副口径网页c4,幂函数型,32768
176167675.67953387,4521738983.484124,0.8891705306810411,3.1933697843158457,0.4779505480499619,0.5220494519500383,0.0,25.667245515060362,0,19.0,副口径网页c4,幂函数型,32768
185569608.55554226,4816425664.831553,0.8891705306810411,3.167401825494314,0.47795054804996173,0.5220494519500382,0.0,25.954819338803336,0,19.05,副口径网页c4,幂函数型,32768
195473336.88859627,5130316834.157027,0.8891705306810411,3.141888892147122,0.4779505480499618,0.5220494519500383,0.0,26.245609328708017,0,19.1,副口径网页c4,幂函数型,32768
205905610.6941907,5464664863.651835,0.8891705306810411,3.116823011056826,0.47795054804996173,0.5220494519500383,0.0,26.539659823878768,0,19.15,副口径网页c4,幂函数型,32768
216894634.72074276,5820803043.474253,0.8891705306810411,3.092196348717267,0.47795054804996184,0.5220494519500383,0.0,26.837007983017568,0,19.2,副口径网页c4,幂函数型,32768
228470150.21574506,6200150711.237878,0.8891705306810411,3.0680012088854824,0.4779505480499618,0.5220494519500383,0.0,27.137683874164992,0,19.25,副口径网页c4,幂函数型,32768
240663418.9454022,6604221510.700791,0.8891705306810411,3.0442300301764917,0.4779505480499618,0.5220494519500384,0.0,27.441733935472136,0,19.3,副口径网页c4,幂函数型,32768
253507451.13298073,7034625546.032399,0.8891705306810411,3.0208753837002433,0.4779505480499618,0.5220494519500383,0.0,27.749186521315668,0,19.35,副口径网页c4,幂函数型,32768
267036960.7598873,7493079442.154906,0.8891705306810411,2.9979299707399574,0.4779505480499618,0.5220494519500383,0.0,28.06008359604006,0,19.4,副口径网页c4,幂函数型,32768
281288535.9506797,7981411104.318216,0.8891705306810411,2.975386620471155,0.4779505480499618,0.5220494519500383,0.0,28.374462817488066,0,19.45,副口径网页c4,幂函数型,32768
296300705.14107025,8501567914.730615,0.8891705306810411,2.9532382877206635,0.47795054804996173,0.5220494519500383,0.0,28.692364774099932,0,19.5,副口径网页c4,幂函数型,32768
312114055.7628504,9055624095.76882,0.8891705306810411,2.9314780507648726,0.4779505480499618,0.5220494519500383,0.0,29.013829811783413,0,19.55,副口径网页c4,幂函数型,32768
328771366.0939065,9645788328.492294,0.8891705306810411,2.910099109166588,0.4779505480499618,0.5220494519500383,0.0,29.33889420813241,0,19.6,副口径网页c4,幂函数型,32768
346317623.88604325,10274415399.264042,0.8891705306810411,2.8890947816497756,0.4779505480499617,0.5220494519500383,0.0,29.667607683300766,0,19.65,副口径网页c4,幂函数型,32768
364800349.16186285,10944009672.603727,0.8891705306810411,2.8684585040115533,0.4779505480499618,0.5220494519500382,0.0,29.999997800845968,0,19.7,副口径网页c4,幂函数型,32768
384269493.9599507,11657241805.143179,0.8891705306810411,2.8481838270707693,0.47795054804996173,0.5220494519500383,0.0,30.33611043388763,0,19.75,副口径网页c4,幂函数型,32768
404777692.2188417,12416956038.97956,0.8891705306810411,2.8282644146525255,0.47795054804996184,0.5220494519500383,0.0,30.675989012424075,0,19.8,副口径网页c4,幂函数型,32768
426380366.9636261,13226182608.01727,0.8891705306810411,2.8086940416080135,0.4779505480499618,0.5220494519500383,0.0,31.01968015601801,0,19.85,副口径网页c4,幂函数型,32768
449135988.88061816,14088146445.513035,0.8891705306810411,2.789466591869057,0.47795054804996173,0.5220494519500382,0.0,31.367217934650323,0,19.9,副口径网页c4,幂函数型,32768
490693670.3980753,13875360544.49088,0.9073327099656856,2.7705381169136345,0.45835923211008067,0.5006505105927709,0.04099025729714858,28.27703184602828,1,19.95,副口径网页c4,幂函数型,32768
579067045.8863027,11482120541.42068,0.9775154714119162,2.750800574733902,0.39893505734585444,0.43574346530363195,0.1653214773505137,19.8286547697538,1,20.0,副口径网页c4,幂函数型,32768
624506488.5462412,11550088248.542715,1.0,2.7305051925564023,0.3857211988006416,0.42131040807664755,0.192968393122711,18.49474498724523,2,20.05,副口径网页c4,幂函数型,32768
651690772.0812776,12519605187.729,1.0,2.710583052746256,0.3888512104612831,0.42472921547984416,0.18641957405887274,19.210959743599958,2,20.1,副口径网页c4,幂函数型,32768
680238175.7137272,13563826808.831728,1.0,2.6911041567134744,0.3919173478649372,0.42807825516127546,0.18000439697378734,19.939820041120356,2,20.15,副口径网页c4,幂函数型,32768
710222306.4953997,14687974774.290106,1.0,2.6720560289302466,0.3949184981636623,0.4313563115942295,0.1737251902421082,20.680813091844566,2,20.2,副口径网页c4,幂函数型,32768
741720679.9561774,15897606138.557543,1.0,2.6534266101792827,0.3978536725398504,0.43456230472619395,0.16758402273395576,21.433413639615402,2,20.25,副口径网页c4,幂函数型,32768
774814907.7741909,17198634910.208443,1.0,2.6352042441539005,0.4007220089856593,0.43769529301473614,0.1615826979996045,22.197088282174285,2,20.3,副口径网页c4,幂函数型,32768
809591279.703022,18597347714.919746,1.0,2.617377664401537,0.4035228044141047,0.4407545085013795,0.15572268708451575,22.971279682930515,2,20.35,副口径网页c4,幂函数型,32768
846140660.0528082,20100433336.940937,1.0,2.5999359816005736,0.4062554831552351,0.4437393224010248,0.1500051944437401,23.75542777448664,2,20.4,副口径网页c4,幂函数型,32768
884558714.6820287,21715008773.59346,1.0,2.582868671161241,0.40891959790846105,0.44664924614214846,0.1444311559493905,24.54897387043361,2,20.45,副口径网页c4,幂函数型,32768
924946451.0009032,23448640571.23905,1.0,2.566165561142247,0.4115148486235426,0.44948395198987484,0.1390011993865826,25.35134930877869,2,20.5,副口径网页c4,幂函数型,32768
967410195.0621368,25309379674.27407,1.0,2.5498168204754994,0.414041059394286,0.4522432478077321,0.13371569279798187,26.161993954021177,2,20.55,副口径网页c4,幂函数型,32768
1012061983.0371605,27305790302.516567,1.0,2.533812947492112,0.41649818429856356,0.454927083436511,0.1285747322649254,26.98035373344714,2,20.6,副口径网页c4,幂函数型,32768
1059020105.010357,29446977061.45579,1.0,2.5181447587435533,0.41888631623596134,0.4575355603473328,0.12357812341670603,27.80587159973493,2,20.65,副口径网页c4,幂函数型,32768
1108409016.4320095,31742629390.06156,1.0,2.5028033781123975,0.4212056604063841,0.46006890267321315,0.11872543692040277,28.63801080601249,2,20.7,副口径网页c4,幂函数型,32768
1160359886.5929005,34203054301.218117,1.0,2.4877802262077933,0.4234565424832491,0.46252746613637025,0.11401599138038067,29.476246720012547,2,20.75,副口径网页c4,幂函数型,32768
1215011022.9134715,36839214381.129875,1.0,2.4730670100411776,0.42563940596098687,0.46491173515098727,0.10944885888802594,30.320065979972124,2,20.8,副口径网页c4,幂函数型,32768
1272508047.0815387,39662775546.39503,1.0,2.4586557129782873,0.4277547984521106,0.46722230785595864,0.10502289369193077,31.16897817452745,2,20.85,副口径网页c4,幂函数型,32768
1333004421.976032,42686149189.00905,1.0,2.444538584963853,0.429803371996429,0.46945989645263286,0.10073673155093829,32.02251131750301,2,20.9,副口径网页c4,幂函数型,32768
1396661784.6046598,45922543034.51725,1.0,2.4307081330156732,0.43178587419482756,0.47162531752053705,0.09658880828463545,32.880217344470495,2,20.95,副口径网页c4,幂函数型,32768
1463650556.893417,49386007852.65104,1.0,2.417157111985039,0.4337031473776521,0.4737194911090302,0.09257736151331784,33.74166574122195,2,21.0,副口径网页c4,幂函数型,32768
1534150210.5557985,53091498302.24789,1.0,2.4038785155806117,0.43555611578486186,0.4757434267346118,0.08870045748052645,34.60645374680337,2,21.05,副口径网页c4,幂函数型,32768
1608349658.3842118,57054935208.191536,1.0,2.39086556765302,0.43734577771585054,0.47769821480643304,0.08495600747771662,35.474211040347,2,21.1,副口径网页c4,幂函数型,32768
1686448128.663802,61293256997.37369,1.0,2.3781117137374914,0.4390732081696437,0.4795850295100962,0.08134176232026008,36.34458478479101,2,21.15,副口径网页c4,幂函数型,32768
1768655454.732535,65824494267.97467,1.0,2.365610612851827,0.44073954533660054,0.48140511405299086,0.07785534061040864,37.21725115643227,2,21.2,副口径网页c4,幂函数型,32768
1855192359.486065,70667851346.35576,1.0,2.3533561295470204,0.44234597939652237,0.48315976842884156,0.07449425217463614,38.09192668620764,2,21.25,副口径网页c4,幂函数型,32768
1946291884.2181067,75843753810.75903,1.0,2.3413423262077346,0.44389376194724106,0.4848503597162399,0.07125587833651911,38.96833482467513,2,21.3,副口径网页c4,幂函数型,32768
2042199016.1360362,81373964404.20164,1.0,2.3295634555997116,0.4453841807692637,0.4864782945149078,0.06813752471582854,39.846246012871994,2,21.35,副口径网页c4,幂函数型,32768
2143172248.2158074,87281637615.4943,1.0,2.3180139536610946,0.44681856911167483,0.48804502908837866,0.0651364017999467,40.72544224485751,2,21.4,副口径网页c4,幂函数型,32768
2249483255.8986664,93591449709.40729,1.0,2.3066884325344237,0.44819828423131947,0.4895520459230625,0.06224966984561813,41.60575521688762,2,21.45,副口径网页c4,幂函数型,32768
2361418999.463538,100329645116.76807,1.0,2.2955816738359216,0.4495247204362602,0.49100086797517917,0.05947441158856072,42.4870152817271,2,21.5,副口径网页c4,幂函数型,32768
2479280807.04014,107524206606.1425,1.0,2.2846886221584395,0.4507992817971159,0.4923930288642632,0.05680768933862093,43.36911184115082,2,21.55,副口径网页c4,幂函数型,32768
2603386778.662448,115204904611.64995,1.0,2.2740043788042743,0.45202339624184235,0.49373008826842296,0.054246515489734845,44.251935807571094,2,21.6,副口径网页c4,幂函数型,32768
2734071978.0039077,123403441362.62251,1.0,2.263524195743818,0.4531985015085603,0.49501361658108345,0.05178788191035622,45.13540329421647,2,21.65,副口径网页c4,幂函数型,32768
2871688591.7796226,132153609958.03363,1.0,2.2532434697957995,0.4543260346027244,0.4962451833954025,0.04942878200187311,46.01947799504832,2,21.7,副口径网页c4,幂函数型,32768
3016608474.0567117,141491361489.92667,1.0,2.2431577370247004,0.4554074413064239,0.4974263678909634,0.047166190802612806,46.90411855127165,2,21.75,副口径网页c4,幂函数型,32768
3169223193.3160505,151454988193.59262,1.0,2.2332626673506892,0.45644416269246796,0.4985587441035597,0.04499709320397224,47.78930954216603,2,21.8,副口径网页c4,幂函数型,32768
3329944098.773029,162085322977.14688,1.0,2.223554059367262,0.4574376258614208,0.49964387080756784,0.04291850333101149,48.67508828057198,2,21.85,副口径网页c4,幂函数型,32768
3499205598.4356728,173425804553.06076,1.0,2.2140278353616143,0.45838925497789484,0.5006833035705219,0.04092744145158329,49.5614789341304,2,21.9,副口径网页c4,幂函数型,32768
3677465287.6964564,185522696437.78564,1.0,2.2046800365326016,0.45930045986268964,0.5016785822926871,0.039020957844623144,50.44852416649078,2,21.95,副口径网页c4,幂函数型,32768
3865203995.6816473,198425330334.31595,1.0,2.195506818401018,0.46017262779158924,0.5026312222491599,0.03719614995925085,51.33631512230772,2,22.0,副口径网页c4,幂函数型,32768
4062929336.9679227,212186195037.73074,1.0,2.186504446406828,0.4610071323228237,0.5035427237318096,0.035450143945366955,52.224928724967874,2,22.05,副口径网页c4,幂函数型,32768
4271175555.223229,226861219228.36734,1.0,2.1776692916878653,0.46180532297719407,0.5044145607772231,0.03378011624558286,53.11446843971054,2,22.1,副口径网页c4,幂函数型,32768
4490506292.902846,242509927469.41388,1.0,2.1689978270344747,0.46256852833613965,0.5052481845506208,0.03218328711323957,54.0050300904145,2,22.15,副口径网页c4,幂函数型,32768
4721512851.234594,259195847282.82162,1.0,2.1604866230144903,0.46329804295471866,0.5060450090513408,0.030656947993940795,54.896778945554786,2,22.2,副口径网页c4,幂函数型,32768
4964819791.709536,276986557003.411,1.0,2.152132344262958,0.4639951401848318,0.5068064251192189,0.029198434695949464,55.789851117241916,2,22.25,副口径网页c4,幂函数型,32768
5221086455.800383,295953957046.08905,1.0,2.1439317459309475,0.4646610678951139,0.5075337957595698,0.02780513634531623,56.68436245051986,2,22.3,副口径网页c4,幂函数型,32768
5491003007.165419,316174871777.4004,1.0,2.1358816702878567,0.46529703279527324,0.5082284390211839,0.026474528183542907,57.58053152854074,2,22.35,副口径网页c4,幂函数型,32768
5775300639.841986,337730900599.57947,1.0,2.127979043471626,0.46590422127205045,0.5088916507547517,0.025204127973197953,58.4784969062355,2,22.4,副口径网页c4,幂函数型,32768
6074748113.644511,360709039710.3964,1.0,2.120220872381301,0.4664837842114333,0.509524688034675,0.023991527753891802,59.378435609569834,2,22.45,副口径网页c4,幂函数型,32768
6390153808.835404,385202037128.46735,1.0,2.1126042417064954,0.4670368378588047,0.510128770098577,0.02283439204261835,60.280557972777466,2,22.5,副口径网页c4,幂函数型,32768
6722372161.102108,411308514927.6582,1.0,2.1051263110883265,0.4675644709484866,0.5107050861346669,0.021730442916846546,61.18502592100252,2,22.55,副口径网页c4,幂函数型,32768
7072298843.434686,439133782689.89276,1.0,2.09778431240653,0.46806773248212247,0.511254781932473,0.020677485585404675,62.09208524856763,2,22.6,副口径网页c4,幂函数型,32768
7440882578.507868,468789697793.2816,1.0,2.0905755471875427,0.46854764624286255,0.5117789757362039,0.019673378020933753,63.0018943112107,2,22.65,副口径网页c4,幂函数型,32768
7829117572.092564,500395722850.37115,1.0,2.083497384128441,0.46900519613171093,0.5122787422281302,0.018716061640158876,63.91470280559672,2,22.7,副口径网页c4,幂函数型,32768
8238055121.765587,534078857986.1646,1.0,2.076547256731788,0.46944133831569396,0.5127551257976221,0.017803535886684076,64.83069730561604,2,22.75,副口径网页c4,幂函数型,32768
8668799956.347204,569974549167.64,1.0,2.0697226610465105,0.4698569933611624,0.5132091319486191,0.016933874690218606,65.75010982348377,2,22.8,副口径网页c4,幂函数型,32768
9122517095.533138,608226986783.2056,1.0,2.063021153510119,0.47025305106276466,0.5136417325741558,0.01610521636307973,66.67315395671062,2,22.85,副口径网页c4,幂函数型,32768
9600432113.28413,648989866782.057,1.0,2.056440348887687,0.47063036809309655,0.5140538633891529,0.015315768517750662,67.60006832234654,2,22.9,副口径网页c4,幂函数型,32768
10103839121.964575,692426695947.0524,1.0,2.0499779183031634,0.4709897722577855,0.514446428578104,0.014563799164110571,68.53104919711133,2,22.95,副口径网页c4,幂函数型,32768
10634097869.498814,738711867892.8733,1.0,2.0436315873587496,0.47133205803198563,0.5148202959197369,0.013847646048277571,69.46634091187735,2,23.0,副口径网页c4,幂函数型,32768
11192644825.978981,788030859831.4757,1.0,2.037399134338195,0.4716579923718863,0.5151763031347324,0.013165704493381196,70.40613475042075,2,23.05,副口径网页c4,幂函数型,32768
11780986699.09903,840581683189.6809,1.0,2.031278388490044,0.4719683089906354,0.5155152516335048,0.01251643937585986,71.35070301488123,2,23.1,副口径网页c4,幂函数型,32768
12400714455.975208,896574993120.6176,1.0,2.025267228387007,0.47226371520026716,0.5158379139894117,0.011898370810321104,72.30026917429812,2,23.15,副口径网页c4,幂函数型,32768
13053507175.507027,956234943286.8682,1.0,2.0193635803577648,0.4725448914680212,0.5161450334541372,0.01131007507784147,73.25502107825102,2,23.2,副口径网页c4,幂函数型,32768
13741125968.326418,1019800843903.1302,1.0,2.0135654169876926,0.47281248760694294,0.5164373197968102,0.01075019259624683,74.21523143400275,2,23.25,副口径网页c4,幂函数型,32768
14465431471.700005,1087527204965.6342,1.0,2.007870755685111,0.4730671292396509,0.5167154563641627,0.010217414396186302,75.18111071164792,2,23.3,副口径网页c4,幂函数型,32768
15228383124.322578,1159685159008.9438,1.0,2.0022776573098318,0.47330941582852243,0.5169800979289674,0.009710486242510198,76.15287516352997,2,23.35,副口径网页c4,幂函数型,32768
16032042180.595278,1236563719084.363,1.0,1.9967842248609036,0.4735399209455557,0.5172318709847991,0.009228208069645227,77.13076756877949,2,23.4,副口径网页c4,幂函数型,32768
16878584845.960035,1318470359296.7993,1.0,1.9913886022205967,0.47375919530474236,0.5174713770581932,0.00876942763706433,78.11498246622145,2,23.45,副口径网页c4,幂函数型,32768
17770295310.443905,1405733224816.3977,1.0,1.986088972951817,0.4739677640709117,0.5176991897691879,0.00833304615990038,79.10578863538775,2,23.5,副口径网页c4,幂函数型,32768
18709590990.566277,1498700965580.2017,1.0,1.9808835591462535,0.47416613240680183,0.5179158608902027,0.007918006702995537,80.10335267809299,2,23.55,副口径网页c4,幂函数型,32768
19699005297.870747,1597745983908.261,1.0,1.9757706203206964,0.4743547807677229,0.5181219152065581,0.007523304025719102,81.10795239396988,2,23.6,副口径网页c4,幂函数型,32768
20741216915.854294,1703264155729.5205,1.0,1.9707484523591017,0.4745341705819273,0.5183178567209532,0.00714797269711964,82.11977930897436,2,23.65,副口径网页c4,幂函数型,32768
21839046892.45535,1815677197508.2104,1.0,1.9658153864980685,0.4747047426283773,0.5185041668815557,0.006791090490067201,83.13903104148127,2,23.7,副口径网页c4,幂函数型,32768
22995456529.32108,1935435164607.3713,1.0,1.9609697883535475,0.47486691657935454,0.5186813040824096,0.006451779338235902,84.16598131633238,2,23.75,副口径网页c4,幂函数型,32768
24213578766.602154,2063016319056.962,1.0,1.9562100569866716,0.4750210952478048,0.518849708302669,0.00612919644952632,85.20080153960906,2,23.8,副口径网页c4,幂函数型,32768
25496704905.89456,2198930832366.5664,1.0,1.9515346240067375,0.4751676620838662,0.5190097983721376,0.005822539543996508,86.24372602195342,2,23.85,副口径网页c4,幂函数型,32768
26848301816.947865,2343722143696.618,1.0,1.9469419527094527,0.47530698322115833,0.5191619742063639,0.0055310425724779885,87.29498646417758,2,23.9,副口径网页c4,幂函数型,32768
28272026248.859814,2497968694089.2803,1.0,1.9424305372486637,0.4754394085867946,0.5193066180190696,0.0052539733941358155,88.35478122796455,2,23.95,副口径网页c4,幂函数型,32768
29771734182.068684,2662286255575.073,1.0,1.9379989018398787,0.4755652723053363,0.5194440947633754,0.004990632931288462,89.42328449172271,2,24.0,副口径网页c4,幂函数型,32768
31351472239.131012,2837332077059.833,1.0,1.9336455999939806,0.47568489184508855,0.5195747511993287,0.0047403569555829195,90.5007603923125,2,24.05,副口径网页c4,幂函数型,32768
33015511396.54537,3023805509455.2046,1.0,1.92936921377962,0.47579857070044024,0.5196989188237342,0.0045025104758256666,91.58742002014257,2,24.1,副口径网页c4,幂函数型,32768
34768362657.323906,3222450370361.04,1.0,1.925168353112852,0.4759065989365813,0.5198169144651299,0.004276486598288833,92.68340882547241,2,24.15,副口径网页c4,幂函数型,32768
36614749358.059105,3434061569987.743,1.0,1.9210416550726586,0.4760092513363335,0.5199290382596325,0.0040617104040340185,93.7890230083437,2,24.2,副口径网页c4,幂函数型,32768
38559677985.830215,3659482947723.134,1.0,1.9169877832410849,0.4761067915274987,0.5200355781591026,0.0038576303133988814,94.90439596170664,2,24.25,副口径网页c4,幂函数型,32768
40608398246.6276,3899615583794.0146,1.0,1.9130054270667611,0.47619946945552033,0.5201368071706164,0.003663723373863414,96.029780837708,2,24.3,副口径网页c4,幂函数型,32768
42766461849.99732,4155417206050.736,1.0,1.909093301250678,0.47628752420778325,0.5202329864413547,0.003479489350862223,97.16532596560816,2,24.35,副口径网页c4,幂函数型,32768
45039687119.28732,4427910826302.05,1.0,1.905250145153124,0.47637118232824693,0.5203243634177332,0.0033044542540199093,98.31131407673318,2,24.4,副口径网页c4,幂函数型,32768
47434228176.72464,4718183686097.282,1.0,1.9014747222207697,0.47645066054731666,0.520411174827149,0.003138164625534332,99.46791309682222,2,24.45,副口径网页c4,幂函数型,32768
49956560878.82857,5027394531760.676,1.0,1.8977658194329239,0.47652616495621547,0.5204936457761756,0.00298018926760902,100.63532083312944,2,24.5,副口径网页c4,幂函数型,32768
52613510958.486595,5356777192499.597,1.0,1.8941222467660535,0.47659789185838,0.5205719906805132,0.0028301174611070614,101.81371847102602,2,24.55,副口径网页c4,幂函数型,32768
55412256305.27521,5707647136698.441,1.0,1.8905428366757038,0.4766660277920856,0.5206464132897021,0.002687558918212435,103.00333386993081,2,24.6,副口径网页c4,幂函数型,32768
58360373803.42591,6081403936844.915,1.0,1.8870264435950086,0.4767307506794856,0.5207171079421794,0.0025521413783351145,104.20433490245945,2,24.65,副口径网页c4,幂函数型,32768
61465816249.23783,6479541338922.3955,1.0,1.8835719434490084,0.47679222924548936,0.5207842589305398,0.0024235118239708028,105.4169900331022,2,24.7,副口径网页c4,幂函数型,32768
64736996863.90667,6903646684135.399,1.0,1.8801782331840704,0.4768506247579577,0.520848042402292,0.0023013328397503445,106.64144181183734,2,24.75,副口径网页c4,幂函数型,32768
68182746122.36731,7355414120433.199,1.0,1.8768442303117037,0.4769060900732077,0.5209086253172958,0.002185284609496593,107.87793890308357,2,24.8,副口径网页c4,幂函数型,32768
71812394269.25967,7836645162685.533,1.0,1.8735688724661346,0.47695877106800744,0.5209661670118823,0.0020750619201104084,109.12663813021092,2,24.85,副口径网页c4,幂函数型,32768
75635755893.20883,8349260182571.004,1.0,1.8703511169750267,0.4770088062729113,0.5210208187983586,0.001970374928730175,110.38774034808932,2,24.9,副口径网页c4,幂函数型,32768
79663171216.70169,8895304503226.875,1.0,1.8671899404427623,0.4770563274687433,0.521072724616526,0.0018709479147307568,111.66144113231009,2,24.95,副口径网页c4,幂函数型,32768
83905517640.70767,9476958394093.725,1.0,1.8640843383457486,0.4771014598295301,0.5211220211898014,0.001776518980668308,112.94797601601203,2,25.0,副口径网页c4,幂函数型,32768
88374274507.25691,10096541826115.309,1.0,1.8610333246392232,0.4771443226235815,0.521168838790984,0.0016868385854346467,114.24752149208562,2,25.05,副口径网页c4,幂函数型,32768
93081522880.52724,10756527194751.209,1.0,1.8580359313750754,0.4771850291430667,0.5212133011653337,0.0016016696915998677,115.56028373705827,2,25.1,副口径网页c4,幂函数型,32768
98039996532.8511,11459547109148.646,1.0,1.8550912083302211,0.47722368716890934,0.5212555260383606,0.0015207867927301256,116.88644955539954,2,25.15,副口径网页c4,幂函数型,32768
103263091356.62553,12208407791730.916,1.0,1.852198222645092,0.477260399040059,0.5212956251914885,0.0014439757684525157,118.22624745533152,2,25.200000000000003,副口径网页c4,幂函数型,32768
108764937048.30362,13006096147665.8,1.0,1.849356058471836,0.47729526218180496,0.5213337050391127,0.0013710327790824272,119.57986186200485,2,25.25,副口径网页c4,幂函数型,32768
114560414847.15884,13855794024390.56,1.0,1.8465638166318237,0.47732836917607663,0.5213698667053892,0.0013017641185341553,120.94748472128278,2,25.3,副口径网页c4,幂函数型,32768
120665198143.64705,14760890868920.76,1.0,1.8438206142821045,0.4773598080055911,0.5214042062909069,0.0012359857035019967,122.32931363812551,2,25.35,副口径网页c4,幂函数型,32768
127095770276.98422,15725000293659.57,1.0,1.8411255845904566,0.47738966217370965,0.5214368150036041,0.001173522822686201,123.72559888806316,2,25.4,副口径网页c4,幂函数型,32768
133869553506.87015,16751964118599.434,1.0,1.838477876418699,0.4774180113091757,0.5214677798193023,0.0011142088715221927,125.1364756194524,2,25.450000000000003,副口径网页c4,幂函数型,32768
141004846447.15268,17845881150347.133,1.0,1.8358766540139568,0.47744493085117273,0.5214971831377077,0.0010578860111196543,126.56218279018945,2,25.5,副口径网页c4,幂函数型,32768
148520935395.47546,19011115982649.95,1.0,1.8333210967075744,0.47747049254608875,0.5215251033250079,0.001004404128903541,128.00293731000232,2,25.55,副口径网页c4,幂函数型,32768
156438146240.80435,20252316358440.453,1.0,1.8308103986214037,0.47749476460700735,0.5215516148880806,0.0009536205049121269,129.45893853322818,2,25.6,副口径网页c4,幂函数型,32768
164777925702.93747,21574428193162.54,1.0,1.8283437683811956,0.4775178119407863,0.5215767887225229,0.0009053993366909274,130.93033002525493,2,25.65,副口径网页c4,幂函数型,32768
173562742283.40756,22982735809281.297,1.0,1.825920428836835,0.47753969589741513,0.5216006918388832,0.0008596122637015719,132.41745035206455,2,25.700000000000003,副口径网页c4,幂函数型,32768
182816426275.95328,24482846530670.59,1.0,1.8235396167891953,0.47756047517419414,0.5216233883502664,0.0008161364755394683,133.92038685689448,2,25.75,副口径网页c4,幂函数型,32768
192563969938.32993,26080747624800.93,1.0,1.8212005827233617,0.47758020527319334,0.5216449388797333,0.0007748558470734429,135.43939519502786,2,25.8,副口径网页c4,幂函数型,32768
202831717273.0147,27782814247740.543,1.0,1.818902590548026,0.4775989389737205,0.5216654010763624,0.0007356599499170244,136.97470307537964,2,25.85,副口径网页c4,幂函数型,32768
213647482993.78558,29595828132249.516,1.0,1.8166449173408339,0.47761672652363385,0.5216848298242145,0.0006984436521516406,138.5264535651486,2,25.9,副口径网页c4,幂函数型,32768
225040428441.98972,31527032038228.74,1.0,1.8144268530994898,0.47763361543789556,0.5217032770222988,0.0006631075398056996,140.0949698527422,2,25.950000000000003,副口径网页c4,幂函数型,32768
237041435789.53168,33584117864445.637,1.0,1.8122477004984416,0.4776496510987832,0.5217207922401643,0.000629556661052481,141.6803680444497,2,26.0,副口径网页c4,幂函数型,32768
14383463.918315247,215817404.29495504,0.8891705306810411,5.185009571253139,0.1862521108572564,0.8137478891427437,0.0,15.004550052796601,0,17.0,副口径网页c4,幂函数型,131072
15151099.569146354,229882441.4039007,0.8891705306810411,5.124142957323891,0.1862521108572564,0.8137478891427438,0.0,15.17265729492218,0,17.05,副口径网页c4,幂函数型,131072
15959702.558591373,244864124.18787217,0.8891705306810411,5.0643428831278925,0.1862521108572564,0.8137478891427437,0.0,15.342649606966374,0,17.1,副口径网页c4,幂函数型,131072
16811459.365975752,260822190.41174757,0.8891705306810411,5.005590660143985,0.18625211085725638,0.8137478891427438,0.0,15.51454782918004,0,17.15,副口径网页c4,幂函数型,131072
17708676.098771736,277820224.8930889,0.8891705306810411,4.947867927321988,0.1862521108572564,0.8137478891427438,0.0,15.688367856722973,0,17.2,副口径网页c4,幂函数型,131072
18653774.602128245,295926071.15555567,0.8891705306810411,4.891156645344585,0.1862521108572564,0.8137478891427438,0.0,15.864138892393012,0,17.25,副口径网页c4,幂函数型,131072
19649313.38880043,315211877.487031,0.8891705306810411,4.835439090989732,0.1862521108572564,0.8137478891427435,0.0,16.041877456476065,0,17.3,副口径网页c4,幂函数型,131072
20697982.624788225,335754571.864852,0.8891705306810411,4.780697851591844,0.18625211085725638,0.8137478891427437,0.0,16.22160854762469,0,17.35,副口径网页c4,幂函数型,131072
21802617.82718568,357636067.53604615,0.8891705306810411,4.726915819600062,0.18625211085725638,0.8137478891427437,0.0,16.403354421509412,0,17.4,副口径网页c4,幂函数型,131072
22966207.97784908,380943580.7153133,0.8891705306810411,4.674076187231834,0.1862521108572564,0.8137478891427437,0.0,16.587134501382796,0,17.45,副口径网页c4,幂函数型,131072
24191899.54753538,405770044.47694045,0.8891705306810411,4.622162441220232,0.1862521108572564,0.8137478891427438,0.0,16.77297161719901,0,17.5,副口径网页c4,幂函数型,131072
25483002.48172939,432214523.86122745,0.8891705306810411,4.571158357653259,0.1862521108572564,0.8137478891427438,0.0,16.96089478353712,0,17.55,副口径网页c4,幂函数型,131072
26843011.884193435,460382396.62331676,0.8891705306810411,4.521047996903617,0.18625211085725638,0.8137478891427438,0.0,17.150921759804977,0,17.6,副口径网页c4,幂函数型,131072
28275602.698831394,490386021.767904,0.8891705306810411,4.471815698647305,0.1862521108572564,0.8137478891427438,0.0,17.34307936743542,0,17.65,副口径网页c4,幂函数型,131072
29784652.685061466,522344965.0665595,0.8891705306810411,4.423446076969492,0.18625211085725638,0.8137478891427438,0.0,17.537386471810105,0,17.7,副口径网页c4,幂函数型,131072
31374236.559850782,556386759.3461505,0.8891705306810411,4.37592401555619,0.1862521108572564,0.8137478891427438,0.0,17.73387404295127,0,17.75,副口径网页c4,幂函数型,131072
33048656.956009656,592647064.9359506,0.8891705306810411,4.32923466297013,0.1862521108572564,0.8137478891427439,0.0,17.932561245221255,0,17.8,副口径网页c4,幂函数型,131072
34812439.58178366,631270499.367889,0.8891705306810411,4.2833634280094515,0.18625211085725643,0.8137478891427439,0.0,18.133474900110553,0,17.85,副口径网页c4,幂函数型,131072
36670355.148435615,672411042.6167436,0.8891705306810411,4.238295975147707,0.18625211085725638,0.8137478891427438,0.0,18.336638407098413,0,17.9,副口径网页c4,幂函数型,131072
38627424.8537712,716232785.2094852,0.8891705306810411,4.194018220053758,0.18625211085725635,0.8137478891427437,0.0,18.542079569654753,0,17.95,副口径网页c4,幂函数型,131072
40688943.20327438,762910413.3063682,0.8891705306810411,4.15051632519021,0.18625211085725638,0.8137478891427437,0.0,18.749821284249386,0,18.0,副口径网页c4,幂函数型,131072
42860482.85679099,812630079.4479024,0.8891705306810411,4.107776695488933,0.1862521108572564,0.8137478891427439,0.0,18.95989091310823,0,18.05,副口径网页c4,幂函数型,131072
45147914.22982978,865590062.3480815,0.8891705306810411,4.065785974102382,0.18625211085725638,0.8137478891427438,0.0,19.1723156454518,0,18.1,副口径网页c4,幂函数型,131072
47557424.213768505,922001502.0456947,0.8891705306810411,4.0245310382293615,0.18625211085725638,0.8137478891427438,0.0,19.387120250696064,0,18.15,副口径网页c4,幂函数型,131072
50095525.74919421,982089378.7902337,0.8891705306810411,3.9839989950139185,0.18625211085725643,0.8137478891427437,0.0,19.604333203470386,0,18.2,副口径网页c4,幂函数型,131072
52769091.14424116,1046093103.0894829,0.8891705306810411,3.9441771775161305,0.18625211085725638,0.8137478891427438,0.0,19.82397423199975,0,18.25,副口径网页c4,幂函数型,131072
55585339.46930277,1114268082.8701844,0.8891705306810411,3.9050531407534605,0.18625211085725638,0.8137478891427438,0.0,20.046078579506442,0,18.3,副口径网页c4,幂函数型,131072
58551890.98427906,1186886055.741191,0.8891705306810411,3.8666146578114944,0.1862521108572564,0.8137478891427438,0.0,20.27066992695189,0,18.35,副口径网页c4,幂函数型,131072
61676759.901182346,1264236726.1508021,0.8891705306810411,3.828849716022832,0.1862521108572564,0.8137478891427438,0.0,20.497781144410713,0,18.4,副口径网页c4,幂函数型,131072
64968400.617844,1346628425.4089363,0.8891705306810411,3.7917465132129182,0.1862521108572564,0.8137478891427437,0.0,20.72743691706451,0,18.45,副口径网页c4,幂函数型,131072
68435724.19586933,1434389461.1664832,0.8891705306810411,3.755293454011677,0.18625211085725638,0.8137478891427438,0.0,20.9596592718319,0,18.5,副口径网页c4,幂函数型,131072
72088085.6748573,1527870199.5046349,0.8891705306810411,3.7194791462297565,0.18625211085725635,0.8137478891427437,0.0,21.194489841162774,0,18.55,副口径网页c4,幂函数型,131072
75935375.2950185,1627443085.0997403,0.8891705306810411,3.6842923972982886,0.1862521108572564,0.8137478891427438,0.0,21.431948927320356,0,18.6,副口径网页c4,幂函数型,131072
79987992.55471122,1733505227.1858826,0.8891705306810411,3.6497222107710154,0.1862521108572564,0.8137478891427438,0.0,21.672068166983653,0,18.65,副口径网页c4,幂函数型,131072
84256886.68013209,1846479733.5036838,0.8891705306810411,3.615757782887716,0.1862521108572564,0.8137478891427439,0.0,21.914882050099376,0,18.7,副口径网页c4,幂函数型,131072
88753621.07123913,1966816631.907724,0.8891705306810411,3.582388499197863,0.1862521108572564,0.8137478891427438,0.0,22.16040999982452,0,18.75,副口径网页c4,幂函数型,131072
93490332.95860541,2094996233.8594258,0.8891705306810411,3.549603931243416,0.1862521108572564,0.8137478891427437,0.0,22.408693685870436,0,18.8,副口径网页c4,幂函数型,131072
98479850.24712738,2231529197.4814987,0.8891705306810411,3.5173938332997627,0.18625211085725638,0.8137478891427438,0.0,22.65975417186006,0,18.85,副口径网页c4,幂函数型,131072
103735648.61325543,2376960289.7470193,0.8891705306810411,3.485748139173756,0.18625211085725638,0.8137478891427438,0.0,22.913630189065877,0,18.9,副口径网页c4,幂函数型,131072
109271937.42670456,2531869457.063859,0.8891705306810411,3.4546569590578557,0.18625211085725643,0.8137478891427438,0.0,23.170353859261812,0,18.95,副口径网页c4,幂函数型,131072
115103699.61356698,2696874086.6215005,0.8891705306810411,3.424110576439412,0.1862521108572564,0.8137478891427438,0.0,23.429951388839868,0,19.0,副口径网页c4,幂函数型,131072
121246700.87036282,2872632190.3248744,0.8891705306810411,3.39409944506408,0.1862521108572564,0.8137478891427437,0.0,23.692456534518804,0,19.05,副口径网页c4,幂函数型,131072
127717551.55865967,3059844588.01148,0.8891705306810411,3.3646141859524628,0.1862521108572564,0.8137478891427438,0.0,23.957902032017245,0,19.1,副口径网页c4,幂函数型,131072
134533749.79697984,3259257741.9932437,0.8891705306810411,3.3356455844690225,0.18625211085725638,0.8137478891427437,0.0,24.226320509996004,0,19.15,副口径网页c4,幂函数型,131072
141713714.19732997,3471667088.9515967,0.8891705306810411,3.3071845874423462,0.1862521108572564,0.8137478891427439,0.0,24.49774962582278,0,19.2,副口径网页c4,幂函数型,131072
149276873.412624,3697919244.979493,0.8891705306810411,3.279222300335893,0.1862521108572564,0.8137478891427437,0.0,24.772217962777674,0,19.25,副口径网页c4,幂函数型,131072
157243674.98511085,3938916439.8512764,0.8891705306810411,3.2517499844682916,0.1862521108572564,0.8137478891427438,0.0,25.049760762868498,0,19.3,副口径网页c4,幂函数型,131072
165635652.51282802,4195619837.4101257,0.8891705306810411,3.2247590542823583,0.18625211085725638,0.8137478891427435,0.0,25.33041512355069,0,19.35,副口径网页c4,幂函数型,131072
174475495.49439946,4469053077.975798,0.8891705306810411,3.1982410746619725,0.18625211085725643,0.8137478891427439,0.0,25.61421628471175,0,19.4,副口径网页c4,幂函数型,131072
183787134.897119,4760305724.027895,0.8891705306810411,3.1721877582959523,0.18625211085725635,0.8137478891427438,0.0,25.901191216091572,0,19.45,副口径网页c4,幂函数型,131072
193595721.01018968,5070539836.398777,0.8891705306810411,3.1465909630881423,0.18625211085725638,0.8137478891427438,0.0,26.191383827806273,0,19.5,副口径网页c4,幂函数型,131072
203927782.73797277,5400992271.046862,0.8891705306810411,3.1214426896128664,0.18625211085725643,0.8137478891427438,0.0,26.48482810204732,0,19.55,副口径网页c4,幂函数型,131072
228379626.8873061,5021835947.2224655,0.9272265997084386,3.0963989148144195,0.1728506952017043,0.7551962107159261,0.07195309408236977,21.98898393726026,1,19.6,副口径网页c4,幂函数型,131072
256079725.41500148,4629248203.862999,0.9753612236020289,3.070639609766531,0.15923440615510506,0.6957057361187311,0.14505985772616392,18.07737100764562,1,19.65,副口径网页c4,幂函数型,131072
276044883.4935002,4654764869.20372,1.0,3.0445102112980766,0.15382562920162868,0.6720744290238625,0.17409994177450883,16.862347927971367,2,19.7,副口径网页c4,幂函数型,131072
288282981.646405,5038255226.597451,1.0,3.0188100696230142,0.15497099437187412,0.6770786058103427,0.16795039981778306,17.476769519392406,2,19.75,副口径网页c4,幂函数型,131072
301141014.26801366,5450732249.705096,1.0,2.9936716789206526,0.15609033344704235,0.6819690728523579,0.1619405937006,18.100265295825757,2,19.8,副口径网页c4,幂函数型,131072
314652503.0896951,5894190281.376321,1.0,2.969079485472313,0.1571833691193228,0.6867446185735959,0.15607201230708131,18.73238008119744,2,19.85,副口径网页c4,幂函数型,131072
328852680.6644379,6370752336.531916,1.0,2.9450184561781962,0.15824986891810275,0.6914042272944523,0.15034590378744517,19.37266353936962,2,19.9,副口径网页c4,幂函数型,131072
343778788.75110984,6882674986.018096,1.0,2.9214740614485257,0.15928966145149542,0.6959471501923469,0.14476318835615773,20.020650520707488,2,19.95,副口径网页c4,幂函数型,131072
359469990.32646847,7432359948.203152,1.0,2.8984322585303097,0.1603026215210051,0.7003728402667061,0.1393245382122888,20.675884352552288,2,20.0,副口径网页c4,幂函数型,131072
375967623.64972734,8022360797.248129,1.0,2.875879475259189,0.16128868006249664,0.7046809957717187,0.13403032416578484,21.337903299679372,2,20.05,副口径网页c4,幂函数型,131072
393315290.5770593,8655392975.289593,1.0,2.853802594226895,0.16224782046219838,0.7088715441207089,0.1288806354170928,22.006245835473834,2,20.1,副口径网页c4,幂函数型,131072
411558781.72964025,9334347916.170841,1.0,2.8321889373557987,0.16318006715973868,0.7129445920920423,0.12387534074821918,22.680473192533476,2,20.15,副口径网页c4,幂函数型,131072
430746570.19102514,10062297117.843525,1.0,2.8110262508729096,0.16408550402151423,0.7169005061035972,0.11901398987488872,23.360132881339375,2,20.2,副口径网页c4,幂函数型,131072
450929552.64533615,10842511562.670673,1.0,2.7903026906764876,0.16496425232972664,0.7207398160453976,0.11429593162487589,24.044801453052013,2,20.25,副口径网页c4,幂函数型,131072
472161488.83689016,11678468381.825773,1.0,2.770006808089123,0.16581648369127044,0.7244632716794067,0.10972024462932292,24.73405531356273,2,20.3,副口径网页c4,幂函数型,131072
494498907.750551,12573869367.425873,1.0,2.750127535991779,0.16664240743355221,0.7280717875710185,0.10528580499542951,25.42749674538965,2,20.35,副口径网页c4,幂函数型,131072
518001414.9572512,13532652194.605072,1.0,2.7306541753337905,0.16744227518400207,0.7315664630972506,0.10099126171874755,26.124739824739425,2,20.4,副口径网页c4,幂函数型,131072
542731936.8161931,14559003658.80785,1.0,2.711576382014267,0.16821638038335285,0.7349485803202275,0.09683503929641979,26.825404350101003,2,20.45,副口径网页c4,幂函数型,131072
568756536.5174768,15657384471.8407,1.0,2.6928841541306734,0.16896504456827113,0.7382195440550812,0.09281541137664802,27.52915081681805,2,20.5,副口径网页c4,幂函数型,131072
596144875.3909292,16832540368.954311,1.0,2.674567819590621,0.16968862481382607,0.7413809143865938,0.08893046079958025,28.235653888521927,2,20.55,副口径网页c4,幂函数型,131072
624970458.9795521,18089519065.971874,1.0,2.656618024083078,0.17038751174958633,0.7444343980013928,0.08517809024902097,28.944598590321096,2,20.6,副口径网页c4,幂函数型,131072
655310736.8346795,19433692445.134052,1.0,2.639025719405279,0.1710621236967491,0.7473818225726767,0.08155605373057451,29.655690579714623,2,20.65,副口径网页c4,幂函数型,131072
687247049.2946087,20870785082.56219,1.0,2.621782152141658,0.17171289891777075,0.7502251028983349,0.07806199818389446,30.368679071061845,2,20.7,副口径网页c4,幂函数型,131072
720865300.8103583,22406884801.74165,1.0,2.6048788526910895,0.1723403032565292,0.7529662742813263,0.07469342246214464,31.083317197475072,2,20.75,副口径网页c4,幂函数型,131072
756255921.272051,24048474014.439655,1.0,2.5883076246385643,0.17294482135834388,0.7556074541693617,0.07144772447229472,31.79938607818001,2,20.8,副口径网页c4,幂函数型,131072
793514177.2651485,25802453660.632275,1.0,2.5720605344673446,0.17352695564745924,0.7581508376874594,0.0683222066650818,32.516688926164605,2,20.85,副口径网页c4,幂函数型,131072
832740258.2350901,27676175926.167664,1.0,2.5561299016073953,0.17408722148004643,0.7605986764610883,0.06531410205886543,33.235064178144285,2,20.9,副口径网页c4,幂函数型,131072
874039995.6149986,29677459834.63894,1.0,2.5405082888156807,0.17462615131523987,0.762953296839704,0.06242055184505622,33.95434989649079,2,20.95,副口径网页c4,幂函数型,131072
917524683.018515,31814636461.967335,1.0,2.5251884928836543,0.1751442854106952,0.7652170592450215,0.05963865534428349,34.67442026442502,2,21.0,副口径网页c4,幂函数型,131072
963311414.8330597,34096581543.188393,1.0,2.5101635356669822,0.17564217102529026,0.7673923546875615,0.056965474287148404,35.39518064269723,2,21.05,副口径网页c4,幂函数型,131072
1011523851.6515632,36532736042.916,1.0,2.495426655432282,0.17612036516524962,0.7694816167646533,0.054398018070097046,36.11653445765739,2,21.1,副口径网页c4,幂函数型,131072
1062291975.5018207,39133162822.80168,1.0,2.480971298515324,0.17657942615792563,0.7714872848457209,0.051933288996353466,36.838424581260156,2,21.15,副口径网页c4,幂函数型,131072
1115752855.3768804,41908573016.75442,1.0,2.4667911112849024,0.17701991615827417,0.773411815023244,0.049568268818481996,37.56080283800706,2,21.2,副口径网页c4,幂函数型,131072
1172050638.4080865,44870382026.1163,1.0,2.4528799324062653,0.17744239606814066,0.7752576579147777,0.04729994601708151,38.28365478053113,2,21.25,副口径网页c4,幂函数型,131072
1231337420.453332,48030738038.87538,1.0,2.4392317853977317,0.17784742778599782,0.7770272684922103,0.04512530372179205,39.00696692965952,2,21.3,副口径网页c4,幂函数型,131072
1293773560.254309,51402573228.67568,1.0,2.425840871473876,0.17823557126411507,0.7787230932243363,0.043041335511548845,39.730734038630224,2,21.35,副口径网页c4,幂函数型,131072
1359527376.3227236,54999683356.463005,1.0,2.4127015626684334,0.17860737875937158,0.7803475449582783,0.04104507628235026,40.45500246212565,2,21.4,副口径网页c4,幂函数型,131072
1428776443.5620866,58836751765.26666,1.0,2.399808395229846,0.1789633992004231,0.7819030219999286,0.039133578799648606,41.17981649990015,2,21.45,副口径网页c4,幂函数型,131072
1501707960.2047143,62929411538.049126,1.0,2.387156063282235,0.1793041757743466,0.7833918975698385,0.03730392665581492,41.905226053053966,2,21.5,副口径网页c4,幂函数型,131072
1578519025.0994673,67294316733.964676,1.0,2.374739412744361,0.17963024361919525,0.7848165097218386,0.03555324665896618,42.63129912528248,2,21.55,副口径网页c4,幂函数型,131072
1659417061.1829221,71949213753.65454,1.0,2.362553435499062,0.17994212866175976,0.7861791562651395,0.03387871507310097,43.35812583628931,2,21.6,副口径网页c4,幂函数型,131072
1744620749.8407547,76912996954.4171,1.0,2.350593263805554,0.1802403483498886,0.7874820979638867,0.032277553686224786,44.08579742126623,2,21.65,副口径网页c4,幂函数型,131072
1834360257.0721662,82205799203.18349,1.0,2.338854164946868,0.18052540947759194,0.788727549034898,0.030747041487510278,44.81442447646172,2,21.7,副口径网页c4,幂函数型,131072
1928878522.6060462,87849043432.74062,1.0,2.3273315361047184,0.18079780964154601,0.7899176835112239,0.029284506847230076,45.54410368676332,2,21.75,副口径网页c4,幂函数型,131072
2028430437.4604406,93865592812.82503,1.0,2.3160208994540175,0.18105803236064452,0.7910546139191468,0.027887353720208993,46.274987339641335,2,21.8,副口径网页c4,幂函数型,131072
2133285599.3340158,100279751240.59697,1.0,2.304917897469337,0.18130655251726255,0.7921404150514212,0.02655303243131634,47.007185194473266,2,21.85,副口径网页c4,幂函数型,131072
2243726959.752312,107117453057.87605,1.0,2.2940182884355815,0.18154383045647499,0.7931770981863697,0.0252790713571556,47.74085928427802,2,21.9,副口径网页c4,幂函数型,131072
2360053645.760845,114406273101.72708,1.0,2.2833179421552603,0.18177031656001966,0.7941666310718298,0.02406305236815056,48.47613244183026,2,21.95,副口径网页c4,幂函数型,131072
2482579705.720331,122175631882.93678,1.0,2.2728128358448005,0.181986446547682,0.7951109173965927,0.022902636055725494,49.21317595621245,2,22.0,副口径网页c4,幂函数型,131072
2611636527.1359673,130456840213.85664,1.0,2.262499050212447,0.18219264459204088,0.7960118103989328,0.021795545009026588,49.952142596550836,2,22.05,副口径网页c4,幂函数型,131072
2747573055.5556116,139283255579.90598,1.0,2.252372765710436,0.18238932181503237,0.7968711062979974,0.02073957188697029,50.69319459887492,2,22.1,副口径网页c4,幂函数型,131072
2890756594.497878,148690422918.4559,1.0,2.242430258954243,0.18257687615871482,0.797690543729169,0.019732580112116135,51.436507384075796,2,22.15,副口径网页c4,幂函数型,131072
3041574656.8560967,158716173479.579,1.0,2.232667899301886,0.18275569351358997,0.7984718086737755,0.018772497812634594,52.182238276417955,2,22.2,副口径网页c4,幂函数型,131072
3200434608.8830566,169400846408.6403,1.0,2.2230821455864147,0.18292614599021717,0.7992165269076582,0.017857327102124804,52.930575721951946,2,22.25,副口径网页c4,幂函数型,131072
3367765837.9249167,180787396521.81805,1.0,2.213669542994889,0.18308859342428668,0.7999262705769369,0.016985135998776563,53.6817003385283,2,22.3,副口径网页c4,幂函数型,131072
3544021362.194444,192921540588.19662,1.0,2.204426720087362,0.18324338372288732,0.8006025597108763,0.016154056566236596,54.43577249453721,2,22.35,副口径网页c4,幂函数型,131072
3729677056.324045,205852045582.34552,1.0,2.195350385949534,0.1833908512203976,0.8012468550386652,0.015362293740937236,55.19299458737387,2,22.4,副口径网页c4,幂函数型,131072
3925235851.840146,219630767584.09814,1.0,2.1864373274729902,0.1835313193657817,0.8018605697303912,0.014608110903827116,55.9535212339242,2,22.45,副口径网页c4,幂函数型,131072
4131225656.0449777,234313044697.77597,1.0,2.1776844067570993,0.18366509822858315,0.8024450585005617,0.013889843270855242,56.717561374290845,2,22.5,副口径网页c4,幂函数型,131072
4348203494.5667515,249957770890.38223,1.0,2.169088558626879,0.18379248684398156,0.8030016278538117,0.013205885302206778,57.48529736538645,2,22.55,副口径网页c4,幂函数型,131072
4576756187.960686,266627675034.53366,1.0,2.1606467882613285,0.18391377275108198,0.8035315340676606,0.012554693181257322,58.256910371565546,2,22.6,副口径网页c4,幂函数型,131072
4817502328.150709,284389548082.5609,1.0,2.1523561689269473,0.18402923242272698,0.8040359850703891,0.01193478250688409,59.03257096955661,2,22.65,副口径网页c4,幂函数型,131072
5071091722.204015,303314639427.47595,1.0,2.144213839811347,0.18413913053115005,0.80451613723263,0.011344732236219979,59.81249325453895,2,22.7,副口径网页c4,幂函数型,131072
5338210984.783134,323478718195.81744,1.0,2.136217003952107,0.18424372203824468,0.8049731044998936,0.010783173461861677,60.59684023690922,2,22.75,副口径网页c4,幂函数型,131072
5619581774.170847,344962587096.7926,1.0,2.1283629262561736,0.1843432508563954,0.8054079525416485,0.010248796601955993,61.38581142858996,2,22.8,副口径网页c4,幂函数型,131072
5915965122.153252,367852264468.69476,1.0,2.120648931605353,0.18443795115709524,0.8058217044687594,0.009740344374145319,62.1795864027688,2,22.85,副口径网页c4,幂函数型,131072
6228163011.502573,392239353934.4721,1.0,2.113072403043609,0.1845280474018389,0.8062153409684608,0.009256611629700316,62.97833778757222,2,22.9,副口径网页c4,幂函数型,131072
6557018484.216445,418221538569.0055,1.0,2.10563078004209,0.1846137540996042,0.8065897992447775,0.00879644665561836,63.7822723202194,2,22.95,副口径网页c4,幂函数型,131072
6903421842.476518,445902726273.86865,1.0,2.0983215568379916,0.1846952772107312,0.8069459791521654,0.008358743637103686,64.59155132752348,2,23.0,副口径网页c4,幂函数型,131072
7268308926.8710785,475393722990.83093,1.0,2.091142280843524,0.18477281335318307,0.8072847397276137,0.007942446919203257,65.40637275794528,2,23.05,副口径网页c4,幂函数型,131072
7652666369.933683,506812503544.59485,1.0,2.084090551121471,0.18484655081559648,0.8076069036167288,0.0075465455676747666,66.22691739650304,2,23.1,副口径网页c4,幂函数型,131072
8057533925.554648,540284701277.32733,1.0,2.07716401692395,0.18491666971568765,0.8079132577658205,0.007170072518491905,67.05335730127085,2,23.15,副口径网页c4,幂函数型,131072
8484006334.516212,575944170884.4941,1.0,2.0703603762911897,0.18498334212126918,0.8082045539506331,0.006812103928097731,67.88587233148695,2,23.2,副口径网页c4,幂函数型,131072
8933236577.085205,613933504256.2745,1.0,2.063677374707276,0.18504673242548103,0.808481510415755,0.006471757158764023,68.72464408152871,2,23.25,副口径网页c4,幂函数型,131072
9406439530.636084,654404562551.087,1.0,2.0571128038099733,0.18510699771238326,0.8087448134719166,0.00614818881570026,69.56984738165163,2,23.3,副口径网页c4,幂函数型,131072
9904894434.153183,697519137710.7777,1.0,2.0506645001518877,0.1851642879267668,0.8089951182379062,0.005840593835327203,70.42166298165216,2,23.35,副口径网页c4,幂函数型,131072
10429948274.406733,743449604808.0646,1.0,2.0443303440103677,0.18521874617037262,0.8092330499347693,0.005548203894858307,71.28027726008573,2,23.4,副口径网页c4,幂函数型,131072
10983022740.027216,792379374067.6075,1.0,2.038108258243678,0.18527050928899813,0.8094592064509187,0.005270284260083239,72.145837518829,2,23.45,副口径网页c4,幂函数型,131072
11565612225.678705,844504034469.6832,1.0,2.0319962071911095,0.18531970753973878,0.8096741568882881,0.005006135571973202,73.01853269770379,2,23.5,副口径网页c4,幂函数型,131072
12179292484.970896,900031807963.3344,1.0,2.025992195614818,0.1853664653181351,0.8098784447392868,0.004755089942578345,73.89852974415082,2,23.55,副口径网页c4,幂函数型,131072
12825721090.55111,959184655889.3325,1.0,2.0200942676812943,0.18541090109482897,0.8100725876100474,0.00451651129512371,74.78602170726896,2,23.6,副口径网页c4,幂函数型,131072
13506648686.625656,1022198663919.2428,1.0,2.0143005059804824,0.18545312813051737,0.8102570803441058,0.004289791525377008,75.68114693998287,2,23.65,副口径网页c4,幂函数型,131072
14223914083.302738,1089325698404.3226,1.0,2.0086090305806765,0.18549325405634665,0.8104323931891154,0.004074352754537997,76.58410280213008,2,23.7,副口径网页c4,幂函数型,131072
14979458808.937748,1160833694383.5498,1.0,2.003017998117425,0.1855313817083544,0.8105989754425809,0.0038696428490649906,77.49503564781116,2,23.75,副口径网页c4,幂函数型,131072
15775323842.695852,1237008369059.3494,1.0,1.9975256009147566,0.18556760886059057,0.8107572542858442,0.003675136853565318,78.41413472041638,2,23.8,副口径网页c4,幂函数型,131072
16613661615.138361,1318153867332.483,1.0,1.992130066137154,0.1856020287847211,0.810907637229032,0.0034903339862469443,79.34156225569093,2,23.85,副口径网页c4,幂函数型,131072
17496740600.109554,1404594061611.4521,1.0,1.9868296549707751,0.18563473035552192,0.8110505125719657,0.0033147570725125808,80.2774695992611,2,23.9,副口径网页c4,幂函数型,131072
18426947440.827312,1496674162199.6006,1.0,1.9816226618325046,0.18566579810157355,0.8111862496256484,0.003147952272778229,81.22203457766007,2,23.95,副口径网页c4,幂函数型,131072
19406798459.64702,1594761692870.173,1.0,1.9765074136055063,0.18569531258818167,0.8113152003852716,0.0029894870265466805,82.17541374411633,2,24.0,副口径网页c4,幂函数型,131072
20438941067.484615,1699248392917.945,1.0,1.9714822689000067,0.18572335042461335,0.8114376995618308,0.0028389500135559266,83.1377901285308,2,24.05,副口径网页c4,幂函数型,131072
21526166169.934727,1810551354197.3662,1.0,1.9665456173381228,0.1857499846036548,0.8115540660656747,0.002695949330670652,84.10932722084698,2,24.1,副口径网页c4,幂函数型,131072
22671417560.167908,1929114517398.4275,1.0,1.9616958788616061,0.18577528467890253,0.8116646037811037,0.0025601115399938655,85.0901586669087,2,24.15,副口径网页c4,幂函数型,131072
23877788888.69891,2055411366740.973,1.0,1.956931503061438,0.18579931667796837,0.8117696011871557,0.0024310821348760467,86.08047320971902,2,24.2,副口径网页c4,幂函数型,131072
25148539250.25859,2189946225404.8198,1.0,1.9522509685282774,0.18582214345385678,0.8118693328927975,0.0023085236533459713,87.08045439984359,2,24.25,副口径网页c4,幂函数型,131072
26487108360.621964,2333255706202.1846,1.0,1.9476527822228078,0.1858438249233829,0.8119640606785882,0.002192114398029002,88.09023901117894,2,24.3,副口径网页c4,幂函数型,131072
27897119520.942867,2485911381895.796,1.0,1.9431354788650863,0.18586441806745477,0.8120540334979144,0.0020815484346309956,89.10996635439648,2,24.35,副口径网页c4,幂函数型,131072
29382376289.22929,2648523244191.098,1.0,1.9386976203420514,0.18588397690772734,0.8121394873749881,0.0019765357172847617,90.13985860503625,2,24.4,副口径网页c4,幂函数型,131072
30946902399.47794,2821739505330.918,1.0,1.9343377951323935,0.1859025530552366,0.8122206478018656,0.0018767991428978996,91.1800305215206,2,24.45,副口径网页c4,幂函数型,131072
32594921197.46499,3006251991234.7876,1.0,1.9300546177480211,0.1859201954115615,0.8122977284328066,0.0017820761556321505,92.2306875056533,2,24.5,副口径网页c4,幂函数型,131072
34330897672.395535,3202796126189.612,1.0,1.9258467281914255,0.1859369506510528,0.8123709331911598,0.0016921161577873405,93.29194234163256,2,24.55,副口径网页c4,幂函数型,131072
36159516478.73572,3412156989562.139,1.0,1.921712791428249,0.18595286297490854,0.812440455194907,0.0016066818301846138,94.36401041393134,2,24.6,副口径网页c4,幂函数型,131072
38085723998.731445,3635169741767.5825,1.0,1.9176514968744407,0.1859679745210475,0.8125064785474246,0.0015255469315281253,95.44704314636797,2,24.65,副口径网页c4,幂函数型,131072
40114741969.05349,3872722869696.5327,1.0,1.9136615578973786,0.1859823254209986,0.8125691785860377,0.001448495992963692,96.54113873358936,2,24.7,副口径网页c4,幂函数型,131072
42252037421.38151,4125765975183.4727,1.0,1.9097417113303972,0.1859959535959493,0.8126287209909423,0.0013753254131085994,97.64655687575535,2,24.75,副口径网页c4,幂函数型,131072
44503408783.90775,4395306706643.374,1.0,1.905890717000181,0.18600889534700532,0.8126852643640893,0.0013058402889053423,98.7633717674386,2,24.8,副口径网页c4,幂函数型,131072
46874925935.31128,4682422107684.499,1.0,1.9021073572665064,0.18602118495826342,0.8127389584949833,0.0012398565467534259,99.89182946435741,2,24.85,副口径网页c4,幂函数型,131072
49373006484.16579,4988257077904.671,1.0,1.898390436573857,0.1860328551490268,0.8127899463364413,0.0011771985145320534,101.03207062151328,2,24.9,副口径网页c4,幂函数型,131072
52004412911.29951,5314030871541.7,1.0,1.8947387810144483,0.18604393701669927,0.8128383637550936,0.001117699228207324,102.18422964615506,2,24.95,副口径网页c4,幂函数型,131072
54776253703.7155,5661043714840.029,1.0,1.8911512379022322,0.18605446005114087,0.8128843395941047,0.0010612003547545467,103.3485010760427,2,25.0,副口径网页c4,幂函数型,131072
57696023000.23225,6030679941748.109,1.0,1.8876266753574673,0.18606445230489754,0.8129279964169178,0.0010075512781846717,104.52505438241097,2,25.05,副口径网页c4,幂函数型,131072
60771620086.355965,6424413560499.38,1.0,1.8841639819014666,0.18607394045047715,0.8129694507574979,0.0009566087920250033,105.71404137935342,2,25.1,副口径网页c4,幂函数型,131072
64011359011.659904,6843815355043.617,1.0,1.8807620660611553,0.18608294980996376,0.8130088132497192,0.000908236940317199,106.91563904770388,2,25.15,副口径网页c4,幂函数型,131072
67423993316.43779,7290558945142.733,1.0,1.877419855983082,0.18609150443522654,0.8130461889778007,0.0008623065869728996,108.13003778827373,2,25.200000000000003,副口径网页c4,幂函数型,131072
71018765867.91254,7766424626773.207,1.0,1.8741362990565609,0.1860996272304105,0.8130816780114788,0.0008186947581108009,109.35735832438912,2,25.25,副口径网页c4,幂函数型,131072
74805386768.1963,8273311541565.433,1.0,1.870910361545614,0.18610733989537706,0.8131153751588953,0.0007772849457278278,110.59780450306891,2,25.3,副口径网页c4,幂函数型,131072
78794098863.46274,8813241017610.346,1.0,1.8677410282294298,0.18611466307765348,0.8131473706304733,0.0007379662918732912,111.85153640607335,2,25.35,副口径网页c4,幂函数型,131072
82995670377.7847,9388368505833.69,1.0,1.8646273020510382,0.18612161635677327,0.8131777499704996,0.0007006336727272749,113.11877430592641,2,25.4,副口径网页c4,幂函数型,131072
87421492893.14536,10000984434375.99,1.0,1.8615682037739412,0.18612821840969665,0.8132065947798587,0.0006651868104448116,114.39960704629146,2,25.450000000000003,副口径网页c4,幂函数型,131072
92083518871.7028,10653533823364.162,1.0,1.8585627716464332,0.18613448690432374,0.8132339822507841,0.0006315308448923414,115.6942518476885,2,25.5,副口径网页c4,幂函数型,131072
96994346910.22397,11348620136294.861,1.0,1.8556100610733677,0.18614043863956403,0.8132599857788314,0.0005995755816047356,117.00290272379397,2,25.55,副口径网页c4,幂函数型,131072
102167256515.43137,12089015528924.148,1.0,1.8527091442951389,0.1861460895836817,0.813284675130411,0.0005692352859073617,118.3257331285804,2,25.6,副口径网页c4,幂函数型,131072
107616250965.42177,12877671017895.42,1.0,1.8498591100736494,0.1861514549175932,0.8133081166319592,0.0005404284504477227,119.66288457709933,2,25.65,副口径网页c4,幂函数型,131072
113356051535.27715,13717733425911.72,1.0,1.8470590633850528,0.18615654903108658,0.8133303731534194,0.0005130778154940399,121.01456640488816,2,25.700000000000003,副口径网页c4,幂函数型,131072
119402167888.2466,14612554379244.137,1.0,1.8443081251190705,0.18616138559719553,0.8133515044331872,0.0004871099696175109,122.38098049375978,2,25.75,副口径网页c4,幂函数型,131072
125770986089.14996,15565697958304.107,1.0,1.8416054317846842,0.18616597763780163,0.8133715673647314,0.0004624549974672419,123.76223199260527,2,25.8,副口径网页c4,幂函数型,131072
132479696600.75037,16580969130922.34,1.0,1.8389501352220206,0.18617033746915349,0.8133906157585628,0.00043904677228377123,125.15856811547397,2,25.85,副口径网页c4,幂函数型,131072
139546426261.77768,17662418579128.664,1.0,1.836341402320251,0.18617447680523913,0.8134087007938768,0.00041682240088410615,126.57019640184416,2,25.9,副口径网页c4,幂函数型,131072
146990313960.94736,18814355318753.71,1.0,1.833778414741336,0.18617840679533065,0.8134258711825861,0.0003957220220831793,127.99724561274385,2,25.950000000000003,副口径网页c4,幂函数型,131072
154831469788.02692,20041375552287.992,1.0,1.8312603686494509,0.18618213800007477,0.8134421730648599,0.00037568893506518544,129.4399360784069,2,26.0,副口径网页c4,幂函数型,131072
29822433.62997906,523149713.3054585,0.8891705306810411,4.422277355718247,0.9360958562156765,0.06390414378432352,0.0,17.54215366178437,0,17.0,副口径网页c4,对数型,2048
31414037.19802728,557243894.4245522,0.8891705306810411,4.374775773309298,0.9360958562156766,0.06390414378432352,0.0,17.73869085695059,0,17.05,副口径网页c4,对数型,2048
33090577.856024016,593560129.8112925,0.8891705306810411,4.328106540882725,0.9360958562156765,0.0639041437843235,0.0,17.937436221085427,0,17.1,副口径网页c4,对数型,2048
34856602.57706551,632242982.4435579,0.8891705306810411,4.282255073524559,0.9360958562156766,0.06390414378432353,0.0,18.138399491049444,0,17.15,副口径网页c4,对数型,2048
36716872.64262558,673446948.3315585,0.8891705306810411,4.237207041886045,0.9360958562156767,0.06390414378432353,0.0,18.341620619119297,0,17.2,副口径网页c4,对数型,2048
38676424.27442837,717336214.5716338,0.8891705306810411,4.1929483677055135,0.9360958562156766,0.06390414378432352,0.0,18.547118251723024,0,17.25,副口径网页c4,对数型,2048
40740557.790371984,764085752.3830414,0.8891705306810411,4.149465219408671,0.9360958562156766,0.06390414378432352,0.0,18.754916324773884,0,17.3,副口径网页c4,对数型,2048
42914852.97635149,813881999.5457425,0.8891705306810411,4.106744007786001,0.9360958562156765,0.0639041437843235,0.0,18.965042242932476,0,17.35,副口径网页c4,对数型,2048
45205186.64154204,866923559.9245988,0.8891705306810411,4.064771381745918,0.9360958562156764,0.0639041437843235,0.0,19.177524180995757,0,17.4,副口径网页c4,对数型,2048
47617754.6394366,923421877.3938315,0.8891705306810411,4.023534224142315,0.9360958562156764,0.06390414378432352,0.0,19.39238597842372,0,17.45,副口径网页c4,对数型,2048
50159080.66651425,983602229.3311372,0.8891705306810411,3.9830196476752575,0.9360958562156765,0.06390414378432352,0.0,19.609654249261016,0,17.5,副口径网页c4,对数型,2048
52836026.49317746,1047704774.6776799,0.8891705306810411,3.943214990863466,0.9360958562156765,0.06390414378432352,0.0,19.829363489568365,0,17.55,副口径网页c4,对数型,2048
55655849.96527312,1115984731.51641,0.8891705306810411,3.9041078140874053,0.9360958562156765,0.0639041437843235,0.0,20.051526159653246,0,17.6,副口径网页c4,对数型,2048
58626164.68410402,1188714577.939473,0.8891705306810411,3.8656858957016937,0.9360958562156764,0.06390414378432352,0.0,20.276178466468618,0,17.65,副口径网页c4,对数型,2048
61755000.65161675,1266184351.1626196,0.8891705306810411,3.8279372282156214,0.9360958562156766,0.06390414378432352,0.0,20.50334932883643,0,17.7,副口径网页c4,对数型,2048
65050820.11892998,1348702914.9596953,0.8891705306810411,3.7908500145406308,0.9360958562156765,0.06390414378432352,0.0,20.73306550930353,0,17.75,副口径网页c4,对数型,2048
68522531.34323274,1436599378.4298224,0.8891705306810411,3.7544126643035165,0.9360958562156765,0.06390414378432352,0.0,20.965357675329088,0,17.8,副口径网页c4,对数型,2048
72179533.43957712,1530223974.413545,0.8891705306810411,3.7186137902242424,0.9360958562156765,0.06390414378432352,0.0,21.200247514685376,0,17.85,副口径网页c4,对数型,2048
76031704.33460617,1629950241.389132,0.8891705306810411,3.6834422045572284,0.9360958562156765,0.06390414378432352,0.0,21.437770672822506,0,17.9,副口径网页c4,对数型,2048
80089455.86678973,1736175923.546854,0.8891705306810411,3.6488869155949843,0.9360958562156765,0.06390414378432352,0.0,21.67795878691673,0,17.95,副口径网页c4,对数型,2048
84363775.9877958,1849324241.4672809,0.8891705306810411,3.6149371242330353,0.9360958562156764,0.0639041437843235,0.0,21.920832961943372,0,18.0,副口径网页c4,对数型,2048
88866201.90445134,1969846809.324437,0.8891705306810411,3.581582220595005,0.9360958562156764,0.0639041437843235,0.0,22.166434112289508,0,18.05,副口径网页c4,对数型,2048
93608932.9107234,2098223649.9250052,0.8891705306810411,3.5488117807168633,0.9360958562156766,0.06390414378432352,0.0,22.414780135632146,0,18.1,副口径网页c4,对数型,2048
98604771.92294669,2234967125.971841,0.8891705306810411,3.5166155632892573,0.9360958562156765,0.06390414378432352,0.0,22.66591243391673,0,18.15,副口径网页c4,对数型,2048
103867234.24951647,2380622340.8292766,0.8891705306810411,3.4849835064569277,0.9360958562156763,0.0639041437843235,0.0,22.91985877962625,0,18.2,副口径网页c4,对数型,2048
109410553.95281292,2535769976.4641027,0.8891705306810411,3.453905724674222,0.9360958562156764,0.06390414378432352,0.0,23.17664873132569,0,18.25,副口径网页c4,对数型,2048
115249714.73491372,2701028789.820584,0.8891705306810411,3.423372505615691,0.9360958562156764,0.0639041437843235,0.0,23.436316489227153,0,18.3,副口径网页c4,对数型,2048
121400505.89043649,2877057726.771466,0.8891705306810411,3.3933743071408218,0.9360958562156765,0.06390414378432352,0.0,23.69889405047455,0,18.35,副口径网页c4,对数型,2048
127879563.24304521,3064558584.3813777,0.8891705306810411,3.3639017543119665,0.9360958562156764,0.0639041437843235,0.0,23.96441234755347,0,18.4,副口径网页c4,对数型,2048
156206831.6189027,2322292990.5473304,1.0,3.334891148853921,0.7722684368829239,0.05272019195787428,0.17501137115920187,14.86678249907162,2,18.45,副口径网页c4,对数型,2048
163125897.13927782,2513795815.877778,1.0,3.303667341765533,0.7780440083206184,0.05311447096802088,0.16884152071136072,15.4101577981299,2,18.5,副口径网页c4,对数型,2048
170395285.14089268,2719787207.8672748,1.0,3.2731266204228833,0.7836889996876838,0.053499835712012556,0.16281116460030376,15.96163418265005,2,18.55,副口径网页c4,对数型,2048
178033932.40390414,2941264818.3195157,1.0,3.2432500553865693,0.7892019746119736,0.05387618813351073,0.15692183725451553,16.520810266925363,2,18.6,副口径网页c4,对数型,2048
186061763.0991828,3179290380.9948516,1.0,3.214019350758808,0.794581736271507,0.05424344652946822,0.15117481719902479,17.08728503932367,2,18.65,副口径网页c4,对数型,2048
194499804.14239892,3434992904.2499156,1.0,3.185416823386423,0.799827372622986,0.054601548637729175,0.1455710787392848,17.660649682377358,2,18.7,副口径网页c4,对数型,2048
203370223.13900566,3709573181.1825433,1.0,3.1574253825933383,0.8049382378421498,0.0549504503700241,0.14011131178782607,18.240493243924956,2,18.75,副口径网页c4,对数型,2048
212696339.40813667,4004309143.2908907,1.0,3.1300285104296246,0.8099139227912475,0.05529012379588249,0.13479595341287004,18.826413065845674,2,18.8,副口径网页c4,对数型,2048
222502808.97010067,4320558817.00593,1.0,3.1032102424254604,0.8147543167650715,0.05562056135782888,0.12962512187709968,19.417996730039103,2,18.85,副口径网页c4,对数型,2048
232815526.44997516,4659768181.700667,1.0,3.07695514883951,0.8194595142906294,0.055941769508906974,0.12459871620046359,20.0148514695471,2,18.9,副口径网页c4,对数型,2048
243661852.468505,5023474148.318571,1.0,3.051248316392322,0.824029887275092,0.05625377363797962,0.11971633908692828,20.61658030350849,2,18.95,副口径网页c4,对数型,2048
255070563.22972837,5413312612.504815,1.0,3.026075330476343,0.8284660182061174,0.05655661350953761,0.11497736828434517,21.222804168230635,2,19.0,副口径网页c4,对数型,2048
267072042.1974615,5831022752.74115,1.0,3.0014222578349723,0.8327687385373417,0.05685034588414919,0.11038091557850918,21.833145486752016,2,19.05,副口径网页c4,对数型,2048
279698230.4997983,6278456243.518617,1.0,2.9772756297038896,0.8369390680961223,0.057135040382028615,0.1059258915218491,22.447250496721125,2,19.1,副口径网页c4,对数型,2048
292982875.844428,6757581336.705308,1.0,2.953622425408529,0.8409782612791311,0.057410782636655354,0.10161095608421357,23.064765533578623,2,19.15,副口径网页c4,对数型,2048
306961405.73704565,7270494921.080275,1.0,2.9304500564120755,0.844887725681974,0.05767766873988943,0.09743460557813657,23.685371467540275,2,19.2,副口径网页c4,对数型,2048
321671233.4543177,7819426522.684982,1.0,2.9077463508088655,0.8486690764987591,0.05793580895564862,0.09339511454559249,24.308752880121816,2,19.25,副口径网页c4,对数型,2048
337151763.82715654,8406748953.311489,1.0,2.885499538258297,0.8523240928464909,0.05818532473832044,0.08949058241518863,24.93461359324602,2,19.3,副口径网页c4,对数型,2048
353444527.4824613,9034987041.254044,1.0,2.8636982353546623,0.8558547120294782,0.05842634834121237,0.08571893962930946,25.562673457159075,2,19.35,副口径网页c4,对数型,2048
370593167.67402446,9706830550.26829,1.0,2.842331431428389,0.8592629913296805,0.058659020208106205,0.08207798846221308,26.192686204097708,2,19.4,副口径网页c4,对数型,2048
388643830.95558476,10425138429.221066,1.0,2.8213884747742353,0.8625511513916972,0.058883491935006534,0.07856535667329617,26.824402187442615,2,19.45,副口径网页c4,对数型,2048
407644985.3046204,11192957359.094158,1.0,2.8008590593019322,0.8657215011132637,0.059099921142665476,0.07517857774407079,27.45761081969403,2,19.5,副口径网页c4,对数型,2048
427647687.0095481,12013530759.775234,1.0,2.7807332116046464,0.8687764551388757,0.05930847267081392,0.07191507219031039,28.09212144647238,2,19.55,副口径网页c4,对数型,2048
448705836.97081494,12890308510.250671,1.0,2.761001278440466,0.8717185366235624,0.05950931876683521,0.06877214460960226,28.727748667751545,2,19.6,副口径网页c4,对数型,2048
470876146.1481076,13826965210.454782,1.0,2.7416539146218786,0.8745503357135866,0.059702636251380836,0.0657470280350325,29.36433566143251,2,19.65,副口径网页c4,对数型,2048
494218252.9823081,14827416021.762642,1.0,2.722682071307932,0.8772744975344487,0.059888605698351714,0.06283689676719935,30.001757183770852,2,19.7,副口径网页c4,对数型,2048
518795132.57131267,15895825444.456038,1.0,2.7040769846934785,0.8798937406204924,0.06006741269302562,0.060038846686481954,30.639889325235767,2,19.75,副口径网页c4,对数型,2048
544672985.6230291,17036631688.838596,1.0,2.6858301650895355,0.882410812214033,0.06023924478047799,0.057349943005489054,31.278642669144112,2,19.8,副口径网页c4,对数型,2048
571921616.8595443,18254558790.208633,1.0,2.667933386388494,0.8848285003153934,0.06040429228819753,0.05476720739640906,31.917938144121052,2,19.85,副口径网页c4,对数型,2048
600614664.1603857,19554633958.528923,1.0,2.650378675907523,0.8871496236206098,0.060562747639166956,0.05228762874022318,32.55770317540421,2,19.9,副口径网页c4,对数型,2048
630829301.8356668,20942222892.642914,1.0,2.6331583046031666,0.889376983361135,0.06071480206412015,0.0499082145747449,33.19792348215688,2,19.95,副口径网页c4,对数型,2048
662647382.4891372,22423022420.55475,1.0,2.6162647776498296,0.8915134268685505,0.060860649940893054,0.04762592319055653,33.83854371585378,2,20.0,副口径网页c4,对数型,2048
696154569.8340693,24003117185.170185,1.0,2.599690825374437,0.893561758524615,0.06100048271528038,0.04543775876010459,34.47958000317574,2,20.05,副口径网页c4,对数型,2048
731441461.7299823,25688975814.34596,1.0,2.583429394539337,0.8955247949064411,0.06113449266561305,0.04334071242794585,35.12102766718638,2,20.1,副口径网页c4,对数型,2048
768603276.5094291,27487494685.276096,1.0,2.567473639965153,0.8974053210223664,0.061262869915126875,0.04133180906250696,35.76291635147471,2,20.15,副口径网页c4,对数型,2048
807740537.6471058,29406011211.19159,1.0,2.551816916485089,0.8992061074690069,0.061385803603217534,0.03940808892777548,36.40526857405143,2,20.2,副口径网页c4,对数型,2048
848958780.8827137,31452352507.12035,1.0,2.5364527712219345,0.9009298771474997,0.06150347961326933,0.0375666432392308,37.04815029348944,2,20.25,副口径网页c4,对数型,2048
892369442.0780004,33634845900.145416,1.0,2.5213749361788387,0.9025793283955362,0.061616082151801935,0.035804589452661933,37.69161550604223,2,20.3,副口径网页c4,对数型,2048
938089993.4894707,35962357388.04988,1.0,2.5065773211347415,0.9041571197097569,0.0617237927055194,0.034119087584723644,38.33572219897422,2,20.35,副口径网页c4,对数型,2048
986243816.6929764,38444343477.18339,1.0,2.4920540068352595,0.905665850945505,0.061826788757879815,0.03250736029661506,38.980567306462866,2,20.4,副口径网页c4,对数型,2048
1036961036.9742178,41090870882.58275,1.0,2.477799238469699,0.9071080783503077,0.06192524481538101,0.030966676834311202,39.62624381961653,2,20.45,副口径网页c4,对数型,2048
1090378707.6179736,43912662730.061356,1.0,2.463807419424855,0.9084863047690522,0.06201933173890063,0.029494363492047194,40.27285421410361,2,20.5,副口径网页c4,对数型,2048
1146641291.3909683,46921136989.530655,1.0,2.45007310530618,0.9098029794324914,0.0621092167292581,0.028087803838250394,40.92050176617269,2,20.55,副口径网页c4,对数型,2048
1205900976.9596806,50128454715.260735,1.0,2.4365909982169685,0.9110604930411111,0.06219506299160653,0.02674444396728228,41.56929604754502,2,20.6,副口径网页c4,对数型,2048
1268317697.500842,53547584667.436745,1.0,2.4233559412862227,0.9122611685613295,0.062277029107120095,0.02546180233155041,42.21937829374268,2,20.65,副口径网页c4,对数型,2048
1334060227.2849815,57192328537.24356,1.0,2.41036291343593,0.9134072740259936,0.06235526990684117,0.02423745606716513,42.87087446841795,2,20.7,副口径网页c4,对数型,2048
1403306479.3641224,61077381754.60077,1.0,2.3976070243786074,0.9145010162269139,0.06242993604109067,0.023069047731995227,43.52390775126803,2,20.75,副口径网页c4,对数型,2048
1476243639.800497,65218406649.21912,1.0,2.3850835098360514,0.9155445342488219,0.0625011735380529,0.02195429221312527,44.1786199045253,2,20.8,副口径网页c4,对数型,2048
1553068727.549532,69632093303.23146,1.0,2.372787726970417,0.9165399011773477,0.0625691239203736,0.020890974902278633,44.83516541672859,2,20.85,副口径网页c4,对数型,2048
1633989560.51002,74336207347.08691,1.0,2.3607151500188954,0.9174891295300118,0.06263392457591548,0.01987694589407255,45.49368560462787,2,20.9,副口径网页c4,对数型,2048
1719224720.6459107,79349686907.47664,1.0,2.3488613661234385,0.9183941635506614,0.06269570823172514,0.018910128217613443,46.15434268398901,2,20.95,副口径网页c4,对数型,2048
1809004959.9099896,84692681786.50754,1.0,2.3372220713472047,0.9192568885192235,0.06275460358957899,0.017988507891197405,46.81727450361528,2,21.0,副口径网页c4,对数型,2048
1903572671.6151023,90386685929.62532,1.0,2.3257930668695623,0.9200791193075334,0.06281073454472763,0.017110146147738918,47.48265578583663,2,21.05,副口径网页c4,对数型,2048
2003184066.8883028,96454553379.68265,1.0,2.3145702553517835,0.9208626152059798,0.06286422119806155,0.016273163595958685,48.150619293569356,2,21.1,副口径网页c4,对数型,2048
2108107939.7598858,102920679110.63672,1.0,2.3035496374657116,0.9216090643023249,0.06291517878970539,0.015475756907969576,48.82135168200136,2,21.15,副口径网页c4,对数型,2048
2218628428.4236875,109811000800.18536,1.0,2.292727308578001,0.9223201006395602,0.0629637188703273,0.014716180490112701,49.494994021240835,2,21.2,副口径网页c4,对数型,2048
2335043614.1872416,117153206224.13268,1.0,2.282099455582718,0.9229972900689473,0.06300994833537348,0.013992761595679344,50.17174219459287,2,21.25,副口径网页c4,对数型,2048
2457669117.5870094,124976707861.3586,1.0,2.2716623538753717,0.9236421487768485,0.06305397068983286,0.013303880533318766,50.85172245809205,2,21.3,副口径网页c4,对数型,2048
2586836115.0277247,133312898980.6143,1.0,2.2614123644616715,0.9242561275031284,0.06309588497088024,0.0126479875259914,51.53511589163255,2,21.35,副口径网页c4,对数型,2048
2722893900.6735086,142195197242.97693,1.0,2.251345931194594,0.9248406227791505,0.06313578651505668,0.012023590705792835,52.22208518951286,2,21.4,副口径网页c4,对数型,2048
2866210420.232723,151659197966.15085,1.0,2.2414595781335462,0.9253969757893036,0.06317376688054979,0.011429257330146493,52.912792757845324,2,21.45,副口径网页c4,对数型,2048
3017172970.955207,161742831680.67722,1.0,2.2317499070197035,0.9259264728196808,0.06320991387782356,0.010863613302495433,53.60741105587694,2,21.5,副口径网页c4,对数型,2048
3176190095.306347,172486470909.36,1.0,2.2222135948618282,0.9264303497566192,0.06324431187671853,0.010325338366662303,54.30609180610882,2,21.55,副口径网页c4,对数型,2048
3343691545.2927313,183933151278.3852,1.0,2.212847391627102,0.9269097896029053,0.06327704163689167,0.009813168760202908,55.009006897579226,2,21.6,副口径网页c4,对数型,2048
3520129982.233034,196128715529.1623,1.0,2.203648118031785,0.9273659261848105,0.06330818056088307,0.009325893254306251,55.71632766945323,2,21.65,副口径网页c4,对数型,2048
3705982773.9747977,209121964406.68643,1.0,2.194612663426705,0.9277998469457981,0.06333780288483315,0.008862350169368741,56.42820735035304,2,21.7,副口径网页c4,对数型,2048
3901752815.3252487,222964875986.3196,1.0,2.185737983772832,0.9282125929163682,0.06336597967642407,0.008421427407207666,57.144797874063514,2,21.75,副口径网页c4,对数型,2048
4107969012.9149327,237712862952.82465,1.0,2.177021099702409,0.9286051586761271,0.06339277883229028,0.008002062491582505,57.86627460077854,2,21.8,副口径网页c4,对数型,2048
4325188774.966416,253424934926.483,1.0,2.1684590946613187,0.9289784963921945,0.06341826535370715,0.0076032382540983535,58.59280325364545,2,21.85,副口径网页c4,对数型,2048
4553999725.699695,270163920648.4536,1.0,2.160049113128592,0.9293335173619302,0.06344250145190777,0.00722398118616185,59.32453599499164,2,21.9,副口径网页c4,对数型,2048
4795020712.25282,287996751549.095,1.0,2.1517883589091333,0.9296710923846746,0.06346554657346046,0.00686336104186493,60.06162826641617,2,21.95,副口径网页c4,对数型,2048
5048903251.366291,306994742815.13446,1.0,2.143674093495968,0.9299920530910144,0.06348745749101324,0.006520489417972283,60.80424352200811,2,22.0,副口径网页c4,对数型,2048
5316333416.334339,327233871428.43726,1.0,2.1357036344984826,0.9302971937553854,0.0635082884270343,0.00619451781758028,61.55254868383857,2,22.05,副口径网页c4,对数型,2048
5598035234.347901,348794984458.84717,1.0,2.127874354133303,0.9305872743239332,0.06352809126051384,0.005884634415552941,62.30667901458417,2,22.1,副口径网页c4,对数型,2048
5894769921.320703,371764287217.61664,1.0,2.12018367777465,0.9308630187370707,0.06354691541245068,0.00559006585047865,63.06680195828986,2,22.15,副口径网页c4,对数型,2048
6207339603.870356,396233586773.469,1.0,2.1126290825611544,0.9311251183090332,0.06356480807656334,0.005310073614403539,63.83307697977605,2,22.2,副口径网页c4,对数型,2048
6536590129.971438,422300615792.55615,1.0,2.105208096056291,0.9313742333697932,0.06358181433137788,0.005043952298828828,64.60564413488801,2,22.25,副口径网页c4,对数型,2048
6883411078.965944,450069566943.13574,1.0,2.097918294959715,0.9316109927481191,0.06359797710493827,0.0047910301469425345,65.3846707366411,2,22.3,副口径网页c4,对数型,2048
7248740596.829793,479651353717.2611,1.0,2.0907573038669662,0.9318359969312089,0.06361333739050386,0.004550665678287429,66.1703019041728,2,22.35,副口径网页c4,对数型,2048
7633566276.3255825,511164158998.75665,1.0,2.083722794075103,0.9320498180614581,0.06362793424632888,0.0043222476922126956,66.96269351640522,2,22.4,副口径网页c4,对数型,2048
8038929436.305018,544733800158.122,1.0,2.0768124824319862,0.9322530020596125,0.06364180494060288,0.00410519299978452,67.76198304441161,2,22.45,副口径网页c4,对数型,2048
8465924556.625237,580494457642.8306,1.0,2.0700241302270537,0.9324460680688516,0.06365498491350026,0.0038989470176482087,68.56834758686209,2,22.5,副口径网页c4,对数型,2048
8915708000.784147,618588821246.8235,1.0,2.0633555421215304,0.932629512324622,0.06366750804136087,0.0037029796340169877,69.38190676415354,2,22.55,副口径网页c4,对数型,2048
9389494372.24189,659169118918.0114,1.0,2.0568045651161397,0.9328038061456498,0.06367940649954304,0.0035167873548072304,70.2028344430036,2,22.6,副口径网页c4,对数型,2048
9888566970.876749,702397229933.1294,1.0,2.0503690875544973,0.9329693998705941,0.06369071103116589,0.0033398890982400693,71.03124568016682,2,22.65,副口径网页c4,对数型,2048
10414273505.02374,748445870465.4415,1.0,2.044047038160454,0.933126721004557,0.06370145082057777,0.003171828174865145,71.86731461435105,2,22.7,副口径网页c4,对数型,2048
10968035469.60914,797498883225.3121,1.0,2.0378363851077523,0.9332761772642014,0.06371165370123615,0.003012169034562747,72.71118747154563,2,22.75,副口径网页c4,对数型,2048
11551351450.08159,849752002665.0793,1.0,2.0317351351204715,0.9334181570972855,0.06372134619117469,0.002860496711540089,73.56299445456465,2,22.8,副口径网页c4,对数型,2048
12165796917.612677,905413946216.865,1.0,2.0257413326027764,0.9335530295414608,0.06373055348336373,0.0027164169751754084,74.42290483298126,2,22.85,副口径网页c4,对数型,2048
12813033921.127161,964706851639.7617,1.0,2.019853058796632,0.9336811464314609,0.06373929959638773,0.0025795539721513733,75.29105577790405,2,22.9,副口径网页c4,对数型,2048
13494814516.925804,1027867233263.1044,1.0,2.0140684309661503,0.9338028427744415,0.06374760740006855,0.002449549825489916,76.16757028960323,2,22.95,副口径网页c4,对数型,2048
14212978796.289835,1095147435071.3186,1.0,2.0083856016073667,0.9339184364087911,0.06375549859217347,0.002326064999035542,77.05263272166398,2,23.0,副口径网页c4,对数型,2048
14969471606.914145,1166815747102.079,1.0,2.00280275768228,0.9340282308071995,0.06376299388977148,0.0022087753030290247,77.94635493768175,2,23.05,副口径网页c4,对数型,2048
15766336195.342106,1243158360870.4397,1.0,1.9973181198760577,0.934132513868342,0.06377011294674548,0.0020973731849127835,78.84890601519137,2,23.1,副口径网页c4,对数型,2048
16605731651.097849,1324479585347.7676,1.0,1.9919299418763783,0.9342315603023366,0.0637768745166395,0.0019915651810241525,79.76038714682004,2,23.15,副口径网页c4,对数型,2048
17489921676.4569,1411104404574.483,1.0,1.98663650967393,0.9343256301701849,0.06378329635295128,0.0018910734768638998,80.6810019323279,2,23.2,副口径网页c4,对数型,2048
18421298734.91219,1503378352555.9685,1.0,1.9814361408831562,0.934414971720135,0.0637893954027612,0.0017956328771040922,81.61087739740924,2,23.25,副口径网页c4,对数型,2048
19402384551.032803,1601669347631.725,1.0,1.9763271840823537,0.9344998210975749,0.06379518778692778,0.0017049911154972423,82.550129001874,2,23.3,副口径网页c4,对数型,2048
20435830608.31902,1706369678708.4463,1.0,1.97130801817232,0.934580402404852,0.06380068880417122,0.0016189087909769893,83.49891479399018,2,23.35,副口径网页c4,对数型,2048
21524429292.10779,1817897256409.6807,1.0,1.9663770517527601,0.9346569287145213,0.06380591300024466,0.0015371582852340877,84.45739637223441,2,23.4,副口径网页c4,对数型,2048
22671124179.96482,1936697048991.9587,1.0,1.961532722515721,0.9347296027719586,0.06381087421589904,0.001459523012142316,85.42571747295524,2,23.45,副口径网页c4,对数型,2048
23879017739.55605,2063242869279.6584,1.0,1.9567734966553574,0.9347986174101766,0.0638155856152014,0.001385796974621849,86.40400923451124,2,23.5,副口径网页c4,对数型,2048
25151374970.182068,2198039669590.7385,1.0,1.952097868293364,0.9348641557517683,0.06382005969932071,0.0013157845489109264,87.39242574994806,2,23.55,副口径网页c4,对数型,2048
26491637204.383064,2341625130670.266,1.0,1.947504358919461,0.9349263919683142,0.06382430835837025,0.0012492996733155979,88.3911066954685,2,23.6,副口径网页c4,对数型,2048
27903430152.21964,2494571908226.4185,1.0,1.942991516846332,0.9349854916187829,0.06382834289450892,0.0011861654867082174,89.4001882427341,2,23.65,副口径网页c4,对数型,2048
29390565351.436375,2657490667041.35,1.0,1.9385579166784648,0.9350416117573795,0.06383217402930377,0.001126214213316596,90.41985532651461,2,23.7,副口径网页c4,对数型,2048
30957070479.702274,2831030726785.046,1.0,1.9342021587943596,0.9350949021179087,0.06383581198458256,0.0010692858975086931,91.45021421330152,2,23.75,副口径网页c4,对数型,2048
32607177175.00532,3015884719288.69,1.0,1.929922868841605,0.9351455046038318,0.0638392664476216,0.0010152289485464755,92.49143840640347,2,23.8,副口径网页c4,对数型,2048
34345352549.298447,3212789529704.623,1.0,1.9257186972443479,0.93519355435155,0.06384254664373248,0.0009638990047172409,93.5436468469225,2,23.85,副口径网页c4,对数型,2048
36176290322.8684,3422531165321.765,1.0,1.9215883187227012,0.9352391794461854,0.06384566131685959,0.0009151592369548529,94.60702395895618,2,23.9,副口径网页c4,对数型,2048
38104944395.211334,3645945954514.328,1.0,1.9175304318236706,0.9352825018437138,0.06384861879253086,0.0008688793637553555,95.68170252920028,2,23.95,副口径网页c4,对数型,2048
40136522087.47109,3883925780221.0938,1.0,1.9135437584631831,0.9353236371836539,0.06385142696507078,0.0008249358512751995,96.7678707127813,2,24.0,副口径网页c4,对数型,2048
42276530535.961105,4137418534584.9004,1.0,1.9096270434788438,0.9353626957566358,0.06385409336365303,0.0007832108797110854,97.86561201055855,2,24.05,副口径网页c4,对数型,2048
44530747776.658226,4407436114089.296,1.0,1.9057790541930397,0.9353997819070178,0.06385662511151909,0.0007435929814633238,98.97512020670695,2,24.1,副口径网页c4,对数型,2048
46905271396.830986,4695055273434.349,1.0,1.9019985799860597,0.9354349949645104,0.06385902898957725,0.0007059760459124423,100.09653784353875,2,24.15,副口径网页c4,对数型,2048
49406519109.16961,5001423469184.198,1.0,1.8982844318788812,0.9354684292116233,0.06386131143418015,0.0006702593541964697,101.23003116517792,2,24.2,副口径网页c4,对数型,2048
52041258503.23241,5327762195816.078,1.0,1.8946354421253266,0.9355001743066178,0.06386347856599846,0.0006363471273837892,102.37573704112398,2,24.25,副口径网页c4,对数型,2048
54816605559.36928,5675373862595.0625,1.0,1.891050463813272,0.9355303152688857,0.0638655361890226,0.0006041485420918959,103.53384352572384,2,24.3,副口径网页c4,对数型,2048
57740089563.69107,6045642279467.619,1.0,1.8875283704746362,0.9355589331945033,0.06386748983941144,0.0005735769660851186,104.70441464762334,2,24.35,副口径网页c4,对数型,2048
60819584034.15336,6440047447630.695,1.0,1.8840680557038663,0.9355861045590047,0.06386934473789473,0.0005445507031006401,105.88772596692331,2,24.4,副口径网页c4,对数型,2048
64063421463.63461,6860161788919.257,1.0,1.8806684327846697,0.9356119023792492,0.06387110586909008,0.000516991751660826,107.08391203884428,2,24.45,副口径网页c4,对数型,2048
67480384371.53843,7307659602976.669,1.0,1.8773284343247394,0.9356363960253368,0.06387277796866299,0.0004908260060003015,108.293093926994,2,24.5,副口径网页c4,对数型,2048
71079718803.6682,7784324831419.85,1.0,1.8740470118982326,0.9356596513264418,0.06387436553055176,0.00046598314300637616,109.51541399483034,2,24.55,副口径网页c4,对数型,2048
74871144748.21826,8292059813662.653,1.0,1.8708231356957845,0.9356817306854174,0.06387587281479117,0.00044239649979144685,110.75107561862119,2,24.6,副口径网页c4,对数型,2048
78864910545.81833,8832889840745.947,1.0,1.8676557941818315,0.9357026934395271,0.06387730387213837,0.0004200026883345117,112.00025181812998,2,24.65,副口径网页c4,对数型,2048
83071814203.9732,9408971899898.086,1.0,1.8645439937590471,0.9357225959590456,0.06387866255080418,0.000398741490150144,113.2631084328488,2,24.7,副口径网页c4,对数型,2048
87503239943.42131,10022602418021.178,1.0,1.8614867584396841,0.935741491818791,0.0638799525081628,0.0003785556730462253,114.53978646392623,2,24.75,副口径网页c4,对数型,2048
92171177033.10434,10676227739411.48,1.0,1.858483129523635,0.9357594318763878,0.06388117721609475,0.0003593909075172414,115.83043726974421,2,24.8,副口径网页c4,对数型,2048
97088226340.75948,11372456922544.062,1.0,1.8555321652830312,0.9357764643294034,0.06388233996488726,0.00034119570570929154,117.13528355775195,2,24.85,副口径网页c4,对数型,2048
102267708650.48424,12114063531953.984,1.0,1.8526329406532065,0.9357926351108662,0.06388344389023513,0.0003239209988985843,118.45443387565939,2,24.9,副口径网页c4,对数型,2048
107723616322.13304,12904006497306.336,1.0,1.8497845469298535,0.9358079877110042,0.06388449196107122,0.0003075203279245549,119.78809232247303,2,24.95,副口径网页c4,对数型,2048
113470697746.45076,13745436517216.523,1.0,1.846986091472217,0.9358225634628617,0.0638854869990647,0.0002919495380736586,121.13644130338015,2,25.0,副口径网页c4,对数型,2048
119524490298.44267,14641709413234.643,1.0,1.8442366974121667,0.9358364016232822,0.06388643168414941,0.0002771666925682224,122.49965991635284,2,25.05,副口径网页c4,对数型,2048
125901369281.54018,15596398641264.467,1.0,1.8415355033690028,0.9358495394882013,0.06388732856239454,0.00026313194940421117,123.8779111797256,2,25.1,副口径网页c4,对数型,2048
132618593856.81154,16613309275095.912,1.0,1.8388816631698501,0.9358620124861752,0.06388818005238957,0.00024980746143534653,125.27134236571173,2,25.15,副口径网页c4,对数型,2048
139694273200.54077,17696503304937.598,1.0,1.8362743455754997,0.9358738541372834,0.06388898844243855,0.0002371574202781474,126.6802346258894,2,25.200000000000003,副口径网页c4,对数型,2048
147147616611.40936,18850290562784.65,1.0,1.8337127340115804,0.9358850964884955,0.0638897559202813,0.0002251475912231548,128.10462715522542,2,25.25,副口径网页c4,对数型,2048
154998726804.45215,20079278484497.31,1.0,1.8311960263049067,0.9358957697642826,0.06389048454924169,0.0002137456864756992,129.54479626035584,2,25.3,副口径网页c4,对数型,2048
163268832171.38757,21388368091296.027,1.0,1.8287234344249077,0.9359059027470013,0.06389117629419529,0.00020292095880336547,131.00092532568675,2,25.35,副口径网页c4,对数型,2048
171980348749.59167,22782772565884.016,1.0,1.826294184229999,0.9359155228228953,0.06389183302470965,0.00019264415239515732,132.4731152804928,2,25.4,副口径网页c4,对数型,2048
181156745157.28073,24268063849762.92,1.0,1.8239075152187867,0.9359246558422138,0.06389245650549513,0.00018288765229080905,133.96169062704968,2,25.450000000000003,副口径网页c4,对数型,2048
190822865448.23553,25850160765454.945,1.0,1.8215626802860043,0.935933326480701,0.06389304842108254,0.00017362509821620186,135.46678855667489,2,25.5,副口径网页c4,对数型,2048
201004893180.80978,27535365857946.137,1.0,1.8192589454830554,0.9359415581683284,0.06389361037095789,0.00016483146071354072,136.98853506604573,2,25.55,副口径网页c4,对数型,2048
211730346015.47842,29330400964942.56,1.0,1.8169955897830756,0.935949373096581,0.06389414387005994,0.00015648303335910008,138.52714793560284,2,25.6,副口径网页c4,对数型,2048
223028184691.91315,31242429641111.77,1.0,1.8147719048504052,0.9359567923238719,0.06389465035597632,0.00014855732015175475,140.08287645020948,2,25.65,副口径网页c4,对数型,2048
234928972815.46036,33279074384374.113,1.0,1.8125871948143768,0.935963835884685,0.06389513119639449,0.00014103291892057245,141.65589703793256,2,25.700000000000003,副口径网页c4,对数型,2048
247464939789.31265,35448449423937.41,1.0,1.8104407760473245,0.9359705228154606,0.06389558769086877,0.00013388949367077794,143.24635018648542,2,25.75,副口径网页c4,对数型,2048
260669894019.50174,37759217989550.85,1.0,1.8083319769467212,0.935976871118372,0.06389602106834753,0.0001271078132804432,144.85454153261725,2,25.8,副口径网页c4,对数型,2048
274579602257.24576,40220585786444.08,1.0,1.8062601377213618,0.9359828979618108,0.06389643250085962,0.0001206695373296431,146.48060327788866,2,25.85,副口径网页c4,对数型,2048
289231669072.48596,42842368675268.27,1.0,1.804224610181497,0.9359886196114756,0.06389682309881008,0.00011455728971429529,148.12475000630485,2,25.9,副口径网页c4,对数型,2048
304665710524.04456,45635021581733.76,1.0,1.8022247575328412,0.9359940515131899,0.06389719391663377,0.00010875457017623379,149.7871929966736,2,25.950000000000003,副口径网页c4,对数型,2048
320923455638.8754,48609681004690.19,1.0,1.8002599541743731,0.9359992083317146,0.06389754595544504,0.00010324571284041707,151.46814653332493,2,26.0,副口径网页c4,对数型,2048
28999704.563794013,505676764.36874187,0.8891705306810411,4.448185173239565,0.8798686062881276,0.12013139371187236,0.0,17.437307447610234,0,17.0,副口径网页c4,对数型,4096
30547398.80800165,538632230.6421895,0.8891705306810411,4.400229619186646,0.8798686062881275,0.12013139371187234,0.0,17.632670919957317,0,17.05,副口径网页c4,对数型,4096
32177689.833835173,573735484.2315302,0.8891705306810411,4.35311436986773,0.8798686062881276,0.12013139371187234,0.0,17.830226072607655,0,17.1,副口径网页c4,对数型,4096
33894991.61517228,611126394.3395016,0.8891705306810411,4.306824700981122,0.8798686062881277,0.12013139371187237,0.0,18.029991016901313,0,17.15,副口径网页c4,对数型,4096
35703940.58999103,650954181.024499,0.8891705306810411,4.261346146232778,0.8798686062881277,0.12013139371187237,0.0,18.23199821274021,0,17.2,副口径网页c4,对数型,4096
37609432.1022139,693377582.2730901,0.8891705306810411,4.216664492815374,0.8798686062881276,0.12013139371187237,0.0,18.43626833791713,0,17.25,副口径网页c4,对数型,4096
39616623.55829881,738565663.6737539,0.8891705306810411,4.172765776966543,0.8798686062881276,0.12013139371187234,0.0,18.64282206147375,0,17.3,副口径网页c4,对数型,4096
41730934.53237331,786698752.4294153,0.8891705306810411,4.129636279604974,0.8798686062881276,0.12013139371187236,0.0,18.851692665045007,0,17.35,副口径网页c4,对数型,4096
43958085.45240678,837968711.5200089,0.8891705306810411,4.087262522042976,0.8798686062881276,0.12013139371187237,0.0,19.062902828815734,0,17.4,副口径网页c4,对数型,4096
46304095.53696174,892580030.9745891,0.8891705306810411,4.045631261774146,0.8798686062881277,0.12013139371187236,0.0,19.2764812836501,0,17.45,副口径网页c4,对数型,4096
48775306.48368647,950750505.4424206,0.8891705306810411,4.0047294883348865,0.8798686062881275,0.12013139371187236,0.0,19.492455793392327,0,17.5,副口径网页c4,对数型,4096
51378411.289982885,1012711871.3840685,0.8891705306810411,3.9645444192384076,0.8798686062881277,0.12013139371187237,0.0,19.710844418062305,0,17.55,副口径网页c4,对数型,4096
54120438.751579,1078711387.0111809,0.8891705306810411,3.9250634959799844,0.8798686062881277,0.12013139371187237,0.0,19.93168222383838,0,17.6,副口径网页c4,对数型,4096
57008811.76323091,1149012048.961671,0.8891705306810411,3.886274380112222,0.8798686062881276,0.12013139371187236,0.0,20.154990315071814,0,17.65,副口径网页c4,对数型,4096
60051328.225749165,1223894418.7969518,0.8891705306810411,3.8481649493890684,0.8798686062881276,0.12013139371187236,0.0,20.38080513716536,0,17.7,副口径网页c4,对数型,4096
63256224.938973874,1303656882.5987585,0.8891705306810411,3.810723293977437,0.8798686062881276,0.12013139371187234,0.0,20.60914769821397,0,17.75,副口径网页c4,对数型,4096
66632161.60863986,1388617613.257454,0.8891705306810411,3.7739377127351608,0.8798686062881276,0.12013139371187236,0.0,20.84005050614175,0,17.8,副口径网页c4,对数型,4096
70188270.03002387,1479115314.5845597,0.8891705306810411,3.737796709554205,0.8798686062881276,0.12013139371187236,0.0,21.07353997971243,0,17.85,副口径网页c4,对数型,4096
73934167.61268207,1575510798.7498224,0.8891705306810411,3.702288989767936,0.8798686062881275,0.12013139371187234,0.0,21.309644101268976,0,17.9,副口径网页c4,对数型,4096
77879979.9829866,1678188500.1340818,0.8891705306810411,3.6674034566213414,0.8798686062881276,0.12013139371187237,0.0,21.548394086653506,0,17.95,副口径网页c4,对数型,4096
82036380.36267999,1787557752.6260486,0.8891705306810411,3.633129207803127,0.8798686062881276,0.12013139371187237,0.0,21.789817453224018,0,18.0,副口径网页c4,对数型,4096
86414596.15840194,1904054904.1171114,0.8891705306810411,3.599455532038547,0.8798686062881276,0.12013139371187237,0.0,22.03395015151018,0,18.05,副口径网页c4,对数型,4096
91026484.43049751,2028144069.6925428,0.8891705306810411,3.566371905741961,0.8798686062881275,0.12013139371187234,0.0,22.28081291265417,0,18.1,副口径网页c4,对数型,4096
95884507.61478801,2160320215.145287,0.8891705306810411,3.533867989728036,0.8798686062881275,0.12013139371187234,0.0,22.53044072379537,0,18.15,副口径网页c4,对数型,4096
101001791.77093531,2301110603.940106,0.8891705306810411,3.5019336259805662,0.8798686062881276,0.12013139371187237,0.0,22.782869131261123,0,18.2,副口径网页c4,对数型,4096
106392177.98215537,2451076535.539189,0.8891705306810411,3.470558834477945,0.8798686062881277,0.12013139371187237,0.0,23.03812725734683,0,18.25,副口径网页c4,对数型,4096
112070248.98005612,2610815817.5016828,0.8891705306810411,3.4397338100742294,0.8798686062881276,0.12013139371187237,0.0,23.296243572781748,0,18.3,副口径网页c4,对数型,4096
118051362.62376447,2780965285.336137,0.8891705306810411,3.4094489194348654,0.8798686062881277,0.12013139371187236,0.0,23.557248502071175,0,18.35,副口径网页c4,对数型,4096
124351674.68838063,2962203791.766196,0.8891705306810411,3.3796946980261198,0.8798686062881277,0.12013139371187236,0.0,23.821181332614437,0,18.4,副口径网页c4,对数型,4096
151036763.41889352,2268594998.6614423,1.0,3.3489859497096917,0.7294422109327555,0.09959317653268555,0.17096461253455905,15.02015103680154,2,18.45,副口径网页c4,对数型,4096
157753398.83867195,2454899752.963204,1.0,3.3175555650876496,0.7347908465777309,0.10032344358607952,0.16488570983618972,15.561628282086847,2,18.5,副口径网页c4,对数型,4096
164810835.96568692,2655241333.373523,1.0,3.2868101004381294,0.740015834446178,0.10103682859638484,0.1589473369574371,16.110841971133112,2,18.55,副口径网页c4,对数型,4096
172227474.12318632,2870583534.7388177,1.0,3.256730648578737,0.745115970797974,0.10173316721295005,0.153150861989076,16.6673961245325,2,18.6,副口径网页c4,对数型,4096
180022730.43226454,3101951224.8796434,1.0,3.22729893541467,0.7500903175979869,0.10241233136271183,0.14749735103930112,17.2308864410141,2,18.65,副口径网页c4,对数型,4096
188217009.35458842,3350435432.0015693,1.0,3.198497299053906,0.7549381485434589,0.10307422188113359,0.14198762957540745,17.800917374526815,2,18.7,副口径网页c4,对数型,4096
196831922.9571432,3617195053.936987,1.0,3.170308669454416,0.7596590465086133,0.10371878181664267,0.13662217167474394,18.37707522028614,2,18.75,副口径网页c4,对数型,4096
205890137.07767028,3903464470.331681,1.0,3.1427165485909727,0.7642527742060061,0.1043459787715934,0.13140124702240036,18.95896775696027,2,18.8,副口径网页c4,对数型,4096
215415624.79075336,4210555314.99761,1.0,3.115704991130517,0.768719377022869,0.10495581894285572,0.12632480403427546,19.546192710429363,2,18.85,副口径网页c4,对数型,4096
225433597.80528608,4539863626.592285,1.0,3.0892585856060673,0.7730591054036753,0.10554833652444846,0.12139255807187627,20.138363007068293,2,18.9,副口径网页c4,对数型,4096
235970649.6306499,4892874013.929895,1.0,3.063362436080247,0.7772724449831908,0.106123597821705,0.1166039571951042,20.735095748511117,2,18.95,副口径网页c4,对数型,4096
247054797.22281995,5271165898.484945,1.0,3.0380021442904424,0.781360093306825,0.1066816980728252,0.11195820862034978,21.336019206017905,2,19.0,副口径网页c4,对数型,4096
258715519.97094166,5676420383.4957695,1.0,3.0131637922683754,0.7853229394538245,0.10722275866676219,0.10745430187941334,21.940780298504443,2,19.05,副口径网页c4,对数型,4096
270983971.00946856,6110424272.944389,1.0,2.988833925427637,0.789162098972311,0.10774693191301953,0.10309096911466942,22.549024764017805,2,19.1,副口径网页c4,对数型,4096
283892881.01467144,6575080528.596448,1.0,2.964999536113268,0.7928788418853266,0.10825439121207661,0.09886676690259669,23.160427641215318,2,19.15,副口径网页c4,对数型,4096
297476772.6094602,7072413302.406984,1.0,2.9416480476079894,0.7964746244483101,0.1087453353913426,0.09478004016034748,23.774674037128744,2,19.2,副口径网页c4,对数型,4096
311772039.6718477,7604576077.242617,1.0,2.9187672985900255,0.79995106991306,0.10921998607879646,0.0908289440081435,24.391462702193344,2,19.25,副口径网页c4,对数型,4096
326816974.4039727,8173861694.95911,1.0,2.8963455280377324,0.8033099392401623,0.10967858370425682,0.08701147705558093,25.010517614227542,2,19.3,副口径网页c4,对数型,4096
342651901.6623191,8782710830.733585,1.0,2.874371360576404,0.8065531296565904,0.1101213873024465,0.08332548304096303,25.631583505375904,2,19.35,副口径网页c4,对数型,4096
359319393.7835124,9433719133.162088,1.0,2.8528337922627047,0.809682682512346,0.11054867558568562,0.07976864190196825,26.25441124629594,2,19.4,副口径网页c4,对数型,4096
376864189.4780124,10129652069.118034,1.0,2.83172217680213,0.8127007315524171,0.11096073988129002,0.07633852856629297,26.87878644863665,2,19.45,副口径网页c4,对数型,4096
395333535.5093248,10873450605.73184,1.0,2.811026212194859,0.8156095320714674,0.11135788811215767,0.07303257981637487,27.50449842744334,2,19.5,副口径网页c4,对数型,4096
414777014.18977886,11668250350.909166,1.0,2.7907359278051245,0.8184113996075142,0.11174043642641258,0.06984816396607342,28.131381324738562,2,19.55,副口径网页c4,对数型,4096
435247039.1990142,12517384912.629225,1.0,2.770841671849083,0.8211087553376502,0.11210871539543384,0.06678252926691591,28.759264935299704,2,19.6,副口径网页c4,对数型,4096
456798723.6709793,13424406083.881086,1.0,2.7513340992958453,0.8237040723562572,0.11246306267904098,0.06383286496470186,29.38801136745371,2,19.65,副口径网页c4,对数型,4096
479490178.1361611,14393094094.91181,1.0,2.732204160176061,0.8261998856058966,0.11280382438139176,0.060996290012711556,30.017495146323093,2,19.7,副口径网页c4,对数型,4096
503382479.86313236,15427477900.535458,1.0,2.7134430882921006,0.8285987604745029,0.11313135076345214,0.05826988876204494,30.64762584651362,2,19.75,副口径网页c4,对数型,4096
528540161.3390722,16531842123.975712,1.0,2.695042390323537,0.8309033166706379,0.11344599950276442,0.055650683826597595,31.27830831642348,2,19.8,副口径网页c4,对数型,4096
555031013.5749019,17710754705.36241,1.0,2.6769938353212606,0.8331161808254971,0.11374812922204122,0.05313568995246173,31.909486627223092,2,19.85,副口径网页c4,对数型,4096
582926534.8166058,18969077518.85087,1.0,2.6592894445832247,0.8352400035662488,0.1140381018202452,0.05072189461350591,32.54111176259753,2,19.9,副口径网页c4,对数型,4096
612302069.3487505,20311987191.53378,1.0,2.6419214819044248,0.8372774439489071,0.11431628034715746,0.04840627570393528,33.17314803972127,2,19.95,副口径网页c4,对数型,4096
643236814.5182371,21745001987.821404,1.0,2.6248824441934224,0.8392311486203384,0.11458302615829688,0.04618582522136459,33.805593052237974,2,20.0,副口径网页c4,对数型,4096
675814367.2412473,23273993434.126694,1.0,2.6081650524473563,0.8411037671735945,0.11483870101143479,0.04405753181497076,34.43844132691916,2,20.05,副口径网页c4,对数型,4096
710122734.322186,24905216426.279377,1.0,2.591762243077108,0.8428979297022979,0.11508366400202041,0.04201840629568164,35.071706935353184,2,20.1,副口径网页c4,对数型,4096
746254479.9246364,26645337449.718704,1.0,2.5756671595740155,0.8446162376349493,0.11531827031175843,0.04006549205329215,35.70543047515051,2,20.15,副口径网页c4,对数型,4096
784307351.9144709,28501448497.585136,1.0,2.559873144509269,0.8462612762752283,0.11554287292077782,0.03819585080399397,36.339642141583845,2,20.2,副口径网页c4,对数型,4096
824383978.1011057,30481114807.50294,1.0,2.5443737318569446,0.847835583320929,0.1157578183094175,0.0364065983696536,36.974414371460064,2,20.25,副口径网页c4,对数型,4096
866592815.6556407,32592381760.906113,1.0,2.5291626396314175,0.8493416730385447,0.11596344975886265,0.03469487720259259,37.609799172230154,2,20.3,副口径网页c4,对数型,4096
911047799.0778664,34843829697.622795,1.0,2.5142337628297904,0.8507820061349041,0.11616010323761891,0.03305789062747685,38.245885378232195,2,20.35,副口径网页c4,对数型,4096
957869165.9550027,37244589674.20447,1.0,2.499581166669854,0.852159005280982,0.11634810952103009,0.03149288519798796,38.88275246554297,2,20.4,副口径网页c4,对数型,4096
1007183444.6493763,39804392107.35738,1.0,2.485199080114022,0.8534750401048531,0.11652779214231596,0.029997167752830758,39.520498791770954,2,20.45,副口径网页c4,对数型,4096
1059123735.4309353,42533608387.306404,1.0,2.4710818896696756,0.8547324246180558,0.11669946704118522,0.02856810834075899,40.159243877204176,2,20.5,副口径网页c4,对数型,4096
1113830712.542913,45443267378.14289,1.0,2.457224133456317,0.8559334301348039,0.11686344432773857,0.027203125537457455,40.79907912971297,2,20.55,副口径网页c4,对数型,4096
1171452108.3867652,48545134050.87031,1.0,2.4436204955299985,0.8570802614292737,0.11702002502714352,0.025899713543582645,41.44013545523681,2,20.6,副口径网页c4,对数型,4096
1232143759.0842438,51851731369.2571,1.0,2.4302658004555266,0.8581750705911435,0.11716950297137746,0.024655426437479207,42.08253378468957,2,20.65,副口径网页c4,对数型,4096
1296069725.386839,55376402074.49212,1.0,2.417155008117058,0.859219949121539,0.1173121637200608,0.023467887158400043,42.7264066043699,2,20.7,副口径网页c4,对数型,4096
1363402604.5529132,59133367801.507416,1.0,2.404283208757806,0.860216925895713,0.1174482842822947,0.022334789821992444,43.371904677341014,2,20.75,副口径网页c4,对数型,4096
1434324733.0034044,63137754842.60613,1.0,2.391645618239725,0.8611679773534813,0.1175781345079953,0.021253888138523497,44.01914949231812,2,20.8,副口径网页c4,对数型,4096
1509027666.6119776,67405697071.23023,1.0,2.3792375735141813,0.862075012053969,0.11770197497910191,0.020223012966929105,44.66829771422775,2,20.85,副口径网页c4,对数型,4096
1587713425.1327157,71954369690.91827,1.0,2.367054528294844,0.8629398812310026,0.11782005845073953,0.01924006031825787,45.319494407439215,2,20.9,副口径网页c4,对数型,4096
1670594810.1718569,76802067265.32594,1.0,2.3550920489241807,0.8637643754020002,0.11793262938821977,0.018302995209779974,45.9728874995279,2,20.95,副口径网页c4,对数型,4096
1757895905.1280234,81968280143.2921,1.0,2.343345810425193,0.864550224085679,0.11803992392849806,0.01740985198582283,46.628631367863925,2,21.0,副口径网页c4,对数型,4096
1849852594.0716448,87473776495.43504,1.0,2.331811592730218,0.8652990959796213,0.11814216990441766,0.01655873411596105,47.2868901964235,2,21.05,副口径网页c4,对数型,4096
1946713716.4893055,93340661294.70831,1.0,2.320485277078887,0.8660126038267603,0.11823958750914701,0.01574780866409269,47.9478109719381,2,21.1,副口径网页c4,对数型,4096
2048740836.3624802,99592506537.30174,1.0,2.3093628425775585,0.8666922981923031,0.11833238844652247,0.014975313361174318,48.61156900358724,2,21.15,副口径网页c4,对数型,4096
2156210226.059555,106254385109.60522,1.0,2.29844036291279,0.8673396775005301,0.11842077730140572,0.014239545198064111,49.27830497482783,2,21.2,副口径网页c4,对数型,4096
2269412149.833936,113353040388.36684,1.0,2.2877140032116765,0.8679561793014721,0.11850495034729434,0.013538870351233289,49.94819490882757,2,21.25,副口径网页c4,对数型,4096
2388653082.72303,120916923766.44699,1.0,2.2771800170421357,0.8685431901597771,0.11858509689648156,0.01287171294374129,50.6213835073126,2,21.3,副口径网页c4,对数型,4096
2514254768.690441,128976395409.92044,1.0,2.2668347435464598,0.8691020376444164,0.11866139820638433,0.012236564149199262,51.29806136436137,2,21.35,副口径网页c4,对数型,4096
2646557432.267296,137563728741.3727,1.0,2.2566746047017534,0.8696340029005682,0.11873402919602428,0.011631967903407285,51.97836520159035,2,21.4,副口径网页c4,对数型,4096
2785918700.85004,146713338746.8738,1.0,2.246696102701069,0.8701403124713528,0.11880315732942205,0.011056530199224892,52.662462369095195,2,21.45,副口径网页c4,对数型,4096
2932714990.6264195,156461899650.5594,1.0,2.2368958174493696,0.87062214241361,0.11886894317753825,0.010508914408851567,53.35053019152726,2,21.5,副口径网页c4,对数型,4096
3087343824.747536,166848422659.44516,1.0,2.2272704041686526,0.8710806237823213,0.11893154116707959,0.009987835050599154,54.0427085969568,2,21.55,副口径网页c4,对数型,4096
3250222955.4074316,177914513902.9197,1.0,2.2178165911068257,0.8715168376145328,0.11899109889563755,0.009492063489829342,54.73917215645818,2,21.6,副口径网页c4,对数型,4096
3421792863.873446,189704468460.31345,1.0,2.2085311773451792,0.8719318208621712,0.11904775794171511,0.009020421196113602,55.44007951596734,2,21.65,副口径网页c4,对数型,4096
3602517088.9321055,202265493537.19345,1.0,2.1994110306995087,0.8723265654977885,0.1191016537426314,0.008571780759579952,56.14560279494775,2,21.7,副口径网页c4,对数型,4096
3792885147.0746884,215647804327.8833,1.0,2.190453085710207,0.8727020235522978,0.11915291628234038,0.008145060165361739,56.85587513616236,2,21.75,副口径网页c4,对数型,4096
3993410959.0914955,229904985369.16782,1.0,2.1816543417168086,0.873059102478035,0.11920166945833438,0.00773922806363046,57.57108089408143,2,21.8,副口径网页c4,对数型,4096
4204637267.0899935,245094035138.37534,1.0,2.1730118610127573,0.8733986727365818,0.11924803211763463,0.007353295145783557,58.29136250509514,2,21.85,副口径网页c4,对数型,4096
4427135228.822584,261275698198.7105,1.0,2.1645227670763076,0.8737215654928099,0.11929211774195167,0.006986316765238245,59.01687766339089,2,21.9,副口径网页c4,对数型,4096
4661505561.806498,278514733118.27216,1.0,2.1561842428737172,0.8740285739465113,0.11933403462949703,0.006637391423991443,59.74780667436078,2,21.95,副口径网页c4,对数型,4096
4908383403.0171585,296879979655.21735,1.0,2.1479935292310706,0.8743204588966443,0.1193738866546885,0.006305654448667122,60.48426850125985,2,22.0,副口径网页c4,对数型,4096
5168435142.328539,316444921908.9413,1.0,2.139947923271226,0.874597943768981,0.11941177258925824,0.005990283641760533,61.226447308454205,2,22.05,副口径网页c4,对数型,4096
5442364795.853196,337287709286.9104,1.0,2.132044776912625,0.8748617215443901,0.11944778704819406,0.0056904914074157155,61.9744765260694,2,22.1,副口径网页c4,对数型,4096
5730912274.180245,359491687400.2014,1.0,2.1242814954267977,0.8751124520394153,0.11948202011844815,0.005405527842136378,62.728527362011214,2,22.15,副口径网页c4,对数型,4096
6034858248.137066,383145555664.391,1.0,2.1166555360516215,0.8753507660340506,0.11951455792251571,0.0051346760434335115,63.488741559533125,2,22.2,副口径网页c4,对数型,4096
6355024322.8485365,408343840135.2166,1.0,2.1091644066575146,0.8755772646845895,0.1195454825382693,0.004877252777141044,64.2552757299571,2,22.25,副口径网页c4,对数型,4096
6692277243.077526,435187144767.9688,1.0,2.1018056644638987,0.8757925221845279,0.11957487236226086,0.004632605453211222,65.02826003183374,2,22.3,副口径网页c4,对数型,4096
7047527972.096482,463782761534.8848,1.0,2.0945769148034237,0.8759970847419057,0.11960280197009489,0.00440011328799928,65.8078638880407,2,22.35,副口径网页c4,对数型,4096
7421736172.65296,494244972235.2238,1.0,2.0874758099315645,0.8761914732870056,0.11962934248611919,0.004179184226874992,66.59425244141384,2,22.4,副口径网页c4,对数型,4096
7815915107.052534,526695349341.4849,1.0,2.080500047879337,0.8763761855211495,0.1196545618631543,0.003969252615696143,67.3875473476205,2,22.45,副口径网页c4,对数型,4096
8231130504.388066,561263494560.5061,1.0,2.0736473713470054,0.8765516948623239,0.11967852473853595,0.0037697803991402572,68.18789888719333,2,22.5,副口径网页c4,对数型,4096
8668504792.891312,598087468950.2426,1.0,2.0669155666367622,0.8767184523158574,0.11970129268952508,0.003580254994617539,68.9954592216076,2,22.55,副口径网页c4,对数型,4096
9129221092.56936,637314277569.299,1.0,2.0603024626224835,0.8768768877926134,0.1197229244132848,0.0034001877941017334,69.81036729278411,2,22.6,副口径网页c4,对数型,4096
9614524323.648344,679100599713.1057,1.0,2.0538059297547555,0.8770274103024415,0.11974347575329337,0.003229113944264882,70.63278190921598,2,22.65,副口径网页c4,对数型,4096
10125726902.682411,723613253112.6932,1.0,2.0474238790994703,0.8771704096872319,0.11976299993596341,0.003066590376804866,71.4628450942125,2,22.7,副口径网页c4,对数型,4096
10664212619.073473,771029831294.2195,1.0,2.0411542614083973,0.8773062574179481,0.11978154767946382,0.0029121949025882636,72.30068068177808,2,22.75,副口径网页c4,对数型,4096
11231434060.04024,821539866914.7625,1.0,2.0349950662201977,0.8774353059206232,0.11979916710169575,0.0027655269776810315,73.14648000629575,2,22.8,副口径网页c4,对数型,4096
11828928026.164057,875344760673.6315,1.0,2.0289443209904663,0.8775578921848429,0.11981590421297056,0.002626203602186592,74.00034548671547,2,22.85,副口径网页c4,对数型,4096
12458310168.683458,932659267422.3771,1.0,2.023000090249432,0.8776743361724983,0.11983180269875178,0.0024938611287499872,74.86242153183898,2,22.9,副口径网页c4,对数型,4096
13121281380.349413,993712212680.0161,1.0,2.0171604747860488,0.8777849422049621,0.11984690410905083,0.002368153685987245,75.73286357292903,2,22.95,副口径网页c4,对数型,4096
13819634274.524218,1058747265645.1007,1.0,2.0114236108572743,0.8778900000220698,0.11986124800301329,0.0022487519749167617,76.61181508955318,2,23.0,副口径网页c4,对数型,4096
14555256052.79718,1128024059986.4065,1.0,2.005787669421383,0.8779897851341018,0.11987487199697605,0.0021353428689221588,77.4994308512784,2,23.05,副口径网页c4,对数型,4096
15330137892.429783,1201818898717.1963,1.0,2.0002508553942526,0.8780845600442121,0.11988781193136977,0.0020276280244183307,78.39583095404966,2,23.1,副口径网页c4,对数型,4096
16146372403.341702,1280426469087.0205,1.0,1.9948114069275895,0.8781745738516189,0.11990010181654105,0.0019253243318399981,79.30118525087528,2,23.15,副口径网页c4,对数型,4096
17006168837.249737,1364160274232.9448,1.0,1.9894675947081542,0.8782600640229681,0.11991177407460259,0.0018281619024293387,80.21561395091729,2,23.2,副口径网页c4,对数型,4096
17911855033.9905,1453354187524.112,1.0,1.984217721277057,0.8783412563745024,0.11992285953699874,0.001735884088498638,81.13923347225337,2,23.25,副口径网页c4,对数型,4096
18865875132.722507,1548364483525.1135,1.0,1.9790601203682832,0.8784183649531637,0.11993338742827195,0.00164824761856453,82.07223214572772,2,23.3,副口径网页c4,对数型,4096
19870807740.819157,1649570336611.7554,1.0,1.9739931562656239,0.8784915936800987,0.11994338559045614,0.0015650207294453044,83.01476005040112,2,23.35,副口径网页c4,对数型,4096
20929375588.23424,1757375090346.3994,1.0,1.9690152231772577,0.8785611368543288,0.11995288055184436,0.0014859825938266299,83.96691449000198,2,23.4,副口径网页c4,对数型,4096
22044436617.022152,1872209215333.3008,1.0,1.9641247446272445,0.87862717851552,0.11996189743998567,0.0014109240444942746,84.92887560971408,2,23.45,副口径网页c4,对数型,4096
23219007070.57487,1994530754858.3186,1.0,1.95932017286326,0.8786898939873947,0.11997046019241231,0.0013396458201927015,85.90077727251136,2,23.5,副口径网页c4,对数型,4096
24456262668.20985,2124827730306.6213,1.0,1.9545999882799105,0.8787494498331755,0.11997859155055628,0.0012719586162680536,86.88276533227776,2,23.55,副口径网页c4,对数型,4096
25759550940.648655,2263619765150.231,1.0,1.9499626988570207,0.8788060044672424,0.11998631314326086,0.001207682389496497,87.87496996223764,2,23.6,副口径网页c4,对数型,4096
27132395109.772617,2411460604678.015,1.0,1.945406839612308,0.8788597083144627,0.11999364550853464,0.0011466461770024744,88.87754269100441,2,23.65,副口径网页c4,对数型,4096
28578505579.53052,2568940161900.866,1.0,1.940930972067896,0.8789107043172987,0.1200006081627885,0.0010886875199127748,89.89064017892107,2,23.7,副口径网页c4,对数型,4096
30101792336.183537,2736686659285.9814,1.0,1.9365336837301461,0.8789591283814574,0.12000721966168165,0.0010336519568608926,90.91440897346091,2,23.75,副口径网页c4,对数型,4096
31706377189.942226,2915368972953.9546,1.0,1.932213587582308,0.8790051097398783,0.12001349764981804,0.0009813926103034653,91.94897781884575,2,23.8,副口径网页c4,对数型,4096
33396595095.212154,3105700196497.0596,1.0,1.9279693215895235,0.8790487709995611,0.12001945886714008,0.0009317701332987344,92.99451598711939,2,23.85,副口径网页c4,对数型,4096
35177019882.75023,3308439202528.3115,1.0,1.9237995482157384,0.8790902288543677,0.12002511924624969,0.0008846518993823921,94.05115082391252,2,23.9,副口径网页c4,对数型,4096
37052467049.98506,3524394540450.101,1.0,1.9197029539520978,0.8791295941048078,0.12003049391510977,0.0008399119800822867,95.11902502188507,2,23.95,副口径网页c4,对数型,4096
39028002540.85394,3754428080100.0117,1.0,1.9156782488564301,0.8791669718975799,0.12003559722974959,0.0007974308726704115,96.19831494501753,2,24.0,副口径网页c4,对数型,4096
41108972669.632744,3999456905746.822,1.0,1.9117241661034283,0.8792024623196006,0.1200404428553695,0.0007570948250297848,97.28914750285712,2,24.05,副口径网页c4,对数型,4096
43301002352.755974,4260458515464.385,1.0,1.9078394615451781,0.879236160333085,0.12004504375747722,0.0007187959094376071,98.39168342469605,2,24.1,副口径网页c4,对数型,4096
45610021257.03082,4538473666613.303,1.0,1.9040229132816797,0.8792681562201934,0.12004941226259706,0.0006824315172097422,99.50606339420843,2,24.15,副口径网页c4,对数型,4096
48042262076.45788,4834612286977.909,1.0,1.9002733212410385,0.8792985355753122,0.12005356005721599,0.0006479043674717455,100.6324864404545,2,24.2,副口径网页c4,对数型,4096
50604314835.426285,5150054165801.336,1.0,1.8965895067690195,0.8793273800094391,0.12005749828395541,0.0006151217066054896,101.77104823077192,2,24.25,副口径网页c4,对数型,4096
53303104176.2107,5486057691091.171,1.0,1.892970312227654,0.8793547668327364,0.12006123749822963,0.0005839956690340852,102.92191751075562,2,24.3,副口径网页c4,对数型,4096
56145921611.10045,5843963553554.632,1.0,1.889414600602631,0.8793807694668959,0.12006478772454687,0.0005544428085571496,104.08527255164405,2,24.35,副口径网页c4,对数型,4096
59140456901.109474,6225198881989.05,1.0,1.8859212551191924,0.8794054577376429,0.1200681584964462,0.0005263837659108582,105.26125782894087,2,24.4,副口径网页c4,对数型,4096
62294817322.407234,6631283044994.387,1.0,1.882489178866281,0.8794288980080563,0.12007135887469997,0.0004997431172436645,106.44999584273822,2,24.45,副口径网页c4,对数型,4096
65617518846.6361,7063836974358.526,1.0,1.8791172944286922,0.8794511531347098,0.12007439744132571,0.0004744494239645989,107.65169269609858,2,24.5,副口径网页c4,对数型,4096
69117545967.82098,7524585763571.953,1.0,1.8758045435269959,0.8794722829246837,0.12007728236198348,0.0004504347133328379,108.86650644505188,2,24.55,副口径网页c4,对数型,4096
72804367369.60806,8015366415594.092,1.0,1.8725498866650037,0.879492344202092,0.12008002139505897,0.00042763440284911125,110.09458230578733,2,24.6,副口径网页c4,对数型,4096
76687959583.72797,8538135355581.961,1.0,1.8693523027845662,0.8795113909372978,0.12008262190930573,0.00040598715339639293,111.33606112260712,2,24.65,副口径网页c4,对数型,4096
80778811938.71985,9094978694188.918,1.0,1.8662107889274961,0.8795294742933456,0.12008509089018479,0.00038543481646958485,112.59114210652814,2,24.7,副口径网页c4,对数型,4096
85087991825.06934,9688116465301.492,1.0,1.863124359904422,0.8795466429441496,0.12008743498330789,0.0003659220725425641,113.85997315836403,2,24.75,副口径网页c4,对数型,4096
89627151998.59282,10319913971360.424,1.0,1.8600920479703782,0.8795629430881977,0.12008966049630859,0.0003473964154938054,115.14271893323632,2,24.8,副口径网页c4,对数型,4096
94408563929.2381,10992891032303.428,1.0,1.8571129025069573,0.8795784185874018,0.12009177341779993,0.00032980799479810717,116.43955351913743,2,24.85,副口径网页c4,对数型,4096
99445127005.94627,11709734875730.994,1.0,1.8541859897108468,0.8795931110220936,0.1200937794248832,0.0003131095530231681,117.75071567891725,2,24.9,副口径网页c4,对数型,4096
104750527684.35551,12473296234971.982,1.0,1.8513103922885874,0.8796070601479892,0.12009568394553881,0.00029725590647210285,119.07621384550666,2,24.95,副口径网页c4,对数型,4096
110339063905.05508,13286625670985.025,1.0,1.8484852091573873,0.8796203033960173,0.12009749209033622,0.00028220451364662825,120.41633489312493,2,25.0,副口径网页c4,对数型,4096
116225845272.31104,14152966838965.094,1.0,1.8457095551518456,0.8796328764448335,0.12009920873060125,0.00026791482456535627,121.7712532509911,2,25.05,副口径网页c4,对数型,4096
122426803974.00017,15075772798498.248,1.0,1.8429825607364327,0.8796448132036288,0.12010083849606878,0.0002543483003023709,123.14111215138718,2,25.1,副口径网页c4,对数型,4096
128958690557.0289,16058725562265.588,1.0,1.840303371723585,0.8796561458099333,0.12010238577458292,0.0002414684154836042,124.52612144944199,2,25.15,副口径网页c4,对数型,4096
135839202567.9894,17105740498090.912,1.0,1.8376711489972795,0.8796669048672041,0.1201038547445356,0.00022924038826036192,125.92639072309963,2,25.200000000000003,副口径网页c4,对数型,4096
143086901146.44858,18220998290986.004,1.0,1.8350850682419542,0.8796771193099031,0.12010524935644545,0.0002176313336514794,127.3421825827154,2,25.25,副口径网页c4,对数型,4096
150721408635.9137,19408943187012.934,1.0,1.8325443196766478,0.8796868167161163,0.12010657337564042,0.00020660990824341295,128.77363184614103,2,25.3,副口径网页c4,对数型,4096
158763385293.85788,20674310170474.414,1.0,1.830048107794236,0.8796960232515925,0.12010783037461743,0.00019614637378987746,130.22089527889557,2,25.35,副口径网页c4,对数型,4096
167234556279.30066,22022147703625.816,1.0,1.8275956511056448,0.8797047637189046,0.12010902373975445,0.00018621254134094196,131.6841937072284,2,25.4,副口径网页c4,对数型,4096
176157800416.91623,23457834127060.97,1.0,1.8251861818889248,0.8797130616698656,0.12011015668665899,0.0001767816434753328,133.1637547218621,2,25.450000000000003,副口径网页c4,对数型,4096
185557289598.1484,24987088716071.715,1.0,1.8228189459430844,0.8797209395311354,0.1201112322773177,0.00016782819154697616,134.65969873878265,2,25.5,副口径网页c4,对数型,4096
195458439774.2279,26616009533974.656,1.0,1.8204932023465579,0.879728418552199,0.12011225341299356,0.00015932803480744477,136.17221934605917,2,25.55,副口径网页c4,对数型,4096
205887959073.4069,28351100911727.14,1.0,1.8182082232202244,0.8797355188680729,0.12011322284278754,0.00015125828913964523,137.70159770061588,2,25.6,副口径网页c4,对数型,4096
216874104624.30548,30199274167390.45,1.0,1.8159632934948635,0.8797422596812019,0.12011414318847342,0.00014359713032472058,139.24794857230714,2,25.65,副口径网页c4,对数型,4096
228446614843.76883,32167894535050.895,1.0,1.8137577106829543,0.8797486591985476,0.12011501693590838,0.00013632386554409515,140.81143008860093,2,25.700000000000003,副口径网页c4,对数型,4096
240636702826.61487,34264823107042.3,1.0,1.8115907846547263,0.8797547346489099,0.12011584643739782,0.0001294189136922506,142.39233959140063,2,25.75,副口径网页c4,对数型,4096
253477386528.7674,36498413659519.11,1.0,1.8094618374183673,0.8797605024614632,0.12011663393607176,0.00012286360246524048,143.9908078560565,2,25.8,副口径网页c4,对数型,4096
267003374579.7851,38877574518242.88,1.0,1.8073702029043028,0.8797659781994284,0.12011738155682862,0.00011664024374295057,145.60705301732287,2,25.85,副口径网页c4,对数型,4096
281251196877.6412,41411799217926.8,1.0,1.8053152267534562,0.8797711766301247,0.12011809131589968,0.00011073205397573786,147.24132617982448,2,25.9,副口径网页c4,对数型,4096
296259421324.75525,44111187051813.24,1.0,1.8032962661094138,0.8797761118063725,0.12011876513196339,0.00010512306166419349,148.89378658260188,2,25.950000000000003,副口径网页c4,对数型,4096
312068671773.8387,46986495635955.195,1.0,1.8013126894144056,0.8797807970651884,0.12011940482596706,9.979810884459966e-05,150.5646028769177,2,26.0,副口径网页c4,对数型,4096
27551362.000401575,475176035.30903065,0.8891705306810411,4.496276140973358,0.7855048177628823,0.21449518223711772,0.0,17.246916334012987,0,17.0,副口径网页c4,对数型,8192
29021757.142931983,506143774.09587806,0.8891705306810411,4.447477909390222,0.7855048177628822,0.21449518223711775,0.0,17.4401491819783,0,17.05,副口径网页c4,对数型,8192
30570628.531888016,539129672.0951918,0.8891705306810411,4.399534748420285,0.7855048177628824,0.21449518223711775,0.0,17.63554424577268,0,17.1,副口径网页c4,对数型,8192
32202161.73314954,574265301.2794088,0.8891705306810411,4.352431675025642,0.7855048177628823,0.21449518223711775,0.0,17.833128907251243,0,17.15,副口径网页c4,对数型,8192
33920766.55256639,611690794.3833046,0.8891705306810411,4.306153968709769,0.7855048177628823,0.21449518223711772,0.0,18.03292957532014,0,17.2,副口径网页c4,对数型,8192
35731093.518598035,651555319.8257847,0.8891705306810411,4.260687166917138,0.7855048177628823,0.21449518223711772,0.0,18.234967241812797,0,17.25,副口径网页c4,对数型,8192
37638036.78995024,694017849.4853828,0.8891705306810411,4.21601706051341,0.7855048177628823,0.21449518223711772,0.0,18.439268056369322,0,17.3,副口径网页c4,对数型,8192
39646750.22036759,739247744.2239558,0.8891705306810411,4.172129689344857,0.7855048177628823,0.21449518223711775,0.0,18.645859751808473,0,17.35,副口径网页c4,对数型,8192
41762670.03925501,787425265.9010866,0.8891705306810411,4.129011337875571,0.7855048177628823,0.21449518223711772,0.0,18.85476348042265,0,17.4,副口径网页c4,对数型,8192
43991512.466891766,838742614.4513128,0.8891705306810411,4.0866485309011304,0.7855048177628823,0.2144951822371177,0.0,19.06600995095485,0,17.45,副口径网页c4,对数型,8192
46339307.63430244,893404348.6252695,0.8891705306810411,4.0450280293373835,0.7855048177628823,0.21449518223711775,0.0,19.279622295520262,0,17.5,副口径网页c4,对数型,8192
48812401.28725339,951628477.2579266,0.8891705306810411,4.004136826083004,0.7855048177628823,0.21449518223711772,0.0,19.49562922868189,0,17.55,副口径网页c4,对数型,8192
51417483.41211919,1013647108.9326499,0.8891705306810411,3.9639621419545588,0.7855048177628823,0.21449518223711772,0.0,19.7140552525317,0,17.6,副口径网页c4,对数型,8192
54161596.92173058,1079707559.0824354,0.8891705306810411,3.924491421692805,0.7855048177628824,0.21449518223711775,0.0,19.93492844464558,0,17.65,副口径网页c4,对数型,8192
57052163.43355969,1150073204.7141976,0.8891705306810411,3.8857123300389436,0.7855048177628822,0.21449518223711772,0.0,20.158275085457884,0,17.7,副口径网页c4,对数型,8192
60096994.641339734,1225024708.8072345,0.8891705306810411,3.847612747879667,0.7855048177628824,0.21449518223711772,0.0,20.384125963672734,0,17.75,副口径网页c4,对数型,8192
63304325.2486546,1304860902.5931726,0.8891705306810411,3.8101807684597233,0.7855048177628824,0.21449518223711775,0.0,20.612507873163132,0,17.8,副口径网页c4,对数型,8192
66682835.18559795,1389899971.5116324,0.8891705306810411,3.7734046936608605,0.7855048177628824,0.21449518223711778,0.0,20.843444458279734,0,17.85,副口径网页c4,对数型,8192
70241649.05028783,1480481223.7402189,0.8891705306810411,3.7372730303459614,0.7855048177628822,0.21449518223711772,0.0,21.07697133762198,0,17.9,副口径网页c4,对数型,8192
73990389.66236578,1576965848.6153185,0.8891705306810411,3.701774486767252,0.7855048177628822,0.21449518223711772,0.0,21.313117227944822,0,17.95,副口径网页c4,对数型,8192
77939208.73752317,1679738244.04658,0.8891705306810411,3.6668979690374477,0.7855048177628822,0.2144951822371177,0.0,21.55190271052732,0,18.0,副口径网页c4,对数型,8192
82098766.692583,1789208569.505181,0.8891705306810411,3.6326325776627155,0.7855048177628823,0.21449518223711775,0.0,21.79336720373441,0,18.05,副口径网页c4,对数型,8192
86480315.34099624,1905813232.8904202,0.8891705306810411,3.598967604136412,0.7855048177628824,0.21449518223711775,0.0,22.03753796890891,0,18.1,副口径网页c4,对数型,8192
91095708.37094033,2030017049.1274793,0.8891705306810411,3.565892527592492,0.7855048177628823,0.21449518223711772,0.0,22.284442213910683,0,18.15,副口径网页c4,对数型,8192
95957418.28151006,2162315432.222093,0.8891705306810411,3.5333970115175557,0.7855048177628824,0.21449518223711775,0.0,22.53411430764543,0,18.2,副口径网页c4,对数型,8192
101078594.70130987,2303235826.935519,0.8891705306810411,3.5014709005205282,0.7855048177628824,0.21449518223711775,0.0,22.786583388319226,0,18.25,副口径网页c4,对数型,8192
106473082.30875638,2453340204.434445,0.8891705306810411,3.4701042171589203,0.7855048177628824,0.21449518223711775,0.0,23.04188205353271,0,18.3,副口径网页c4,对数型,8192
112155479.96195108,2613226805.873454,0.8891705306810411,3.4392871588207186,0.7855048177628823,0.21449518223711772,0.0,23.300036759327277,0,18.35,副口径网页c4,对数型,8192
135993633.68402243,2007628076.6833787,1.0,3.407744777132221,0.6521583949243069,0.17808271904066406,0.16975888603502917,14.76266220923289,2,18.4,副口径网页c4,对数型,8192
142048461.07341376,2172297386.0510697,1.0,3.375219872692564,0.6569117998679802,0.1793807154839498,0.16370748464807006,15.292649914231585,2,18.45,副口径网页c4,对数型,8192
148410705.3278406,2349358048.686931,1.0,3.343402907832383,0.6615545930044006,0.180648507529735,0.15779689946586448,15.830111739562033,2,18.5,副口径网页c4,对数型,8192
155096954.88873643,2539660199.5406036,1.0,3.312274362896353,0.6660857374943631,0.18188581205179408,0.15202845045384283,16.374661909787378,2,18.55,副口径网页c4,对数型,8192
162124727.1854313,2744107688.4618106,1.0,3.2818153719027707,0.6705044419181551,0.1830924129397842,0.1464031451420608,16.9259047407569,2,18.6,副口径网页c4,对数型,8192
169512450.3065636,2963662407.5708733,1.0,3.252007700947198,0.6748101144745037,0.18426814859250448,0.140921736932992,17.483449753756048,2,18.65,副口径网页c4,对数型,8192
177279572.74735403,3199347117.031314,1.0,3.2228337271563805,0.6790023990111402,0.18541292175664204,0.13558467923221784,18.046902231599976,2,18.7,副口径网页c4,对数型,8192
185446570.56311992,3452250015.876124,1.0,3.1942764181798893,0.6830811439518485,0.18652669104178476,0.13039216500636677,18.615874132334476,2,18.75,副口径网页c4,对数型,8192
194035073.64889103,3723527784.4483247,1.0,3.166319312208147,0.6870464327356461,0.1876094792323471,0.1253440880320069,19.18997279422841,2,18.8,副口径网页c4,对数型,8192
203067795.93038484,4014412115.6086097,1.0,3.138946498506706,0.6908985164580376,0.1886613548941415,0.12044012864782101,19.768826943809543,2,18.85,副口径网页c4,对数型,8192
212568742.7229881,4326212078.132351,1.0,3.1121425984577074,0.6946378753771555,0.1896824491696553,0.11567967545318916,20.352061280101346,2,18.9,副口径网页c4,对数型,8192
222563180.16741595,4660320758.531239,1.0,3.0858927471003454,0.6982651670185094,0.19067294160718765,0.11106189137430303,20.939315995690137,2,18.95,副口径网页c4,对数型,8192
233077728.77203268,5018220272.7390585,1.0,3.060182575163069,0.701781230188674,0.19163306125685395,0.10658570855447203,21.53024357658492,2,19.0,副口径网页c4,对数型,8192
244140436.93423247,5401487518.268675,1.0,3.0349981915808586,0.7051870766022252,0.192563084384181,0.10224983901359389,22.12450991772309,2,19.05,副口径网页c4,对数型,8192
255780834.028679,5811800804.394994,1.0,3.0103261664916077,0.7084838750715803,0.19346333015287953,0.09805279477554012,22.72179941263056,2,19.1,副口径网页c4,对数型,8192
268030089.05827388,6250944835.188263,1.0,2.9861535147060376,0.7116729635620406,0.19433416391667452,0.09399287252128494,23.321802627275964,2,19.15,副口径网页c4,对数型,8192
280920988.8806611,6720819849.541174,1.0,2.96246767964597,0.7147558083545278,0.19517598606800973,0.09006820557746253,23.924235338628495,2,19.2,副口径网页c4,对数型,8192
294488080.94217414,7223448045.991153,1.0,2.9392565177460273,0.7177340099111438,0.1959892336397364,0.08627675644911979,24.528829903338444,2,19.25,副口径网页c4,对数型,8192
308767788.62587416,7760981036.274492,1.0,2.9165082833139615,0.7206092955778175,0.19677437831244937,0.08261632610973299,25.13533251254479,2,19.3,副口径网页c4,对数型,8192
323798440.3458231,8335709903.111932,1.0,2.894211613844884,0.7233834940770514,0.19753191944930684,0.07908458647364182,25.743514682186948,2,19.35,副口径网页c4,对数型,8192
339620414.62356585,8950073391.123072,1.0,2.8723555157846214,0.7260585346235974,0.19826238385455033,0.07567908152185225,26.353166670040444,2,19.4,副口径网页c4,对数型,8192
356276294.01953745,9606666450.200592,1.0,2.8509293507373155,0.7286364424348296,0.1989663245475375,0.07239723301763296,26.964091104174848,2,19.45,副口径网页c4,对数型,8192
373810892.7422057,10308252629.57124,1.0,2.8299228221122097,0.7311193131346421,0.1996443137732996,0.06923637309205838,27.57611623875339,2,19.5,副口径网页c4,对数型,8192
392271372.4184977,11057775331.376177,1.0,2.8093259622043067,0.7335093043423181,0.20029694070574233,0.06619375495193965,28.189095888392043,2,19.55,副口径网页c4,对数型,8192
411707462.6024303,11858367153.813816,1.0,2.7891291197033317,0.7358086383699453,0.20092481218421973,0.06326654944583497,28.802895820387338,2,19.6,副口径网页c4,对数型,8192
432171601.9353736,12713362014.413462,1.0,2.7693229476250796,0.7380195902825797,0.2015285494531631,0.060451860264257265,29.41739336291375,2,19.65,副口径网页c4,对数型,8192
453718914.64915156,13626312922.867762,1.0,2.7498983916588853,0.7401444604190958,0.20210878065844107,0.057746758922463226,30.032499159539373,2,19.7,副口径网页c4,对数型,8192
476407480.09344685,14601003007.293644,1.0,2.7308466789246277,0.742185580672418,0.20266614256228163,0.055148276765300354,30.64813970685278,2,19.75,副口径网页c4,对数型,8192
500298604.8375691,15641457146.986963,1.0,2.7121593071322385,0.7441453141062382,0.20320128043861013,0.05265340545515154,31.264242985577066,2,19.8,副口径网页c4,对数型,8192
525456656.56074405,16751967654.158691,1.0,2.69382803413636,0.7460260185340672,0.20371483812770266,0.05025914333823017,31.88077921365551,2,19.85,副口径网页c4,对数型,8192
551949609.4567688,17937100575.391014,1.0,2.6758448678784266,0.747830070082582,0.2042074644705504,0.047962465446867684,32.49771404502811,2,19.9,副口径网页c4,对数型,8192
579848918.6821059,19201723132.517353,1.0,2.6582020567080655,0.7495598322872709,0.20467980486991078,0.04576036284281845,33.11504516755757,2,19.95,副口径网页c4,对数型,8192
609229933.8133904,20551016502.54277,1.0,2.6408920800754276,0.7512176654185216,0.20513250383695095,0.04364983074452757,33.73277536431365,2,20.0,副口径网页c4,对数型,8192
640172054.7533348,21990497807.235134,1.0,2.6239076395856853,0.7528059157492822,0.20556620206060403,0.04162788219011374,34.35091807577935,2,20.05,副口径网页c4,对数型,8192
672758825.940669,23526046074.533474,1.0,2.607241650406726,0.7543269039381465,0.20598153323537652,0.03969156282647695,34.9695093804808,2,20.1,副口径网页c4,对数型,8192
707078275.560446,25163922112.698246,1.0,2.590887233020785,0.7557829264723455,0.20637912445538184,0.0378379490722726,35.58859461882457,2,20.15,副口径网页c4,对数型,8192
743223141.1937072,26910793846.513504,1.0,2.574837705310551,0.7571762499741881,0.20675959465961835,0.03606415536619337,36.20822920461206,2,20.2,副口径网页c4,对数型,8192
781290995.8140516,28773767323.99786,1.0,2.559086574970128,0.7585091026408292,0.20712355229445575,0.034367345064715164,36.828489612909934,2,20.25,副口径网页c4,对数型,8192
821384891.859873,30760401667.294945,1.0,2.543627532231069,0.7597836838045435,0.2074715979242273,0.03274471827122929,37.44943688657792,2,20.3,副口径网页c4,对数型,8192
863613092.9208053,32878758534.318115,1.0,2.5284544428936084,0.7610021416256508,0.20780431813991107,0.0311935402344382,38.07116728987937,2,20.35,副口径网页c4,对数型,8192
908089600.8525345,35137426404.319305,1.0,2.513561341653183,0.7621665801022989,0.20812228747326775,0.029711132424433528,38.693787894202856,2,20.4,副口径网页c4,对数型,8192
954934921.2508883,37545537519.63314,1.0,2.4989424257122486,0.7632790672319539,0.20842607062547225,0.028294862142573967,39.31737826746507,2,20.45,副口径网页c4,对数型,8192
1004275314.3893875,40112844749.138794,1.0,2.4845920486674604,0.7643416062841691,0.2087162146226638,0.026942179093167075,39.942079800625116,2,20.5,副口径网页c4,对数型,8192
1056244443.3647381,42849711017.55294,1.0,2.4705047146622965,0.7653561652761692,0.20899325686474593,0.025650577859084884,40.56798716124109,2,20.55,副口径网页c4,对数型,8192
1110982771.3013303,45767187281.04385,1.0,2.4566750727952744,0.7663246530747159,0.20925771859960246,0.02441762832568147,41.19522684175854,2,20.6,副口径网页c4,对数型,8192
1168638067.185542,48877052519.203476,1.0,2.443097911774025,0.7672489232574808,0.20951010597750944,0.023240970765009472,41.82394352163729,2,20.65,副口径网页c4,对数型,8192
1229366385.6890454,52191837263.12099,1.0,2.429768154805617,0.7681307826729433,0.2097509123885584,0.022118304938498215,42.45425763277892,2,20.7,副口径网页c4,对数型,8192
1293331712.8274062,55724905048.80747,1.0,2.416680854713648,0.7689719783925525,0.20998061489972636,0.021047406707721344,43.08632077611779,2,20.75,副口径网页c4,对数型,8192
1360707332.0708404,59490467470.716774,1.0,2.403831189272826,0.7697742104174884,0.21019967772466883,0.02002611185784278,43.720252010532725,2,20.8,副口径网页c4,对数型,8192
1431674909.8356445,63503699287.41468,1.0,2.3912144567519364,0.7705391143529159,0.21040854749263624,0.019052338154447852,44.356228394548644,2,20.85,副口径网页c4,对数型,8192
1506426954.3153906,67780714823.150246,1.0,2.378826071656311,0.7712682842840209,0.21060765949515664,0.018124056220822457,44.99435875664732,2,20.9,副口径网页c4,对数型,8192
1585164989.3101237,72338733782.4668,1.0,2.3666615606611123,0.7719632479923468,0.21079743091844352,0.017239321089209742,45.63482935233713,2,20.95,副口径网页c4,对数型,8192
1668102262.3761804,77196055534.96819,1.0,2.354716558727044,0.7726254893063862,0.2109782669465972,0.016396243747016568,46.27777161875187,2,21.0,副口径网页c4,对数型,8192
1755462696.7235386,82372204029.30197,1.0,2.342986805390251,0.7732564337025987,0.21115055682972295,0.01559300946767844,46.923357689710265,2,21.05,副口径网页c4,对数型,8192
1847482747.6265266,87887949329.40974,1.0,2.331468141218523,0.7738574593340842,0.21131467689549396,0.014827863770421805,47.57172939358702,2,21.1,副口径网页c4,对数型,8192
1944411073.3775673,93765434607.10152,1.0,2.3201565044261017,0.7744298905646462,0.2114709887835194,0.014099120651834607,48.223051128908104,2,21.15,副口径网页c4,对数型,8192
2046509979.583327,100028228588.92427,1.0,2.309047927639696,0.7749750040735272,0.2116198411123445,0.013405154814128385,48.87746924610169,2,21.2,副口径网页c4,对数型,8192
2154055360.1386585,106701455888.6482,1.0,2.29813853480856,0.7754940253843817,0.2117615685316285,0.012744406083989815,49.53515023949046,2,21.25,副口径网页c4,对数型,8192
2267338050.4751062,113811868448.40521,1.0,2.287424538251766,0.7759881334683377,0.21189649297908741,0.012115373552574828,50.19625036705782,2,21.3,副口径网页c4,对数型,8192
2386664110.9710903,121387976810.9246,1.0,2.276902235836045,0.7764584595202274,0.21202492334632345,0.011516617133449068,50.860938601676146,2,21.35,副口径网页c4,对数型,8192
2512356860.7994967,129460103345.12566,1.0,2.2665680082778805,0.7769060927889301,0.21214715707089718,0.010946750140172632,51.52934496094162,2,21.4,副口径网页c4,对数型,8192
2644755293.5434856,138060627072.90057,1.0,2.2564183165637375,0.7773320727226462,0.21226347799146392,0.010404449285890013,52.201663953539054,2,21.45,副口径网页c4,对数型,8192
2784217947.3211994,147223963474.69656,1.0,2.246449699482648,0.7777374008837384,0.2123741596013195,0.009888439514941963,52.8780311959221,2,21.5,副口径网页c4,对数型,8192
2931121793.7551255,156986807259.24777,1.0,2.2366587712655375,0.7781230349005206,0.21247946339683552,0.009397501702643803,53.558609401258785,2,21.55,副口径网页c4,对数型,8192
3085863780.407562,167388252918.60184,1.0,2.2270422193260013,0.778489891898795,0.21257963981449768,0.008930468286707361,54.24356511825491,2,21.6,副口径网页c4,对数型,8192
3248862846.000133,178469899848.12164,1.0,2.217596802097448,0.778838851842092,0.21267492914301397,0.008486219014893983,54.93303605224409,2,21.65,副口径网页c4,对数型,8192
3420559399.3302755,190276106725.66254,1.0,2.208319346961748,0.7791707549507946,0.21276556081856365,0.008063684230641643,55.62718974063641,2,21.7,副口径网页c4,对数型,8192
3601418055.930355,202854085043.40936,1.0,2.199206748264803,0.7794864064247194,0.2128517547143767,0.007661838860903899,56.326169828958115,2,21.75,副口径网页c4,对数型,8192
3791927214.7619004,216254180042.85648,1.0,2.1902559654146176,0.7797865745926992,0.21293372063544638,0.007279704771854497,57.030150579099484,2,21.8,副口径网页c4,对数型,8192
3992602636.6777687,230529945560.73395,1.0,2.181464021057714,0.7800719960043214,0.21301165970891342,0.006916344286765042,57.73926597227245,2,21.85,副口径网页c4,对数型,8192
4203986410.8270035,245738494059.9922,1.0,2.1728279993299067,0.7803433727901373,0.21308576366322685,0.0065708635466357945,58.45368420485707,2,21.9,副口径网页c4,对数型,8192
4426650658.434623,261940596985.66522,1.0,2.164345044177675,0.7806013771241731,0.21315621604670754,0.0062424068291193424,59.1735416226168,2,21.95,副口径网页c4,对数型,8192
4661196453.410472,279201079587.07245,1.0,2.1560123577465538,0.7808466491757822,0.21322319166826692,0.00593015915595084,59.899015709322555,2,22.0,副口径网页c4,对数型,8192
4908259598.432706,297588834855.90393,1.0,2.1478271988331437,0.7810798028147927,0.21328685815529275,0.005633339029914541,60.630215025898245,2,22.05,副口径网页c4,对数型,8192
5168506594.591284,317177439624.6783,1.0,2.1397868813975145,0.7813014208773881,0.2133473746609188,0.005351204461693066,61.367328031775514,2,22.1,副口径网页c4,对数型,8192
5442641741.424844,338045132290.47504,1.0,2.1318887731329728,0.7815120615350436,0.21340489360316928,0.0050830448617872935,62.110487581344515,2,22.15,副口径网页c4,对数型,8192
5731406606.167501,360275269097.4982,1.0,2.1241302940902793,0.7817122568888221,0.2134595602811077,0.0048281828300701145,62.85983421762646,2,22.2,副口径网页c4,对数型,8192
6035582152.1640415,383956649824.6548,1.0,2.116508915353601,0.78190251424066,0.21351151322198286,0.004585972537357167,63.615512165133595,2,22.25,副口径网页c4,对数型,8192
6355989763.355726,409183942204.43494,1.0,2.109022157765591,0.7820833166053627,0.21356088432103773,0.004355799073599502,64.37769056261051,2,22.3,副口径网页c4,对数型,8192
6693496528.138897,436057865495.19147,1.0,2.1016675906991673,0.7822551255203456,0.2136077996087557,0.0041370748708987395,65.14649909237136,2,22.35,副口径网页c4,对数型,8192
7049014942.234192,464685758583.0736,1.0,2.09444283087365,0.7824183803708805,0.21365237906660842,0.0039292405625111155,65.92208448855848,2,22.4,副口径网页c4,对数型,8192
7423507132.458429,495181894519.48193,1.0,2.0873455412130872,0.7825735002263396,0.21369473712847245,0.0037317626451880527,66.70457584048867,2,22.45,副口径网页c4,对数型,8192
7817983959.438213,527668167884.4806,1.0,2.0803734297446903,0.7827208833156093,0.21373498253738238,0.003544134147008422,67.49414818732858,2,22.5,副口径网页c4,对数型,8192
8233514018.485503,562274164441.269,1.0,2.073524248535422,0.7828609103776158,0.21377321926044765,0.0033658703619365315,68.29090995398529,2,22.55,副口径网页c4,对数型,8192
8671218587.034964,599138210134.2621,1.0,2.066795792664886,0.78299394256516,0.2138095459164597,0.00319651151838029,69.09504173151416,2,22.6,副口径网页c4,对数型,8192
9132283727.241705,638407307576.6145,1.0,2.0601858992327826,0.7831203252745071,0.21384405682162544,0.0030356179038674783,69.90664401635249,2,22.65,副口径网页c4,对数型,8192
9617954241.434517,680238355102.3699,1.0,2.0536924463992614,0.7832403860680391,0.21387684142231259,0.0028827725096483682,70.72588806587132,2,22.7,副口径网页c4,对数型,8192
10129545377.83159,724798195432.7687,1.0,2.0473133524566345,0.7833544377612476,0.21390798513800469,0.002737577100747782,71.55288499116479,2,22.75,副口径网页c4,对数型,8192
10668437956.926493,772264873452.5251,1.0,2.0410465749309576,0.7834627770784817,0.21393756899423072,0.0025996539272877114,72.38781127757616,2,22.8,副口径网页c4,对数型,8192
11236091391.89158,822827686601.7255,1.0,2.0348901097121077,0.7835656874045931,0.21396567037394754,0.002468642221459527,73.23077553423171,2,22.85,副口径网页c4,对数型,8192
11834038428.831266,876688600039.6411,1.0,2.028841990211026,0.783663437565349,0.21399236268451133,0.0023441997501398005,74.08194635432017,2,22.9,副口径网页c4,对数型,8192
12463897603.674345,934062449265.0844,1.0,2.0229002865428996,0.7837562840015925,0.21401771595136818,0.002226000047039442,74.94144119009158,2,22.95,副口径网页c4,对数型,8192
13127372075.60741,995178199492.9015,1.0,2.01706310473511,0.7838444703765828,0.21404179671083218,0.002113732912585327,75.80939991348986,2,23.0,副口径网页c4,对数型,8192
13826253142.78564,1060279949265.2235,1.0,2.011328585958827,0.7839282281616864,0.21406466817001787,0.0020071036682958046,76.68599282217423,2,23.05,副口径网页c4,对数型,8192
14562434573.423979,1129627181264.096,1.0,2.0056949057832254,0.7840077783198773,0.2140863906665478,0.001905831013574985,77.57131375035551,2,23.1,副口径网页c4,对数型,8192
15337905943.87351,1203496690190.3743,1.0,2.0001602734513204,0.7840833303797088,0.21410702141568583,0.001809648204605301,78.4655150836345,2,23.15,副口径网页c4,对数型,8192
16154759860.050753,1282183563063.302,1.0,1.9947229311764891,0.7841550833703944,0.21412661476567574,0.001718301863929784,79.3687788720416,2,23.2,副口径网页c4,对数型,8192
17015211655.569565,1366001244984.0488,1.0,1.989381153458813,0.7842232274848098,0.2141452226518521,0.00163154986333832,80.28117854983705,2,23.25,副口径网页c4,对数型,8192
17921583671.67474,1455284500058.2495,1.0,1.9841332464203825,0.7842879426395223,0.21416289420343224,0.0015491631570454948,81.20289627965985,2,23.3,副口径网页c4,对数型,8192
18876326203.691402,1550389593265.181,1.0,1.9789775471587976,0.7843494002293808,0.21417967622263628,0.0014709235479828833,82.13407505968989,2,23.35,副口径网页c4,对数型,8192
19882024548.745102,1651695658478.1252,1.0,1.973912423118107,0.7844077634317836,0.2141956132677724,0.0013966233004439126,83.07482240697543,2,23.4,副口径网页c4,对数型,8192
20941396599.243828,1759606979134.8271,1.0,1.9689362714764829,0.7844631870303276,0.21421074760508146,0.0013260653645908289,84.02529271607247,2,23.45,副口径网页c4,对数型,8192
22057305637.227135,1874554162632.231,1.0,1.9640475185499662,0.7845158181937869,0.21422511942145006,0.0012590623847630183,84.98563666218865,2,23.5,副口径网页c4,对数型,8192
23232766845.313614,1996995961828.1077,1.0,1.9592446192116506,0.7845657967824197,0.21423876690805274,0.0011954363095276548,85.95601097038215,2,23.55,副口径网页c4,对数型,8192
24470964017.667686,2127420365824.9841,1.0,1.9545260563257048,0.7846132560261534,0.2142517264455416,0.0011350175283049422,86.93651644818803,2,23.6,副口径网页c4,对数型,8192
25775244534.634686,2266347706432.9634,1.0,1.9498903401956686,0.7846583222704434,0.21426403253464912,0.0010776451949073699,87.92730184916884,2,23.65,副口径网页c4,对数型,8192
27149131198.022118,2414332515418.2036,1.0,1.9453360080264845,0.7847011154975225,0.2142757179385235,0.0010231665639539509,88.92853689528356,2,23.7,副口径网页c4,对数型,8192
28596340133.6746,2571964999181.685,1.0,1.9408616233997606,0.7847417499001317,0.21428681383939593,0.0009714362604725439,89.94035555455503,2,23.75,副口径网页c4,对数型,8192
30120785176.549416,2739873881177.4224,1.0,1.936465775761776,0.7847803339584489,0.21429734985958715,0.0009223161819639306,90.96289705324665,2,23.8,副口径网页c4,对数型,8192
31726594491.455025,2918728356755.551,1.0,1.9321470799237743,0.7848169708592907,0.21430735417597696,0.0008756749647323824,91.99627011785512,2,23.85,副口径网页c4,对数型,8192
33418095521.83065,3109243170356.598,1.0,1.9279041755741095,0.7848517581927053,0.2143168534371547,0.0008313883701401212,93.04070509719679,2,23.9,副口径网页c4,对数型,8192
35199873370.57764,3312177183946.06,1.0,1.9237357268018365,0.7848847892375882,0.2143258731144774,0.0007893376479343389,94.09628123022155,2,23.95,副口径网页c4,对数型,8192
37076744994.90312,3528339899895.404,1.0,1.919640421631347,0.7849161523425834,0.21433443733301477,0.0007494103244019191,95.16315146813558,2,24.0,副口径网页c4,对数型,8192
39053781419.796555,3758593869978.9604,1.0,1.9156169715676814,0.7849459314032343,0.21434256900184318,0.0007114995949227211,96.2414837522932,2,24.05,副口径网页c4,对数型,8192
41136333822.77926,4003856947647.192,1.0,1.911664111152165,0.784974206258999,0.2143502899224574,0.0006755038185434487,97.33139965501871,2,24.1,副口径网页c4,对数型,8192
43330029519.26554,4265107715896.5845,1.0,1.9077805975280273,0.7850010526212381,0.2143576207691061,0.0006413266096560307,98.4330673949857,2,24.15,副口径网页c4,对数型,8192
45640804803.7996,4543387685943.72,1.0,1.9039652100156865,0.7850265425147211,0.21436458120935323,0.0006088762759258122,99.5466163551411,2,24.2,副口径网页c4,对数型,8192
48074892385.0348,4839808282778.833,1.0,1.9002167496973899,0.7850507441472308,0.21437118986847048,0.0005780659842988418,100.67226451629902,2,24.25,副口径网页c4,对数型,8192
50638896682.979256,5155549442392.029,1.0,1.8965340390109255,0.7850737226839856,0.214377464540907,0.0005488127751075817,101.81006657131438,2,24.3,副口径网页c4,对数型,8192
53339736538.15117,5491871834270.866,1.0,1.8929159213521172,0.7850955396668075,0.2143834220316829,0.0005210383015097595,102.96023547740647,2,24.35,副口径网页c4,对数型,8192
56184719724.2724,5850116290683.7705,1.0,1.8893612606858472,0.7851162537207611,0.21438907834934917,0.0004946679298899226,104.12290600350646,2,24.4,副口径网页c4,对数型,8192
59181535054.0042,6231711954659.696,1.0,1.8858689411653482,0.7851359204599407,0.21439444868026117,0.0004696308597982463,105.29824799193106,2,24.45,副口径网页c4,对数型,8192
62338293680.945595,6638179846116.156,1.0,1.8824378667595252,0.7851545927793497,0.21439954746828113,0.0004458597523691049,106.48638989207994,2,24.5,副口径网页c4,对数型,8192
65663518833.197395,7071142323380.243,1.0,1.879066960888072,0.7851723207962179,0.21440438839875392,0.00042329080502838244,107.68753257562703,2,24.55,副口径网页c4,对数型,8192
69166209283.727,7532325273125.137,1.0,1.8757551660641674,0.7851891522221179,0.21440898450011966,0.0004018632777625042,108.90180842825653,2,24.6,副口径网页c4,对数型,8192
72855840332.53781,8023567442427.011,1.0,1.8725014435445357,0.7852051323415317,0.21441334813806096,0.0003815195204073794,110.12936513812527,2,24.65,副口径网页c4,对数型,8192
76742381605.43828,8546828661763.642,1.0,1.8693047729866645,0.7852203041131164,0.214417491043155,0.00036220484372862346,111.37038599748094,2,24.7,副口径网页c4,对数型,8192
80836345928.65001,9104195260650.64,1.0,1.8661641521129977,0.7852347083787413,0.21442142436795497,0.00034386725330368936,112.62502227261032,2,24.75,副口径网页c4,对数型,8192
85148791158.13266,9697891348111.775,1.0,1.8630785963819032,0.7852483838712668,0.21442515868911394,0.00032645743961936326,113.89347066714662,2,24.8,副口径网页c4,对数型,8192
89691398419.97052,10330282214641.695,1.0,1.8600471386652473,0.785261367473371,0.21442870407806186,0.0003099284485671491,115.17584067840305,2,24.85,副口径网页c4,对数型,8192
94476444387.60759,11003890463061.33,1.0,1.8570688289323978,0.7852736941233872,0.21443207007529294,0.0002942358013199638,116.47231788186032,2,24.9,副口径网页c4,对数型,8192
99516866224.60368,11721402500990.02,1.0,1.854142733940493,0.7852853970162419,0.21443526574523514,0.0002793372385229804,117.78307482608533,2,24.95,副口径网页c4,对数型,8192
104826274898.92143,12485681800655.67,1.0,1.8512679369308194,0.7852965076415949,0.21443829968666486,0.00026519267174021085,119.10832291517531,2,25.0,副口径网页c4,对数型,8192
110419069483.43343,13299771094385.012,1.0,1.8484435373311443,0.7853070560225023,0.21444118009787796,0.00025176387962003513,120.44813596604729,2,25.05,副口径网页c4,对数型,8192
116310329784.03073,14166921920672.523,1.0,1.845668650463854,0.7853170705020782,0.21444391471843416,0.00023901477948768218,121.80278352729445,2,25.1,副口径网页c4,对数型,8192
122515994612.83885,15090591230621.95,1.0,1.8429424072597618,0.7853265780949729,0.21444651092513395,0.00022691097989316206,123.17241743259338,2,25.15,副口径网页c4,对数型,8192
129052857568.51297,16074460712529.365,1.0,1.8402639539774428,0.7853356044529523,0.21444897572261948,0.00021541982442837955,124.55718544624696,2,25.200000000000003,副口径网页c4,对数型,8192
135938595242.09937,17122453607011.516,1.0,1.8376324519279723,0.7853441739116408,0.21445131575613868,0.00020451033222054334,125.95726457609292,2,25.25,副口径网页c4,对数型,8192
143191830187.237,18238748505315.805,1.0,1.8350470772049299,0.7853523095808982,0.21445353733622396,0.0001941530828777665,127.37282903268223,2,25.3,副口径网页c4,对数型,8192
150832146061.33734,19427800527575.926,1.0,1.832507020419559,0.7853600333714981,0.2144556464459771,0.00018432018252484417,128.80411129120594,2,25.35,副口径网页c4,对数型,8192
158880215998.5615,20694349496207.297,1.0,1.830011486440955,0.7853673661347476,0.21445764877919507,0.00017498508605733937,130.25126738495032,2,25.4,副口径网页c4,对数型,8192
167357812258.86517,22043444619820.477,1.0,1.8275596941411687,0.7853743276611742,0.2144595497400113,0.000166122598814607,131.7144644895584,2,25.450000000000003,副口径网页c4,对数型,8192
176287870165.64276,23480463976720.39,1.0,1.8251508761451218,0.7853809367397674,0.2144613544590725,0.00015770880116026693,133.19387178855692,2,25.5,副口径网页c4,对数型,8192
185694471301.31955,25011146562331.5,1.0,1.8227842785852129,0.7853872111586808,0.21446306779373048,0.00014972104758869038,134.68977502160976,2,25.55,副口径网页c4,对数型,8192
195603170497.79822,26641580081060.508,1.0,1.8204591608605285,0.7853931679272982,0.21446469438868088,0.00014213768402098257,136.20218942903279,2,25.6,副口径网页c4,对数型,8192
206040628722.8969,28378283911102.67,1.0,1.8181747954005412,0.7853988230413056,0.21446623861181255,0.000134938346881688,137.73149541913162,2,25.65,副口径网页c4,对数型,8192
217035160874.84598,30228170755781.95,1.0,1.8159304674332128,0.7854041918169574,0.21446770464548384,0.00012810353755869923,139.27775865410638,2,25.700000000000003,副口径网页c4,对数型,8192
228616423542.80826,32198627245466.273,1.0,1.8137254747573963,0.7854092887114236,0.21446909643746606,0.00012161485111048187,140.84126917258465,2,25.75,副口径网页c4,对数型,8192
240815815617.09613,34297499034535.227,1.0,1.811559127519452,0.7854141275207007,0.21447041775498601,0.00011545472431326011,142.4221201861144,2,25.8,副口径网页c4,对数型,8192
253666230456.40686,36533168782474.33,1.0,1.8094307479939857,0.7854187212716921,0.21447167215525675,0.00010960657305127454,144.02062393856025,2,25.85,副口径网页c4,对数型,8192
267202496502.2748,38914539766616.84,1.0,1.8073396703686266,0.7854230823976464,0.214472863033384,0.00010405456896962469,145.6368869154093,2,25.9,副口径网页c4,对数型,8192
281461168838.4762,41451114548588.266,1.0,1.805285240532754,0.7854272226585203,0.21447399360061997,9.87837408597163e-05,147.2711661066684,2,25.950000000000003,副口径网页c4,对数型,8192
296480862685.8063,44152998956700.6,1.0,1.8032668158701008,0.7854311532508859,0.21447506691437526,9.377983473882292e-05,148.92360524291738,2,26.0,副口径网页c4,对数型,8192
22014073.938626718,361852262.770963,0.8891705306810411,4.717036187102145,0.4779505480499618,0.5220494519500384,0.0,16.437314773257096,0,17.0,副口径网页c4,对数型,32768
23188949.791797172,385434542.4370293,0.8891705306810411,4.664369671323271,0.4779505480499618,0.5220494519500383,0.0,16.621474706602385,0,17.05,副口径网页c4,对数型,32768
24426526.419768836,410553729.0217394,0.8891705306810411,4.612626008452812,0.4779505480499618,0.5220494519500383,0.0,16.807700037508024,0,17.1,副口径网页c4,对数型,32768
25730152.48018706,437309944.764516,0.8891705306810411,4.5617890277325985,0.47795054804996184,0.5220494519500384,0.0,16.996010618330263,0,17.15,副口径网页c4,对数型,32768
27103350.893596534,465809912.1588747,0.8891705306810411,4.51184284175775,0.4779505480499618,0.5220494519500383,0.0,17.186432555427213,0,17.2,副口径网页c4,对数型,32768
28549838.666960515,496167204.6140447,0.8891705306810411,4.462771841511625,0.4779505480499618,0.5220494519500383,0.0,17.378984533045276,0,17.25,副口径网页c4,对数型,32768
30073521.635751363,528502962.6688454,0.8891705306810411,4.414560691487719,0.47795054804996173,0.5220494519500383,0.0,17.573697190174155,0,17.3,副口径网页c4,对数型,32768
31678525.081926353,562946029.6013198,0.8891705306810411,4.367194324897077,0.47795054804996184,0.5220494519500383,0.0,17.77058837636665,0,17.35,副口径网页c4,对数型,32768
33369184.094979677,599633828.4059135,0.8891705306810411,4.320657938959662,0.4779505480499619,0.5220494519500384,0.0,17.969688042091718,0,17.4,副口径网页c4,对数型,32768
35150073.098501086,638712596.1481732,0.8891705306810411,4.274936990278238,0.47795054804996184,0.5220494519500384,0.0,18.171017578208392,0,17.45,副口径网页c4,对数型,32768
37026008.20260424,680338143.4356737,0.8891705306810411,4.23001719029333,0.4779505480499618,0.5220494519500383,0.0,18.37460143456193,0,17.5,副口径网页c4,对数型,32768
39002057.21885108,724676533.8901426,0.8891705306810411,4.185884500817791,0.4779505480499618,0.5220494519500383,0.0,18.580469482001597,0,17.55,副口径网页c4,对数型,32768
41083567.7115931,771904482.1212531,0.8891705306810411,4.142525129649652,0.4779505480499618,0.5220494519500384,0.0,18.788642883695676,0,17.6,副口径网页c4,对数型,32768
43276165.693346135,822210348.5564535,0.8891705306810411,4.09992552626182,0.47795054804996184,0.5220494519500384,0.0,18.99914965624765,0,17.65,副口径网页c4,对数型,32768
45585789.70814442,875794534.9542471,0.8891705306810411,4.058072377567303,0.4779505480499618,0.5220494519500383,0.0,19.21200752605974,0,17.7,副口径网页c4,对数型,32768
48018664.55611407,932871093.1134773,0.8891705306810411,4.016952603758664,0.4779505480499618,0.5220494519500383,0.0,19.427260248425583,0,17.75,副口径网页c4,对数型,32768
50581387.58165382,993667246.0254841,0.8891705306810411,3.9765533542203646,0.4779505480499618,0.5220494519500383,0.0,19.644918685186354,0,17.8,副口径网页c4,对数型,32768
53280879.14104305,1058425589.976842,0.8891705306810411,3.9368620035127133,0.47795054804996173,0.5220494519500383,0.0,19.865017376590565,0,17.85,副口径网页c4,对数型,32768
56124437.65532921,1127404362.4559407,0.8891705306810411,3.8978661474262264,0.4779505480499617,0.5220494519500382,0.0,20.087584117627053,0,17.9,副口径网页c4,对数型,32768
59119763.54039169,1200878377.5553966,0.8891705306810411,3.8595535991050864,0.47795054804996184,0.5220494519500384,0.0,20.312638374051254,0,17.95,副口径网页c4,对数型,32768
62274935.76613864,1279141017.0880833,0.8891705306810411,3.8219123852385612,0.47795054804996184,0.5220494519500383,0.0,20.540222183313805,0,18.0,副口径网页c4,对数型,32768
65598506.73424087,1362503919.305111,0.8891705306810411,3.7849307423191436,0.47795054804996184,0.5220494519500384,0.0,20.770349618246968,0,18.05,副口径网页c4,对数型,32768
69099453.01939873,1451299694.9293935,0.8891705306810411,3.7485971129662485,0.4779505480499618,0.5220494519500383,0.0,21.003056196725044,0,18.1,副口径网页c4,对数型,32768
72787238.25746241,1545882469.1345637,0.8891705306810411,3.7129001423143486,0.47795054804996184,0.5220494519500384,0.0,21.238372359540296,0,18.15,副口径网页c4,对数型,32768
87342986.01937427,1210890024.245106,1.0,3.676203914110783,0.4003907050458299,0.43733342076472526,0.162275874189445,13.863620645812459,2,18.2,副口径网页c4,对数型,32768
91260553.16825563,1309439833.7654724,1.0,3.638729600167867,0.40319941701637346,0.44040128322641753,0.15639929975720898,14.348366170335161,2,18.25,副口径网页c4,对数型,32768
95377774.87032013,1415348809.272848,1.0,3.6020649604203347,0.40594006837413743,0.4433948053494579,0.15066512627640472,14.83939849925435,2,18.3,副口径网页c4,对数型,32768
99705433.25659548,1529118900.2906466,1.0,3.5661878390419606,0.40861220228212847,0.4463134881460262,0.1450743095718453,15.33636483335271,2,18.35,副口径网页c4,对数型,32768
104254906.12372085,1651283832.9347777,1.0,3.531076822560866,0.4112155043954912,0.4491569882677153,0.1396275073367935,15.838907676682137,2,18.4,副口径网页c4,对数型,32768
109038145.15435806,1782411852.4007466,1.0,3.496711215094575,0.4137497714685491,0.45192508371604717,0.13432514481540392,16.346681703705656,2,18.45,副口径网页c4,对数型,32768
114067805.54277563,1923106570.2787855,1.0,3.463071014218404,0.4162149625120161,0.4546177297197915,0.12916730776819246,16.859328196312298,2,18.5,副口径网页c4,对数型,32768
119357174.29027396,2074010739.750177,1.0,3.4301368874540876,0.4186111384561635,0.45723499283105223,0.1241538687127843,17.37650670839634,2,18.55,副口径网页c4,对数型,32768
124920282.60797258,2235807653.717081,1.0,3.397890149366986,0.42093849789908244,0.4597770899719045,0.11928441212901314,17.89787540533781,2,18.6,副口径网页c4,对数型,32768
130771891.0710467,2409224569.3598766,1.0,3.3663127392613776,0.42319734839538253,0.4622443570739966,0.11455829453062102,18.423107210791773,2,18.65,副口径网页c4,对数型,32768
136927585.4604081,2595034650.795044,1.0,3.3353871994644395,0.42538812453117963,0.4646372688212565,0.10997460664756395,18.951876220335347,2,18.7,副口径网页c4,对数型,32768
143403761.5002086,2794060888.5586557,1.0,3.3050966541904874,0.42751136009180796,0.46695640824961215,0.10553223165858011,19.48387447671372,2,18.75,副口径网页c4,对数型,32768
150217705.67799526,3007178724.2796106,1.0,3.2754247889778116,0.4295676965901238,0.4692024760621725,0.10122982734770374,20.018803447349676,2,18.8,副口径网页c4,对数型,32768
157387607.77913195,3235320078.4935184,1.0,3.2463558306911393,0.4315578668190137,0.47137627266418136,0.09706586051680509,20.556383848427043,2,18.85,副口径网页c4,对数型,32768
164932670.20944476,3479475919.2687445,1.0,3.2178745280832857,0.43348270591966837,0.4734787102525231,0.09303858382780873,21.096341403132723,2,18.9,副口径网页c4,对数型,32768
172873118.2146839,3740700872.2903733,1.0,3.1899661329099063,0.4353431316136358,0.4755107912238539,0.08914607716251025,21.638418459282683,2,18.95,副口径网页c4,对数型,32768
181230203.75648415,4020118417.0196977,1.0,3.1626163815916044,0.4371401279050046,0.4774735903730397,0.08538628172195577,22.18238645486191,2,19.0,副口径网页c4,对数型,32768
190026368.82512775,4318923268.63268,1.0,3.135811477417709,0.43887476332991493,0.4793682748264884,0.08175696184359676,22.728020828557643,2,19.05,副口径网页c4,对数型,32768
199285265.20227557,4638386829.590156,1.0,3.1095380732861324,0.440548172649046,0.4811960840454646,0.07825574330548944,23.275111809607044,2,19.1,副口径网页c4,对数型,32768
209031718.91866684,4979864384.53578,1.0,3.083783254973636,0.4421615338625377,0.48295830472025447,0.07488016141720781,23.82348674304984,2,19.15,副口径网页c4,对数型,32768
219291986.2005738,5344796458.227325,1.0,3.058534524930673,0.4437160952186582,0.4846563002708331,0.0716276045105088,24.372967525310052,2,19.2,副口径网页c4,对数型,32768
230093667.9470033,5734717872.124236,1.0,3.0337797865947618,0.44521314110342797,0.4862914735892376,0.0684953853073346,24.923405860282493,2,19.25,副口径网页c4,对数型,32768
241465862.1901538,6151262152.239781,1.0,3.009507329216014,0.4466539987263993,0.4878652743422218,0.06548072693137887,25.474665844879045,2,19.3,副口径网页c4,对数型,32768
253439184.05669597,6596169390.993436,1.0,2.9857058131881464,0.4480400241600951,0.4893791837225999,0.06258079211730515,26.026635997683098,2,19.35,副口径网页c4,对数型,32768
266045936.53636676,7071291078.18851,1.0,2.9623642558778656,0.44937260709370125,0.49083471964154674,0.05979267326475222,26.579210982318124,2,19.4,副口径网页c4,对数型,32768
279320037.53887796,7578601419.687789,1.0,2.939472017945112,0.45065314785092175,0.4922334116259669,0.057113440523111354,27.1323227880955,2,19.45,副口径网页c4,对数型,32768
293297372.8666025,8120198680.295735,1.0,2.91701879014626,0.4518830784692282,0.49357682384265567,0.05454009768811614,27.685889583433003,2,19.5,副口径网页c4,对数型,32768
308015618.6308202,8698320443.972431,1.0,2.8949945806118222,0.4530638302663711,0.4948665196722816,0.052069650061347464,28.239868103565293,2,19.55,副口径网页c4,对数型,32768
323514439.91391563,9315350242.533052,1.0,2.8733897025898756,0.4541968403319765,0.4961040687999402,0.04969909086808338,28.79423324971765,2,19.6,副口径网页c4,对数型,32768
339835755.4470231,9973822727.64124,1.0,2.8521947626459467,0.45528355743102505,0.4972910536633277,0.047425388905647264,29.34895039081918,2,19.65,副口径网页c4,对数型,32768
357023621.9120637,10676439924.625536,1.0,2.8314006493096535,0.4563254203539184,0.49842904580524,0.04524553384084173,29.90401550308395,2,19.7,副口径网页c4,对数型,32768
375124343.9255604,11426082558.888811,1.0,2.8109985221580827,0.45732385633493333,0.4995196041461033,0.04315653951896339,30.459453628944434,2,19.75,副口径网页c4,对数型,32768
394186967.8850112,12225810890.053846,1.0,2.7909798013254807,0.45828029740959636,0.5005642928505885,0.04115540973981539,31.015258966197617,2,19.8,副口径网页c4,对数型,32768
414262851.53424,13078893219.830402,1.0,2.7713361574285025,0.4591961463437871,0.5015646441131072,0.039239209543105766,31.571484557189155,2,19.85,副口径网页c4,对数型,32768
435406289.4185784,13988804763.624737,1.0,2.752059501896041,0.460072799324197,0.5025221829418429,0.037405017733960245,32.128164207973995,2,19.9,副口径网页c4,对数型,32768
457674441.40823853,14959247839.060482,1.0,2.733141977692358,0.4609116314401233,0.5034384113009986,0.03564995725887815,32.68534680029699,2,19.95,副口径网页c4,对数型,32768
481127438.59263855,15994168289.764984,1.0,2.714575950422085,0.46171399330045376,0.5043148044156424,0.03397120228390409,33.24310152950338,2,20.0,副口径网页c4,对数型,32768
505828566.51893634,17097770783.742926,1.0,2.696353999805484,0.46248121069936415,0.5051528104065589,0.03236597889407701,33.80151283548128,2,20.05,副口径网页c4,对数型,32768
531844790.008775,18274523977.18747,1.0,2.6784689115122617,0.46321459283149213,0.5059538592634111,0.030831547905096908,34.360633629382654,2,20.1,副口径网页c4,对数型,32768
559246268.6870906,19529200030.14928,1.0,2.66091366934216,0.46391541048439916,0.506719339025093,0.02936525049050783,34.92057278450302,2,20.15,副口径网页c4,对数型,32768
588107102.098142,20866875578.875214,1.0,2.643681447740529,0.4645849115224557,0.507450612692261,0.027964475785283455,35.48142082357134,2,20.2,副口径网页c4,对数型,32768
618505309.9435124,22292959159.009174,1.0,2.626765604637119,0.46522431299699646,0.5081490096095194,0.026626677393484288,36.04327853069713,2,20.25,副口径网页c4,对数型,32768
650523010.0541917,23813214058.620613,1.0,2.6101596745963347,0.4658347999336699,0.5088158241408832,0.025349375925447074,36.606259410619245,2,20.3,副口径网页c4,对数型,32768
684246874.1169351,25433773027.370014,1.0,2.5938573622673604,0.46641752894976507,0.5094523196208635,0.024130151429371464,37.17046286867433,2,20.35,副口径网页c4,对数型,32768
719767944.9878074,27161177623.088165,1.0,2.577852536122627,0.46697362004866166,0.5100597193918182,0.022966660559520468,37.73602007734349,2,20.4,副口径网页c4,对数型,32768
757182341.0268196,29002387877.445053,1.0,2.562139222473294,0.46750416428102853,0.5106392151720248,0.02185662054694655,38.303043145611056,2,20.45,副口径网页c4,对数型,32768
796591149.3255852,30964823395.983326,1.0,2.54671159975058,0.46801021747767857,0.5111919602102857,0.020797822312035943,38.871663866964816,2,20.5,副口径网页c4,对数型,32768
838101053.2239611,33056379727.04983,1.0,2.5315639930419933,0.4684928050464333,0.5117190745253842,0.01978812042818275,39.44199759669835,2,20.55,副口径网页c4,对数型,32768
881823997.9435823,35285483724.552414,1.0,2.516690868871741,0.46895291462493205,0.5122216368809925,0.018825448494075615,40.014202161472504,2,20.6,副口径网页c4,对数型,32768
927878463.1803827,37661089760.33129,1.0,2.5020868302148758,0.4693915071324754,0.5127006968572319,0.01790779601029267,40.58838657731605,2,20.65,副口径网页c4,对数型,32768
976388922.6240335,40192748649.8404,1.0,2.487746611734949,0.46980950732717364,0.5131572645365609,0.017033228136265496,41.164691362764415,2,20.7,副口径网页c4,对数型,32768
1027486397.583561,42890637779.11018,1.0,2.4736650752352927,0.4702078071904323,0.5135923142005362,0.016199878609031545,41.7432657794597,2,20.75,副口径网页c4,对数型,32768
1081309178.215884,45765586696.90715,1.0,2.459837205314291,0.4705872690893498,0.5140067877839938,0.015405943126656382,42.32423771008631,2,20.8,副口径网页c4,对数型,32768
1138002664.9088542,48829142017.26031,1.0,2.4462581052153247,0.4709487220623387,0.5144015908179572,0.0146496871197041,42.90775718101782,2,20.85,副口径网页c4,对数型,32768
1197720374.387751,52093587976.79713,1.0,2.4329229928623897,0.47129296656384073,0.5147775976121312,0.013929435824028254,43.49394824599711,2,20.9,副口径网页c4,对数型,32768
1260623382.085362,55572036687.9694,1.0,2.419827197072677,0.47162076924589147,0.515135645554979,0.013243585199129528,44.082981069286866,2,20.95,副口径网页c4,对数型,32768
1326882349.9392874,59278412079.114006,1.0,2.406966153937766,0.47193287232122544,0.5154765453407305,0.012590582338044132,44.67495711419052,2,21.0,副口径网页c4,对数型,32768
1396675880.290192,63227596750.16378,1.0,2.394335403365318,0.4722299834432247,0.5158010699155862,0.011968946641189117,45.270057027853,2,21.05,副口径网页c4,对数型,32768
1470193004.9665022,67435403826.82549,1.0,2.381930585773574,0.4725127862118312,0.5161099659529762,0.011377247835192665,45.8684020390656,2,21.1,副口径网页c4,对数型,32768
1547632181.1351175,71918707014.98842,1.0,2.3697474389311766,0.47278193415418285,0.5164039472788089,0.010814118567008368,46.47015478977656,2,21.15,副口径网页c4,对数型,32768
1629203261.1487787,76695443107.64015,1.0,2.357781794935219,0.4730380569009251,0.5166837016176504,0.010278241481424486,47.075429405635305,2,21.2,副口径网页c4,对数型,32768
1715126532.4589722,81784753215.00058,1.0,2.346029577320687,0.47328175560415386,0.5169498855878971,0.009768358807949008,47.684384602077145,2,21.25,副口径网页c4,对数型,32768
1805634268.991664,87207015671.45601,1.0,2.3344867982947624,0.47351360714291774,0.5172031292953043,0.00928326356177787,48.2971646966779,2,21.3,副口径网页c4,对数型,32768
1900971426.671893,92983923356.08023,1.0,2.3231495560897777,0.4737341647279793,0.5174440369935476,0.00882179827847311,48.913898468674475,2,21.35,副口径网页c4,对数型,32768
2001395500.5243564,99138608870.44263,1.0,2.312014032428857,0.4739439567790631,0.517673185857878,0.008382857363058783,49.53474155631347,2,21.4,副口径网页c4,对数型,32768
2107178375.7287407,105695680972.66216,1.0,2.3010764900985787,0.4741434903317322,0.51789112970634,0.007965379961927832,50.159816648701444,2,21.45,副口径网页c4,对数型,32768
2218605815.90756,112681383555.69588,1.0,2.290333270623276,0.4743332491958331,0.5180983969883021,0.007568353815864902,50.78927619668281,2,21.5,副口径网页c4,对数型,32768
2335979005.449648,120123662972.15561,1.0,2.279780792035814,0.4745136963970765,0.5182954934513134,0.007190810151610009,51.42326309094257,2,21.55,副口径网页c4,对数型,32768
2459615792.5036116,128052256813.26826,1.0,2.2694155467399737,0.47468527535298616,0.5184829034255551,0.006831821221458693,52.0618940582283,2,21.6,副口径网页c4,对数型,32768
2589850172.725342,136498882648.07494,1.0,2.259234099459792,0.47484840860256156,0.5186610884362913,0.00649050296114719,52.70532020948336,2,21.65,副口径网页c4,对数型,32768
2727034102.4853144,145497318823.0388,1.0,2.24923308527145,0.4750035000440784,0.5188304896481453,0.006166010307776293,53.35368512276327,2,21.7,副口径网页c4,对数型,32768
2871538835.3887935,155083518103.6767,1.0,2.23940920771353,0.4751509359331055,0.5189915289552,0.005857535111694554,54.007111515411246,2,21.75,副口径网页c4,对数型,32768
3023754901.394499,165295805090.62384,1.0,2.22975923697166,0.475291084440412,0.5191446084981141,0.005564307061474042,54.66574192716233,2,21.8,副口径网页c4,对数型,32768
3184094420.44451,176174961559.14066,1.0,2.2202800081337943,0.47542429759121485,0.5192901127822976,0.005285589626487803,55.32969136466313,2,21.85,副口径网页c4,对数型,32768
3352990043.5191684,187764507714.3926,1.0,2.210968419512557,0.4755509100928551,0.5194284073974226,0.005020682509722371,55.99912474458834,2,21.9,副口径网页c4,对数型,32768
3530899177.936632,200110708232.4603,1.0,2.20182143103128,0.4756712424946346,0.5195598424688063,0.004768915036559147,56.67414959987612,2,21.95,副口径网页c4,对数型,32768
3718302547.582489,213262904069.6755,1.0,2.1928360626705317,0.47578559970426865,0.5196847510369825,0.004529649258748817,57.35490895121798,2,22.0,副口径网页c4,对数型,32768
3915707084.0068336,227273620875.95425,1.0,2.184009392972115,0.47589427278654267,0.5198034510223144,0.004302276191142905,58.04152762197715,2,22.05,副口径网页c4,对数型,32768
4123646268.6069026,242198836768.62747,1.0,2.1753385575976667,0.4759975389225868,0.5199162451805109,0.004086215896902364,58.73414473313926,2,22.1,副口径网页c4,对数型,32768
4342682736.058503,258098138540.06863,1.0,2.166820747939168,0.4760956626095786,0.5200234224130224,0.0038809149773990892,59.43287921933785,2,22.15,副口径网页c4,对数型,32768
4573408326.156607,275035044978.60986,1.0,2.1584532097787856,0.47618889550662086,0.5201252575986984,0.003685846894680751,60.1378720998095,2,22.2,副口径网页c4,对数型,32768
4816447370.794655,293077160718.2481,1.0,2.1502332419956445,0.47627747772791407,0.5202220130062764,0.0035005092658098144,60.849239731211675,2,22.25,副口径网页c4,对数型,32768
5072456900.051266,312296533613.74,1.0,2.1421581953172346,0.47636163773758616,0.5203139381795074,0.0033244240829065474,61.56711427367352,2,22.3,副口径网页c4,对数型,32768
5342128639.495805,332769930482.35974,1.0,2.1342254711132953,0.4764415930238655,0.5204012706735341,0.0031571363026003533,62.29163558924835,2,22.35,副口径网页c4,对数型,32768
5626192277.660502,354579056795.95636,1.0,2.1264325202301433,0.4765175509865687,0.5204842370242628,0.0029982119891684435,63.02291839613386,2,22.4,副口径网页c4,对数型,32768
5925416275.069759,377810952766.68317,1.0,2.1187768418635047,0.47658970899719666,0.5205630528140047,0.0028472381887988158,63.761081960817215,2,22.45,副口径网页c4,对数型,32768
6240608903.916064,402558407752.0713,1.0,2.111255982468043,0.4766582546638395,0.5206379229608231,0.0027038223753376002,64.50627077422855,2,22.5,副口径网页c4,对数型,32768
6572623494.037249,428920135446.1718,1.0,2.103867534701859,0.47672336696008316,0.5207090429516001,0.0025675900883169057,65.25858902998058,2,22.55,副口径网页c4,对数型,32768
6922356900.736585,457001413314.85364,1.0,2.096609136404336,0.4767852158063043,0.5207765983846993,0.0024381858089966343,66.01818136048803,2,22.6,副口径网页c4,对数型,32768
7290754968.959249,486914307328.8947,1.0,2.0894784696058037,0.4768439631087775,0.5208407661049473,0.00231527078627533,66.78516962947685,2,22.65,副口径网页c4,对数型,32768
7678813369.741572,518778230722.95514,1.0,2.082473259567563,0.47689976281026447,0.5209017142588915,0.002198522930843985,67.55968738180368,2,22.7,副口径网页c4,对数型,32768
8087582204.681805,552720292229.1753,1.0,2.0755912738509172,0.4769527615370696,0.5209596030015566,0.002087635461373837,68.34184534275424,2,22.75,副口径网页c4,对数型,32768
8518166593.968914,588875953316.7792,1.0,2.0688303214139014,0.47700309861679174,0.5210145845158344,0.001982316867373834,69.13177229167117,2,22.8,副口径网页c4,对数型,32768
8971730489.103067,627389514664.8529,1.0,2.0621882517345043,0.4770509065599292,0.5210668035385253,0.0018822899015457232,69.9295989137069,2,22.85,副口径网页c4,对数型,32768
9449501148.704664,668414598379.8484,1.0,2.0556629539592173,0.4770963115060692,0.5211163978476959,0.001787290646235146,70.73543754968213,2,22.9,副口径网页c4,对数型,32768
9952768837.852743,712115014376.8484,1.0,2.0492523560758262,0.47713943318127844,0.5211634982161377,0.001697068602583863,71.54943774726344,2,22.95,副口径网页c4,对数型,32768
10482896180.378735,758664999818.1812,1.0,2.0429544241094213,0.4771803857268627,0.5212082293165946,0.0016113849565428196,72.37169831350667,2,23.0,副口径网页c4,对数型,32768
11041315733.950144,808250346453.6067,1.0,2.0367671613406375,0.4772192774398238,0.5212507094382716,0.0015300131219048393,73.20235793714114,2,23.05,副口径网页c4,对数型,32768
11629536167.336695,861068982274.7781,1.0,2.030688607545215,0.4772562112793486,0.5212910510400565,0.0014527376805950451,74.04155848392476,2,23.1,副口径网页c4,对数型,32768
12249151499.258408,917331376513.2632,1.0,2.024716838254013,0.4772912854051687,0.5213293613385522,0.0013793532562792032,74.88938124153339,2,23.15,副口径网页c4,对数型,32768
12901834788.18847,977262162194.0173,1.0,2.0188499640326327,0.4773245927744536,0.5213657418677765,0.001309665357769936,75.74598328360965,2,23.2,副口径网页c4,对数型,32768
13589351495.758066,1041100380395.0282,1.0,2.0130861297798988,0.4773562219194497,0.521400289328551,0.0012434887519995022,76.61148368411908,2,23.25,副口径网页c4,对数型,32768
14313558917.919867,1109100834047.862,1.0,2.0074235140444325,0.47738625688339287,0.5214330955185007,0.001180647598106491,77.48602848585216,2,23.3,副口径网页c4,对数型,32768
15076416258.144058,1181534718765.6226,1.0,2.001860328358644,0.4774147776605506,0.5214642478126974,0.0011209745267520164,78.36973313385235,2,23.35,副口径网页c4,对数型,32768
15879987354.878853,1258690895893.0564,1.0,1.996394816589458,0.477441860262862,0.5214938292364488,0.0010643105006891,79.26271399116355,2,23.4,副口径网页c4,对数型,32768
16726444713.879837,1340877167765.4019,1.0,1.9910252543051619,0.477467576870462,0.52152191862971,0.0010105044998279143,80.1651032662502,2,23.45,副口径网页c4,对数型,32768
17618077599.154785,1428421331886.0164,1.0,1.985749948157776,0.4774919960971904,0.5215485909370912,0.0009594129657184076,81.0770257905178,2,23.5,副口径网页c4,对数型,32768
18557292830.08947,1521672926219.1633,1.0,1.9805672352803796,0.47751518302843066,0.5215739172491872,0.0009108997223821932,81.99864819462607,2,23.55,副口径网页c4,对数型,32768
19546636976.499386,1621003344160.5237,1.0,1.9754754826988647,0.47753719977378795,0.5215979654062495,0.000864834819962649,82.93003784279774,2,23.6,副口径网页c4,对数型,32768
20588779445.9969,1726809258601.4453,1.0,1.9704730867575988,0.4775581050485743,0.5216207995410562,0.0008210954103694366,83.87137582054146,2,23.65,副口径网页c4,对数型,32768
21686539829.794395,1839512557011.1174,1.0,1.965558472558524,0.4775779548051659,0.5216424807685226,0.0007795644263115075,84.82277815863802,2,23.7,副口径网页c4,对数型,32768
22842888046.996925,1959562629853.583,1.0,1.9607300934132303,0.4775968021877736,0.521663067136299,0.0007401306759276928,85.78436429850646,2,23.75,副口径网页c4,对数型,32768
24060950722.479618,2087438306091.1218,1.0,1.9559864303075665,0.47761469765078296,0.5216826137540286,0.0007026885951888622,86.75626870142226,2,23.8,副口径网页c4,对数型,32768
25344019577.724228,2223649776310.821,1.0,1.9513259913783731,0.4776316891032771,0.5217011729512061,0.0006671379455170139,87.7386386753452,2,23.85,副口径网页c4,对数型,32768
26695563895.07289,2368740319726.285,1.0,1.9467473114019487,0.4776478220848189,0.5217187944691781,0.0006333834460032158,88.73160833150543,2,23.9,副口径网页c4,对数型,32768
28119238262.149208,2523288608430.5483,1.0,1.9422489512938652,0.47766313985508363,0.5217355255590459,0.0006013345858705475,89.73531163634333,2,23.95,副口径网页c4,对数型,32768
29618896169.383827,2687910677070.365,1.0,1.9378294976197858,0.47767768354035206,0.5217514111416751,0.0005709053179730215,90.74985987657361,2,24.0,副口径网页c4,对数型,32768
31198584773.40113,2863263795912.441,1.0,1.933487562116929,0.4776914920938203,0.5217664937643435,0.000542014141836505,91.77543842801369,2,24.05,副口径网页c4,对数型,32768
32862584819.477814,3050046463332.6875,1.0,1.9292217812258712,0.47770460266635545,0.5217808140057045,0.0005145833279400471,92.81212905458703,2,24.1,副口径网页c4,对数型,32768
34615390302.615,3249004096751.2583,1.0,1.9250308156323621,0.47771705041883217,0.5217944102708097,0.0004885393103583136,93.86010292958662,2,24.15,副口径网页c4,对数型,32768
36461742631.24797,3460929992968.9805,1.0,1.9209133498188649,0.4777288688045073,0.5218073190995365,0.00046381209595614583,94.91948939387606,2,24.2,副口径网页c4,对数型,32768
38406629651.288956,3686669776896.9336,1.0,1.9168680916255365,0.4777400895558301,0.5218195751521814,0.00044033529198869405,95.99045296007134,2,24.25,副口径网页c4,对数型,32768
40455319527.920685,3927122828985.412,1.0,1.9128937718203776,0.4777507428875818,0.5218312114313427,0.00041804568107562247,97.07308889934895,2,24.3,副口径网页c4,对数型,32768
42613337659.7898,4183249460232.683,1.0,1.9089891436782855,0.47776085737420626,0.521842259147933,0.00039688347786081147,98.16760878085412,2,24.35,副口径网页c4,对数型,32768
44886530008.588615,4456070066426.704,1.0,1.9051529825687794,0.47777046027554093,0.5218527480769642,0.0003767916474949438,99.27410440446337,2,24.4,副口径网页c4,对数型,32768
47281050015.514915,4746671959648.643,1.0,1.9013840855521382,0.47777957744876415,0.5218627064613703,0.0003577160898656701,100.39269343830263,2,24.45,副口径网页c4,对数型,32768
49803355863.85245,5056215692214.99,1.0,1.8976812709837407,0.4777882333653837,0.5218721610305631,0.0003396056040534565,101.52359423403473,2,24.5,副口径网页c4,对数型,32768
52460271780.92677,5385935315436.65,1.0,1.8940433781263841,0.47779645134467336,0.5218811372554085,0.00032241139991821653,102.6669350461665,2,24.55,副口径网页c4,对数型,32768
55258992541.1348,5737144632009.86,1.0,1.890469266770366,0.4778042535433931,0.5218896593369968,0.00030608711961007426,103.82282354748196,2,24.6,副口径网页c4,对数型,32768
58207078324.77268,6111244978757.078,1.0,1.886957816861137,0.4778116609488109,0.5218977501990213,0.0002905888521680006,104.99144012449356,2,24.65,副口径网页c4,对数型,32768
61312500736.58321,6509728203886.671,1.0,1.8835079281343237,0.47781869351355316,0.5219054316350704,0.0002758748513765151,106.17293579093119,2,24.7,副口径网页c4,对数型,32768
64583649216.53195,6934184197039.668,1.0,1.8801185197579426,0.4778253701694499,0.5219127243237511,0.0002619055067990131,107.36748822896607,2,24.75,副口径网页c4,对数型,32768
68029390289.97613,7386303304641.98,1.0,1.876788529981619,0.4778317089491327,0.521919647961506,0.0002486430893613751,108.57518012667423,2,24.8,副口径网页c4,对数型,32768
71659021504.6543,7867890585016.488,1.0,1.8735169157926426,0.47783772689749004,0.5219262211658984,0.00023605193661157086,109.79623248840294,2,24.85,副口径网页c4,对数型,32768
75482366159.9438,8380865529248.814,1.0,1.8703026525786948,0.47784344025157016,0.521932461672115,0.00022409807631503352,111.03077388287127,2,24.9,副口径网页c4,对数型,32768
79509759825.29082,8927274035852.91,1.0,1.867144733797084,0.47784886440952307,0.5219383862990418,0.0002127492914352551,112.27897122905512,2,24.95,副口径网页c4,对数型,32768
83752094213.64302,9509294831874.838,1.0,1.864042170650338,0.47785401399869404,0.5219440110236403,0.0002019749776658443,113.54097973499744,2,25.0,副口径网页c4,对数型,32768
88220820978.84703,10129251077782.385,1.0,1.8609939917680038,0.4778589028852132,0.5219493509914223,0.00019174612336482749,114.81701219047945,2,25.05,副口径网页c4,对数型,32768
92928054249.6079,10789611456833.295,1.0,1.8579992428945105,0.47786354428917915,0.5219544206422608,0.0001820350685599287,116.10714916995931,2,25.1,副口径网页c4,对数型,32768
97886501041.01665,11493011712016.45,1.0,1.8550569865829527,0.47786795070845683,0.5219592336271571,0.0001728156643859843,117.41161028118289,2,25.15,副口径网页c4,对数型,32768
103109588099.06471,12242254512588.525,1.0,1.8521663018946695,0.47787213404712087,0.5219638029485352,0.00016406300434413653,118.73051515661687,2,25.200000000000003,副口径网页c4,对数型,32768
108611426759.24446,13040328942377.086,1.0,1.8493262841044804,0.47787610558133076,0.5219681409229682,0.0001557534957010271,120.06406076667396,2,25.25,副口径网页c4,对数型,32768
114406890640.80586,13890417823261.367,1.0,1.8465360444114551,0.4778798760259492,0.5219722592539435,0.00014786472010732803,121.41242319810961,2,25.3,副口径网页c4,对数型,32768
120511646067.49942,14795911552016.742,1.0,1.8437947096550982,0.47788345555434564,0.5219761690534932,0.00014037539216125853,122.77578171763955,2,25.35,副口径网页c4,对数型,32768
126942235789.17035,15760416493263.926,1.0,1.8411014220368256,0.47788685384659635,0.5219798808948424,0.0001332652585614607,124.1542375182309,2,25.4,副口径网页c4,对数型,32768
133716003767.75374,16787784143074.63,1.0,1.8384553388466223,0.4778900800510751,0.5219834047704542,0.00012651517847072852,125.54805460857698,2,25.450000000000003,副口径网页c4,对数型,32768
140851288291.80988,17882108475667.902,1.0,1.8358556321947714,0.4778931428882063,0.5219867502053581,0.00012010690643555745,126.95736540670107,2,25.5,副口径网页c4,对数型,32768
148367365170.53745,19047755462339.527,1.0,1.8333014887485415,0.4778960506193767,0.5219899262231913,0.00011402315743212486,128.3823800499896,2,25.55,副口径网页c4,对数型,32768
156284569022.72192,20289371783759.5,1.0,1.8307921094737334,0.47789881110024063,0.5219929414044229,0.0001082474953365998,129.8232570920656,2,25.6,副口径网页c4,对数型,32768
164624301266.54724,21611909319209.035,1.0,1.8283267093809834,0.4779014317823908,0.5219958038881796,0.00010276432942973185,131.28018860482004,2,25.65,副口径网页c4,对数型,32768
173409125848.73325,23020639994688.062,1.0,1.8259045172767205,0.47790391974660934,0.5219985214085632,9.755884482757647e-05,132.75333626195214,2,25.700000000000003,副口径网页c4,对数型,32768
182662803075.53857,24521180306922.23,1.0,1.8235247755186899,0.477906281712477,0.5220011013051482,9.261698237459882e-05,134.24287755390304,2,25.75,副口径网页c4,对数型,32768
192410355534.17422,26119513544110.016,1.0,1.8211867397759385,0.4779085240580452,0.5220035505444675,8.792539748729672e-05,135.74900099111818,2,25.8,副口径网页c4,对数型,32768
202678130523.19678,27822014402394.492,1.0,1.818889678793185,0.47791065283668893,0.5220058757384208,8.347142489026457e-05,137.27191153073235,2,25.85,副口径网页c4,对数型,32768
213493859974.2901,29635476056283.27,1.0,1.8166328741594728,0.47791267379242125,0.5220080831610019,7.924304657693964e-05,138.81184245697796,2,25.9,副口径网页c4,对数型,32768
224886803095.71564,31567127917256.047,1.0,1.8144156200810309,0.4779145923878871,0.522010178778876,7.522883323700498e-05,140.36896555384152,2,25.950000000000003,副口径网页c4,对数型,32768
236887797998.64786,33624668010808.258,1.0,1.812237223158253,0.4779164138109566,0.5220121682585809,7.14179304625205e-05,141.9434360692575,2,26.0,副口径网页c4,对数型,32768
14383463.918315247,215817404.29495504,0.8891705306810411,5.185009571253139,0.1862521108572564,0.8137478891427437,0.0,15.004550052796601,0,17.0,副口径网页c4,对数型,131072
15151099.569146354,229882441.4039007,0.8891705306810411,5.124142957323891,0.1862521108572564,0.8137478891427438,0.0,15.17265729492218,0,17.05,副口径网页c4,对数型,131072
15959702.558591373,244864124.18787217,0.8891705306810411,5.0643428831278925,0.1862521108572564,0.8137478891427437,0.0,15.342649606966374,0,17.1,副口径网页c4,对数型,131072
16811459.365975752,260822190.41174757,0.8891705306810411,5.005590660143985,0.18625211085725638,0.8137478891427438,0.0,15.51454782918004,0,17.15,副口径网页c4,对数型,131072
17708676.098771736,277820224.8930889,0.8891705306810411,4.947867927321988,0.1862521108572564,0.8137478891427438,0.0,15.688367856722973,0,17.2,副口径网页c4,对数型,131072
18653774.602128245,295926071.15555567,0.8891705306810411,4.891156645344585,0.1862521108572564,0.8137478891427438,0.0,15.864138892393012,0,17.25,副口径网页c4,对数型,131072
19649313.38880043,315211877.487031,0.8891705306810411,4.835439090989732,0.1862521108572564,0.8137478891427435,0.0,16.041877456476065,0,17.3,副口径网页c4,对数型,131072
20697982.624788225,335754571.864852,0.8891705306810411,4.780697851591844,0.18625211085725638,0.8137478891427437,0.0,16.22160854762469,0,17.35,副口径网页c4,对数型,131072
21802617.82718568,357636067.53604615,0.8891705306810411,4.726915819600062,0.18625211085725638,0.8137478891427437,0.0,16.403354421509412,0,17.4,副口径网页c4,对数型,131072
22966207.97784908,380943580.7153133,0.8891705306810411,4.674076187231834,0.1862521108572564,0.8137478891427437,0.0,16.587134501382796,0,17.45,副口径网页c4,对数型,131072
24191899.54753538,405770044.47694045,0.8891705306810411,4.622162441220232,0.1862521108572564,0.8137478891427438,0.0,16.77297161719901,0,17.5,副口径网页c4,对数型,131072
25483002.48172939,432214523.86122745,0.8891705306810411,4.571158357653259,0.1862521108572564,0.8137478891427438,0.0,16.96089478353712,0,17.55,副口径网页c4,对数型,131072
26843011.884193435,460382396.62331676,0.8891705306810411,4.521047996903617,0.18625211085725638,0.8137478891427438,0.0,17.150921759804977,0,17.6,副口径网页c4,对数型,131072
28275602.698831394,490386021.767904,0.8891705306810411,4.471815698647305,0.1862521108572564,0.8137478891427438,0.0,17.34307936743542,0,17.65,副口径网页c4,对数型,131072
29784652.685061466,522344965.0665595,0.8891705306810411,4.423446076969492,0.18625211085725638,0.8137478891427438,0.0,17.537386471810105,0,17.7,副口径网页c4,对数型,131072
31374236.559850782,556386759.3461505,0.8891705306810411,4.37592401555619,0.1862521108572564,0.8137478891427438,0.0,17.73387404295127,0,17.75,副口径网页c4,对数型,131072
37068650.42385317,448587707.6305817,1.0,4.3272358507216895,0.15812676781465995,0.6908663903667703,0.15100684181856985,12.101538699178583,2,17.8,副口径网页c4,对数型,131072
38750024.94309177,484659932.6262864,1.0,4.277743233127276,0.15916968411237994,0.6954229611992623,0.14540735468835783,12.507345049146606,2,17.85,副口径网页c4,对数型,131072
40517559.85752097,523394831.66667414,1.0,4.2293078316121635,0.1601857808456174,0.6998623555665587,0.13995186358782377,12.9177283505517,2,17.9,副口径网页c4,对数型,131072
42375908.16153813,564972566.3003705,1.0,4.181901074720569,0.16117498153863585,0.7041842393410693,0.13464077912029487,13.332400196514477,2,17.95,副口径网页c4,对数型,131072
44329975.89762262,609584742.9748349,1.0,4.1354953483563826,0.1621372617817975,0.7083885058754587,0.129474232342744,13.751073187646972,2,18.0,副口径网页c4,对数型,131072
46384932.009574935,657435185.6715155,1.0,4.0900639633404205,0.1630726461110512,0.7124752623689237,0.12445209152002515,14.173464467638013,2,18.05,副口径网页c4,对数型,131072
48546217.973123685,708740779.0995878,1.0,4.0455811238070165,0.16398120504808159,0.716444816935405,0.11957397801651355,14.599299568340488,2,18.1,副口径网页c4,对数型,131072
50819578.40060496,763732107.5527805,1.0,4.002021896425458,0.16486306023336278,0.7202977010302443,0.114839238736393,15.028304672903168,2,18.15,副口径网页c4,对数型,131072
53211062.679682024,822654516.6101735,1.0,3.959362180433167,0.165718376185687,0.7240346334470121,0.1102469903673011,15.460215887105253,2,18.2,副口径网页c4,对数型,131072
55727036.58114842,885769142.3846635,1.0,3.9175786784690008,0.1665473573662157,0.727656507490154,0.10579613514363044,15.894782797122666,2,18.25,副口径网页c4,对数型,131072
58374223.40159686,953353597.456058,1.0,3.876648868196013,0.16735025403258985,0.7311644165519873,0.10148532941542301,16.331756414081536,2,18.3,副口径网页c4,对数型,131072
61159688.826834746,1025703524.5401448,1.0,3.836550974704046,0.16812734907103147,0.7345595965812746,0.09731305434769402,16.770908162143915,2,18.35,副口径网页c4,对数型,131072
64090885.4492176,1103133399.3213377,1.0,3.797263943683227,0.1688789638995439,0.7378434518747007,0.09327758422575545,17.212016834989825,2,18.4,副口径网页c4,对数型,131072
67175662.34381828,1185977917.597579,1.0,3.75876741535998,0.16960545266434066,0.7410175297206819,0.08937701761497736,17.654874938597708,2,18.45,副口径网页c4,对数型,131072
70422295.23218957,1274593171.1227918,1.0,3.7210416991875954,0.17030720179004635,0.7440835184341652,0.08560927977578872,18.099284706928774,2,18.5,副口径网页c4,对数型,131072
73839494.48404256,1369358281.864847,1.0,3.684067749283521,0.17098462409017068,0.7470432216248951,0.08197215428493423,18.545065773178862,2,18.55,副口径网页c4,对数型,131072
77436436.36148764,1470676784.0516407,1.0,3.647827140605694,0.17163815819473394,0.7498985556966722,0.07846328610859399,18.992051457355924,2,18.6,副口径网页c4,对数型,131072
81222781.27312727,1578978339.2600138,1.0,3.6123020458600843,0.17226826488139105,0.7526515338177896,0.07508020130081941,19.440091985404866,2,18.65,副口径网页c4,对数型,131072
85208724.4147363,1694720002.0114372,1.0,3.5774752131314433,0.17287542848977663,0.7553042721004,0.0718202994098234,19.8890432130251,2,18.7,副口径网页c4,对数型,131072
89404992.83971071,1818388567.6525524,1.0,3.543329944228946,0.1734601491175399,0.7578589555044731,0.06868089537798713,20.33878097739621,2,18.75,副口径网页c4,对数型,131072
93822870.66583897,1950502609.0621839,1.0,3.509850073737979,0.1740229404960993,0.7603178285568242,0.06565923094707674,20.789201984760464,2,18.8,副口径网页c4,对数型,131072
98474260.37743615,2091613963.4120216,1.0,3.4770199487688975,0.17456433183337214,0.7626832034021251,0.06275246476450287,21.24020993298349,2,18.85,副口径网页c4,对数型,131072
103371718.27470769,2242309824.98055,1.0,3.444824409393001,0.17508486495607664,0.7649574473174292,0.059957687726494284,21.691714739825347,2,18.9,副口径网页c4,对数型,131072
108528429.0945456,2403216277.4098487,1.0,3.413248769755418,0.17558508577250564,0.767142945412462,0.05727196881503246,22.143656712438574,2,18.95,副口径网页c4,对数型,131072
113958305.24422444,2574999527.8205037,1.0,3.382278799854011,0.17606554931706167,0.7692421226695302,0.05469232801340818,22.59597948830507,2,19.0,副口径网页c4,对数型,131072
119676007.24544731,2758368881.622484,1.0,3.3519007079727543,0.17652681539968354,0.7712574249355774,0.05221575966473926,23.048637275851444,2,19.05,副口径网页c4,对数型,131072
125696935.68802835,2954080621.2664013,1.0,3.3221011237574727,0.17696944317267432,0.7731912951842922,0.04983926164303347,23.501612072693945,2,19.1,副口径网页c4,对数型,131072
132037372.53712755,3162938848.678583,1.0,3.2928670819212265,0.17739399706504677,0.7750461994436604,0.04755980349129286,23.954875713610534,2,19.15,副口径网页c4,对数型,131072
138714417.93896657,3385801050.9381437,1.0,3.264186006566022,0.1778010370435294,0.7768245842456496,0.04537437871082117,24.408429211935804,2,19.2,副口径网页c4,对数型,131072
145746104.41426536,3623580023.2803354,1.0,3.2360456961070723,0.17819112208521912,0.7785288917984614,0.04327998611631964,24.862277025125522,2,19.25,副口径网页c4,对数型,131072
153151434.75993416,3877247728.598004,1.0,3.208434308785242,0.17856480767454602,0.7801615490506033,0.04127364327485066,25.31643098659581,2,19.3,副口径网页c4,对数型,131072
160950390.72621137,4147840213.487019,1.0,3.1813403487529377,0.1789226424486847,0.7817249530344668,0.03935240451684878,25.77092354216651,2,19.35,副口径网页c4,对数型,131072
169164056.1227462,4436460081.744677,1.0,3.1547526527183094,0.17926517047274868,0.7832214808068041,0.037513348720447585,26.225784504277676,2,19.4,副口径网页c4,对数型,131072
177814620.89114615,4744282172.479608,1.0,3.1286603771322343,0.1795929275348558,0.7846534732616208,0.03575359920352353,26.681057770743966,2,19.45,副口径网页c4,对数型,131072
186925454.81317487,5072557933.005753,1.0,3.103052985902382,0.1799064409751023,0.7860232343829536,0.034070324641944164,27.136795992154134,2,19.5,副口径网页c4,对数型,131072
196521189.43887407,5422619922.9638195,1.0,3.0779202386183395,0.18020622943869596,0.7873330301662919,0.032460740395012275,27.593054664725965,2,19.55,副口径网页c4,对数型,131072
206627748.6080291,5795888077.951776,1.0,3.053252179271698,0.18049280093090267,0.7885850801205093,0.030922118948588137,28.049901898445018,2,19.6,副口径网页c4,对数型,131072
217272454.75955415,6193874425.670693,1.0,3.0290391254548843,0.1807666533428093,0.7897815595649569,0.029451787092234085,28.507407588896537,2,19.65,副口径网页c4,对数型,131072
228484052.35579512,6618190504.273956,1.0,3.005271658022464,0.1810282725761203,0.7909245914365749,0.028047135987304992,28.96565618491446,2,19.7,副口径网页c4,对数型,131072
240292881.56051007,7070551130.205277,1.0,2.981940611198725,0.1812781343846119,0.7920162543353283,0.026705611280059778,29.424721549334723,2,19.75,副口径网页c4,对数型,131072
252730874.55065838,7552783591.709914,1.0,2.9590370631153444,0.18151670179833787,0.7930585712703914,0.025424726931270816,29.884689020042956,2,19.8,副口径网页c4,对数型,131072
265831594.01178733,8066836418.010769,1.0,2.936552326763132,0.18174442429918197,0.7940535060580793,0.024202069642738924,30.345664697978204,2,19.85,副口径网页c4,对数型,131072
279630495.50807416,8614782163.503963,1.0,2.9144779413419966,0.18196174073386,0.79500297604895,0.02303528321718984,30.807734856855827,2,19.9,副口径网页c4,对数型,131072
294164920.7582533,9198828575.674969,1.0,2.8928056639934683,0.18216907696266227,0.7959088418550024,0.02192208118233542,31.2709909528425,2,19.95,副口径网页c4,对数型,131072
309474057.88440526,9821331786.095177,1.0,2.871527461900416,0.1823668441003181,0.7967728996638964,0.02086025623578572,31.735557588363804,2,20.0,副口径网页c4,对数型,131072
325599423.472383,10484794188.020271,1.0,2.8506355047388405,0.18255544352716516,0.7975969031330864,0.019847653339748254,32.201513369416574,2,20.05,副口径网页c4,对数型,131072
342584492.79008704,11191889307.973215,1.0,2.83012215746695,0.18273526069207688,0.7983825363143966,0.018882202993526335,32.66898982152954,2,20.1,副口径网页c4,对数型,131072
360475294.26711446,11945457558.172327,1.0,2.8099799734371125,0.18290667082781958,0.7991314386247991,0.017961890547381478,33.138075613361366,2,20.15,副口径网页c4,对数型,131072
379320116.7887387,12748530795.825102,1.0,2.79020168781658,0.1830700344992188,0.7998451853960536,0.017084780104727502,33.608897159876605,2,20.2,副口径网页c4,对数型,131072
399169976.8120884,13604333597.821142,1.0,2.7707802113033377,0.18322570107249855,0.8005253030324845,0.016248995895017056,34.08155519728745,2,20.25,副口径网页c4,对数型,131072
420078524.5606507,14516303649.73715,1.0,2.751708624123772,0.18337400672104825,0.8011732602980414,0.015452732980910417,34.55616700453654,2,20.3,副口径网页c4,对数型,131072
442102246.9591345,15488103670.22054,1.0,2.732980170299309,0.1835152752821914,0.8017904720595797,0.014694252658229028,35.032854451093016,2,20.35,副口径网页c4,对数型,131072
465300759.3941757,16523631218.76598,1.0,2.7145882521695905,0.18364981929745705,0.8023783038318766,0.013971876870666635,35.51172201025385,2,20.4,副口径网页c4,对数型,131072
489736696.4415763,17627043571.97811,1.0,2.6965264251601657,0.1837779385734355,0.8029380654899113,0.013283995936653158,35.992899245770424,2,20.45,副口径网页c4,对数型,131072
515476267.1451741,18802760798.025627,1.0,2.6787883927831526,0.1838999225831507,0.8034710217606243,0.012629055656225022,36.476482035069495,2,20.5,副口径网页c4,对数型,131072
542588957.9849539,20055500207.122,1.0,2.6613680018596977,0.184016048257171,0.8039783825721306,0.012005569170698558,36.96260292801267,2,20.55,副口径网页c4,对数型,131072
571148132.0493729,21390280558.692524,1.0,2.6442592379535657,0.1841265823188809,0.8044613132566786,0.011412104424440647,37.451370946343985,2,20.6,副口径网页c4,对数型,131072
601230904.5636648,22812453786.591904,1.0,2.6274562210055663,0.18423178016524225,0.804920929660621,0.010847290174136553,37.942916129948,2,20.65,副口径网页c4,对数型,131072
632918786.4404259,24327710196.62649,1.0,2.610953201158989,0.18433188774286505,0.8053583063410936,0.010309805916041446,38.43733306360999,2,20.7,副口径网页c4,对数型,131072
666297314.5113846,25942123220.05719,1.0,2.594744554766605,0.1844271398165157,0.8057744690010116,0.009798391182472731,38.934755784032106,2,20.75,副口径网页c4,对数型,131072
701456840.7138544,27662152639.10358,1.0,2.5788247805702453,0.18451776210218052,0.8061704038085669,0.009311834089252865,39.435288151089274,2,20.8,副口径网页c4,对数型,131072
738492396.3605576,29494684773.564102,1.0,2.563188496044324,0.18460397040666296,0.806547053638071,0.008848975955266195,39.93905004157115,2,20.85,副口径网页c4,对数型,131072
777504141.8713669,31447052564.798492,1.0,2.5478304338951117,0.18468597149084887,0.8069053218416182,0.00840870666753286,40.44615439489351,2,20.9,副口径网页c4,对数型,131072
818597484.8429865,33527070882.494476,1.0,2.532745438707905,0.18476396303850393,0.8072460721127596,0.007989964848736495,40.95672354640234,2,20.95,副口径网页c4,对数型,131072
861883606.2531182,35743058014.872,1.0,2.5179284637346653,0.1848381344422338,0.8075701319204156,0.007591733637350504,41.470864227547416,2,21.0,副口径网页c4,对数型,131072
907479604.7860622,38103874981.216385,1.0,2.5033745678149883,0.18490866674889342,0.8078782922703653,0.007213040980741349,41.988684682560276,2,21.05,副口径网页c4,对数型,131072
955508666.4569709,40618967108.14824,1.0,2.4890789124236745,0.18497573278334226,0.8081713082459413,0.006852958970716618,42.510307372473655,2,21.1,副口径网页c4,对数型,131072
1006100731.0777957,43298387862.06644,1.0,2.4750367588384847,0.18503949795181987,0.8084499025180312,0.006510599530148934,43.035837789008056,2,21.15,副口径网页c4,对数型,131072
1059392418.5739625,46152856879.65019,1.0,2.461243465421966,0.18510011995662087,0.8087147640984735,0.006185115944905634,43.565402272536645,2,21.2,副口径网页c4,对数型,131072
1115528137.2016137,49193770996.24206,1.0,2.4476944850116014,0.18515774994040854,0.808966553339641,0.0058756967199508365,44.099085765463826,2,21.25,副口径网页c4,对数型,131072
1174659433.9858966,52433294545.65814,1.0,2.434385362412751,0.1852125315983201,0.8092058980551671,0.005581570346512785,44.637018210239546,2,21.3,副口径网页c4,对数型,131072
1236946293.8184068,55884369399.93057,1.0,2.421311731989225,0.18526460242161827,0.8094333989535452,0.005301998624836747,45.17930138051315,2,21.35,副口径网页c4,对数型,131072
1302557104.2464752,59560786938.220245,1.0,2.4084693153465313,0.1853140934741989,0.8096496286616733,0.005036277864127808,45.726046669313554,2,21.4,副口径网页c4,对数型,131072
1371669282.8224058,63477235478.76928,1.0,2.3958539191031476,0.18536112981421402,0.8098551335669554,0.004783736618830625,46.27736165976961,2,21.45,副口径网页c4,对数型,131072
1444469685.7605352,67649362049.045944,1.0,2.3834614327453965,0.18540583068663802,0.810050434658634,0.004543734654728088,46.83335532474503,2,21.5,副口径网页c4,对数型,131072
1521155352.1508567,72093823586.42738,1.0,2.3712878265617356,0.18544830990014283,0.8102360291743841,0.00431566092547336,47.39412281887541,2,21.55,副口径网页c4,对数型,131072
1601933420.2477078,76828382217.15958,1.0,2.3593291496525097,0.18548867571431046,0.8104123901075366,0.004098934178152999,47.95978487375559,2,21.6,副口径网页c4,对数型,131072
1687022259.0347235,81871949614.04213,1.0,2.347581528011431,0.18552703141526536,0.8105799687220554,0.003892999862679303,48.53045013222732,2,21.65,副口径网页c4,对数型,131072
1776652140.7515013,87244657921.2745,1.0,2.336041162675238,0.1855634755216923,0.8107391954526418,0.003697329025665958,49.10621270203807,2,21.7,副口径网页c4,对数型,131072
1871065234.857718,92967970450.73402,1.0,2.324704327938204,0.18559810172951527,0.8108904796630342,0.003511418607450626,49.687188195660966,2,21.75,副口径网页c4,对数型,131072
1970517162.1619344,99064723319.72047,1.0,2.3135673696283217,0.18563099947159142,0.8110342120913477,0.00333478843706095,50.27346385099866,2,21.8,副口径网页c4,对数型,131072
2075276446.7831662,105559277828.68428,1.0,2.30262670344219,0.18566225367769837,0.8111707638014427,0.003166982520859187,50.86516449040274,2,21.85,副口径网页c4,对数型,131072
2185626400.179352,112477560328.21939,1.0,2.2918788133357726,0.18569194537050843,0.8113004887867762,0.0030075658427156904,51.4623909735852,2,21.9,副口径网页c4,对数型,131072
2301865768.2418203,119847170474.73613,1.0,2.2813202499683767,0.18572015175486206,0.8114237243604426,0.0028561238846953716,52.06522992271446,2,21.95,副口径网页c4,对数型,131072
2424308521.1599145,127697543805.7806,1.0,2.2709476291973214,0.18574694614772724,0.8115407908491634,0.002712263003109628,52.67380066984358,2,22.0,副口径网页c4,对数型,131072
2553285795.754694,136060013131.9116,1.0,2.2607576306209305,0.18577239843137858,0.811651993573255,0.002575607995366552,53.288203521179,2,22.05,副口径网页c4,对数型,131072
2689146328.5044284,144967957136.07446,1.0,2.2507469961675985,0.18579657509383837,0.8117576230233196,0.002445801882842151,53.908541755218856,2,22.1,副口径网页c4,对数型,131072
2832257615.112833,154456921903.76154,1.0,2.240912528728815,0.18581953942427107,0.8118579557139353,0.002322504861793918,54.53491274225357,2,22.15,副口径网页c4,对数型,131072
2983006207.032301,164564800582.2212,1.0,2.231251090834134,0.18584135155511836,0.8119532543677491,0.002205394077132646,55.167434849537756,2,22.2,副口径网页c4,对数型,131072
3141800619.782475,175331882459.47552,1.0,2.221759603366219,0.1858620688747955,0.8120437697185733,0.002094161406631428,55.806177309753906,2,22.25,副口径网页c4,对数型,131072
3309069475.1619167,186801176340.8102,1.0,2.2124350443141507,0.1858817457483089,0.8121297392907448,0.001988514960946528,56.451270589194806,2,22.3,副口径网页c4,对数型,131072
3485265112.620207,199018447573.53543,1.0,2.2032744475633295,0.1859004339967375,0.8122113894940126,0.0018881765092500806,57.102814604514904,2,22.35,副口径网页c4,对数型,131072
3670864138.839143,212032436762.76593,1.0,2.1942749017203695,0.18591818291291645,0.8122889356920594,0.0017928813950242716,57.76090553703197,2,22.4,副口径网页c4,对数型,131072
3866368537.61202,225895064133.70554,1.0,2.185433548971481,0.18593503936171643,0.81236258264063,0.0017023779976538624,58.42564202977526,2,22.45,副口径网页c4,对数型,131072
4072306643.067387,240661659392.1416,1.0,2.176747583972912,0.18595104787010802,0.8124325248810266,0.00161642724886548,59.09713596883456,2,22.5,副口径网页c4,对数型,131072
4289235399.7888856,256391134170.35275,1.0,2.1682142527721124,0.18596625080879536,0.8124989475336809,0.0015348016575238242,59.77548683454683,2,22.55,副口径网页c4,对数型,131072
4517741353.324268,273146246712.54413,1.0,2.1598308517583376,0.18598068845073645,0.8125620265538311,0.0014572849954325791,60.46079785235076,2,22.6,副口径网页c4,对数型,131072
4758442625.459663,290993828750.59656,1.0,2.1515947266414925,0.18599439909642992,0.8126219292789089,0.0013836716246614213,61.15316536415876,2,22.65,副口径网页c4,对数型,131072
5011989965.900857,310005089339.5443,1.0,2.1435032714580755,0.1860074191319286,0.8126788146820048,0.0013137661860666981,61.85269552586263,2,22.7,副口径网页c4,对数型,131072
5279068915.243488,330255874808.70355,1.0,2.135553927603152,0.1860197831474356,0.8127328338900229,0.001247382962541601,62.559492992235555,2,22.75,副口径网页c4,对数型,131072
5560400878.074505,351827020332.8946,1.0,2.1277441828873247,0.18603152399162906,0.8127841304210269,0.0011843455873440933,63.273679011202475,2,22.8,副口径网页c4,对数型,131072
5856748003.8356085,374804487520.7423,1.0,2.1200715706177444,0.1860426729732141,0.8128328410648373,0.0011244859619485056,63.99532424397999,2,22.85,副口径网页c4,对数型,131072
6168910528.388585,399280004411.00854,1.0,2.112533668702243,0.18605325974653977,0.8128790953832822,0.0010676448701782844,64.72455753306356,2,22.9,副口径网页c4,对数型,131072
6497733250.341637,425351158319.3563,1.0,2.1051280987757184,0.18606331255731684,0.8129230167837544,0.00101367065892878,65.46146816614737,2,22.95,副口径网页c4,对数型,131072
6844104305.160272,453122010558.26764,1.0,2.097852525347959,0.1860728581934831,0.8129647223045404,0.0009624195019765181,66.2061813138391,2,23.0,副口径网页c4,对数型,131072
7208961785.892379,482703235445.31494,1.0,2.090704654972118,0.18608192217747868,0.8130043234548829,0.0009137543676384246,66.9587729525691,2,23.05,副口径网页c4,对数型,131072
7593291202.094866,514212895808.0645,1.0,2.0836822354331006,0.18609052869201184,0.8130419258906457,0.0008675454173425175,67.71936991777709,2,23.1,副口径网页c4,对数型,131072
7998132088.153062,547776653588.9563,1.0,2.076783054955165,0.18609870074841936,0.813077630149894,0.0008236691016866439,68.48807290896461,2,23.15,副口径网页c4,对数型,131072
8424577687.7404585,583528482059.2104,1.0,2.0700049414280692,0.18610646017666108,0.8131115316091774,0.0007820082141615756,69.26501288110474,2,23.2,副口径网页c4,对数型,131072
8873783692.928595,621610801980.6349,1.0,2.0633457616511306,0.18611382778738766,0.8131437211916159,0.0007424510209966692,70.05025403943401,2,23.25,副口径网页c4,对数型,131072
9346962753.985224,662175643716.3468,1.0,2.056803420594589,0.186120823271583,0.8131742849284309,0.0007048917999863182,70.84393734574559,2,23.3,副口径网页c4,对数型,131072
9845395452.04443,705384720629.0541,1.0,2.050375860677714,0.18612746538492292,0.8132033047644206,0.0006692298506567285,71.64615419105166,2,23.35,副口径网页c4,对数型,131072
10370429124.070822,751410397360.5509,1.0,2.044061061063099,0.18613377192139488,0.8132308584427025,0.00063536963590285,72.45702066623751,2,23.4,副口径网页c4,对数型,131072
10923483943.03767,800436204802.8411,1.0,2.03785703696663,0.18613975979482197,0.8132570198608968,0.0006032203442813513,73.27664039942286,2,23.45,副口径网页c4,对数型,131072
11506053466.898306,852657811978.581,1.0,2.0317618389826313,0.1861454450474477,0.8132818591086355,0.000572695843916882,74.10514947037115,2,23.5,副口径网页c4,对数型,131072
12119714808.485096,908283356787.9226,1.0,2.025773552423722,0.18615084295451562,0.8133054429244756,0.0005437141210090262,74.94263447123583,2,23.55,副口径网页c4,对数型,131072
12766127797.989079,967534646870.6962,1.0,2.019890296674924,0.18615596800872536,0.8133278346279884,0.0005161973632863658,75.78920266042631,2,23.6,副口径网页c4,对数型,131072
13447037363.352242,1030648211200.2902,1.0,2.014110224561602,0.1861608339506493,0.8133490942526502,0.0004900717967005922,76.64500241585985,2,23.65,副口径网页c4,对数型,131072
14164289082.90313,1097875418508.4819,1.0,2.0084315217308264,0.18616545388303635,0.8133692790452447,0.00046526707171909697,77.51009684161714,2,23.7,副口径网页c4,对数型,131072
14919818197.221249,1169484699933.0508,1.0,2.0028524060457538,0.18616984019298335,0.8133884431258238,0.0004417166811928939,78.38464815548907,2,23.75,副口径网页c4,对数型,131072
15715669045.039064,1245761531249.6985,1.0,1.9973711269926733,0.18617400468131873,0.8134066380529937,0.00041935726568771887,79.26875576722237,2,23.8,副口径网页c4,对数型,131072
16553994822.996119,1327010008876.249,1.0,1.9919859651003389,0.18617795855182367,0.8134239127768211,0.000398128671355335,80.16252409556284,2,23.85,副口径网页c4,对数型,131072
17437060936.76714,1413554263439.0186,1.0,1.9866952313712594,0.18618171243203152,0.8134403137297078,0.0003779738382605824,81.06608496495247,2,23.9,副口径网页c4,对数型,131072
18367255361.294342,1505739417006.1316,1.0,1.9814972667246102,0.18618527642257285,0.8134558850419823,0.0003588385354450284,81.97955477764,2,23.95,副口径网页c4,对数型,131072
19347094020.69737,1603933041294.4033,1.0,1.9763904414504612,0.18618866011695537,0.8134706686283192,0.00034067125472549527,82.90304681305257,2,24.0,副口径网页c4,对数型,131072
20379226217.159824,1708526736139.7825,1.0,1.971373154675006,0.18619187262220083,0.8134847042779035,0.00032342309989583914,83.83668339189246,2,24.05,副口径网页c4,对数型,131072
21466443061.51031,1819937587558.2869,1.0,1.9664438338365149,0.18619492258788292,0.8134980297812997,0.0003070476308172795,84.7805843913408,2,24.1,副口径网页c4,对数型,131072
22611685518.350037,1938609786245.782,1.0,1.9616009341717282,0.18619781822971343,0.8135106810335,0.00029150073678682105,85.73486415563953,2,24.15,副口径网页c4,对数型,131072
23818043407.876686,2065017170258.1719,1.0,1.9568429382124197,0.1862005673310128,0.8135226920403504,0.00027674062863699666,86.69969799346597,2,24.2,副口径网页c4,对数型,131072
25088787676.97402,2199663056483.9116,1.0,1.9521683552918865,0.18620317731891403,0.8135340952514901,0.00026272742959605326,87.67514336703952,2,24.25,副口径网页c4,对数型,131072
26427349560.326893,2343084802084.247,1.0,1.9475757210610969,0.18620565521522053,0.8135449213456462,0.00024942343913350704,88.66136184923057,2,24.3,副口径网页c4,对数型,131072
27837349517.034016,2495854252418.072,1.0,1.9430635970142796,0.18620800770006143,0.8135551995087484,0.0002367927911901965,89.65847308454521,2,24.35,副口径网页c4,对数型,131072
29322598045.147095,2658580805924.087,1.0,1.9386305700237116,0.18621024111143175,0.8135649574319194,0.00022480145664896474,90.6666183477587,2,24.4,副口径网页c4,对数型,131072
30887116659.780407,2831912881140.2734,1.0,1.9342752518834898,0.1862123614782292,0.8135742214558154,0.00021341706595555602,91.68589325878523,2,24.45,副口径网页c4,对数型,131072
32535131338.570633,3016542079753.178,1.0,1.9299962788620695,0.18621437451106468,0.8135830165304758,0.0002026089584596956,92.71645620120937,2,24.5,副口径网页c4,对数型,131072
34271098215.312576,3213204657312.42,1.0,1.9257923112633697,0.18621628563880543,0.8135913663749834,0.0001923479862111641,93.75843858650367,2,24.55,副口径网页c4,对数型,131072
36099711926.76442,3422684787343.789,1.0,1.9216620329962402,0.18621810001680297,0.8135992935134133,0.00018260646978395353,94.81196953281507,2,24.6,副口径网页c4,对数型,131072
38025916677.571014,3645817840796.339,1.0,1.9176041511521047,0.18621982253899763,0.8136068193277166,0.0001733581332859769,95.87718480819075,2,24.65,副口径网页c4,对数型,131072
40054926145.9108,3883493088346.8203,1.0,1.9136173955905875,0.18622145785649083,0.8136139641388656,0.00016457800464384092,96.95419420323374,2,24.7,副口径网页c4,对数型,131072
42192221381.157524,4136658804559.338,1.0,1.909700518532955,0.1862230103766993,0.8136207472031578,0.00015624242014298416,98.04316220256452,2,24.75,副口径网页c4,对数型,131072
44443583010.33368,4406324382737.932,1.0,1.905852294163185,0.18622448428998462,0.8136271868285622,0.00014832888145329393,99.14422025140068,2,24.8,副口径网页c4,对数型,131072
46815094032.95264,4693565609582.511,1.0,1.9020715182365093,0.1862258835712282,0.8136333003816009,0.0001408160471709328,100.25752818692965,2,24.85,副口径网页c4,对数型,131072
49313172599.55639,4999527332761.098,1.0,1.8983570076952547,0.18622721200050937,0.8136391043776923,0.00013368362179850098,101.38320187507206,2,24.9,副口径网页c4,对数型,131072
51944572268.309654,5325429721386.899,1.0,1.894707600291834,0.1862284731626556,0.8136446144791865,0.00012691235815805963,102.5213894125342,2,24.95,副口径网页c4,对数型,131072
54716407131.4044,5672572458149.991,1.0,1.891122154218728,0.1862296704615158,0.8136498455577267,0.00012048398075768148,103.67223938017352,2,25.0,副口径网页c4,对数型,131072
57636176708.900185,6042339328417.129,1.0,1.8875995477453156,0.1862308071311249,0.8136548117430266,0.00011438112584849391,104.83588040433068,2,25.05,副口径网页c4,对数型,131072
60711767109.77687,6436205731642.158,1.0,1.8841386788613972,0.18623188623693754,0.8136595264282627,0.00010858733480001978,106.0124921088928,2,25.1,副口径网页c4,对数型,131072
63951494108.629036,6855742310762.323,1.0,1.8807384649272876,0.18623291069297115,0.8136640023449707,0.00010308696205840937,107.20222265827049,2,25.15,副口径网页c4,对数型,131072
67364138290.90255,7302619793735.458,1.0,1.8773978423303248,0.18623388327152945,0.8136682516055302,9.786512294048619e-05,108.40515412221444,2,25.200000000000003,副口径网页c4,对数型,131072
70958908907.30013,7778622094983.746,1.0,1.874115766147679,0.18623480659325042,0.813672285659684,9.290774706562853e-05,109.62150087659388,2,25.25,副口径网页c4,对数型,131072
74745527196.96928,8285647186997.63,1.0,1.870891209815316,0.18623568315223207,0.8136761154043122,8.820144345563085e-05,110.85141141841581,2,25.3,副口径网页c4,对数型,131072
78734227599.38953,8825717359985.787,1.0,1.867723164803008,0.18623651531518062,0.8136797511797118,8.373350510760275e-05,112.09505229278732,2,25.35,副口径网页c4,对数型,131072
82935804393.50748,9400985170089.912,1.0,1.8646106402952551,0.1862373053317408,0.8136832028147312,7.949185352810648e-05,113.35255308412799,2,25.4,副口径网页c4,对数型,131072
87361624747.5942,10013743788712.355,1.0,1.8615526628780066,0.1862380553366933,0.8136864796363688,7.546502693815705e-05,114.62405624488021,2,25.450000000000003,副口径网页c4,对数型,131072
92023636745.5027,10666438795606.834,1.0,1.8585482762310654,0.18623876735279393,0.8136895904821803,7.164216502588352e-05,115.90977245450055,2,25.5,副口径网页c4,对数型,131072
96934455207.24315,11361671820198.764,1.0,1.855596540826061,0.1862394433051289,0.8136925437629954,6.801293187578239e-05,117.20983829648424,2,25.55,副口径网页c4,对数型,131072
102107375471.75122,12102213143944.758,1.0,1.852696533629884,0.18624008502181008,0.8136953474659564,6.45675122336861e-05,118.52437777418858,2,25.6,副口径网页c4,对数型,131072
107556362002.63051,12891018370271.988,1.0,1.8498473478134732,0.18624069423355236,0.8136980091526724,6.129661377534593e-05,119.85361098357633,2,25.65,副口径网页c4,对数型,131072
113296155601.34128,13731232052814.348,1.0,1.8470480924658519,0.18624127258724912,0.8137005360185307,5.8191394220189715e-05,121.19768742313607,2,25.700000000000003,副口径网页c4,对数型,131072
119342291713.24722,14626202676809.93,1.0,1.8442978923133118,0.18624182164688813,0.8137029348966972,5.5243456414820596e-05,122.55674385701774,2,25.75,副口径网页c4,对数型,131072
125711102021.61415,15579500963272.387,1.0,1.8415958874436433,0.1862423428943459,0.8137052122615902,5.2444844064040614e-05,123.93098710242572,2,25.8,副口径网页c4,对数型,131072
132419776874.30316,16594932035984.459,1.0,1.8389412330353176,0.1862428377360234,0.8137073742578688,4.9788006107908035e-05,125.32064641474867,2,25.85,副口径网页c4,对数型,131072
139486539839.61127,17676534459615.938,1.0,1.8363330990915265,0.1862433075150602,0.8137094267537992,4.726573114067594e-05,126.7257362605834,2,25.9,副口径网页c4,对数型,131072
146930438848.31845,18828628627077.844,1.0,1.8337706701789807,0.1862437534965076,0.813711375276475,4.487122701757219e-05,128.14654862982687,2,25.950000000000003,副口径网页c4,对数型,131072
154771570031.94446,20055812666985.27,1.0,1.8312531451713876,0.18624417688415215,0.8137132250853196,4.2598030528054024e-05,129.58331212150784,2,26.0,副口径网页c4,对数型,131072
