model,sub_date,group,N,Average ⬆️,S_desat,S_alltask,month
0-hero/Matter-0.2-7B-DPO,2024-08-05,chat,7242000000.0,8.90636130175029,2.916197038991636,8.821125660891386,2024-08
01-ai/Yi-1.5-34B,2024-06-12,base,34389000000.0,25.64649419429311,20.45724697593016,25.38817844800998,2024-06
01-ai/Yi-1.5-34B-32K,2024-06-12,base,34389000000.0,26.72791290850813,21.283354501439558,26.411920473514535,2024-06
01-ai/Yi-1.5-34B-Chat,2024-06-12,chat,34389000000.0,33.35799367075618,22.54518196187611,32.24837466471657,2024-06
01-ai/Yi-1.5-34B-Chat-16K,2024-07-15,chat,34389000000.0,29.403554842710225,21.138858023232835,28.922983824279868,2024-07
01-ai/Yi-1.5-6B,2024-08-10,base,6061000000.0,16.745698054972127,11.834799103375728,16.25605198301613,2024-08
01-ai/Yi-1.5-6B-Chat,2024-10-22,chat,6061000000.0,22.784006289829847,14.548927927623815,21.882149705176936,2024-10
01-ai/Yi-1.5-9B,2024-06-12,base,8829000000.0,22.153901514184795,17.26464689091153,22.020366791590387,2024-06
01-ai/Yi-1.5-9B-32K,2024-06-12,base,8829000000.0,19.809786285875365,16.099053855625915,19.605220117756218,2024-06
01-ai/Yi-1.5-9B-Chat,2024-06-12,chat,8829000000.0,29.53087222026097,17.987795443731613,27.48523229747831,2024-06
01-ai/Yi-1.5-9B-Chat-16K,2024-06-12,chat,8829000000.0,23.76539234993476,15.53647677565265,22.830746975874554,2024-06
01-ai/Yi-34B,2024-06-12,base,34389000000.0,22.373127018936653,16.63376434455391,22.17075400023504,2024-06
01-ai/Yi-34B-200K,2024-06-12,base,34389000000.0,20.01347533597433,17.0176773880212,19.619213668198775,2024-06
01-ai/Yi-34B-Chat,2024-06-12,chat,34389000000.0,24.226662652803373,15.949041944948933,24.090986412172963,2024-06
01-ai/Yi-6B,2024-06-12,base,6061000000.0,13.611617485376058,8.75176698926734,13.60606132570197,2024-06
01-ai/Yi-6B-200K,2024-06-12,base,6061000000.0,11.99609829883284,10.612327269855266,11.783542268746569,2024-06
01-ai/Yi-6B-Chat,2024-06-12,chat,6061000000.0,14.11765000523676,8.68573174306002,13.982325839833962,2024-06
01-ai/Yi-9B,2024-06-12,base,8829000000.0,17.811867367746064,12.552573379294572,17.41799360159984,2024-06
01-ai/Yi-9B-200K,2024-06-12,base,8829000000.0,17.72955178611439,13.511662685216821,17.471209476534195,2024-06
01-ai/Yi-Coder-9B-Chat,2024-09-12,chat,8829000000.0,16.985989314863886,8.27378023060903,16.899717781868837,2024-09
1-800-LLMs/Qwen-2.5-14B-Hindi,2025-02-06,chat,14770000000.0,36.2661770066689,25.998760524110757,34.743797410144005,2025-02
1-800-LLMs/Qwen-2.5-14B-Hindi-Custom-Instruct,2025-02-06,chat,14770000000.0,31.020777275634742,26.23003380018776,30.67491116161319,2025-02
1024m/PHI-4-Hindi,2025-02-06,chat,14660000000.0,27.48785095027712,27.774985082650115,27.155244096210062,2025-02
1024m/QWEN-14B-B100,2025-02-06,chat,14770000000.0,41.91906679224076,20.32513259525767,32.746656401880784,2025-02
152334H/miqu-1-70b-sf,2024-06-26,chat,68977000000.0,29.097407726236643,20.4876029259721,28.795679598269558,2024-06
1TuanPham/T-VisStar-7B-v0.1,2024-09-22,chat,7294000000.0,19.14480861089536,12.642664296092637,18.897323043957414,2024-09
1TuanPham/T-VisStar-v0.1,2024-09-20,chat,7294000000.0,19.14480861089536,12.642664296092637,18.897323043957414,2024-09
3rd-Degree-Burn/L-3.1-Science-Writer-8B,2024-11-19,chat,8029999999.999999,21.09120798437004,13.674430341093046,20.989249926300737,2024-11
3rd-Degree-Burn/Llama-3.1-8B-Squareroot,2024-10-10,excluded,8029999999.999999,11.223740793316349,6.522592281306613,10.046219876077345,2024-10
3rd-Degree-Burn/Llama-3.1-8B-Squareroot-v1,2024-11-10,excluded,8029999999.999999,8.037946007988568,2.7714415436667648,7.530311204799212,2024-11
3rd-Degree-Burn/Llama-Squared-8B,2024-10-08,chat,8029999999.999999,12.434954194134717,7.845971286893105,12.00976289739918,2024-10
4season/final_model_test_v2,2024-06-27,chat,21421000000.0,23.086235043644056,15.219833767207744,21.810630745337235,2024-06
AALF/FuseChat-Llama-3.1-8B-Instruct-preview,2024-11-20,chat,8029999999.999999,28.56857495894073,13.851721283443705,25.532472538655615,2024-11
AALF/FuseChat-Llama-3.1-8B-SFT-preview,2024-11-21,chat,8029999999.999999,29.225292099823264,15.333908873539878,27.275589046727006,2024-11
AALF/gemma-2-27b-it-SimPO-37K,2024-09-05,chat,27227000000.0,9.512077380763676,5.046817563785585,9.413086463635278,2024-09
AALF/gemma-2-27b-it-SimPO-37K-100steps,2024-09-21,chat,27227000000.0,10.246803363324457,4.825811427375703,9.7299396822264,2024-09
AELLM/gemma-2-aeria-infinity-9b,2024-10-09,excluded,9242000000.0,31.919053815912523,15.878751639576787,28.2799927604864,2024-10
AELLM/gemma-2-lyco-infinity-9b,2024-10-09,chat,10159000000.0,30.04985134020671,15.43140022828828,27.20918152791113,2024-10
AGI-0/Art-v0-3B,2025-01-19,chat,3086000000.0,12.132145545921874,8.136209784207981,13.235092363451875,2025-01
AGI-0/Artificium-llama3.1-8B-001,2024-09-08,chat,8029999999.999999,19.491817924739056,9.794620092691925,18.669850217374467,2024-09
AGI-0/smartllama3.1-8B-001,2024-11-25,chat,8029999999.999999,20.42455207766212,14.623616056480962,19.953469237917815,2024-11
AI-MO/NuminaMath-7B-CoT,2024-09-10,chat,6910000000.0,16.118457218023075,8.602841152688342,12.784535053897075,2024-09
AI-MO/NuminaMath-7B-TIR,2024-07-11,chat,6910000000.0,14.182289143173431,7.5052306309196055,11.858078942065042,2024-07
AI-Sweden-Models/Llama-3-8B-instruct,2024-06-27,chat,8029999999.999999,14.343669671742774,10.12837556878239,13.834780352219205,2024-06
AI-Sweden-Models/gpt-sw3-40b,2024-06-26,base,39927000000.0,4.872902485288683,2.1021901287380644,4.738303150982425,2024-06
AI4free/Dhanishtha,2025-02-19,base,1777000000.0,11.247711953182252,7.567624623460127,11.209051225841538,2025-02
AI4free/t2,2025-02-27,excluded,7613000000.0,11.33461581083953,5.16727937070362,11.363605395688786,2025-02
AIDC-AI/Marco-o1,2025-01-31,chat,7616000000.0,27.639223265636087,15.285695191876112,22.983280368052917,2025-01
Aashraf995/Creative-7B-nerd,2024-12-13,excluded,7616000000.0,29.97819251596781,22.16912024859858,29.202062703187337,2024-12
Aashraf995/Gemma-Evo-10B,2024-12-13,excluded,10159000000.0,34.32632733409121,22.371904357620505,33.84538651443957,2024-12
Aashraf995/Qwen-Evo-7B,2024-12-13,excluded,7616000000.0,30.275058582706105,22.980663108685466,29.7454011570398,2024-12
Aashraf995/QwenStock-14B,2024-12-13,excluded,14766000000.0,37.13002133952593,29.11012088852151,36.38742619957361,2024-12
AbacusResearch/Jallabi-34B,2024-06-27,excluded,34389000000.0,26.18608192071653,19.95175106573569,25.682019736376795,2024-06
Ahdoot/StructuredThinker-v0.3-MoreStructure,2025-01-01,excluded,3397000000.0,23.924082152035727,16.47180974892221,22.65164234140218,2025-01
Ahdoot/Test_StealthThinker,2025-01-05,chat,3086000000.0,22.06904758264274,14.82069761642515,21.302238927531928,2025-01
AicoresSecurity/Cybernet-Sec-3B-R1-V0,2025-02-26,chat,3213000000.0,20.584200054790823,9.676221593758529,20.26473541502475,2025-02
AicoresSecurity/Cybernet-Sec-3B-R1-V0-Coder,2025-02-26,chat,3213000000.0,22.930540293017284,10.569805073108842,22.686642311731887,2025-02
AicoresSecurity/Cybernet-Sec-3B-R1-V1,2025-03-07,chat,3213000000.0,19.9979903395144,9.308859494460087,19.675908247382985,2025-03
AicoresSecurity/Cybernet-Sec-3B-R1-V1.1,2025-03-07,chat,3213000000.0,22.6434068109946,11.32407917304378,22.34438328678032,2025-03
Alepach/notHumpback-M0,2025-01-17,chat,3213000000.0,5.137220097878128,1.1893339890442598,5.658179503870995,2025-01
Alepach/notHumpback-M1,2025-01-17,chat,3213000000.0,4.779297887614574,1.752706295467563,5.390806483677673,2025-01
Alepach/notHumpback-M1-v2,2025-01-19,chat,3213000000.0,5.206724746715221,1.2975363409523908,5.0729316759841065,2025-01
Alibaba-NLP/gte-Qwen2-7B-instruct,2024-08-05,chat,7613000000.0,13.834176058521932,9.00309770830471,13.360279146704684,2024-08
Alsebay/Qwen2.5-7B-test-novelist,2024-12-12,chat,7616000000.0,27.172849099811742,17.947832011207094,25.73979586436714,2024-12
Amaorynho/BBAI2006,2025-02-27,excluded,1090000000.0,3.4638352160730896,1.4999717635098875,3.7220602435934196,2025-02
Amaorynho/BBAI270V4,2025-02-26,excluded,7616000000.0,4.549298117195413,1.480868373304047,4.598712676686794,2025-02
Amaorynho/BBAIIFEV1,2025-03-01,excluded,8029999999.999999,30.577013862416408,17.070761073644217,30.280284050119437,2025-03
Amaorynho/BBAI_375,2025-02-27,excluded,1090000000.0,3.4638352160730896,1.4999717635098875,3.7220602435934196,2025-02
Amu/t1-1.5B,2025-03-08,chat,1777000000.0,12.141383312461109,5.956134100863738,12.011698664099372,2025-03
Amu/t1-3B,2025-03-13,chat,3397000000.0,11.160895171582572,4.874123752426494,11.076714807133548,2025-03
ArliAI/ArliAI-RPMax-12B-v1.1,2024-09-05,chat,12248000000.0,20.9763399120862,11.421363916688938,20.348940364500166,2024-09
ArliAI/Llama-3.1-8B-ArliAI-RPMax-v1.1,2024-09-19,chat,8029999999.999999,23.942143268323218,12.333227858422488,23.450120782470112,2024-09
Arthur-LAGACHERIE/Precis-1B-Instruct,2025-01-19,chat,1236000000.0,8.848710962428209,2.700538473595838,8.740394983665183,2025-01
Artples/L-MChat-7b,2024-07-07,excluded,7242000000.0,21.238493444242582,11.646435043084907,20.785019787628283,2024-07
Artples/L-MChat-Small,2024-07-07,excluded,2780000000.0,15.23132798262929,9.02177059579568,14.824798584997732,2024-07
Aryanne/QwentileSwap,2025-02-05,excluded,32764000000.000004,43.91650770857709,32.720196563513746,43.3870454658969,2025-02
Aryanne/SHBA,2025-01-11,excluded,8029999999.999999,29.875548231649606,16.841710630597,29.588777262635734,2025-01
Aryanne/SuperHeart,2024-09-23,excluded,8029999999.999999,25.55719928277682,16.66772101969186,24.955293455929862,2024-09
AtAndDev/Qwen2.5-1.5B-continuous-learnt,2024-10-13,chat,1544000000.0,16.518524239214223,8.481270152241576,16.38664879406711,2024-10
Ateron/Glowing-Forest-12B,2025-03-06,excluded,12248000000.0,22.612024614962053,16.29731652023966,22.29670357762828,2025-03
Ateron/Lotus-Magpic,2025-03-05,excluded,12248000000.0,25.49856357813722,14.800765043078771,25.430507445178037,2025-03
Ateron/Way_of_MagPicaro,2025-03-05,excluded,12248000000.0,20.630569141650984,16.171897080139814,20.424646108642854,2025-03
AuraIndustries/Aura-4B,2024-12-13,chat,4513000000.0,16.063480369846303,9.713732743708126,15.889334077018082,2024-12
AuraIndustries/Aura-8B,2024-12-10,chat,8029999999.999999,27.363297533889394,15.119758298819603,27.098272914960408,2024-12
AuraIndustries/Aura-MoE-2x4B,2024-12-14,chat,7231000000.0,16.79797839924053,8.979954190255468,16.651618964392952,2024-12
AuraIndustries/Aura-MoE-2x4B-v2,2024-12-15,chat,7231000000.0,17.515881576703762,9.791007986956908,17.46660024670415,2024-12
Aurel9/testmerge-7b,2024-11-16,excluded,7242000000.0,20.96930213435916,14.042900609124901,21.00754124744942,2024-11
Ayush-Singh/Llama1B-sft-2,2025-02-05,chat,1236000000.0,3.169322945076769,0.9614295182356976,3.2628508163824184,2025-02
Azure99/Blossom-V6-14B,2025-01-30,chat,14770000000.0,32.80581546858162,14.603704409743754,25.287337335346667,2025-01
Azure99/Blossom-V6-7B,2025-01-30,chat,7616000000.0,31.04565038906736,16.051673119108866,24.492932424659,2025-01
Azure99/blossom-v5-32b,2024-09-21,chat,32512000000.0,27.724659940062114,16.609354862326892,26.076428730281908,2024-09
Azure99/blossom-v5-llama3-8b,2024-09-21,chat,8029999999.999999,14.598962808998438,7.130430806882641,14.327848683107764,2024-09
Azure99/blossom-v5.1-34b,2024-07-27,chat,34389000000.0,30.29868169090017,17.714887738669972,28.067883178887378,2024-07
Azure99/blossom-v5.1-9b,2024-07-24,chat,8829000000.0,26.470194407631528,15.975340199739934,24.460611083376783,2024-07
BAAI/Gemma2-9B-IT-Simpo-Infinity-Preference,2024-09-05,chat,9242000000.0,22.607935619579848,15.852296655412307,20.964604844493735,2024-09
BAAI/Infinity-Instruct-3M-0613-Llama3-70B,2024-06-28,chat,70554000000.0,35.578242909223654,23.5387051118275,34.392405704021314,2024-06
BAAI/Infinity-Instruct-3M-0613-Mistral-7B,2024-06-27,chat,7242000000.0,22.29353000800769,12.838023353936526,21.953813792109113,2024-06
BAAI/Infinity-Instruct-3M-0625-Llama3-70B,2024-08-30,chat,70554000000.0,36.91009196843762,23.533334587121065,35.60458002670143,2024-08
BAAI/Infinity-Instruct-3M-0625-Llama3-8B,2024-07-13,chat,8029999999.999999,22.06253195877917,10.841018283197323,21.32352041048729,2024-07
BAAI/Infinity-Instruct-3M-0625-Mistral-7B,2024-08-05,chat,7242000000.0,22.843425216048672,12.559782419247492,22.556045476522275,2024-08
BAAI/Infinity-Instruct-3M-0625-Qwen2-7B,2024-08-05,chat,7616000000.0,26.199808011295485,14.358953824845289,23.762752359680274,2024-08
BAAI/Infinity-Instruct-3M-0625-Yi-1.5-9B,2024-08-05,chat,8829000000.0,28.14496041142372,19.52678779215642,27.755322307154678,2024-08
BAAI/Infinity-Instruct-7M-0729-Llama3_1-8B,2024-08-05,chat,8029999999.999999,23.447423677135685,11.93668931585207,22.77800631516731,2024-08
BAAI/Infinity-Instruct-7M-0729-mistral-7B,2024-08-05,chat,7242000000.0,23.21644934658775,12.396009535139083,22.731513886250454,2024-08
BAAI/Infinity-Instruct-7M-Gen-Llama3_1-70B,2024-09-26,chat,70554000000.0,37.48445364047765,24.632119018141,36.55242653243792,2024-09
BAAI/Infinity-Instruct-7M-Gen-Llama3_1-8B,2024-08-29,chat,8029999999.999999,23.447423677135685,11.93668931585207,22.77800631516731,2024-08
BAAI/Infinity-Instruct-7M-Gen-mistral-7B,2024-08-29,chat,7242000000.0,23.191053766563783,12.396009535139083,22.70611830622649,2024-08
BAAI/OPI-Llama-3.1-8B-Instruct,2024-09-21,chat,8029999999.999999,8.531604396997649,5.36255419323911,8.196442344446142,2024-09
BEE-spoke-data/Meta-Llama-3-8Bee,2024-07-04,chat,8029999999.999999,14.657811877680324,11.017248707436321,14.25153611126316,2024-07
BEE-spoke-data/smol_llama-101M-GQA,2024-07-06,base,101000000.0,4.019599868138451,1.6792845022943803,3.936109883697515,2024-07
BEE-spoke-data/smol_llama-220M-GQA,2024-06-26,base,218000000.0,6.577800964187134,2.5713584867773047,6.4289345261285655,2024-06
BEE-spoke-data/smol_llama-220M-GQA-fineweb_edu,2024-06-26,base,218000000.0,6.629850832257909,3.4929542617541562,6.5474649519994506,2024-06
BEE-spoke-data/smol_llama-220M-openhermes,2024-09-21,chat,218000000.0,4.938005238605682,2.2440026616719773,4.753467202142481,2024-09
BEE-spoke-data/tFINE-900m-e16-d32-flan,2024-09-13,chat,887000000.0,4.597533011984676,2.0142081429163263,4.433887493354264,2024-09
BEE-spoke-data/tFINE-900m-e16-d32-flan-infinity-instruct-7m-T2T_en-1024,2024-09-14,chat,887000000.0,5.999886320692095,4.036670987806888,5.8692273463107885,2024-09
BEE-spoke-data/tFINE-900m-e16-d32-instruct_2e,2024-09-22,chat,887000000.0,5.908138429401099,3.6299480230088323,5.7031324051226955,2024-09
BEE-spoke-data/tFINE-900m-instruct-orpo,2024-09-23,chat,887000000.0,3.69630792495429,1.4186710370261764,3.6466314933166593,2024-09
BSC-LT/salamandra-7b,2024-11-22,base,7768000000.0,5.704911444345451,2.962578780539374,5.663159313585477,2024-11
BSC-LT/salamandra-7b-instruct,2024-11-22,base,7768000000.0,10.181243697003833,5.886522780852181,10.091138644722822,2024-11
Ba2han/Llama-Phi-3_DoRA,2024-06-26,chat,3821000000.0,25.4698950011544,16.048345205733117,24.884617470931687,2024-06
Baptiste-HUVELLE-10/LeTriomphant2.2_ECE_iLAB,2025-02-28,excluded,72706000000.0,41.30426754456703,34.53723530599319,41.078366120369175,2025-02
BenevolenceMessiah/Qwen2.5-72B-2x-Instruct-TIES-v1.0,2024-11-24,excluded,72700000000.0,42.26732013588396,25.64926491438637,33.93023921322496,2024-11
BenevolenceMessiah/Yi-Coder-9B-Chat-Instruct-TIES-MoE-v1.0,2024-09-22,excluded,28309000000.0,15.07109165755061,9.76163296029534,15.050260804617913,2024-09
BlackBeenie/Bloslain-8B-v0.2,2024-11-19,excluded,8029999999.999999,23.803914231544336,15.206990025295312,23.473177905766825,2024-11
BlackBeenie/Llama-3.1-8B-OpenO1-SFT-v0.1,2024-12-29,chat,8029999999.999999,21.4004099666704,11.681326910968869,20.777562114133474,2024-12
BlackBeenie/Llama-3.1-8B-pythonic-passthrough-merge,2024-11-06,excluded,20245000000.0,7.3995789368526035,3.188285070016055,7.28887581438562,2024-11
BlackBeenie/Neos-Gemma-2-9b,2024-11-11,chat,9242000000.0,25.475663495967385,15.467650258966076,24.81117027078271,2024-11
BlackBeenie/Neos-Llama-3.1-8B,2024-11-12,chat,8029999999.999999,19.51217705998031,11.278650022309359,19.212679192967205,2024-11
BlackBeenie/Neos-Llama-3.1-base,2024-11-11,chat,4650000000.0,3.968794754491314,1.0682663397152117,3.9755780946079877,2024-11
BlackBeenie/Neos-Phi-3-14B-v0.1,2024-11-27,chat,13960000000.0,27.03230678365464,19.01600045001865,26.417142199421622,2024-11
BlackBeenie/llama-3-luminous-merged,2024-10-11,excluded,8029999999.999999,21.618577268829103,14.517841195519656,21.346944324569616,2024-10
BlackBeenie/llama-3.1-8B-Galore-openassistant-guanaco,2024-10-19,chat,8029999999.999999,18.37421537036845,13.198115894894247,17.855199389908716,2024-10
Bllossom/llama-3.2-Korean-Bllossom-AICA-5B,2024-12-16,chat,5199000000.0,19.01285199149148,9.544618415497787,17.97627766390993,2024-12
BoltMonkey/DreadMix,2024-10-13,excluded,8029999999.999999,28.76173172145654,16.185251148516894,28.150613094866518,2024-10
BoltMonkey/NeuralDaredevil-SuperNova-Lite-7B-DARETIES-abliterated,2024-10-10,excluded,8029999999.999999,27.776634015071924,13.768943292527977,21.04985949133951,2024-10
BoltMonkey/SuperNeuralDreadDevil-8b,2024-10-13,excluded,8029999999.999999,27.11105496878025,14.272733189678128,27.204788387106532,2024-10
BrainWave-ML/llama3.2-3B-maths-orpo,2024-10-24,chat,3000000000.0,5.07608283209792,1.7115042778671665,5.106990003198976,2024-10
BramVanroy/GEITje-7B-ultra,2024-10-28,chat,7242000000.0,11.02289881921654,4.816455648770037,10.86370912143004,2024-10
BramVanroy/fietje-2,2024-10-28,base,2780000000.0,9.140300477810824,5.528684272776784,9.105448173628448,2024-10
BramVanroy/fietje-2-chat,2024-10-28,chat,2775000000.0,10.615455210257904,5.154830867620079,10.43136830371175,2024-10
BramVanroy/fietje-2-instruct,2024-10-28,chat,2775000000.0,10.48571837435655,5.198819416616279,10.188828445986116,2024-10
CYFRAGOVPL/Llama-PLLuM-8B-base,2025-02-28,base,8029999999.999999,14.51887667865397,9.821630006183828,14.56572063270038,2025-02
CYFRAGOVPL/Llama-PLLuM-8B-chat,2025-02-28,chat,8029999999.999999,14.61481701543444,9.463450029869792,14.637896797751962,2025-02
CYFRAGOVPL/PLLuM-12B-base,2025-02-28,base,12248000000.0,14.667469455106152,10.249241425155684,14.606438379145125,2025-02
CYFRAGOVPL/PLLuM-12B-chat,2025-02-28,chat,12248000000.0,15.34838688249824,10.740772755169122,15.500495369208355,2025-02
CYFRAGOVPL/PLLuM-12B-nc-base,2025-02-28,base,12248000000.0,11.421222164941392,7.577768118297912,11.383986042869223,2025-02
CYFRAGOVPL/PLLuM-12B-nc-chat,2025-02-28,chat,12248000000.0,14.598342751082509,10.688279805861885,14.764100756921353,2025-02
CarrotAI/Llama-3.2-Rabbit-Ko-3B-Instruct,2024-12-20,chat,3213000000.0,23.50945092474288,8.404460825975718,20.52282388667602,2024-12
CarrotAI/Llama-3.2-Rabbit-Ko-3B-Instruct-2412,2024-12-19,chat,3213000000.0,20.301755342918195,12.352445300827082,19.8062356854797,2024-12
Casual-Autopsy/L3-Umbral-Mind-RP-v2.0-8B,2024-07-02,excluded,8029999999.999999,25.899338809216697,13.78611536885184,25.55116771212958,2024-07
CausalLM/14B,2024-06-12,chat,14000000000.0,17.235580154596317,12.354656673279738,16.497761518866692,2024-06
CausalLM/34b-beta,2024-06-26,chat,34389000000.0,23.29783304542188,18.59751318772832,23.10345660067462,2024-06
CausalLM/preview-1-hf,2025-01-26,chat,9543000000.0,16.706753161023286,8.023599212848442,16.44515583863079,2025-01
Changgil/K2S3-14b-v0.2,2024-06-27,chat,14352000000.0,15.275784761251336,9.415034763731736,15.12676274858014,2024-06
Changgil/K2S3-v0.1,2024-06-27,chat,14352000000.0,14.839283995827836,8.989077729855431,14.748576223895803,2024-06
ClaudioItaly/Albacus,2024-09-08,excluded,8987000000.0,20.505574062384014,12.196010577575551,20.329389712623396,2024-09
ClaudioItaly/Book-Gut12B,2024-09-17,excluded,12248000000.0,23.39409811229197,16.476821881629654,23.107830264573046,2024-09
ClaudioItaly/Evolutionstory-7B-v2.2,2024-09-01,excluded,7242000000.0,20.810835332574907,12.240382232782746,20.603511892139473,2024-09
ClaudioItaly/intelligence-cod-rag-7b-v3,2024-12-02,chat,7616000000.0,31.836966345244434,15.816824242052444,27.043908832807546,2024-12
CohereForAI/aya-23-35B,2024-06-12,chat,34981000000.0,24.75540844693965,13.619982919692704,24.566195624210756,2024-06
CohereForAI/aya-23-8B,2024-06-12,chat,8028000000.0,16.010983148168723,8.179144621160962,15.860538750391825,2024-06
CohereForAI/aya-expanse-32b,2024-10-24,chat,32296000000.0,29.71851012657705,16.97158035474974,29.267878134675907,2024-10
CohereForAI/aya-expanse-8b,2024-10-24,chat,8028000000.0,22.406573697993498,10.998038720097778,21.83458975694322,2024-10
CohereForAI/c4ai-command-r-plus,2024-06-13,chat,103811000000.0,30.936070612618508,17.990191182258524,30.769997530053317,2024-06
CohereForAI/c4ai-command-r-plus-08-2024,2024-09-19,chat,103811000000.0,33.647474595578004,21.18131506557922,33.1910682812954,2024-09
CohereForAI/c4ai-command-r-v01,2024-06-13,chat,34981000000.0,25.929031834951832,14.142629444383115,25.332329464381043,2024-06
CohereForAI/c4ai-command-r7b-12-2024,2024-12-20,chat,8028000000.0,31.61752928799648,18.090721914105366,30.782102770533204,2024-12
Columbia-NLP/LION-Gemma-2b-dpo-v1.0,2024-07-04,chat,2506000000.0,11.483994762243412,6.2661781537871635,11.628845436507834,2024-07
Columbia-NLP/LION-Gemma-2b-odpo-v1.0,2024-07-13,chat,2506000000.0,11.897378852943028,6.391225829788659,11.45317074803931,2024-07
Columbia-NLP/LION-Gemma-2b-sft-v1.0,2024-07-04,chat,2506000000.0,12.60325045021582,6.091120494229302,12.304402177197485,2024-07
Columbia-NLP/LION-LLaMA-3-8b-dpo-v1.0,2024-07-04,chat,8029999999.999999,21.78540431507501,13.021551607133153,21.14999510649414,2024-07
Columbia-NLP/LION-LLaMA-3-8b-odpo-v1.0,2024-07-04,chat,8029999999.999999,19.85320809199725,12.52668638387451,19.013990906022595,2024-07
Columbia-NLP/LION-LLaMA-3-8b-sft-v1.0,2024-07-04,chat,8029999999.999999,20.74886229970928,14.025571283999428,20.242705251058094,2024-07
CombinHorizon/Josiefied-abliteratedV4-Qwen2.5-14B-Inst-BaseMerge-TIES,2024-12-07,excluded,14770000000.0,41.765081012881176,19.296221996791136,32.77572869053486,2024-12
CombinHorizon/Rombos-Qwen2.5-7B-Inst-BaseMerge-TIES,2024-10-29,excluded,7616000000.0,35.36673047341537,14.839994613943649,27.16707228676772,2024-10
CombinHorizon/YiSM-blossom5.1-34B-SLERP,2024-08-27,excluded,34389000000.0,31.37993020523676,22.76833026190184,30.913391088721337,2024-08
CombinHorizon/huihui-ai-abliterated-Qwen2.5-32B-Inst-BaseMerge-TIES,2024-12-07,excluded,32764000000.000004,45.6578470977455,23.150733674500454,35.72496945682318,2024-12
CombinHorizon/huihui-ai-abliteratedV2-Qwen2.5-14B-Inst-BaseMerge-TIES,2024-12-07,excluded,14770000000.0,41.46621085774212,18.600776649233726,32.17804369280022,2024-12
CombinHorizon/zetasepic-abliteratedV2-Qwen2.5-32B-Inst-BaseMerge-TIES,2024-12-20,excluded,32764000000.000004,46.76362120574333,24.4498271638858,37.017671998962584,2024-12
ContactDoctor/Bio-Medical-3B-CoT-012025,2025-01-15,chat,3085000000.0,18.73071055946323,11.066872360111152,16.639525543285814,2025-01
ContactDoctor/Bio-Medical-Llama-3-8B,2024-12-24,chat,4014999999.9999995,19.91745266981443,12.39263839775553,19.7654162469329,2024-12
CoolSpring/Qwen2-0.5B-Abyme,2024-09-04,chat,494000000.0,4.999994251217356,1.744930232062681,4.936915804849909,2024-09
CoolSpring/Qwen2-0.5B-Abyme-merge2,2024-07-27,excluded,630000000.0,6.320258162859158,2.8226195850612172,6.032104097563074,2024-07
CoolSpring/Qwen2-0.5B-Abyme-merge3,2024-07-27,excluded,630000000.0,6.8201960830112,2.577607689343267,6.626802635637996,2024-07
Corianas/Neural-Mistral-7B,2024-12-06,chat,7242000000.0,18.2004385677184,8.676865452081078,18.10439559683654,2024-12
Corianas/Quokka_2.7b,2024-12-05,chat,2786000000.0,4.995249580966088,1.9656747958741208,4.960679688637016,2024-12
Corianas/llama-3-reactor,2024-07-23,chat,,13.99546972704566,10.035090296961393,13.954021587566325,2024-07
CortexLM/btlm-7b-base-v0.2,2024-06-26,base,6885000000.0,8.920254930681883,6.354202916590225,9.007932788649608,2024-06
Cran-May/SCE-2-24B,2025-02-04,chat,23572000000.0,31.951539780759408,22.56241884141143,31.909264601780592,2025-02
Cran-May/SCE-3-24B,2025-02-04,chat,23572000000.0,30.620429636223,21.594755624645174,30.318342056548108,2025-02
Cran-May/T.E-8.1,2024-09-29,chat,7616000000.0,35.699515240521414,17.891448087773075,29.036039631132976,2024-09
Cran-May/merge_model_20250308_2,2025-03-08,excluded,14766000000.0,40.25753367174487,31.63315170702754,39.94384678661794,2025-03
Cran-May/merge_model_20250308_3,2025-03-08,excluded,14766000000.0,33.22959855955027,23.87230264716989,33.03890440212681,2025-03
Cran-May/merge_model_20250308_4,2025-03-08,excluded,14766000000.0,37.569693940140574,30.903500824896962,37.11156020992645,2025-03
Cran-May/tempmotacilla-cinerea-0308,2025-03-09,chat,14766000000.0,43.6405549503723,30.868794537718543,38.7867332291301,2025-03
CreitinGameplays/Llama-3.1-8B-R1-v0.1,2025-03-10,chat,8029999999.999999,10.034841772545372,4.465353468781103,9.742139540064526,2025-03
CultriX/Qwen2.5-14B-Broca,2024-12-23,excluded,14766000000.0,37.92450077102951,28.99470995330285,37.20759281702761,2024-12
CultriX/Qwen2.5-14B-BrocaV9,2025-01-10,excluded,14766000000.0,39.25874716685152,26.978811642899668,37.3070578460169,2025-01
CultriX/Qwen2.5-14B-Brocav3,2024-12-23,excluded,14766000000.0,39.84683205575066,28.02341125905641,38.474094150932444,2024-12
CultriX/Qwen2.5-14B-Brocav6,2024-12-23,excluded,14766000000.0,39.840730335689976,27.422663689383224,37.944761184761454,2024-12
CultriX/Qwen2.5-14B-Brocav7,2024-12-23,chat,14766000000.0,39.61737991043984,27.930996111013208,38.086636249485096,2024-12
CultriX/Qwen2.5-14B-Emerged,2024-12-19,excluded,14766000000.0,37.95214334488745,26.66158617086689,37.15421634604724,2024-12
CultriX/Qwen2.5-14B-Emergedv3,2024-12-21,excluded,14766000000.0,38.65629185173199,25.40506870439838,34.738945629204196,2024-12
CultriX/Qwen2.5-14B-FinalMerge,2024-12-23,excluded,14766000000.0,32.23626965408581,21.132674509922595,28.118116589312486,2024-12
CultriX/Qwen2.5-14B-Hyper,2025-01-19,excluded,14766000000.0,37.76193504060264,29.272542495101412,37.0764484940073,2025-01
CultriX/Qwen2.5-14B-HyperMarck-dl,2025-02-16,excluded,14766000000.0,39.89416756441815,30.398275229554493,39.453847129097845,2025-02
CultriX/Qwen2.5-14B-Hyperionv3,2025-01-19,excluded,14766000000.0,39.76212059640138,28.75298567004837,39.02657552807855,2025-01
CultriX/Qwen2.5-14B-Hyperionv4,2025-01-19,excluded,14766000000.0,37.67001853618524,28.914815389414844,36.938933976286634,2025-01
CultriX/Qwen2.5-14B-Hyperionv5,2025-01-19,excluded,14766000000.0,39.72496970046036,28.17658350492156,38.027500891280816,2025-01
CultriX/Qwen2.5-14B-MegaMerge-pt2,2024-10-25,excluded,14766000000.0,38.79652976123104,27.857557678110524,36.263394899512086,2024-10
CultriX/Qwen2.5-14B-MergeStock,2024-10-24,excluded,14766000000.0,38.74423639967271,28.002596958381464,36.351821336675414,2024-10
CultriX/Qwen2.5-14B-ReasoningMerge,2025-02-18,excluded,14766000000.0,40.64588590091172,34.993077859438685,40.3622709887936,2025-02
CultriX/Qwen2.5-14B-Ultimav2,2025-02-05,excluded,14766000000.0,38.835600416037856,30.561243716478405,38.304804205742286,2025-02
CultriX/Qwen2.5-14B-Unity,2024-12-21,excluded,14766000000.0,38.29922923584618,23.553915405155166,33.591026981926305,2024-12
CultriX/Qwen2.5-14B-Wernicke,2024-10-22,excluded,14770000000.0,37.94335063991926,28.55257077012365,36.186079210894164,2024-10
CultriX/Qwen2.5-14B-Wernicke-SFT,2024-11-17,chat,14770000000.0,33.549511791224056,25.223612556993942,32.89534089705571,2024-11
CultriX/Qwen2.5-14B-Wernicke-SLERP,2024-10-25,excluded,14491000000.0,36.5436519453458,21.74259610588863,30.601730863555527,2024-10
CultriX/Qwen2.5-14B-Wernickev3,2024-12-19,excluded,14766000000.0,38.38114202702078,27.199472798531765,37.51344029005448,2024-12
CultriX/Qwen2.5-14B-partialmergept1,2025-01-19,excluded,14766000000.0,39.10871735916122,25.191165948537453,34.584029836113274,2025-01
CultriX/Qwenfinity-2.5-14B,2024-12-23,excluded,14766000000.0,32.322008098684286,21.068132730698146,28.118081333502527,2024-12
CultriX/Qwestion-14B,2024-11-23,excluded,14766000000.0,38.54922603408469,27.94683595573814,37.18643605152863,2024-11
CultriX/SeQwence-14B,2024-11-20,chat,14766000000.0,36.886272868734814,28.276483013700073,36.159461273957746,2024-11
CultriX/SeQwence-14B-EvolMerge,2024-11-27,excluded,14766000000.0,38.018640895247245,29.108173805995207,36.78351514769204,2024-11
CultriX/SeQwence-14B-EvolMergev1,2024-11-27,excluded,14766000000.0,38.4634621004166,28.24784623509265,36.45903060888038,2024-11
CultriX/SeQwence-14B-v5,2024-11-18,excluded,14766000000.0,37.60854208566567,27.909980735058276,36.80751731504087,2024-11
CultriX/SeQwence-14Bv1,2024-11-27,excluded,14766000000.0,38.625628460880606,28.030299360436373,37.800061543405846,2024-11
CultriX/SeQwence-14Bv2,2024-12-08,excluded,14766000000.0,38.74007503457753,25.644845489700895,34.16685921196867,2024-12
CultriX/SeQwence-14Bv3,2024-11-27,excluded,14766000000.0,38.665815540663296,25.756422530252166,34.21913703687781,2024-11
DRXD1000/Atlas-7B,2024-12-10,chat,7768000000.0,8.78657746420255,2.0974169223917976,8.496856896710348,2024-12
DRXD1000/Phoenix-7B,2024-12-11,chat,7242000000.0,12.420154178714036,6.755133277801647,12.18497067471482,2024-12
DUAL-GPO/zephyr-7b-ipo-0k-15k-i1,2024-09-22,chat,14483000000.0,15.492947659683166,10.778573824563722,15.357897034336418,2024-09
DZgas/GIGABATEMAN-7B,2024-09-15,excluded,7242000000.0,20.47146897335566,12.252218673611033,20.34087209706311,2024-09
Daemontatox/AetherDrake-SFT,2024-12-25,chat,8029999999.999999,22.91796073644076,15.264082665322737,22.820169041887915,2024-12
Daemontatox/AetherSett,2024-12-30,chat,7616000000.0,31.420122512312307,22.109675166115608,29.83901064890243,2024-12
Daemontatox/AetherTOT,2024-12-28,chat,10670000000.0,23.178825097337903,15.892316230308564,22.971137428726887,2024-12
Daemontatox/AetherUncensored,2025-01-09,chat,8029999999.999999,18.37486391721989,10.071476781736257,16.9087193461186,2025-01
Daemontatox/Cogito-MIS,2025-02-18,chat,23572000000.0,11.081961864729385,6.786458842271329,10.967002110953041,2025-02
Daemontatox/CogitoDistil,2025-01-22,chat,7616000000.0,17.180474194347855,8.074111359522167,12.210415659911963,2025-01
Daemontatox/CogitoZ,2025-02-13,chat,32764000000.000004,39.383291042826805,33.274262374963456,38.05947505758062,2025-02
Daemontatox/CogitoZ14,2025-01-07,chat,14770000000.0,34.383430079600444,19.50082447103196,30.657946466517377,2025-01
Daemontatox/DocumentCogito,2025-01-16,excluded,10670000000.0,24.220439046588428,15.7423001951285,23.892287144145733,2025-01
Daemontatox/Llama3.3-70B-CogniLink,2025-03-02,chat,70554000000.0,42.77471354959223,31.656040009186782,41.82895112707651,2025-03
Daemontatox/Llama_cot,2025-03-09,excluded,10670000000.0,27.115741618463783,14.039925969964068,26.800884845091023,2025-03
Daemontatox/MawaredT1,2025-01-02,chat,7616000000.0,29.23129822157277,21.2814138531161,26.55804019453437,2025-01
Daemontatox/Mini_QwQ,2025-01-16,chat,7616000000.0,30.832499483820992,22.29246728245558,28.488559037537904,2025-01
Daemontatox/NemoR,2024-12-31,chat,6124000000.0,18.07399800099431,14.355112553053557,17.964722014256797,2024-12
Daemontatox/PathFinderAI2.0,2025-01-21,chat,32764000000.000004,36.25665231066442,33.2222348821501,37.946278295439875,2025-01
Daemontatox/PathFinderAi3.0,2025-01-21,chat,32764000000.000004,40.45869427281298,34.82633975106732,39.80527018240216,2025-01
Daemontatox/PathfinderAI,2024-12-25,chat,32764000000.000004,38.13131352504058,33.48917116967321,37.82906894279826,2024-12
Daemontatox/Phi-4-COT,2025-01-11,chat,14660000000.0,26.128818323637788,22.521127281152346,25.278969812227807,2025-01
Daemontatox/PixelParse_AI,2024-12-29,excluded,10670000000.0,22.92506088584278,15.683189018089319,22.743327539864712,2024-12
Daemontatox/RA2.0,2025-01-01,chat,7616000000.0,23.232562711526068,16.434726422007813,22.214378399031027,2025-01
Daemontatox/RA_Reasoner,2024-12-25,chat,10306000000.0,29.20800259079704,20.172915860659447,28.859922727081127,2024-12
Daemontatox/RA_Reasoner2.0,2024-12-29,chat,10306000000.0,29.039667218867848,20.17028368888531,28.635020063236606,2024-12
Daemontatox/ReasonTest,2024-12-31,chat,3808000000.0,25.858232794071,18.830132734206252,24.814425541338622,2024-12
Daemontatox/Research_PathfinderAI,2025-02-21,chat,1777000000.0,9.365878628802648,3.8709381930131515,9.370574983813446,2025-02
Daemontatox/SphinX,2024-12-31,chat,7616000000.0,29.87478015820759,19.817565901833987,28.607371626463163,2024-12
Daemontatox/Sphinx2.0,2024-12-30,chat,14770000000.0,37.69418546772203,19.509351072861175,31.390563949431627,2024-12
Daemontatox/TinySphinx,2024-12-31,chat,247000000.0,8.167167127412911,3.266860131546524,7.372956822204476,2024-12
Daemontatox/TinySphinx2.0,2024-12-31,chat,247000000.0,7.583926718324835,3.4485341168315435,7.3940129983569856,2024-12
Daemontatox/Zirel-7B-Math,2025-02-28,chat,7616000000.0,30.97662500003112,20.71482710802059,30.800677447685494,2025-02
Daemontatox/Zirel_1.5,2025-03-04,chat,1544000000.0,14.243506396749902,7.5350038280668965,14.055837629985266,2025-03
Daemontatox/mini-Cogito-R1,2025-02-22,chat,1777000000.0,11.629717650498437,7.546585513663276,11.1491266283349,2025-02
Daemontatox/mini_Pathfinder,2025-01-20,chat,7616000000.0,19.87259516246408,11.225514368765237,15.534893143557706,2025-01
Dampfinchen/Llama-3.1-8B-Ultra-Instruct,2024-08-26,excluded,8029999999.999999,30.15927702188916,14.9989280185968,28.549596943728307,2024-08
Danielbrdz/Barcenas-10b,2025-01-06,chat,10306000000.0,31.87097059768785,20.77301855815889,31.34826108844095,2025-01
Danielbrdz/Barcenas-14b-Phi-3-medium-ORPO,2024-08-13,chat,13960000000.0,31.88950498581046,23.002607762724004,30.463302057710468,2024-08
Danielbrdz/Barcenas-14b-phi-4,2025-01-26,chat,14660000000.0,28.746056207730017,28.66670163897594,28.389824909404155,2025-01
Danielbrdz/Barcenas-14b-phi-4-v2,2025-02-05,chat,14660000000.0,31.447866315089907,27.694566619077676,31.199962001356013,2025-02
Danielbrdz/Barcenas-3b-GRPO,2025-02-08,chat,3213000000.0,20.5654768779582,11.065789808704896,20.091166014971584,2025-02
Danielbrdz/Barcenas-Llama3-8b-ORPO,2024-06-29,chat,8029999999.999999,26.51900505359198,14.405099383557452,26.296299426353727,2024-06
Danielbrdz/Barcenas-R1-Qwen-1.5b,2025-01-26,chat,1777000000.0,15.138858570183295,9.264743733721756,13.11852553048877,2025-01
Dans-DiscountModels/12b-mn-dans-reasoning-test-2,2025-03-07,chat,12248000000.0,15.564777531713789,8.765316257458377,15.47363211699243,2025-03
Dans-DiscountModels/12b-mn-dans-reasoning-test-3,2025-03-10,chat,12248000000.0,19.13127211265294,10.184203861759139,18.93966470650652,2025-03
Dans-DiscountModels/Dans-Instruct-CoreCurriculum-12b-ChatML,2024-09-04,chat,12248000000.0,13.542857676063695,13.863045324694653,14.74543842754798,2024-09
Dans-DiscountModels/Dans-Instruct-Mix-8b-ChatML,2024-09-14,chat,8029999999.999999,13.521356471467334,11.720902472016965,13.177607175231381,2024-09
Dans-DiscountModels/Dans-Instruct-Mix-8b-ChatML-V0.1.0,2024-09-20,chat,8029999999.999999,13.074906766382025,11.335054704049305,12.594008267102774,2024-09
Dans-DiscountModels/Dans-Instruct-Mix-8b-ChatML-V0.1.1,2024-09-23,chat,8029999999.999999,13.349347006636378,11.188823321258042,13.015412929994858,2024-09
Dans-DiscountModels/Dans-Instruct-Mix-8b-ChatML-V0.2.0,2024-09-30,chat,8029999999.999999,19.08185593143887,9.505176517847643,18.41917457196409,2024-09
Dans-DiscountModels/Mistral-7b-v0.3-Test-E0.7,2024-11-15,chat,7000000000.0,19.169864255303853,9.864282603036116,19.1242341390189,2024-11
Dans-DiscountModels/mistral-7b-test-merged,2024-11-30,chat,7000000000.0,22.07333933109492,10.026160299093341,21.68600153981671,2024-11
Darkknight535/OpenCrystal-12B-L3,2024-08-26,excluded,11520000000.0,20.68547638312264,13.425757952626915,20.119238418648887,2024-08
DavidAU/DeepHermes-3-Llama-3-8B-Preview-16.5B-Brainstorm,2025-03-10,chat,16536999999.999998,18.4525815482333,13.122760554766181,18.20912405538808,2025-03
DavidAU/DeepSeek-BlackRoot-R1-Distill-Llama-3.1-8B,2025-03-10,chat,8029999999.999999,19.075555358413183,13.176267282517376,18.954693287517436,2025-03
DavidAU/DeepSeek-Grand-Horror-SMB-R1-Distill-Llama-3.1-16B,2025-03-10,chat,15664000000.0,14.762746148661485,10.398214266181395,14.57469977102808,2025-03
DavidAU/DeepSeek-MOE-4X8B-R1-Distill-Llama-3.1-Deep-Thinker-Uncensored-24B,2025-03-10,chat,24942000000.0,20.033732738998072,13.637277884626457,19.986733838999704,2025-03
DavidAU/DeepSeek-MOE-4X8B-R1-Distill-Llama-3.1-Mad-Scientist-24B,2025-03-10,chat,24942000000.0,18.80531524670597,13.32449830929906,18.60210547279653,2025-03
DavidAU/DeepSeek-R1-Distill-Qwen-25.5B-Brainstorm,2025-03-10,chat,25506000000.0,35.28187768500508,31.717283700560685,34.92365937584392,2025-03
DavidAU/DeepSeek-V2-Grand-Horror-SMB-R1-Distill-Llama-3.1-Uncensored-16.5B,2025-03-10,chat,16536999999.999998,15.169195541253533,10.314194731039288,15.008143262162847,2025-03
DavidAU/DeepThought-MOE-8X3B-R1-Llama-3.2-Reasoning-18B,2025-03-10,chat,18405000000.0,16.128174383829172,9.319975701508493,15.747751853227001,2025-03
DavidAU/Gemma-The-Writer-9B,2025-01-11,excluded,10159000000.0,20.57119536629256,16.70307067442945,19.1039976805708,2025-01
DavidAU/Gemma-The-Writer-DEADLINE-10B,2025-01-11,excluded,10952000000.0,21.6766411356942,16.88763976537175,20.258458701570703,2025-01
DavidAU/Gemma-The-Writer-J.GutenBerg-10B,2025-01-11,excluded,10034000000.0,22.350742726448782,16.915472482215087,21.323486835485344,2025-01
DavidAU/Gemma-The-Writer-Mighty-Sword-9B,2025-01-11,excluded,10159000000.0,32.033823768599724,16.857046231014046,28.871546933193475,2025-01
DavidAU/Gemma-The-Writer-N-Restless-Quill-10B-Uncensored,2025-01-11,excluded,10034000000.0,31.67934579653929,16.499209952657484,27.884653735124097,2025-01
DavidAU/L3-DARKEST-PLANET-16.5B,2025-01-11,excluded,16536999999.999998,24.265056044870743,14.274131301306436,24.41663296086054,2025-01
DavidAU/L3-Dark-Planet-8B,2024-09-12,chat,8029999999.999999,20.46918405625605,13.344981074209016,20.106714088000686,2024-09
DavidAU/L3-Jamet-12.2B-MK.V-Blackroot-Instruct,2024-09-04,chat,12174000000.0,17.857043217965458,11.058382111918815,17.75451945242517,2024-09
DavidAU/L3-Lumimaid-12.2B-v0.1-OAS-Instruct,2024-09-12,chat,12174000000.0,17.831555665481403,11.26712167094585,17.608705257369216,2024-09
DavidAU/L3-SMB-Instruct-12.2B-F32,2024-09-12,chat,12174000000.0,18.90163889043809,11.667347368630647,18.78325337552204,2024-09
DavidAU/L3-Stheno-Maid-Blackroot-Grand-HORROR-16B,2024-09-04,chat,16536999999.999998,17.197491298716887,11.844848080977041,17.12543799539563,2024-09
DavidAU/L3-Stheno-v3.2-12.2B-Instruct,2024-09-12,chat,12174000000.0,18.73968028525321,11.702590430941331,18.64483368598025,2024-09
DavidAU/L3.1-Dark-Planet-SpinFire-Uncensored-8B,2025-01-11,excluded,8029999999.999999,24.710302269160096,12.39249024014264,24.500577133173856,2025-01
DavidAU/L3.1-MOE-2X8B-Deepseek-DeepHermes-e32-uncensored-abliterated-13.7B,2025-03-10,chat,13668000000.0,19.615401464984767,14.508601827374159,19.301869253232265,2025-03
DavidAU/Qwen2.5-MOE-2X1.5B-DeepSeek-Uncensored-Censored-4B,2025-03-10,chat,4089000000.0000005,5.120376565217631,2.4273855973455176,5.166029519156151,2025-03
DavidAU/Qwen2.5-MOE-2X7B-DeepSeek-Abliterated-Censored-19B,2025-03-10,chat,19022000000.0,13.021728019791546,7.809768263523316,12.653905068160334,2025-03
DavidAU/Qwen2.5-MOE-6x1.5B-DeepSeek-Reasoning-e32,2025-03-10,chat,8714000000.0,6.418592963200898,2.580712095557037,6.28264924642517,2025-03
Davidsv/SUONG-1,2025-02-14,excluded,2879000000.0,5.32234226282347,1.3056682676605254,5.369825643640183,2025-02
DavieLion/Llama-3.2-1B-SPIN-iter0,2024-12-29,chat,1236000000.0,3.6238167467938993,1.0630511491496009,3.626829983867539,2024-12
DavieLion/Llama-3.2-1B-SPIN-iter1,2024-12-29,chat,1236000000.0,3.7519748574168585,1.0408561216342327,3.7566177641360445,2024-12
DavieLion/Llama-3.2-1B-SPIN-iter2,2024-12-29,chat,1236000000.0,3.658145708347315,1.2294227661361767,3.625624395044254,2024-12
DavieLion/Llama-3.2-1B-SPIN-iter3,2024-12-29,chat,1236000000.0,3.593140598286666,1.2965303047546721,3.5871546382946438,2024-12
DavieLion/Lllma-3.2-1B,2024-12-27,chat,1236000000.0,3.932331961262434,1.1095993707074798,3.868642084506092,2024-12
DebateLabKIT/Llama-3.1-Argunaut-1-8B-SFT,2025-01-02,chat,8029999999.999999,24.113556306971883,14.02553655272011,23.32791882199823,2025-01
Deci/DeciLM-7B,2024-06-12,base,7044000000.0,15.023477940437225,9.964085313882661,14.826495266385868,2024-06
Deci/DeciLM-7B-instruct,2024-06-12,chat,7044000000.0,17.470092220993035,8.659940208647441,17.22682160236328,2024-06
DeepAutoAI/Explore_Llama-3.1-8B-Inst,2024-10-09,excluded,8029999999.999999,28.926700693431915,15.271612777997703,28.222070440938683,2024-10
DeepAutoAI/Explore_Llama-3.2-1B-Inst,2024-10-09,excluded,1236000000.0,13.897376870733368,4.173945346554808,13.582409456532874,2024-10
DeepAutoAI/Explore_Llama-3.2-1B-Inst_v0,2024-10-08,excluded,1236000000.0,13.359085066778022,3.800580415701191,12.980649271325163,2024-10
DeepAutoAI/Explore_Llama-3.2-1B-Inst_v1,2024-10-08,excluded,1236000000.0,10.921433609301348,2.460081760412821,10.723910647384349,2024-10
DeepAutoAI/Explore_Llama-3.2-1B-Inst_v1.1,2024-10-17,excluded,1236000000.0,14.311829325717667,2.9037439831965393,10.703160595793475,2024-10
DeepAutoAI/causal_gpt2,2024-10-17,excluded,124000000.0,6.032059300937514,3.12157105646325,5.970491986234182,2024-10
DeepAutoAI/d2nwg_Llama-3.1-8B-Instruct-v0.0,2024-09-10,excluded,8029999999.999999,29.33896549450444,14.199522976729087,27.270766764484193,2024-09
DeepAutoAI/d2nwg_causal_gpt2,2024-10-18,excluded,124000000.0,6.305441322097188,3.2870888566628653,6.324044337900664,2024-10
DeepAutoAI/d2nwg_causal_gpt2_v1,2024-10-19,excluded,124000000.0,6.419565742614277,3.3137392087778474,6.417375839967394,2024-10
DeepAutoAI/ldm_soup_Llama-3.1-8B-Inst,2024-10-09,excluded,8029999999.999999,29.85905810866196,14.855230479427844,28.24421766093801,2024-10
DeepAutoAI/ldm_soup_Llama-3.1-8B-Instruct-v0.0,2024-09-15,excluded,8029999999.999999,29.73524433069372,14.764796577965516,27.906003162037646,2024-09
DeepAutoAI/ldm_soup_Llama-3.1-8B-Instruct-v0.1,2024-09-16,excluded,8029999999.999999,29.73524433069372,14.764796577965516,27.906003162037646,2024-09
DeepMount00/Lexora-Lite-3B,2024-10-20,chat,3086000000.0,24.888387400166817,13.118043341334573,22.585288005786456,2024-10
DeepMount00/Lexora-Lite-3B_v2,2025-02-25,chat,3086000000.0,22.690213091300453,14.444242912649354,22.397761741396998,2025-02
DeepMount00/Lexora-Medium-7B,2024-09-24,chat,7616000000.0,25.83719802694387,18.354478841648284,24.441588121164603,2024-09
DeepMount00/Llama-3-8b-Ita,2024-06-27,chat,8029999999.999999,26.7968164089867,14.305978880131962,26.464346325459204,2024-06
DeepMount00/Llama-3.1-8b-ITA,2024-10-28,chat,8029999999.999999,28.228097653849485,15.395303708159155,28.669923690419346,2024-10
DeepMount00/Llama-3.1-8b-Ita,,excluded,0.0,26.26573192518462,17.10181913843193,25.67599304343743,
DeepMount00/Llama-3.1-Distilled,2024-10-25,chat,8029999999.999999,29.631398468956544,15.70076035958315,28.548494995708353,2024-10
DeepMount00/Qwen2-1.5B-Ita,2025-02-28,chat,1544000000.0,16.83176132950784,7.80358456282039,16.648860520532068,2025-02
DeepMount00/Qwen2-1.5B-Ita_v2,2025-03-06,chat,1544000000.0,17.07000871129109,8.470543624230082,16.871294851845406,2025-03
DeepMount00/Qwen2-1.5B-Ita_v3,2025-03-06,chat,1544000000.0,16.948513223691304,8.686021086907969,16.855134912304692,2025-03
DeepMount00/Qwen2-1.5B-Ita_v5,2025-03-10,chat,1544000000.0,17.023240512569227,8.335812901427621,16.777521720911754,2025-03
DeepMount00/Qwen2-1.5B-Ita_v6,2025-03-10,excluded,1497000000.0,14.577672072316156,9.195825741059524,14.313616683717703,2025-03
DeepMount00/Qwen2.5-7B-Instruct-MathCoder,2024-10-24,chat,7616000000.0,4.39690970265251,1.905021664513688,4.391635370180636,2024-10
DeepMount00/mergekit-ties-okvgjfz,2024-10-24,chat,7616000000.0,4.39690970265251,1.9050216645136877,4.391635370180636,2024-10
Delta-Vector/Baldur-8B,2024-10-06,chat,8000000000.0,24.191735720120548,15.730916932916442,23.624909337448248,2024-10
Delta-Vector/Control-8B,2024-11-25,chat,8029999999.999999,25.058025917312307,16.07865355845526,24.98280311886963,2024-11
Delta-Vector/Control-8B-V1.1,2024-11-25,chat,8029999999.999999,24.632508988415825,14.955003887320153,24.489272641785394,2024-11
Delta-Vector/Darkens-8B,2024-10-06,chat,8414000000.0,18.93741540437432,14.49733303893576,18.91073989315934,2024-10
Delta-Vector/Henbane-7b-attempt2,2024-10-11,chat,7000000000.0,23.81394998002872,16.513749761580705,23.098973599614595,2024-10
Delta-Vector/Odin-9B,2024-10-06,chat,9242000000.0,24.977112692219293,18.266567010678227,24.326615201155512,2024-10
Delta-Vector/Tor-8B,2024-10-06,chat,8414000000.0,18.406879108800087,14.262332998042318,18.37876259174548,2024-10
DevQuasar/DevQuasar-R1-Uncensored-Llama-8B,2025-02-09,excluded,8029999999.999999,26.432648640760963,20.458241284156607,25.89758975931744,2025-02
Dongwei/DeepSeek-R1-Distill-Qwen-7B-GRPO,2025-02-05,chat,7616000000.0,14.996461674248115,5.479610930828191,11.6771835429469,2025-02
DoppelReflEx/L3-8B-R1-WolfCore,2025-02-28,excluded,8029999999.999999,23.481232873269377,17.29491955924601,23.223646622982063,2025-02
DoppelReflEx/L3-8B-R1-WolfCore-V1.5-test,2025-03-01,excluded,8029999999.999999,22.363618284395272,15.71285552251899,22.15445821052486,2025-03
DoppelReflEx/L3-8B-WolfCore,2025-02-28,excluded,8029999999.999999,21.170086506168307,14.29417545368135,21.082792183615176,2025-02
DoppelReflEx/MN-12B-FoxFrame-test,2025-02-06,excluded,12248000000.0,23.221061750775235,15.65323362541383,22.42293578287875,2025-02
DoppelReflEx/MN-12B-FoxFrame2-test,2025-02-08,excluded,12248000000.0,23.639728527998752,16.68914809039205,23.57386402320468,2025-02
DoppelReflEx/MN-12B-FoxFrame3-test,2025-02-08,excluded,12248000000.0,23.94718793396009,17.258232699604925,23.929079465463424,2025-02
DoppelReflEx/MN-12B-Kakigori,2025-01-29,excluded,12248000000.0,21.69773317205639,15.42675023292377,21.390913801101892,2025-01
DoppelReflEx/MN-12B-LilithFrame,2025-01-29,chat,12248000000.0,21.321059817195124,13.457620428308676,20.429926322538357,2025-01
DoppelReflEx/MN-12B-LilithFrame-Experiment-2,2025-01-29,excluded,12248000000.0,21.00209029579248,13.544486099973168,20.165058399980417,2025-01
DoppelReflEx/MN-12B-LilithFrame-Experiment-3,2025-01-29,excluded,12248000000.0,23.13928263244864,16.003264435415325,22.859199235348026,2025-01
DoppelReflEx/MN-12B-LilithFrame-Experiment-4,2025-01-30,excluded,12248000000.0,23.52862068050267,16.753160402659653,22.958667540542717,2025-01
DoppelReflEx/MN-12B-Mimicore-GreenSnake,2025-01-27,excluded,12248000000.0,25.0150134402288,17.310950898524936,24.632394941111624,2025-01
DoppelReflEx/MN-12B-Mimicore-Nocturne,2025-03-09,excluded,12248000000.0,24.06630184974314,17.913667604993208,23.917221007562866,2025-03
DoppelReflEx/MN-12B-Mimicore-Orochi,2025-01-28,excluded,12248000000.0,24.65222284950452,16.821384004842095,24.21058067854408,2025-01
DoppelReflEx/MN-12B-Mimicore-Orochi-v2-Experiment,2025-01-28,excluded,12248000000.0,19.804010674590824,14.69508718879574,18.92459134760968,2025-01
DoppelReflEx/MN-12B-Mimicore-Orochi-v3-Experiment,2025-01-28,excluded,12248000000.0,22.641023288108883,14.989033342320745,21.581621475773076,2025-01
DoppelReflEx/MN-12B-Mimicore-Orochi-v4-Experiment,2025-01-28,excluded,12248000000.0,23.57577520136853,16.245756386574996,23.214829142038383,2025-01
DoppelReflEx/MN-12B-Mimicore-WhiteSnake,2025-01-27,excluded,12248000000.0,25.05856000855185,17.838847700678343,24.709466299622083,2025-01
DoppelReflEx/MN-12B-Mimicore-WhiteSnake-v2-Experiment-1,2025-01-29,excluded,12248000000.0,18.86667946331972,11.750239170604166,17.858063164223424,2025-01
DoppelReflEx/MN-12B-Mimicore-WhiteSnake-v2-Experiment-2,2025-01-29,excluded,12248000000.0,19.42254252989416,14.194005340720562,20.752860991429696,2025-01
DoppelReflEx/MN-12B-Mimicore-WhiteSnake-v2-Experiment-3,2025-01-29,excluded,12248000000.0,19.601520651982582,11.794657907734589,18.600415343193163,2025-01
DoppelReflEx/MN-12B-Mimicore-WhiteSnake-v2-Experiment-4,2025-01-29,excluded,12248000000.0,21.794341198490542,14.194005340720562,20.752860991429696,2025-01
DoppelReflEx/MN-12B-Unleashed-Twilight,2025-02-10,excluded,12248000000.0,22.56427237998545,16.585940796161612,22.371019525338752,2025-02
DoppelReflEx/MN-12B-WolFrame,2025-02-01,excluded,12248000000.0,22.07871968405737,14.449557665641983,21.18521699783819,2025-02
DoppelReflEx/MiniusLight-24B,2025-03-04,excluded,23572000000.0,26.210340083042343,21.66853265935967,25.88262767127722,2025-03
DoppelReflEx/MiniusLight-24B-test,2025-03-04,excluded,23572000000.0,20.83721280671412,19.822773604674403,20.73154789350254,2025-03
DoppelReflEx/MiniusLight-24B-v1b-test,2025-03-04,excluded,23572000000.0,32.3748943419153,25.98574407925906,31.98302703019405,2025-03
DoppelReflEx/MiniusLight-24B-v1c-test,2025-03-04,excluded,23572000000.0,34.40831757695809,28.66562077174546,34.10840106167479,2025-03
DoppelReflEx/MiniusLight-24B-v1d-test,2025-03-07,excluded,23572000000.0,34.681949426054764,28.40521621392011,34.4516422184712,2025-03
DreadPoor/Again-8B-Model_Stock,2024-12-17,excluded,4014999999.9999995,26.00238758465348,14.145526026726321,25.854267355891746,2024-12
DreadPoor/Alita99-8B-LINEAR,2024-11-26,excluded,8029999999.999999,29.392264436250034,17.201817715046445,29.18243170462702,2024-11
DreadPoor/AnotherTest,2025-01-29,excluded,8029999999.999999,19.50517112101721,11.431678484477976,19.092626710114118,2025-01
DreadPoor/Aspire-8B-model_stock,2024-09-17,excluded,8029999999.999999,28.611281691142512,16.271271924230867,28.121011959773256,2024-09
DreadPoor/Aspire_1.3-8B_model-stock,2024-11-01,excluded,8029999999.999999,28.38880221155723,16.555427905121018,28.293560190239248,2024-11
DreadPoor/Aspire_V2-8B-Model_Stock,2025-01-20,excluded,8029999999.999999,29.023157905941588,16.725345033718522,28.839208109003394,2025-01
DreadPoor/Aspire_V2.1-8B-Model_Stock,2025-01-20,excluded,8029999999.999999,28.738387280035045,17.011499364645204,28.608994577547126,2025-01
DreadPoor/Aspire_V2_ALT-8B-Model_Stock,2025-01-20,excluded,8029999999.999999,29.05989321843224,16.828584174401307,28.942557124883482,2025-01
DreadPoor/Aspire_V2_ALT_ROW-8B-Model_Stock,2025-01-20,excluded,8029999999.999999,29.05989321843224,16.828584174401307,28.942557124883482,2025-01
DreadPoor/Aspire_V3-8B-Model_Stock,2025-01-21,excluded,8029999999.999999,25.135023019694938,16.359536070103363,24.915455389877984,2025-01
DreadPoor/Aspire_V4-8B-Model_Stock,2025-01-22,excluded,8029999999.999999,29.36906658031589,16.364645502729726,29.03823720398378,2025-01
DreadPoor/Aspire_V4_ALT-8B-Model_Stock,2025-01-22,excluded,8029999999.999999,29.003526021452984,16.66956469188937,28.83946007237722,2025-01
DreadPoor/Asymmetric_Linearity-8B-Model_Stock,2024-12-20,excluded,4014999999.9999995,29.34813164491316,17.22465647352445,29.121771515799495,2024-12
DreadPoor/Aurora_faustus-8B-LINEAR,2024-09-26,excluded,8029999999.999999,29.619908170064097,17.06467949036673,29.207550231761676,2024-09
DreadPoor/Aurora_faustus-8B-LORABLATED,2024-09-29,excluded,8029999999.999999,29.127203730886404,16.035362124179315,28.718067699928223,2024-09
DreadPoor/Aurora_faustus-8B-LORABLATED_ALT,2024-09-29,excluded,8029999999.999999,29.00968134721205,16.071371210551966,28.556351203062903,2024-09
DreadPoor/Autumn_Dawn-8B-LINEAR,2025-02-01,excluded,8029999999.999999,29.605469000443268,16.938040512239773,29.332069862129124,2025-02
DreadPoor/BaeZel-8B-LINEAR,2024-11-08,excluded,8029999999.999999,30.34681191186813,18.127588245065862,30.171681694954156,2024-11
DreadPoor/BaeZel-8B-Model_Stock,2024-12-29,excluded,8029999999.999999,30.021263046626203,17.06742104871708,29.841327387866105,2024-12
DreadPoor/BaeZel_V2-8B-Model_Stock,2025-01-28,excluded,8029999999.999999,30.020772741913536,16.856911402160957,29.676467152051078,2025-01
DreadPoor/BaeZel_V2_ALT-8B-Model_Stock,2025-01-28,excluded,8029999999.999999,30.020772741913536,16.856911402160957,29.676467152051078,2025-01
DreadPoor/BaeZel_V3-8B-Model_Stock,2025-01-09,excluded,8029999999.999999,30.71919480994485,17.755958077564383,30.56295277545007,2025-01
DreadPoor/Blunt_Edge-8B-SLERP,2025-01-18,excluded,8029999999.999999,29.67747863443424,17.095418159878175,29.44794241810702,2025-01
DreadPoor/BulkUp,2025-01-27,excluded,8029999999.999999,3.7903724081838015,0.909204588813364,3.8649891494672093,2025-01
DreadPoor/Cadence-8B-LINEAR,2025-02-25,excluded,8029999999.999999,29.577499098320445,16.474731262857045,29.345606567945833,2025-02
DreadPoor/Caelid-8B-Model_Stock,2025-01-14,excluded,8029999999.999999,28.396110525383506,15.861546451268632,28.318369304361333,2025-01
DreadPoor/Casuar-9B-Model_Stock,2024-12-21,excluded,9242000000.0,33.631173922201846,20.700664248140875,33.184169545765165,2024-12
DreadPoor/Condensed_Milk-8B-Model_Stock,2024-11-27,excluded,8029999999.999999,30.083171334394155,17.33027201892091,29.8428728180679,2024-11
DreadPoor/CoolerCoder-8B-LINEAR,2024-11-20,excluded,8029999999.999999,19.437537566560177,11.666005947179402,19.372606906486627,2024-11
DreadPoor/Damasteel-8B-LINEAR,2024-11-01,excluded,8029999999.999999,28.97747867481607,16.586424835877022,28.86930005947981,2024-11
DreadPoor/Dearly_Beloved-8B-TIES,2024-11-22,excluded,8029999999.999999,26.286760418026628,12.227495784332003,25.89589713581969,2024-11
DreadPoor/Decayed-8B-LINEAR,2025-02-25,excluded,8029999999.999999,29.71154213470467,16.80795366017018,29.56796152844673,2025-02
DreadPoor/Derivative-8B-Model_Stock,2025-01-03,excluded,8029999999.999999,30.10114939087056,17.25358323188583,29.987434390662653,2025-01
DreadPoor/Derivative_V2-8B-Model_Stock,2025-01-07,excluded,8029999999.999999,29.613500365543217,17.100598789111498,29.453478249896776,2025-01
DreadPoor/Derivative_V2_ALT-8B-Model_Stock,2025-01-07,excluded,8029999999.999999,30.17823315705989,17.404751394385933,30.06339523265527,2025-01
DreadPoor/Derivative_V3-8B-Model_Stock,2025-01-08,excluded,8029999999.999999,26.93055889710345,14.97025359330458,26.841324333703938,2025-01
DreadPoor/Elusive_Dragon_Heart-8B-LINEAR,2024-12-18,excluded,4014999999.9999995,28.65682513548015,16.578105272771936,28.525225716756676,2024-12
DreadPoor/Emu_Eggs-9B-Model_Stock,2024-10-18,excluded,9242000000.0,32.68321529929168,19.902608632315026,32.253547150017404,2024-10
DreadPoor/Eunoia_Vespera-8B-LINEAR,2024-09-22,excluded,8029999999.999999,28.956332369127026,16.433672082047856,28.57516203523604,2024-09
DreadPoor/Fu_sion_HA-8B-SLERP,2025-01-17,excluded,8029999999.999999,29.95901160445741,17.289997390730676,29.783173253826238,2025-01
DreadPoor/HOT_STINKING_GARBAGE,2025-02-03,excluded,8029999999.999999,21.5845732424896,12.017610289889495,21.287802248796815,2025-02
DreadPoor/H_the_eighth-8B-LINEAR,2025-03-06,excluded,8029999999.999999,30.18954140441448,17.939189372520413,30.162495814224034,2025-03
DreadPoor/Happy_New_Year-8B-Model_Stock,2024-12-31,excluded,8029999999.999999,29.722378273097977,16.94442601051656,29.57131180077715,2024-12
DreadPoor/Heart_Stolen-8B-Model_Stock,2024-09-10,excluded,8029999999.999999,29.41103592529093,17.634268357850804,29.2032078919221,2024-09
DreadPoor/Heart_Stolen-ALT-8B-Model_Stock,2024-09-11,excluded,8029999999.999999,27.8678381845889,15.563158217429102,27.569120972104656,2024-09
DreadPoor/Here_We_Go_Again-8B-SLERP,2024-12-31,excluded,4014999999.9999995,30.129656228309155,17.762467196861355,29.96707387217163,2024-12
DreadPoor/Howdy-8B-LINEAR,2025-01-16,excluded,8029999999.999999,29.644826479517462,17.336280507355625,29.419749278000157,2025-01
DreadPoor/Incidental-8B-Model_Stock,2025-01-13,excluded,8029999999.999999,29.5682894801915,16.868569480826707,29.44044149847468,2025-01
DreadPoor/Irina-8B-model_stock,2024-08-30,excluded,8029999999.999999,25.34985665112922,13.792232357933814,25.151901203261563,2024-08
DreadPoor/Kindling-8B-Model_Stock,2025-01-26,excluded,8029999999.999999,29.66229791748307,17.444598865852857,29.472247402419903,2025-01
DreadPoor/L3.1-BaeZel-8B-Della,2024-11-15,excluded,8029999999.999999,26.25567172776485,17.533267082344757,26.0166037479644,2024-11
DreadPoor/Laughing_Stock-8B-Model_Stock,2025-01-27,excluded,8029999999.999999,28.21250433678697,15.942279713597433,27.986218277762347,2025-01
DreadPoor/Lava_Lamp-8B-SLERP,2025-01-18,excluded,8029999999.999999,29.15489302019657,16.91859766880526,29.052277582740665,2025-01
DreadPoor/LemonP-8B-Model_Stock,2025-01-19,excluded,8029999999.999999,30.052497237216315,17.00188314795984,29.8274029268612,2025-01
DreadPoor/Lydia_of_Whiterun-8B-LINEAR,2025-02-26,excluded,8029999999.999999,30.10503527354818,17.64397187838217,30.130434162413955,2025-02
DreadPoor/Matryoshka-8B-LINEAR,2024-12-02,excluded,8029999999.999999,29.825025523646488,17.698164926486335,29.60128056073814,2024-12
DreadPoor/Mercury_In_Retrograde-8b-Model-Stock,2024-12-03,excluded,8029999999.999999,29.2612899751994,17.082250248227286,29.208863876634933,2024-12
DreadPoor/Minthy-8B-Model_Stock,2025-01-26,excluded,8029999999.999999,30.05298886932508,17.221288175406904,29.84560895595485,2025-01
DreadPoor/Minthy_ALT-8B-Model_Stock,2025-01-26,excluded,8029999999.999999,28.422530280387416,16.81688975728613,28.282519986992167,2025-01
DreadPoor/Minthy_V2-8B-Model_Stock,2025-01-26,excluded,8029999999.999999,28.428890431570498,16.260060286736397,28.307963917402912,2025-01
DreadPoor/Minus_Penus-8B-Model_Stock,2025-03-07,excluded,8029999999.999999,29.14247782385972,17.050556631932036,28.855035837977493,2025-03
DreadPoor/Morphing-8B-Model_Stock,2025-01-14,excluded,8029999999.999999,29.281274084097088,16.59724344940572,28.86376815042624,2025-01
DreadPoor/Not_Even_My_Final_Form-8B-Model_Stock,2025-01-14,excluded,8029999999.999999,29.473061853716462,16.517667032013943,29.290160210678636,2025-01
DreadPoor/Nother_One-8B-Model_Stock,2025-01-19,excluded,8029999999.999999,26.07727131376096,14.689482279466823,26.212365345305923,2025-01
DreadPoor/Noxis-8B-LINEAR,2025-03-13,excluded,8029999999.999999,29.287317950959928,18.24227658791694,29.1093160415058,2025-03
DreadPoor/Nullsworn-12B-LINEAR,2025-03-10,excluded,12248000000.0,23.778140361939588,15.998758081949866,23.62254438853989,2025-03
DreadPoor/Nwah-8B-Model_Stock,2025-02-26,excluded,8029999999.999999,29.720182729588192,16.725073189126434,29.573159430645312,2025-02
DreadPoor/ONeil-model_stock-8B,2024-07-15,excluded,8029999999.999999,26.935908369361425,15.167653820127743,26.868641010333288,2024-07
DreadPoor/Oh_Boy-8B-LINEAR,2025-01-29,excluded,8029999999.999999,29.675174242254258,17.178958791644543,29.47486766981331,2025-01
DreadPoor/OrangeJ-8B-Model_Stock,2025-01-21,excluded,8029999999.999999,30.2188791324389,16.638140137160136,29.939994096794997,2025-01
DreadPoor/Promissum_Mane-8B-LINEAR,2024-09-30,excluded,8029999999.999999,29.099649072440133,16.869914634913325,28.68166411350191,2024-09
DreadPoor/Promissum_Mane-8B-LINEAR-lorablated,2024-09-30,excluded,8029999999.999999,28.82332716689665,16.550777755035494,28.483911907150105,2024-09
DreadPoor/RPMash-8B-Model_Stock,2025-01-22,excluded,8029999999.999999,21.700898440005755,13.739955502752482,21.57631270787676,2025-01
DreadPoor/RPMash_V3-8B-Model_Stock,2025-01-25,excluded,8029999999.999999,25.785089599589032,13.840010454754806,25.68705861083156,2025-01
DreadPoor/Rusted_Gold-8B-LINEAR,2025-03-07,excluded,8029999999.999999,29.31884390292816,17.41621051606823,29.10531596667592,2025-03
DreadPoor/Rusted_Platinum-8B-LINEAR,2025-03-06,excluded,8029999999.999999,27.83034980109748,15.830771973152991,27.801379083317855,2025-03
DreadPoor/Rusted_Platinum-8B-Model_Stock,2025-03-06,excluded,8029999999.999999,20.303818181145747,12.301283087722771,20.130008804014288,2025-03
DreadPoor/Sellen-8B-model_stock,2024-08-27,excluded,8029999999.999999,26.387643367541383,13.988679791459626,26.121477817159754,2024-08
DreadPoor/Something-8B-Model_Stock,2025-01-15,excluded,8029999999.999999,25.93310010934314,17.50913369195674,25.698890009226066,2025-01
DreadPoor/Spring_Dusk-8B-SCE,2025-02-02,excluded,8029999999.999999,26.661455778534272,15.365646585685793,26.53675919470749,2025-02
DreadPoor/Summer_Dawn-8B-SCE,2025-02-02,excluded,8029999999.999999,27.707526796543544,16.475970885442166,27.5647017775365,2025-02
DreadPoor/Summer_Dusk-8B-TIES,2025-02-05,excluded,8029999999.999999,25.70113735165475,17.622978348284967,25.5336940423673,2025-02
DreadPoor/Summer_Rain-8B-SCE,2025-02-02,excluded,8029999999.999999,25.516588284918253,15.838621386876909,25.310047933064734,2025-02
DreadPoor/Summer_Rain-8B-TIES,2025-02-02,excluded,8029999999.999999,25.49119270489429,15.838621386876909,25.284652353040766,2025-02
DreadPoor/Sun-8B-Model_Stock,2025-01-27,excluded,8029999999.999999,30.08071455068633,17.093542617386994,29.73360155277771,2025-01
DreadPoor/Sweetened_Condensed_Milk-8B-Model_Stock,2024-11-27,excluded,8029999999.999999,29.56115847933121,16.920130735951286,29.19667149321722,2024-11
DreadPoor/TEST02-Ignore,2025-02-05,excluded,8029999999.999999,24.97786899148115,14.006850706297366,24.832731058871087,2025-02
DreadPoor/TEST03-ignore,2025-02-05,excluded,8029999999.999999,28.440777656618568,16.588319672960086,28.24178730785051,2025-02
DreadPoor/TEST06-ignore,2025-02-07,excluded,8029999999.999999,27.721454908565875,15.533577860023218,27.65330209013407,2025-02
DreadPoor/TEST07-ignore,2025-02-07,excluded,8029999999.999999,29.498717642655507,16.578875049186514,29.197971244544775,2025-02
DreadPoor/TEST08-ignore,2025-02-07,excluded,8029999999.999999,29.66477204531803,16.911465417510772,29.463610865763755,2025-02
DreadPoor/Trinas_Nectar-8B-model_stock,2024-08-27,excluded,8029999999.999999,27.522454161375844,14.85713196754381,27.09688884512206,2024-08
DreadPoor/UNTESTED-VENN_1.2-8B-Model_Stock,2024-12-27,excluded,4014999999.9999995,25.47474271610336,17.618322463582818,25.2790065734806,2024-12
DreadPoor/VENN_1.2-8B-Model_Stock,2024-12-28,excluded,4014999999.9999995,28.85327338885053,16.643850543745753,28.670956136331483,2024-12
DreadPoor/WIP-Acacia-8B-Model_Stock,2024-11-28,excluded,8029999999.999999,26.72381960950896,16.293242084612636,26.49132277435348,2024-11
DreadPoor/WIP_Damascus-8B-TIES,2024-10-29,excluded,8029999999.999999,24.97055556390754,16.748739838113984,24.638947074079272,2024-10
DreadPoor/Wannabe-8B-Model_Stock,2025-01-28,excluded,8029999999.999999,29.111295234622,17.387680218177756,28.9537103761583,2025-01
DreadPoor/What_A_Thrill-8B-Model_Stock,2025-01-16,excluded,8029999999.999999,28.00959961323061,16.18465053101078,27.975140125213915,2025-01
DreadPoor/Winter-8B-SCE,2025-02-02,excluded,8029999999.999999,29.224572446583664,16.738577910877236,29.04010848720461,2025-02
DreadPoor/Winter_Dawn-8B-TIES,2025-02-01,excluded,8029999999.999999,26.79784991005577,17.60764048856145,26.39175935966196,2025-02
DreadPoor/Winter_Dusk-8B-TIES,2025-02-01,excluded,8029999999.999999,24.11123263157222,11.718135236241752,23.906805539133565,2025-02
DreadPoor/Winter_Night-8B-Model_Stock,2025-02-07,excluded,8029999999.999999,27.21635948101721,15.59304036776871,26.903768712663574,2025-02
DreadPoor/Yafune-8B-Model_Stock,2025-02-12,excluded,8029999999.999999,30.104766282389747,17.453072234931337,29.95395000485623,2025-02
DreadPoor/Yearn_V3-8B-Model_Stock,2025-01-25,excluded,8029999999.999999,28.95670005151148,16.761091691368154,28.69874971437163,2025-01
DreadPoor/ZEUS-8B-V17-Abliterated_ALT,2025-01-18,excluded,8029999999.999999,26.25054546511405,17.08187842751797,25.918039181084534,2025-01
DreadPoor/Zelus-8B-Model_Stock,2025-01-15,excluded,8029999999.999999,29.7413869053032,17.04286912344908,29.707401759869036,2025-01
DreadPoor/Zelus_V2-8B-Model_Stock,2025-01-15,excluded,8029999999.999999,30.16449183127745,16.806419991695563,29.863656944037253,2025-01
DreadPoor/felix_dies-mistral-7B-model_stock,2024-09-30,excluded,7242000000.0,18.13959245219531,12.916876475694838,18.189654864336312,2024-09
DreadPoor/hakuchido-8B-MODEL_STOCK,2025-02-27,excluded,8029999999.999999,29.346239826870143,16.891165518654567,29.053428658491836,2025-02
DreadPoor/ichor-8B-Model_Stock,2025-03-03,excluded,8029999999.999999,23.325804130424327,14.515956876512032,23.447471060565384,2025-03
DreadPoor/ichor_1.1-8B-Model_Stock,2025-03-06,excluded,8029999999.999999,30.01706630636859,16.58939759331175,29.85730023010867,2025-03
DreadPoor/inexpertus-8B-Model_Stock,2025-03-07,excluded,8029999999.999999,29.70787002354444,16.69662237465926,29.513565940697077,2025-03
DreadPoor/inexpertus_1.1-8B-LINEAR,2025-03-07,excluded,8029999999.999999,29.60954761227837,16.73187422374738,29.346292870319935,2025-03
DreadPoor/inexpertus_1.2-8B-LINEAR,2025-03-08,excluded,8029999999.999999,28.786491464394853,15.968858450392762,28.499290185152127,2025-03
DreadPoor/mergekit-nuslerp-nqzkedi,2025-01-29,excluded,8029999999.999999,30.29630220229005,17.420870529867923,30.117289572109485,2025-01
DreadPoor/remember_to_breathe-8b-Model-Stock,2024-12-06,excluded,8029999999.999999,28.25652417725776,16.18161730255805,28.06876859149629,2024-12
DreadPoor/test,2025-01-28,excluded,8029999999.999999,24.9529907016386,16.69919517423075,24.61966716907269,2025-01
DreadPoor/test_ALT,2025-01-28,excluded,8029999999.999999,24.26567020016676,15.945346449994421,24.078239341647965,2025-01
DreadPoor/tests_pending-do_not_use_yet,2025-02-04,excluded,8029999999.999999,29.64145994849537,17.01547122726004,29.638014185285382,2025-02
EVA-UNIT-01/EVA-Qwen2.5-14B-v0.2,2024-12-26,chat,14770000000.0,33.81260628765727,27.706168525427856,33.53196621999239,2024-12
EVA-UNIT-01/EVA-Qwen2.5-72B-v0.2,2024-11-27,chat,72706000000.0,44.22159602545703,33.64041277561944,43.40991553357679,2024-11
Edgerunners/meta-llama-3-8b-instruct-hf-ortho-baukit-34fail-3000total-bf16,2025-01-30,chat,8029999999.999999,23.44886681186292,11.342653557671584,23.212007660492542,2025-01
EleutherAI/gpt-j-6b,2024-08-19,base,6000000000.0,6.570411768928537,2.337586775514001,6.647120789164777,2024-08
EleutherAI/gpt-neo-1.3B,2024-06-12,base,1366000000.0,5.391090848825532,1.8957212609836638,5.453149220118617,2024-06
EleutherAI/gpt-neo-125m,2024-08-10,base,150000000.0,4.407321907614049,1.5335481440331282,4.563355218893519,2024-08
EleutherAI/gpt-neo-2.7B,2024-06-12,base,2718000000.0,6.431047800987447,2.247233584958087,6.57633709318491,2024-06
EleutherAI/gpt-neox-20b,2024-06-09,base,20739000000.0,6.1165221524743325,1.6254177922605952,6.117280653223112,2024-06
EleutherAI/pythia-1.4b,2025-01-28,base,1515000000.0,6.008531439497028,2.239013128460115,6.011026645876204,2025-01
EleutherAI/pythia-12b,2024-06-12,base,12000000000.0,6.059841492942702,1.8306135580887186,6.135003474773701,2024-06
EleutherAI/pythia-160m,2024-06-09,base,213000000.0,5.730394616916023,3.1231571655695998,5.716899384307377,2024-06
EleutherAI/pythia-1b,2025-01-27,base,1079000000.0,5.07026822083096,1.3837175710885041,5.0493863302543724,2025-01
EleutherAI/pythia-2.8b,2024-06-12,base,2909000000.0,5.554946281603011,1.9958416540510342,5.612299202840249,2024-06
EleutherAI/pythia-410m,2024-06-09,base,506000000.0,5.227072311484412,1.7323537179593662,5.251519156711005,2024-06
EleutherAI/pythia-6.9b,2024-06-12,base,6900000000.0,5.966546774741993,2.111983757966141,6.017277952282496,2024-06
Enno-Ai/EnnoAi-Pro-French-Llama-3-8B-v0.4,2024-06-30,chat,8031000000.000001,15.68446940398294,8.431103822970396,15.146075151548228,2024-06
Enno-Ai/EnnoAi-Pro-Llama-3-8B,2024-07-08,chat,8031000000.000001,12.51454591188142,7.101764088908275,12.43328978155751,2024-07
Enno-Ai/EnnoAi-Pro-Llama-3-8B-v0.3,2024-06-26,chat,8029999999.999999,18.128287498482543,10.077195456563814,18.014282340203934,2024-06
Enno-Ai/EnnoAi-Pro-Llama-3.1-8B-v0.9,2024-09-06,chat,8029999999.999999,15.575099921155848,8.086068492133712,15.515706295807355,2024-09
EnnoAi/EnnoAi-Pro-Llama-3.1-8B-v1.0,2024-09-06,chat,8029999999.999999,15.600495501179813,7.476210412307155,14.969969795266207,2024-09
Epiculous/Azure_Dusk-v0.2,2024-09-14,chat,12248000000.0,14.239648971826766,8.661666347030062,14.165497036155388,2024-09
Epiculous/Crimson_Dawn-v0.2,2024-09-05,chat,12248000000.0,15.085950749805088,9.745478846513636,14.955474120632712,2024-09
Epiculous/NovaSpark,2024-10-20,chat,8029999999.999999,25.253737990368,13.800330431753277,24.81427294838102,2024-10
Epiculous/Violet_Twilight-v0.2,2024-09-16,excluded,12248000000.0,18.55277348742638,11.38712096409417,18.558605639620453,2024-09
EpistemeAI/Alpaca-Llama3.1-8B,2024-08-13,chat,8000000000.0,13.985046352420849,10.932238969408239,13.676703525969605,2024-08
EpistemeAI/Athena-gemma-2-2b-it,2024-09-06,chat,2000000000.0,14.54609172912029,9.245916924067538,14.355107539896036,2024-09
EpistemeAI/Athena-gemma-2-2b-it-Philos,2024-09-05,chat,2000000000.0,15.663946300399497,7.926617602430125,15.535753271885044,2024-09
EpistemeAI/Athene-codegemma-2-7b-it-alpaca-v1.3,2024-09-06,chat,7000000000.0,17.314021588433324,10.51540823038289,17.10441657686437,2024-09
EpistemeAI/DeepPhi-3.5-mini-instruct,2025-02-28,chat,3821000000.0,3.46432918593773,1.5225348663639846,3.4485960579362955,2025-02
EpistemeAI/DeepThinkers-Phi4,2025-03-01,chat,14660000000.0,39.40710857221479,28.088383335886036,38.928044969628296,2025-03
EpistemeAI/FineLlama3.1-8B-Instruct,2024-08-10,chat,14483000000.0,11.239255981586004,9.451535668734854,11.037996955308664,2024-08
EpistemeAI/Fireball-12B,2024-08-21,chat,12248000000.0,15.534531353358348,11.698723812252938,15.47697833829692,2024-08
EpistemeAI/Fireball-12B-v1.13a-philosophers,2024-09-03,chat,12000000000.0,14.466040850876617,12.630503925389206,14.144322416052816,2024-09
EpistemeAI/Fireball-Alpaca-Llama-3.1-8B-Philos-DPO-200,2024-09-16,chat,8000000000.0,21.12991448262953,12.95088488005324,20.486344265811123,2024-09
EpistemeAI/Fireball-Alpaca-Llama3.1.07-8B-Philos-Math-KTO-beta,2024-09-14,chat,8000000000.0,25.242227896928764,12.629321417341902,25.038767617026913,2024-09
EpistemeAI/Fireball-Alpaca-Llama3.1.08-8B-Philos-C-R2,2024-09-14,chat,8000000000.0,22.550476627240737,14.286280490800774,22.14921013521704,2024-09
EpistemeAI/Fireball-Meta-Llama-3.1-8B-Instruct-0.001-128K-auto,2024-11-15,chat,8000000000.0,21.567361907712467,14.110854399595995,21.333887274113746,2024-11
EpistemeAI/Fireball-Meta-Llama-3.1-8B-Instruct-Agent-0.003-128K,2024-10-05,chat,8000000000.0,20.62716790652169,12.588440007563975,20.20240510519138,2024-10
EpistemeAI/Fireball-Meta-Llama-3.1-8B-Instruct-Agent-0.003-128K-code,2024-10-05,chat,8000000000.0,23.934713958118284,13.243140441036413,23.394727608109417,2024-10
EpistemeAI/Fireball-Meta-Llama-3.1-8B-Instruct-Agent-0.003-128K-code-ds,2024-10-15,chat,8000000000.0,23.14416546279052,11.1995696597035,22.914234812446626,2024-10
EpistemeAI/Fireball-Meta-Llama-3.1-8B-Instruct-Agent-0.003-128K-code-ds-auto,2024-10-29,chat,8029999999.999999,23.74994070118673,11.450683814437616,24.052078011424005,2024-10
EpistemeAI/Fireball-Meta-Llama-3.1-8B-Instruct-Agent-0.004-128K-code-COT,2024-10-11,chat,8000000000.0,20.857427405175983,12.71975055931646,20.2280285119939,2024-10
EpistemeAI/Fireball-Meta-Llama-3.1-8B-Instruct-Agent-0.004-128K-code-ds-auto,2024-11-14,chat,8000000000.0,23.874258540372427,11.357054908364322,23.78913036963094,2024-11
EpistemeAI/Fireball-Meta-Llama-3.1-8B-Instruct-Math,2024-09-23,chat,8029999999.999999,20.55792899003061,11.757575386128012,20.054925158429104,2024-09
EpistemeAI/Fireball-Meta-Llama-3.2-8B-Instruct-agent-003-128k-code-DPO,2024-10-09,chat,8000000000.0,21.29356141520376,13.087536176933995,20.640712551671214,2024-10
EpistemeAI/Fireball-Mistral-Nemo-Base-2407-v1-DPO2,2024-08-19,chat,12248000000.0,15.339340300308171,11.680603050917322,15.09928488151152,2024-08
EpistemeAI/Fireball-R1-Llama-3.1-8B,2025-02-12,chat,8029999999.999999,14.729862999540122,7.564573551824719,14.602236320838808,2025-02
EpistemeAI/Llama-3.2-3B-Agent007-Coder,2024-10-08,chat,3000000000.0,18.91456180890705,9.712874761582912,18.719006500520127,2024-10
EpistemeAI/Mistral-Nemo-Instruct-12B-Philosophy-Math,2024-09-26,chat,12248000000.0,16.60399677564458,15.304398896749824,16.269686936451805,2024-09
EpistemeAI/OpenReasoner-Llama-3.2-3B-rs1.0,2025-02-15,chat,3213000000.0,22.93957882205128,10.285999796174682,22.69277432385042,2025-02
EpistemeAI/Polypsyche-Llama-3.1-8B-Instruct-Agent-0.003-128K-code-ds-auto-Empathy,2024-12-13,chat,8000000000.0,23.321646038971995,10.628304083149466,22.971367978324675,2024-12
EpistemeAI/Polypsyche-Llama-3.1-8B-Instruct-Agent-0.003-128K-code-ds-auto-Logic,2024-12-20,chat,8029999999.999999,23.204900560269166,10.480828371777836,22.840090522237386,2024-12
EpistemeAI/Polypsyche-Llama-3.1-8B-Instruct-Agent-0.003-128K-code-ds-auto-divergent,2024-12-20,chat,8029999999.999999,23.02725584049078,10.419540608585747,22.319278586632084,2024-12
EpistemeAI/Reasoning-Llama-3.1-CoT-RE1-NMT,2025-01-29,chat,8029999999.999999,19.208175433660585,9.523429861802175,18.145324728797725,2025-01
EpistemeAI/Reasoning-Llama-3.1-CoT-RE1-NMT-V2-ORPO,2025-01-31,chat,8029999999.999999,21.331579969605,13.749415023181587,21.133519440717567,2025-01
EpistemeAI/Reasoning-Llama-3.2-1B-Instruct-v1.2,2025-02-04,chat,1236000000.0,9.508931658156024,2.46790668190642,9.358653764278602,2025-02
EpistemeAI/Reasoning-Llama-3.2-1B-Instruct-v1.3,2025-02-05,chat,1236000000.0,8.170098865797046,2.5352035547066767,8.119413633069723,2025-02
EpistemeAI/Reasoning-Llama-3.2-3B-Math-Instruct-RE1,2025-02-04,chat,3213000000.0,17.78003203358188,8.697763377658703,17.497491555498364,2025-02
EpistemeAI/Reasoning-Llama-3.2-3B-Math-Instruct-RE1-ORPO,2025-02-04,chat,3213000000.0,23.430640115437427,10.63167976313277,23.078619979320397,2025-02
EpistemeAI/ReasoningCore-3B-T1_1,2025-02-06,chat,3213000000.0,23.49247452002092,10.755603671150574,23.151922438328715,2025-02
EpistemeAI2/Athene-codegemma-2-7b-it-alpaca-v1.2,2024-08-26,chat,7000000000.0,15.718390848250491,8.38108014183628,15.638820457003119,2024-08
EpistemeAI2/Fireball-12B-v1.2,2024-08-28,chat,12000000000.0,15.200286583835773,12.737957889827081,14.974981087221515,2024-08
EpistemeAI2/Fireball-Alpaca-Llama3.1-8B-Philos,2024-08-29,chat,8000000000.0,22.551673578610224,13.978002289270794,22.24519665488991,2024-08
EpistemeAI2/Fireball-Alpaca-Llama3.1.01-8B-Philos,2024-09-03,chat,8000000000.0,21.567143968773337,14.44997455068685,21.29779759233964,2024-09
EpistemeAI2/Fireball-Alpaca-Llama3.1.03-8B-Philos,2024-09-04,chat,8000000000.0,20.274573357917856,13.291906939140926,19.872086962547513,2024-09
EpistemeAI2/Fireball-Alpaca-Llama3.1.04-8B-Philos,2024-09-05,chat,8000000000.0,21.094517497325704,13.726893616296062,20.605508254605088,2024-09
EpistemeAI2/Fireball-Alpaca-Llama3.1.06-8B-Philos-dpo,2024-09-09,chat,8000000000.0,21.86763175289908,13.285619612619687,21.281538346273397,2024-09
EpistemeAI2/Fireball-Alpaca-Llama3.1.07-8B-Philos-Math,2024-09-10,chat,8000000000.0,21.97087003498899,13.467820930742159,21.73927778529361,2024-09
EpistemeAI2/Fireball-Alpaca-Llama3.1.08-8B-C-R1-KTO-Reflection,2024-09-16,chat,8000000000.0,20.89462493481088,14.033904711423437,20.613967370093796,2024-09
EpistemeAI2/Fireball-Alpaca-Llama3.1.08-8B-Philos-C-R1,2024-09-13,chat,8000000000.0,22.51118824548196,13.329862366307163,22.016423656866042,2024-09
EpistemeAI2/Fireball-Llama-3.1-8B-Philos-Reflection,2024-09-17,chat,8000000000.0,20.37672090429901,14.188427083408166,20.076263170890797,2024-09
EpistemeAI2/Fireball-MathMistral-Nemo-Base-2407-v2dpo,2024-08-24,chat,11580000000.0,11.369982746356044,5.630727351770849,11.25024531552529,2024-08
EpistemeAI2/Fireball-Meta-Llama-3.1-8B-Instruct-Agent-0.003-128K-code-math,2024-10-12,chat,8000000000.0,22.72795730229104,12.38411910136848,22.007084711617576,2024-10
EpistemeAI2/Fireball-Meta-Llama-3.1-8B-Instruct-Agent-0.005-128K-code-COT,2024-10-11,chat,8000000000.0,21.037758831912942,12.959759561249859,20.62012449989633,2024-10
EpistemeAI2/Fireball-Phi-3-medium-4k-inst-Philos,2024-09-20,chat,13960000000.0,29.67636693004503,19.854378252602107,29.005652242485073,2024-09
Eric111/CatunaMayo,2024-07-03,chat,7242000000.0,21.27397881040676,13.853397433209052,21.116870463281586,2024-07
Eric111/CatunaMayo-DPO,2024-06-27,chat,7242000000.0,21.292884967568227,13.698525019905794,21.167510267803323,2024-06
Etherll/Chocolatine-3B-Instruct-DPO-Revised-Ties,2024-10-28,chat,3821000000.0,24.98182072995224,18.674460279359202,24.682667631740173,2024-10
Etherll/Chocolatine-3B-Instruct-DPO-Revised-Ties-v2,2024-10-29,chat,3821000000.0,25.0072163099762,18.674460279359202,24.708063211764138,2024-10
Etherll/Herplete-LLM-Llama-3.1-8b,2024-08-29,chat,8029999999.999999,19.58870802333299,15.842428202207826,25.888489852611805,2024-08
Etherll/Herplete-LLM-Llama-3.1-8b-Ties,2024-10-17,chat,8029999999.999999,26.53329128692283,15.844363559713335,26.027062452030503,2024-10
Etherll/Qwen2.5-7B-della-test,2024-11-14,excluded,7616000000.0,35.81656745139639,23.788088911319694,35.31037837451908,2024-11
Etherll/Qwen2.5-Coder-7B-Instruct-Ties,2024-10-28,chat,7616000000.0,26.513720070911543,19.288623648672225,26.34353803797085,2024-10
Etherll/Replete-LLM-V3-Llama-3.1-8b,2024-08-26,chat,8029999999.999999,21.70431724543067,13.154787500559662,21.62224522783506,2024-08
Etherll/SuperHermes,2024-10-27,chat,8029999999.999999,26.91930524281158,17.92956587898365,26.584681341710482,2024-10
Eurdem/Defne-llama3.1-8B,2024-08-14,chat,8029999999.999999,25.12060541103021,14.991811858712861,27.73252292185613,2024-08
FINGU-AI/L3-8B,2025-01-18,excluded,8029999999.999999,28.91453457774598,16.199661843173946,28.40757952832155,2025-01
FINGU-AI/Phi-4-RRStock,2025-02-05,excluded,6652000000.0,26.41539412271864,21.838925221132122,26.1161692726835,2025-02
FINGU-AI/Q-Small-3B,2025-01-21,excluded,3086000000.0,16.89041454501282,10.143553639452238,16.861622675435285,2025-01
FINGU-AI/QwQ-Buddy-32B-Alpha,2025-02-05,excluded,19662000000.0,35.1782720586928,31.197081168533863,34.77888523722923,2025-02
FINGU-AI/RomboUltima-32B,2025-02-02,excluded,17645000000.0,44.731545333278405,35.508783159447326,44.197270735175245,2025-02
FallenMerick/Chewy-Lemon-Cookie-11B,2024-06-27,excluded,10732000000.0,22.0437256537836,13.454286948468008,22.01233395390684,2024-06
Felladrin/Llama-160M-Chat-v1,2024-07-23,chat,162000000.0,4.201766115349323,1.4333028713458076,4.1421205991973,2024-07
Felladrin/Minueza-32M-UltraChat,2024-07-23,chat,33000000.0,3.924255988180698,1.6821414499746037,4.021313462737977,2024-07
FlofloB/100k_fineweb_continued_pretraining_Qwen2.5-0.5B-Instruct_Unsloth_merged_16bit,2024-11-29,base,500000000.0,8.550830451075553,3.1096224880822927,8.385676555675223,2024-11
FlofloB/10k_continued_pretraining_Phi-3-mini-4k-instruct_Unsloth_merged_16bit,2024-11-22,base,16000000000.0,24.04356389387962,15.593661528365246,23.837379099423572,2024-11
FlofloB/10k_continued_pretraining_Qwen2.5-0.5B-Instruct_Unsloth_merged_16bit,2024-11-25,base,500000000.0,8.363924265648496,3.0097670188973336,7.7803121892899325,2024-11
FlofloB/40k_continued_pretraining_Qwen2.5-0.5B-Instruct_Unsloth_merged_16bit,2024-11-25,base,500000000.0,8.381580312764262,2.7352881894428824,7.772827544642556,2024-11
FlofloB/83k_continued_pretraining_Qwen2.5-0.5B-Instruct_Unsloth_merged_16bit,2024-11-26,base,500000000.0,8.427461121141809,3.4938708184108145,8.262648858233868,2024-11
FlofloB/smollm2-135M_pretrained_1000k_fineweb,2025-01-14,base,135000000.0,4.20780841481479,1.8549408830983665,4.455773689845322,2025-01
FlofloB/smollm2-135M_pretrained_1000k_fineweb_uncovai_human_removed,2025-01-27,base,135000000.0,4.06134991308063,1.7169571237306422,4.333761320629906,2025-01
FlofloB/smollm2-135M_pretrained_1000k_fineweb_uncovai_selected,2025-01-12,base,135000000.0,5.055842764583344,2.734994096309875,5.043839821162133,2025-01
FlofloB/smollm2-135M_pretrained_1200k_fineweb,2025-01-12,base,135000000.0,4.188312239003598,1.7597017278439235,4.392988888376205,2025-01
FlofloB/smollm2-135M_pretrained_1200k_fineweb_uncovai_human_removed,2025-01-27,base,135000000.0,4.280291147523802,1.6129170833241668,4.34678257873204,2025-01
FlofloB/smollm2-135M_pretrained_1200k_fineweb_uncovai_selected,2025-01-14,base,135000000.0,4.03050468089069,1.4951358100024505,4.151862755481226,2025-01
FlofloB/smollm2-135M_pretrained_1400k_fineweb,2025-01-13,base,135000000.0,4.992957353487976,2.2474610696000177,5.124077280508337,2025-01
FlofloB/smollm2-135M_pretrained_1400k_fineweb_uncovai_human_removed,2025-01-28,base,135000000.0,5.063032045008573,2.402308484106661,5.200299904379873,2025-01
FlofloB/smollm2-135M_pretrained_1400k_fineweb_uncovai_selected,2025-01-13,base,135000000.0,4.624639622707802,2.203466498450788,4.710859388776312,2025-01
FlofloB/smollm2-135M_pretrained_200k_fineweb_uncovai_human_removed,2025-01-17,base,135000000.0,3.8819679158721776,1.5411671785731236,3.938823642494521,2025-01
FlofloB/smollm2-135M_pretrained_200k_fineweb_uncovai_selected,2025-01-08,base,135000000.0,3.4920262751647098,1.4814088340803853,3.730469496867508,2025-01
FlofloB/smollm2-135M_pretrained_400k_fineweb,2025-01-10,base,135000000.0,4.224944649553536,1.7979865716577306,4.296639740748957,2025-01
FlofloB/smollm2-135M_pretrained_400k_fineweb_uncovai_human_removed,2025-01-18,base,135000000.0,4.710926533341115,2.2575009826950962,4.875209927444127,2025-01
FlofloB/smollm2-135M_pretrained_400k_fineweb_uncovai_selected,2025-01-09,base,135000000.0,4.38733089603933,1.9622293495396101,4.503729684791035,2025-01
FlofloB/smollm2-135M_pretrained_600k_fineweb,2025-01-11,base,135000000.0,4.886739290130319,2.0493578812814177,4.931129899948041,2025-01
FlofloB/smollm2-135M_pretrained_600k_fineweb_uncovai_human_removed,2025-01-19,base,135000000.0,4.644401741390064,1.9069109092460845,4.562202476111121,2025-01
FlofloB/smollm2-135M_pretrained_600k_fineweb_uncovai_selected,2025-01-09,base,135000000.0,4.657606376854525,2.0400513548088424,4.670954323659129,2025-01
FlofloB/smollm2-135M_pretrained_800k_fineweb,2025-01-14,base,135000000.0,4.17450578103981,1.3454502763920801,4.185952167788157,2025-01
FlofloB/smollm2-135M_pretrained_800k_fineweb_uncovai_human_removed,2025-01-19,base,135000000.0,5.03254333671229,2.2287113976663133,5.0255162024348845,2025-01
FlofloB/smollm2-135M_pretrained_800k_fineweb_uncovai_selected,2025-01-14,base,135000000.0,4.118739390912178,1.767076365212007,4.154936303370067,2025-01
FlofloB/smollm2_pretrained_200k_fineweb,2025-01-08,base,135000000.0,4.00559929596115,1.736240876146823,4.255935455465699,2025-01
FlofloB/test_continued_pretraining_Phi-3-mini-4k-instruct_Unsloth_merged_16bit,2024-11-21,base,16000000000.0,24.48570245546706,15.887620571506094,24.467088636764338,2024-11
FuJhen/ft-openhermes-25-mistral-7b-irca-dpo-pairs,2024-09-12,chat,14483000000.0,20.395988185954646,9.968241758959824,19.522457101994018,2024-09
FuJhen/mistral-instruct-7B-DPO,2024-09-12,chat,14496000000.0,19.02953078213065,10.9620883263378,18.956741171355933,2024-09
FuJhen/mistral_7b_v0.1_structedData_e2e,2024-09-13,chat,7000000000.0,10.909311048443838,7.586855396752614,10.758071842176939,2024-09
FuJhen/mistral_7b_v0.1_structedData_viggo,2024-09-13,chat,14483000000.0,12.440582510781873,9.148708302076447,12.39569029307264,2024-09
FuseAI/FuseChat-7B-v2.0,2024-11-21,chat,7242000000.0,20.14636743747765,14.070689654504239,19.89245405033217,2024-11
FuseAI/FuseChat-Llama-3.1-8B-Instruct,2025-01-07,chat,8029999999.999999,28.59550964455965,13.853568210157652,25.559407224274537,2025-01
FuseAI/FuseChat-Llama-3.2-3B-Instruct,2025-02-08,chat,3213000000.0,25.746913825686644,14.50642639840386,25.490585992103725,2025-02
FuseAI/FuseChat-Qwen-2.5-7B-Instruct,2024-12-21,chat,7616000000.0,31.40771569311038,22.175753699589464,30.733936246799303,2024-12
GalrionSoftworks/MN-LooseCannon-12B-v1,2024-09-05,excluded,12248000000.0,22.12442725339166,12.920086542888978,21.88943824870516,2024-09
GalrionSoftworks/MagnusIntellectus-12B-v1,2024-09-05,excluded,12248000000.0,21.773295532025813,13.947869336688127,21.619422424453862,2024-09
GenVRadmin/AryaBhatta-GemmaOrca-2-Merged,2025-02-06,chat,8538000000.0,14.006450277637631,8.925267500580384,13.357274199723182,2025-02
GenVRadmin/AryaBhatta-GemmaOrca-Merged,2025-02-06,chat,8538000000.0,11.99472750549792,5.7927645218554975,11.445883803791196,2025-02
GenVRadmin/AryaBhatta-GemmaUltra-Merged,2025-02-06,chat,8538000000.0,13.28281509458921,7.565274116957179,13.208584910316908,2025-02
GenVRadmin/llama38bGenZ_Vikas-Merged,2025-02-06,chat,8029999999.999999,16.09338316937527,11.104053199518303,15.871611049398936,2025-02
GoToCompany/gemma2-9b-cpt-sahabatai-v1-instruct,2024-11-20,chat,9242000000.0,32.46826016178984,21.26020627324682,31.93626870527293,2024-11
GoToCompany/llama3-8b-cpt-sahabatai-v1-instruct,2024-11-20,chat,8029999999.999999,23.05939902243402,14.499092247827901,23.13220070265631,2024-11
Goekdeniz-Guelmez/Josiefied-Qwen2.5-0.5B-Instruct-abliterated-v1,2024-11-18,chat,630000000.0,9.768236092545305,3.907875939890947,9.585783800978893,2024-11
Goekdeniz-Guelmez/Josiefied-Qwen2.5-1.5B-Instruct-abliterated-v1,2024-09-28,chat,1777000000.0,18.44117473256343,6.987701211121424,15.318507548098829,2024-09
Goekdeniz-Guelmez/Josiefied-Qwen2.5-1.5B-Instruct-abliterated-v2,2024-09-28,chat,1544000000.0,15.56674922027016,6.444140576810477,13.676353327987623,2024-09
Goekdeniz-Guelmez/Josiefied-Qwen2.5-1.5B-Instruct-abliterated-v3,2024-09-28,chat,1544000000.0,15.592787360948462,6.348840363659673,13.59763650838718,2024-09
Goekdeniz-Guelmez/Josiefied-Qwen2.5-14B-Instruct-abliterated-v4,2024-10-23,chat,14770000000.0,42.550065874753976,29.633068334367035,42.122414069499186,2024-10
Goekdeniz-Guelmez/Josiefied-Qwen2.5-7B-Instruct-abliterated-v2,2024-10-08,chat,7616000000.0,35.31663337889917,23.296822671594246,34.93073028592049,2024-10
Goekdeniz-Guelmez/j.o.s.i.e.v4o-1.5b-dpo-stage1-v1,2024-10-08,chat,1544000000.0,15.07804770111701,7.962511763424568,15.096992031363282,2024-10
Goekdeniz-Guelmez/josie-3b-v6.0,2025-01-07,chat,3086000000.0,24.746540779866937,14.990095899491449,24.267865229467816,2025-01
Goekdeniz-Guelmez/josie-7b-v6.0,2025-01-07,chat,7616000000.0,32.374168071296964,20.609179908702657,31.972871493205858,2025-01
Goekdeniz-Guelmez/josie-7b-v6.0-step2000,2024-12-11,chat,7616000000.0,26.97043751712353,22.072701344680407,33.444118139141246,2024-12
GreenNode/GreenNode-small-9B-it,2024-10-14,base,9242000000.0,31.194506347689323,18.67210967993313,30.79365955493545,2024-10
GritLM/GritLM-7B-KTO,2024-08-04,chat,7242000000.0,19.2358949114183,9.79385013480665,19.182998884671516,2024-08
GritLM/GritLM-8x7B-KTO,2024-08-04,chat,46703000000.0,26.2413047085506,15.665227478298647,26.026656004137795,2024-08
Groq/Llama-3-Groq-8B-Tool-Use,2025-01-01,chat,8029999999.999999,21.44560137489326,11.171160732203287,21.526396057848775,2025-01
Gryphe/Pantheon-RP-1.0-8b-Llama-3,2024-06-27,chat,8029999999.999999,16.87312240356046,10.191221359988955,16.97438216685725,2024-06
Gryphe/Pantheon-RP-1.5-12b-Nemo,2024-08-04,chat,12248000000.0,21.32374664039768,12.992160504833636,21.27091973813411,2024-08
Gryphe/Pantheon-RP-1.6-12b-Nemo,2024-08-31,chat,12248000000.0,20.56659922855925,13.067366676148628,20.61786477743856,2024-08
Gryphe/Pantheon-RP-1.6-12b-Nemo-KTO,2024-08-31,chat,12248000000.0,21.558598525492474,13.622163387785962,21.57215984185061,2024-08
Gryphe/Pantheon-RP-Pure-1.6.2-22b-Small,2024-10-15,chat,22247000000.0,28.13863519609944,16.320514142585488,27.80149838600708,2024-10
Gunulhona/Gemma-Ko-Merge,2024-10-23,chat,10159000000.0,29.04465836961312,15.300079941952518,25.96742304422275,2024-10
Gunulhona/Gemma-Ko-Merge-PEFT,2024-10-17,chat,20318000000.0,18.16949453226467,10.385212924704875,17.89058302932287,2024-10
HPAI-BSC/Llama3-Aloe-8B-Alpha,2024-10-29,chat,8029999999.999999,20.23044725696465,11.303234786527788,19.9386003429319,2024-10
HPAI-BSC/Llama3.1-Aloe-Beta-8B,2024-11-07,chat,8029999999.999999,26.52419518267397,14.956728202354896,25.14177564913471,2024-11
HPAI-BSC/Qwen2.5-Aloe-Beta-7B,2024-12-17,chat,7616000000.0,27.826720985708487,16.216827885822354,23.083887422709875,2024-12
Hastagaras/Llama-3.1-Jamet-8B-MK.I,2024-11-18,chat,8029999999.999999,25.42380601749484,12.606719916116315,25.191284534003238,2024-11
Hastagaras/Zabuza-8B-Llama-3.1,2024-11-05,excluded,8029999999.999999,19.92582695678787,8.9542869769243,19.72398329894168,2024-11
HelpingAI/Cipher-20B,2024-12-14,chat,20551000000.0,26.97600761673777,17.59164433637944,26.62109382656896,2024-12
HelpingAI/Priya-10B,2024-12-18,base,10211000000.0,14.14328407509064,7.38652755052417,14.267865039381839,2024-12
HelpingAI/Priya-3B,2024-12-14,base,2810000000.0,13.429592166190526,6.528226797918253,13.588722754308685,2024-12
HeraiHench/Double-Down-Qwen-Math-7B,2025-01-30,excluded,7616000000.0,4.309785575689419,1.650775251657308,4.3357214422934405,2025-01
HeraiHench/Marge-Qwen-Math-7B,2025-01-30,excluded,7616000000.0,4.083812323812456,2.252206996323868,4.196133333273455,2025-01
HeraiHench/Phi-4-slerp-ReasoningRP-14B,2025-01-29,excluded,9207000000.0,8.51238737192275,5.333362905038277,8.33464673696735,2025-01
HiroseKoichi/Llama-Salad-4x8B-V3,2024-06-26,excluded,24942000000.0,24.922701724199342,13.453140335661853,24.7878985503268,2024-06
HoangHa/Pensez-Llama3.1-8B,2025-02-19,chat,8029999999.999999,19.04804643436893,12.762243152475616,18.985327054171716,2025-02
HuggingFaceH4/zephyr-7b-alpha,2024-06-12,chat,7242000000.0,18.598795237504422,3.0840072793193656,4.2418665807957705,2024-06
HuggingFaceH4/zephyr-7b-beta,2024-06-12,chat,7242000000.0,17.792237227370464,9.67691162875159,17.777419161518665,2024-06
HuggingFaceH4/zephyr-7b-gemma-v0.1,2024-06-12,chat,8538000000.0,16.030043342251584,3.0078988822284525,4.007676105307994,2024-06
HuggingFaceH4/zephyr-orpo-141b-A35b-v0.1,2024-06-12,chat,140621000000.0,34.125963384670946,22.828622601820047,33.99439708499561,2024-06
HuggingFaceTB/SmolLM-1.7B,2024-07-18,base,1710000000.0,5.576455936269043,1.6681919872972877,5.665663099280447,2024-07
HuggingFaceTB/SmolLM-1.7B-Instruct,2024-07-18,chat,1710000000.0,5.490688803655309,1.6576677613788966,5.589231982885834,2024-07
HuggingFaceTB/SmolLM-135M,2024-07-18,base,130000000.0,6.951489892134872,3.968840373797878,7.085242156802564,2024-07
HuggingFaceTB/SmolLM-135M-Instruct,2024-10-12,chat,135000000.0,3.652287650202965,1.588285606579283,3.6849690093536323,2024-10
HuggingFaceTB/SmolLM-360M,2024-07-18,base,360000000.0,6.260888857386585,2.7976954066216324,6.18072001187613,2024-07
HuggingFaceTB/SmolLM-360M-Instruct,2024-08-20,chat,362000000.0,5.0088989557053685,1.905097241185592,5.1243125536591325,2024-08
HuggingFaceTB/SmolLM2-1.7B,2024-11-06,base,1710000000.0,9.5836210417532,5.806312678324817,9.563515101491339,2024-11
HuggingFaceTB/SmolLM2-1.7B-Instruct,2024-11-06,chat,1711000000.0,15.02227766709556,6.471580524980161,14.914511493227318,2024-11
HuggingFaceTB/SmolLM2-135M,2024-11-06,base,135000000.0,5.695927392648112,2.8565364310848373,5.924017741339259,2024-11
HuggingFaceTB/SmolLM2-135M-Instruct,2024-11-06,chat,135000000.0,6.467364720358819,2.4324801951815367,3.1771962141111616,2024-11
HuggingFaceTB/SmolLM2-360M,2024-11-06,base,360000000.0,6.251282350517303,2.9529164597664006,6.277780420153806,2024-11
HuggingFaceTB/SmolLM2-360M-Instruct,2024-11-14,chat,362000000.0,3.1000195398620374,1.9992303494923025,8.384724847836951,2024-11
HumanLLMs/Humanish-LLama3-8B-Instruct,2024-10-05,chat,8029999999.999999,22.678203747779094,11.604583888186307,22.494488270725174,2024-10
HumanLLMs/Humanish-Mistral-Nemo-Instruct-2407,2024-10-06,chat,12248000000.0,23.888067848972184,13.890439284788961,22.7849264500702,2024-10
HumanLLMs/Humanish-Qwen2.5-7B-Instruct,2024-10-05,chat,7616000000.0,34.99870743015318,23.930244774048276,34.70197905347594,2024-10
IDEA-CCNL/Ziya-LLaMA-13B-v1,2024-06-12,chat,13000000000.0,3.9064248386004095,1.2225920211653818,3.967474899650472,2024-06
INSAIT-Institute/BgGPT-Gemma-2-27B-IT-v1.0,2024-12-15,base,27227000000.0,1.6780628068086922,1.7261369494527685,1.703893854265392,2024-12
IlyaGusev/gemma-2-2b-it-abliterated,2025-01-07,chat,2614000000.0,16.705746365531194,7.8432679064719,16.54994220092638,2025-01
IlyaGusev/gemma-2-9b-it-abliterated,2025-01-07,chat,9242000000.0,31.294229585782904,18.889625985321192,30.969634517058704,2025-01
Infinirc/Infinirc-Llama3-8B-2G-Release-v1.0,2024-09-29,chat,8029999999.999999,13.16266165602399,9.556468335561851,13.173933714796988,2024-09
Intel/neural-chat-7b-v3,2024-06-12,chat,7000000000.0,18.069527284193285,13.216521589404653,17.89444726747297,2024-06
Intel/neural-chat-7b-v3-1,2024-06-12,chat,7242000000.0,21.06792676095294,13.19850221560067,20.931614826053444,2024-06
Intel/neural-chat-7b-v3-2,2024-06-12,chat,7000000000.0,21.4714111685822,12.902385816785293,21.28588368836189,2024-06
IntervitensInc/internlm2_5-20b-llamafied,2024-11-11,base,19861000000.0,29.216880819026148,23.38218471425208,29.019062447664375,2024-11
Invalid-Null/PeiYangMe-0.5,2024-12-28,chat,6061000000.0,3.4273672940352,1.284231359373353,3.558306313863108,2024-12
Invalid-Null/PeiYangMe-0.7,2024-12-28,chat,6061000000.0,4.397279528582866,1.868322275089513,4.400414778758821,2024-12
Isaak-Carter/JOSIEv4o-8b-stage1-v4,2024-08-03,chat,8029999999.999999,15.66808216767364,11.094889270211658,15.413910213666435,2024-08
Isaak-Carter/Josiefied-Qwen2.5-7B-Instruct-abliterated,2024-09-21,chat,7616000000.0,35.06474762506518,14.95089701895695,26.844253102068073,2024-09
Isaak-Carter/Josiefied-Qwen2.5-7B-Instruct-abliterated-v2,2024-09-21,chat,7616000000.0,35.685532582369234,23.817706965227153,35.36915565801926,2024-09
J-LAB/Thynk_orpo,2024-10-14,chat,3086000000.0,17.263933728919593,14.239931668381908,16.994604547534486,2024-10
JackFram/llama-160m,2024-11-30,base,162000000.0,4.738129846796396,1.7553681073518685,4.75429898840025,2024-11
JackFram/llama-68m,2024-11-30,base,68000000.0,4.963339700174584,2.200449137967528,5.04401283038807,2024-11
Jacoby746/Casual-Magnum-34B,2024-10-23,chat,34389000000.0,23.79792072114355,20.620014146647218,23.741646963009977,2024-10
Jacoby746/Inf-Silent-Kunoichi-v0.1-2x7B,2024-09-20,excluded,12879000000.0,20.186181285193417,13.149530993274764,20.098660658392138,2024-09
Jacoby746/Inf-Silent-Kunoichi-v0.2-2x7B,2024-09-21,excluded,12879000000.0,20.01822829916165,13.561040839304313,19.968415871014468,2024-09
Jacoby746/Proto-Athena-4x7B,2024-09-21,excluded,24154000000.0,19.77557762348212,13.010788543794597,19.634916775073464,2024-09
Jacoby746/Proto-Athena-v0.2-4x7B,2024-09-21,excluded,24154000000.0,19.345307494794017,12.376457313960646,19.006888847936455,2024-09
Jacoby746/Proto-Harpy-Blazing-Light-v0.1-2x7B,2024-09-30,excluded,12879000000.0,22.48121361701981,13.409663740811393,22.191101511826393,2024-09
Jacoby746/Proto-Harpy-Spark-v0.1-7B,2024-09-30,excluded,7242000000.0,19.84999990070571,12.312472719236876,19.603148656726084,2024-09
JayHyeon/Qwen-0.5B-DPO-1epoch,2024-12-26,chat,494000000.0,7.385732750247261,3.294748965910331,7.433333772033417,2024-12
JayHyeon/Qwen-0.5B-DPO-5epoch,2024-12-26,chat,494000000.0,7.198583184761694,2.9527232040115003,6.937518104554509,2024-12
JayHyeon/Qwen-0.5B-IRPO-1epoch,2024-12-26,chat,494000000.0,7.031892544703613,2.644342380742594,6.845408847996169,2024-12
JayHyeon/Qwen-0.5B-IRPO-5epoch,2024-12-26,chat,494000000.0,6.9234686409529,2.9855820947064196,6.934483045550545,2024-12
JayHyeon/Qwen-0.5B-eDPO-1epoch,2024-12-26,chat,494000000.0,7.280997177732158,3.1582721870441888,7.309366386758942,2024-12
JayHyeon/Qwen-0.5B-eDPO-5epoch,2024-12-26,chat,494000000.0,6.72779460682018,2.603824909241623,6.59486073715532,2024-12
JayHyeon/Qwen2.5-0.5B-Instruct-SFT,2024-12-26,chat,630000000.0,8.158039000338244,3.5540502644484433,7.974027192229573,2024-12
JayHyeon/Qwen2.5-0.5B-Instruct-SFT-DPO-1epoch_v1,2024-12-26,chat,494000000.0,8.15078478555964,3.640822794219737,7.505265325097121,2024-12
JayHyeon/Qwen2.5-0.5B-Instruct-SFT-IRPO-1epoch_v1,2024-12-26,chat,494000000.0,8.319017359475316,3.9496416291901064,8.139566020591426,2024-12
JayHyeon/Qwen2.5-0.5B-Instruct-SFT-MDPO-1epoch_v1,2024-12-26,chat,494000000.0,7.896219502136105,3.1993945774265646,7.265461195087121,2024-12
JayHyeon/Qwen2.5-0.5B-SFT,2024-12-27,chat,630000000.0,6.611058734039895,3.5213133126820515,6.412552007220358,2024-12
JayHyeon/Qwen2.5-0.5B-SFT-1e-4,2024-12-28,chat,630000000.0,5.941930910286053,2.3044162292783423,5.787774235946914,2024-12
JayHyeon/Qwen2.5-0.5B-SFT-1e-4-2ep,2024-12-29,chat,630000000.0,6.345325435592133,2.6411980690832557,6.445966638409817,2024-12
JayHyeon/Qwen2.5-0.5B-SFT-1e-4-3ep,2024-12-29,chat,630000000.0,6.469032763498576,2.305319859790007,6.260033965121928,2024-12
JayHyeon/Qwen2.5-0.5B-SFT-1e-4-5ep,2024-12-29,chat,630000000.0,5.890344422168456,2.6523384323035035,5.958298663601179,2024-12
JayHyeon/Qwen2.5-0.5B-SFT-1e-5,2024-12-28,chat,630000000.0,6.664256620538701,3.2203757462622775,6.484504847829102,2024-12
JayHyeon/Qwen2.5-0.5B-SFT-1e-5-2ep,2024-12-29,chat,630000000.0,7.003091729061743,2.724055179273484,6.122831174867921,2024-12
JayHyeon/Qwen2.5-0.5B-SFT-1e-5-3ep,2024-12-29,chat,630000000.0,7.740340198303553,3.024695032270634,6.883753328400342,2024-12
JayHyeon/Qwen2.5-0.5B-SFT-1e-5-5ep,2024-12-29,chat,630000000.0,7.8890047643086625,3.8702527903112633,7.684010251898697,2024-12
JayHyeon/Qwen2.5-0.5B-SFT-2e-4,2024-12-28,chat,630000000.0,5.555176381236881,1.870155407924444,5.237404994337302,2024-12
JayHyeon/Qwen2.5-0.5B-SFT-2e-4-2ep,2024-12-29,chat,630000000.0,5.51830189312826,2.150687310523125,5.102894038143364,2024-12
JayHyeon/Qwen2.5-0.5B-SFT-2e-4-3ep,2024-12-29,chat,630000000.0,5.465283047679917,1.910407084488138,5.208622901871345,2024-12
JayHyeon/Qwen2.5-0.5B-SFT-2e-4-5ep,2024-12-29,chat,630000000.0,6.087118748270012,3.0648387731998477,5.985423699676709,2024-12
JayHyeon/Qwen2.5-0.5B-SFT-2e-5,2024-12-28,chat,630000000.0,6.9691100972452,3.450951752480582,6.792885398883794,2024-12
JayHyeon/Qwen2.5-0.5B-SFT-2e-5-2ep,2024-12-29,chat,630000000.0,7.69236788584868,3.4692288080845914,7.063856324357117,2024-12
JayHyeon/Qwen2.5-0.5B-SFT-2e-5-2ep-DPOP_3e-7-3ep_0alp_5lam,2025-01-07,chat,630000000.0,7.460129211594215,3.0888001219038244,7.309092678192483,2025-01
JayHyeon/Qwen2.5-0.5B-SFT-2e-5-2ep-DPOP_5e-6-1ep_0alp_5lam,2025-01-03,chat,494000000.0,7.89170131391145,3.0040821227419676,7.057272916676638,2025-01
JayHyeon/Qwen2.5-0.5B-SFT-2e-5-2ep-DPOP_5e-6-2ep_0alp_5lam,2025-01-03,chat,494000000.0,7.618464097122786,3.0422046179906292,6.9033457431099094,2025-01
JayHyeon/Qwen2.5-0.5B-SFT-2e-5-2ep-DPOP_5e-6-3ep_0alp_5lam,2025-01-03,chat,630000000.0,7.868642802061662,3.37653322696999,7.664375161407405,2025-01
JayHyeon/Qwen2.5-0.5B-SFT-2e-5-2ep-DPOP_5e-7-1ep_0alp_5lam,2025-01-02,chat,494000000.0,7.430131653175725,3.0797820667344835,7.298654974726748,2025-01
JayHyeon/Qwen2.5-0.5B-SFT-2e-5-2ep-DPOP_5e-7-2ep_0alp_5lam,2025-01-02,chat,494000000.0,7.336426732183583,2.537520499749133,6.7881373993994325,2025-01
JayHyeon/Qwen2.5-0.5B-SFT-2e-5-2ep-DPOP_5e-7-3ep_0alp_5lam,2025-01-02,chat,630000000.0,7.648469593189115,3.164394483394702,7.5234722113287456,2025-01
JayHyeon/Qwen2.5-0.5B-SFT-2e-5-2ep-DPO_1e-6-1ep_0alp_0lam,2025-01-02,chat,494000000.0,7.714071022336462,3.110976516550153,7.49766865915535,2025-01
JayHyeon/Qwen2.5-0.5B-SFT-2e-5-2ep-DPO_1e-6-2ep_0alp_0lam,2025-01-02,chat,494000000.0,7.634084055658554,3.1645040159779745,7.434848921515909,2025-01
JayHyeon/Qwen2.5-0.5B-SFT-2e-5-2ep-DPO_1e-6-3ep_0alp_0lam,2025-01-02,chat,630000000.0,7.772250160016548,3.1546600514168093,7.593756699905739,2025-01
JayHyeon/Qwen2.5-0.5B-SFT-2e-5-2ep-DPO_1e-7-2ep_0alp_0lam,2025-01-07,chat,494000000.0,7.773024145558947,3.069426439444093,7.6304511938842206,2025-01
JayHyeon/Qwen2.5-0.5B-SFT-2e-5-2ep-DPO_1e-7-3ep_0alp_0lam,2025-01-07,chat,630000000.0,7.5699062251194,3.044383993525756,7.5465641787103825,2025-01
JayHyeon/Qwen2.5-0.5B-SFT-2e-5-2ep-DPO_2e-6-1ep_0alp_0lam,2025-01-02,chat,494000000.0,7.393492455729212,2.5990674065386097,6.705225736068737,2025-01
JayHyeon/Qwen2.5-0.5B-SFT-2e-5-2ep-DPO_2e-6-2ep_0alp_0lam,2025-01-02,chat,494000000.0,7.844417926699584,3.298832545281241,7.597942409716222,2025-01
JayHyeon/Qwen2.5-0.5B-SFT-2e-5-2ep-DPO_2e-6-3ep_0alp_0lam,2025-01-02,chat,630000000.0,7.696682188954132,3.220005839448449,7.521034957364743,2025-01
JayHyeon/Qwen2.5-0.5B-SFT-2e-5-2ep-DPO_3e-6-1ep_0alp_0lam,2025-01-02,chat,494000000.0,7.753028845132317,2.7749460724225643,6.90060246032087,2025-01
JayHyeon/Qwen2.5-0.5B-SFT-2e-5-2ep-DPO_3e-6-2ep_0alp_0lam,2025-01-02,chat,494000000.0,7.5524251169059395,3.1934384354089747,7.332654725485323,2025-01
JayHyeon/Qwen2.5-0.5B-SFT-2e-5-2ep-DPO_3e-6-3ep_0alp_0lam,2025-01-02,chat,630000000.0,7.645766396524414,2.670934422546777,6.78246627152795,2025-01
JayHyeon/Qwen2.5-0.5B-SFT-2e-5-2ep-DPO_3e-7-3ep_0alp_0lam,2025-01-07,chat,630000000.0,7.580039598446345,2.5966036012989657,6.955755666829636,2025-01
JayHyeon/Qwen2.5-0.5B-SFT-2e-5-2ep-DPO_5e-6-1ep_0alp_0lam,2025-01-02,chat,494000000.0,7.682977767911112,2.7185350841871974,6.779716759173092,2025-01
JayHyeon/Qwen2.5-0.5B-SFT-2e-5-2ep-DPO_5e-6-2ep_0alp_0lam,2025-01-02,chat,494000000.0,7.668495371524835,2.5932471749741963,6.849575455143434,2025-01
JayHyeon/Qwen2.5-0.5B-SFT-2e-5-2ep-DPO_5e-6-3ep_0alp_0lam,2025-01-03,chat,630000000.0,7.698046996488631,3.307929449047327,7.4623707308112115,2025-01
JayHyeon/Qwen2.5-0.5B-SFT-2e-5-2ep-DPO_5e-7_1ep_0alp_0lam,2025-01-01,chat,494000000.0,7.824147748385339,2.734134250979182,7.111862249998055,2025-01
JayHyeon/Qwen2.5-0.5B-SFT-2e-5-2ep-DPO_5e-7_2ep_0alp_0lam,2025-01-01,chat,494000000.0,7.706086604401125,2.5938458591748623,6.895861609953685,2025-01
JayHyeon/Qwen2.5-0.5B-SFT-2e-5-2ep-DPO_5e-7_3ep_0alp_0lam,2025-01-01,chat,494000000.0,7.813940287125231,3.4134109476306915,7.690648209086843,2025-01
JayHyeon/Qwen2.5-0.5B-SFT-2e-5-2ep-DPO_7e-7_1ep_0alp_0lam,2025-01-01,chat,494000000.0,7.842463015004548,2.6491883160884586,7.15239195886007,2025-01
JayHyeon/Qwen2.5-0.5B-SFT-2e-5-2ep-DPO_7e-7_2ep_0alp_0lam,2025-01-01,chat,494000000.0,7.58869267971069,2.5883063866316123,6.9328235938221585,2025-01
JayHyeon/Qwen2.5-0.5B-SFT-2e-5-2ep-DPO_7e-7_3ep_0alp_0lam,2025-01-01,chat,494000000.0,7.82811926779825,2.6828857177257053,7.170493485619861,2025-01
JayHyeon/Qwen2.5-0.5B-SFT-2e-5-2ep-IRPO_1e-7-1ep_1alp_0lam,2025-01-07,chat,494000000.0,7.958391854528215,3.3613816434219768,7.767860693039467,2025-01
JayHyeon/Qwen2.5-0.5B-SFT-2e-5-2ep-IRPO_1e-7-2ep_1alp_0lam,2025-01-07,chat,494000000.0,7.678680596214881,2.633372759735849,6.981305269742845,2025-01
JayHyeon/Qwen2.5-0.5B-SFT-2e-5-2ep-IRPO_1e-7-3ep_1alp_0lam,2025-01-07,chat,630000000.0,7.707475337922656,3.16628466397361,7.517262612563249,2025-01
JayHyeon/Qwen2.5-0.5B-SFT-2e-5-2ep-IRPO_3e-7-3ep_1alp_0lam,2025-01-07,chat,630000000.0,7.811415481732978,3.1045979070209304,7.615402455710579,2025-01
JayHyeon/Qwen2.5-0.5B-SFT-2e-5-2ep-IRPO_5e-6-1ep_1alp_0lam,2025-01-03,chat,494000000.0,7.608040308738378,3.5039909675432126,7.486055341103566,2025-01
JayHyeon/Qwen2.5-0.5B-SFT-2e-5-2ep-IRPO_5e-6-2ep_1alp_0lam,2025-01-03,chat,494000000.0,7.376023721057838,3.4224171679446838,7.332478870596123,2025-01
JayHyeon/Qwen2.5-0.5B-SFT-2e-5-2ep-IRPO_5e-6-3ep_1alp_0lam,2025-01-03,chat,630000000.0,7.500614312695059,2.668609132857497,6.798000953656948,2025-01
JayHyeon/Qwen2.5-0.5B-SFT-2e-5-2ep-IRPO_5e-7-1ep_1alp_0lam,2025-01-02,chat,494000000.0,7.830243972560936,2.7124542774944573,7.013703412392721,2025-01
JayHyeon/Qwen2.5-0.5B-SFT-2e-5-2ep-IRPO_5e-7-2ep_1alp_0lam,2025-01-02,chat,494000000.0,7.764548314144669,2.6486848204541014,7.043778179076798,2025-01
JayHyeon/Qwen2.5-0.5B-SFT-2e-5-2ep-IRPO_5e-7-3ep_1alp_0lam,2025-01-02,chat,630000000.0,7.87411176143835,2.567568202097786,7.224977151634423,2025-01
JayHyeon/Qwen2.5-0.5B-SFT-2e-5-2ep-MDPO_0.5_1e-7-1ep_0alp_0lam,2025-01-07,chat,494000000.0,7.491580739378782,2.4670667254688285,6.873720231229806,2025-01
JayHyeon/Qwen2.5-0.5B-SFT-2e-5-2ep-MDPO_0.5_1e-7-2ep_0alp_0lam,2025-01-07,chat,494000000.0,7.496575969696766,3.1460891666562345,7.397047500568419,2025-01
JayHyeon/Qwen2.5-0.5B-SFT-2e-5-2ep-MDPO_0.5_1e-7-3ep_0alp_0lam,2025-01-07,chat,630000000.0,7.758022627216668,3.205360369565549,7.707866072406828,2025-01
JayHyeon/Qwen2.5-0.5B-SFT-2e-5-2ep-MDPO_1e-6-3ep_0alp_0lam,2025-01-01,chat,630000000.0,7.538763276089521,2.568838766754406,6.7932636699982885,2025-01
JayHyeon/Qwen2.5-0.5B-SFT-2e-5-2ep-MDPO_1e-6_1ep_0alp_0lam,2025-01-01,chat,494000000.0,7.900913542849916,2.6818971786183115,7.017188162836684,2025-01
JayHyeon/Qwen2.5-0.5B-SFT-2e-5-2ep-MDPO_1e-6_2ep_0alp_0lam,2025-01-01,chat,494000000.0,7.872419066693536,2.5176826892586424,6.979008611761457,2025-01
JayHyeon/Qwen2.5-0.5B-SFT-2e-5-2ep-MDPO_2e-6-3ep_0alp_0lam,2025-01-01,chat,630000000.0,7.662137140256275,2.5165674951572448,6.908656015493291,2025-01
JayHyeon/Qwen2.5-0.5B-SFT-2e-5-2ep-MDPO_2e-6_1ep_0alp_0lam,2025-01-01,chat,494000000.0,7.613408611706003,3.4245691773043685,7.409650946806334,2025-01
JayHyeon/Qwen2.5-0.5B-SFT-2e-5-2ep-MDPO_2e-6_2ep_0alp_0lam,2025-01-01,chat,494000000.0,7.688163880198053,3.1590448227902495,7.526659250833349,2025-01
JayHyeon/Qwen2.5-0.5B-SFT-2e-5-2ep-MDPO_3e-6-1ep_0alp_0lam,2025-01-02,chat,494000000.0,7.510368922283475,3.022982530391734,7.316892400106546,2025-01
JayHyeon/Qwen2.5-0.5B-SFT-2e-5-2ep-MDPO_3e-6-2ep_0alp_0lam,2025-01-02,chat,494000000.0,7.696957299033557,3.2143042892804425,7.5098806906333175,2025-01
JayHyeon/Qwen2.5-0.5B-SFT-2e-5-2ep-MDPO_3e-6-3ep_0alp_0lam,2025-01-02,chat,630000000.0,8.113734287630097,3.4751378207092247,7.832603140609422,2025-01
JayHyeon/Qwen2.5-0.5B-SFT-2e-5-2ep-MDPO_5e-6-1ep_0alp_0lam,2025-01-02,chat,494000000.0,7.472755907553406,2.635290883662461,6.576319357364442,2025-01
JayHyeon/Qwen2.5-0.5B-SFT-2e-5-2ep-MDPO_5e-6-2ep_0alp_0lam,2025-01-02,chat,494000000.0,7.491778365975214,2.56713195599353,6.625517076879923,2025-01
JayHyeon/Qwen2.5-0.5B-SFT-2e-5-2ep-MDPO_5e-6-3ep_0alp_0lam,2025-01-02,chat,630000000.0,7.931808376696927,3.2964724690095863,7.70080457469162,2025-01
JayHyeon/Qwen2.5-0.5B-SFT-2e-5-2ep-MDPO_5e-7-3ep_0alp_0lam,2024-12-31,chat,630000000.0,7.664774636147854,2.8918767121118174,7.571633055559576,2024-12
JayHyeon/Qwen2.5-0.5B-SFT-2e-5-2ep-MDPO_5e-7_1ep_0alp_0lam,2024-12-31,chat,494000000.0,7.6637155055011235,2.7357010704793465,7.054386877324588,2024-12
JayHyeon/Qwen2.5-0.5B-SFT-2e-5-2ep-MDPO_5e-7_2ep_0alp_0lam,2024-12-31,chat,494000000.0,7.759729017494784,2.656975664307812,7.087019630788255,2024-12
JayHyeon/Qwen2.5-0.5B-SFT-2e-5-2ep-MDPO_7e-7-3ep_0alp_0lam,2025-01-01,chat,630000000.0,7.566871862822331,2.49672564396228,6.885136269613302,2025-01
JayHyeon/Qwen2.5-0.5B-SFT-2e-5-2ep-MDPO_7e-7_1ep_0alp_0lam,2025-01-01,chat,494000000.0,7.522450873561554,2.4241531907246734,6.808737777955036,2025-01
JayHyeon/Qwen2.5-0.5B-SFT-2e-5-2ep-MDPO_7e-7_2ep_0alp_0lam,2025-01-01,chat,494000000.0,7.658751981428238,3.1520226638488884,7.542011346171579,2025-01
JayHyeon/Qwen2.5-0.5B-SFT-2e-5-3ep,2024-12-29,chat,630000000.0,7.452521242968808,3.5701259715897367,7.365659384120146,2024-12
JayHyeon/Qwen2.5-0.5B-SFT-2e-5-5ep,2024-12-29,chat,630000000.0,7.715260794976504,3.1685224423181504,7.030928575649472,2024-12
JayHyeon/Qwen2.5-0.5B-SFT-2e-5-5ep-MDPO_5e-7_3ep_0alp_0lam,2024-12-31,chat,630000000.0,7.834821841142105,2.9847548539762387,7.160294781032609,2024-12
JayHyeon/Qwen2.5-0.5B-SFT-2e-5-5ep-MDPO_5e-7_3ep_0alp_0lam_1ep,2024-12-31,chat,494000000.0,7.472893784749629,2.718051729135003,6.810513982981947,2024-12
JayHyeon/Qwen2.5-0.5B-SFT-2e-5-5ep-MDPO_5e-7_3ep_0alp_0lam_2ep,2024-12-31,chat,494000000.0,7.494108519452317,3.064672235083187,7.342449875143819,2024-12
JayHyeon/Qwen2.5-0.5B-SFT-2e-5-5ep-MDPO_7e-7_3ep_0alp_0lam,2024-12-31,chat,630000000.0,7.453297176972131,3.214989597550752,7.278532967174867,2024-12
JayHyeon/Qwen2.5-0.5B-SFT-2e-5-5ep-MDPO_7e-7_3ep_0alp_0lam_1ep,2024-12-31,chat,494000000.0,7.592452067439491,3.3087352171073343,7.44212639818695,2024-12
JayHyeon/Qwen2.5-0.5B-SFT-2e-5-5ep-MDPO_7e-7_3ep_0alp_0lam_2ep,2024-12-31,chat,494000000.0,7.702241458661472,3.4398229006669494,7.5307674998477765,2024-12
JayHyeon/Qwen2.5-0.5B-SFT-5e-5,2024-12-28,chat,630000000.0,6.609556986596828,3.317954510679734,6.476359807380137,2024-12
JayHyeon/Qwen2.5-0.5B-SFT-5e-5-2ep,2024-12-29,chat,630000000.0,6.850186995920002,2.4752539041410846,6.295834437742412,2024-12
JayHyeon/Qwen2.5-0.5B-SFT-5e-5-3ep,2024-12-29,chat,630000000.0,7.074425558693155,2.8115468096850367,6.662046448568007,2024-12
JayHyeon/Qwen2.5-0.5B-SFT-5e-5-5ep,2024-12-29,chat,630000000.0,7.440232615798167,4.213778260995675,7.53703340634323,2024-12
JayHyeon/Qwen2.5-0.5B-SFT-7e-5,2024-12-28,chat,630000000.0,6.761335194180454,3.072062755314054,6.81404470874212,2024-12
JayHyeon/Qwen2.5-0.5B-SFT-7e-5-2ep,2024-12-29,chat,630000000.0,6.502777310751012,2.6612491555792817,6.50029555388409,2024-12
JayHyeon/Qwen2.5-0.5B-SFT-7e-5-3ep,2024-12-29,chat,630000000.0,6.894032740125938,2.806379383798021,6.947177206928913,2024-12
JayHyeon/Qwen2.5-0.5B-SFT-7e-5-5ep,2024-12-29,chat,630000000.0,6.575560410304202,3.475880505205316,6.73454062663808,2024-12
JayHyeon/Qwen2.5-0.5B-SFT-DPO-1epoch_v1,2024-12-28,chat,494000000.0,6.245597623653178,2.991342072636297,6.119363441147438,2024-12
JayHyeon/Qwen2.5-0.5B-SFT-MDPO-1epoch_v1,2024-12-27,chat,494000000.0,6.644463688191298,3.620496265898253,6.606566455494166,2024-12
JayHyeon/Qwen_0.5-DPOP_1e-6-3ep_0alp_5lam,2025-01-10,chat,630000000.0,7.889615512040611,2.6391796677532158,7.0267783524668985,2025-01
JayHyeon/Qwen_0.5-DPOP_1e-7-3ep_0alp_5lam,2025-01-10,chat,630000000.0,7.889282686740077,3.198090967527344,7.808723606717812,2025-01
JayHyeon/Qwen_0.5-DPOP_3e-6-1ep_0alp_5lam,2025-01-09,chat,494000000.0,7.503528444281592,2.4750483129454643,6.848277037257368,2025-01
JayHyeon/Qwen_0.5-DPOP_3e-6-2ep_0alp_5lam,2025-01-09,chat,494000000.0,7.695125090795082,3.4562798058720547,7.5345477674851695,2025-01
JayHyeon/Qwen_0.5-DPOP_3e-6-3ep_0alp_5lam,2025-01-09,chat,630000000.0,7.64886621890572,3.0920685935297896,7.445560442943296,2025-01
JayHyeon/Qwen_0.5-DPOP_3e-7-1ep_0alp_5lam,2025-01-15,chat,494000000.0,7.460153325587554,2.518498097349531,6.829873935199762,2025-01
JayHyeon/Qwen_0.5-DPOP_3e-7-2ep_0alp_5lam,2025-01-15,chat,494000000.0,7.630732587028278,2.3917103190507722,6.91814934034945,2025-01
JayHyeon/Qwen_0.5-DPOP_3e-7-3ep_0alp_5lam,2025-01-15,chat,630000000.0,7.691670985905742,3.135956420332606,7.545624376390321,2025-01
JayHyeon/Qwen_0.5-DPOP_5e-7-1ep_0alp_5lam,2025-01-09,chat,494000000.0,7.493393961856238,3.11275006770121,7.311019569645021,2025-01
JayHyeon/Qwen_0.5-DPOP_5e-7-2ep_0alp_5lam,2025-01-09,chat,494000000.0,7.718986668912689,3.2113802508692753,7.558415776316598,2025-01
JayHyeon/Qwen_0.5-DPOP_5e-7-3ep_0alp_5lam,2025-01-09,chat,630000000.0,7.865443795694458,2.582043747631777,7.105703377747359,2025-01
JayHyeon/Qwen_0.5-DPO_1e-6-3ep_0alp_0lam,2025-01-10,chat,630000000.0,7.62746022008641,3.582484659849703,7.506280293271223,2025-01
JayHyeon/Qwen_0.5-DPO_1e-7-3ep_0alp_0lam,2025-01-10,chat,630000000.0,7.573179197494986,2.7410854532711104,6.845896710689463,2025-01
JayHyeon/Qwen_0.5-DPO_3e-6-1ep_0alp_0lam,2025-01-09,chat,494000000.0,6.91953175659681,2.8439029303744383,6.8136293200894675,2025-01
JayHyeon/Qwen_0.5-DPO_3e-6-2ep_0alp_0lam,2025-01-09,chat,494000000.0,8.075905010851175,2.9781323806236304,7.318755568219465,2025-01
JayHyeon/Qwen_0.5-DPO_3e-6-3ep_0alp_0lam,2025-01-07,chat,630000000.0,7.64297366620885,2.728381356320338,6.9459661138178825,2025-01
JayHyeon/Qwen_0.5-DPO_3e-7-1ep_0alp_0lam,2025-01-15,chat,494000000.0,7.97015103471792,2.6319417264424847,7.0566693100012605,2025-01
JayHyeon/Qwen_0.5-DPO_3e-7-2ep_0alp_0lam,2025-01-15,chat,494000000.0,7.9611230480624675,2.772953925549282,7.12385193655205,2025-01
JayHyeon/Qwen_0.5-DPO_3e-7-3ep_0alp_0lam,2025-01-15,chat,630000000.0,7.740913588485586,2.7524485497109343,6.896370697583787,2025-01
JayHyeon/Qwen_0.5-DPO_5e-7-1ep_0alp_0lam,2025-01-25,chat,630000000.0,8.081986081140814,3.4998915422711248,7.880762828843244,2025-01
JayHyeon/Qwen_0.5-DPO_5e-7-2ep_0alp_0lam,2025-01-09,chat,494000000.0,8.095071949326913,3.661813569378097,7.8825971600859575,2025-01
JayHyeon/Qwen_0.5-DPO_5e-7-3ep_0alp_0lam,2025-01-07,chat,630000000.0,7.974924607629624,2.8910903833701265,7.063848416254009,2025-01
JayHyeon/Qwen_0.5-IPO_5e-7-1ep_0alp_0lam,2025-01-26,chat,630000000.0,8.328387378313979,3.603569605904687,8.10031097000806,2025-01
JayHyeon/Qwen_0.5-IPO_5e-7-3ep_0alp_0lam,2025-01-26,chat,630000000.0,8.595287891585235,2.3087249713431452,7.65831481371987,2025-01
JayHyeon/Qwen_0.5-IRPO_1e-6-3ep_1alp_0lam,2025-01-10,chat,630000000.0,7.800520466258392,3.167216517206189,7.6412095470526715,2025-01
JayHyeon/Qwen_0.5-IRPO_1e-7-3ep_1alp_0lam,2025-01-10,chat,630000000.0,8.273392756694859,3.3927275290167342,7.994999091873603,2025-01
JayHyeon/Qwen_0.5-IRPO_3e-6-1ep_1alp_0lam,2025-01-09,chat,494000000.0,7.058958298337019,2.6629158641683164,6.670614629885545,2025-01
JayHyeon/Qwen_0.5-IRPO_3e-6-2ep_1alp_0lam,2025-01-09,chat,494000000.0,7.289618635016649,2.646964501269123,6.834435370357207,2025-01
JayHyeon/Qwen_0.5-IRPO_3e-6-3ep_1alp_0lam,2025-01-09,chat,630000000.0,8.103245031991229,3.3927984772351776,8.078384567498821,2025-01
JayHyeon/Qwen_0.5-IRPO_3e-7-1ep_1alp_0lam,2025-01-15,chat,494000000.0,8.061310556795855,3.354089876056782,7.805075529232944,2025-01
JayHyeon/Qwen_0.5-IRPO_3e-7-3ep_1alp_0lam,2025-01-15,chat,630000000.0,8.09865538559358,2.6945685540319646,7.2313118283694005,2025-01
JayHyeon/Qwen_0.5-IRPO_5e-7-1ep_1alp_0lam,2025-01-09,chat,494000000.0,8.092380138165963,3.467435801183425,7.835115105029609,2025-01
JayHyeon/Qwen_0.5-IRPO_5e-7-2ep_1alp_0lam,2025-01-09,chat,494000000.0,8.02099509740262,2.7291965559829423,6.970782354575357,2025-01
JayHyeon/Qwen_0.5-IRPO_5e-7-3ep_1alp_0lam,2025-01-09,chat,630000000.0,7.856695293795835,3.3894841232992015,7.654820421372547,2025-01
JayHyeon/Qwen_0.5-MDPO_0.1_3e-6-3ep_0alp_0lam,2025-01-10,chat,630000000.0,8.047077683691153,3.4565802701258015,7.831594450868552,2025-01
JayHyeon/Qwen_0.5-MDPO_0.1_5e-7-3ep_0alp_0lam,2025-01-21,chat,630000000.0,7.30787971874518,2.452892393628318,6.781858526476833,2025-01
JayHyeon/Qwen_0.5-MDPO_0.3_3e-6-3ep_0alp_0lam,2025-01-09,chat,630000000.0,7.891216810785522,2.615295268648525,6.895597563326213,2025-01
JayHyeon/Qwen_0.5-MDPO_0.3_5e-7-3ep_0alp_0lam,2025-01-21,chat,630000000.0,7.408853983144998,2.6092442209413944,6.95686604120452,2025-01
JayHyeon/Qwen_0.5-MDPO_0.5_1e-5-3ep_0alp_0lam,2025-01-10,chat,630000000.0,7.59126646499979,3.240026783469579,7.33337589483621,2025-01
JayHyeon/Qwen_0.5-MDPO_0.5_3e-7-1ep_0alp_0lam,2025-01-15,chat,494000000.0,7.390617436527434,3.0657628491156426,7.2994699591810095,2025-01
JayHyeon/Qwen_0.5-MDPO_0.5_3e-7-2ep_0alp_0lam,2025-01-15,chat,494000000.0,7.709276870890068,3.2933412484166613,7.6316802108760395,2025-01
JayHyeon/Qwen_0.5-MDPO_0.5_3e-7-3ep_0alp_0lam,2025-01-15,chat,630000000.0,7.48846250817605,2.9747247557374545,7.408342874302019,2025-01
JayHyeon/Qwen_0.5-MDPO_0.5_4e-6-3ep_0alp_0lam,2025-01-10,chat,630000000.0,8.137448792080777,3.398254378483523,7.908224284968288,2025-01
JayHyeon/Qwen_0.5-MDPO_0.5_6e-6-3ep_0alp_0lam,2025-01-10,chat,630000000.0,7.452943905551304,2.543486741284941,6.71503758289327,2025-01
JayHyeon/Qwen_0.5-MDPO_0.5_7e-6-3ep_0alp_0lam,2025-01-10,chat,630000000.0,7.944784882371251,2.7024505416552227,7.057649304455582,2025-01
JayHyeon/Qwen_0.5-MDPO_0.5_7e-7-3ep_0alp_0lam,2025-01-10,chat,630000000.0,7.688013559253314,2.6172884578226783,6.979346320166764,2025-01
JayHyeon/Qwen_0.5-MDPO_0.7_3e-6-3ep_0alp_0lam,2025-01-09,chat,630000000.0,7.816323890967756,3.2545836659219356,7.56684347402862,2025-01
JayHyeon/Qwen_0.5-MDPO_0.7_5e-7-3ep_0alp_0lam,2025-01-21,chat,630000000.0,7.460108761190238,2.9211717658406964,7.265744910893955,2025-01
JayHyeon/Qwen_0.5-MDPO_0.9_5e-7-3ep_0alp_0lam,2025-01-21,chat,630000000.0,7.877893571937886,2.5361864483138232,6.997889243416811,2025-01
JayHyeon/Qwen_0.5-VDPO_5e-7-1ep_0alp_0lam,2025-01-25,chat,630000000.0,8.018805167387615,2.6985685315867047,7.112768183613117,2025-01
JayHyeon/Qwen_0.5-VDPO_5e-7-1ep_10vpo_const,2025-02-21,chat,630000000.0,8.070117533212565,3.4410533082507175,7.812293917437277,2025-02
JayHyeon/Qwen_0.5-VDPO_5e-7-1ep_3vpo_const,2025-02-21,chat,630000000.0,7.784158197402131,3.16125519540668,7.567094413225556,2025-02
JayHyeon/Qwen_0.5-VDPO_5e-7-3ep_0alp_0lam,2025-01-25,chat,630000000.0,8.039735734618104,3.572709601306242,7.809799739595484,2025-01
JayHyeon/Qwen_0.5-VIPO_5e-7-1ep_0alp_0lam,2025-01-25,chat,630000000.0,8.71371672694166,3.810239422861641,8.462235126276104,2025-01
JayHyeon/Qwen_0.5-VIPO_5e-7-1ep_30vpo_const,2025-02-21,chat,630000000.0,8.721617990921317,4.016236323186719,8.519286463375261,2025-02
JayHyeon/Qwen_0.5-VIPO_5e-7-1ep_3vpo_const,2025-02-21,chat,630000000.0,8.601146924480913,3.8320153094825913,8.343999037197007,2025-02
JayHyeon/Qwen_0.5-VIPO_5e-7-3ep_0alp_0lam,2025-01-25,chat,630000000.0,8.579605529729827,2.7112028028029087,7.580971090981311,2025-01
JayHyeon/Qwen_0.5-cDPO_5e-7-3ep_0vpo_const_0.1,2025-02-20,chat,630000000.0,7.905104898093658,3.553030876892264,7.686064035258079,2025-02
JayHyeon/Qwen_0.5-cDPO_5e-7-3ep_0vpo_const_0.3,2025-02-17,chat,630000000.0,7.980367592203365,3.4997207943232618,7.736797343255001,2025-02
JayHyeon/Qwen_0.5-rDPO_3e-6-1ep_0vpo_const_0.1,2025-02-27,chat,630000000.0,7.083621157947087,2.897704615309633,6.899656033833805,2025-02
JayHyeon/Qwen_0.5-rDPO_5e-7-3ep_0vpo_const_0.3,2025-02-17,chat,630000000.0,7.715290660055365,2.9845623389063687,7.73157848633792,2025-02
Jimmy19991222/Llama-3-Instruct-8B-SimPO-v0.2,2024-09-06,chat,8029999999.999999,24.59465136328484,14.145325953531248,24.667217066873594,2024-09
Jimmy19991222/llama-3-8b-instruct-gapo-v2-bert-f1-beta10-gamma0.3-lr1.0e-6-1minus-rerun,2024-09-18,chat,8029999999.999999,24.144995316075697,13.191818692849294,24.114939544951564,2024-09
Jimmy19991222/llama-3-8b-instruct-gapo-v2-bert_f1-beta10-gamma0.3-lr1.0e-6-scale-log,2024-09-22,chat,8029999999.999999,24.09614909345055,13.063925449535233,23.733664863416525,2024-09
Jimmy19991222/llama-3-8b-instruct-gapo-v2-bert_p-beta10-gamma0.3-lr1.0e-6-scale-log,2024-09-22,chat,8029999999.999999,23.03715310569549,12.779786605933008,22.973923380687644,2024-09
Jimmy19991222/llama-3-8b-instruct-gapo-v2-bleu-beta0.1-no-length-scale-gamma0.4,2024-09-06,chat,8029999999.999999,23.393777045662542,12.713981526241724,22.902511055651907,2024-09
Jimmy19991222/llama-3-8b-instruct-gapo-v2-rouge2-beta10-1minus-gamma0.3-rerun,2024-09-15,chat,8029999999.999999,24.385612249734205,13.499114688063482,24.31796445383666,2024-09
Jimmy19991222/llama-3-8b-instruct-gapo-v2-rouge2-beta10-gamma0.3-lr1.0e-6-scale-log,2024-09-22,chat,8029999999.999999,24.210850058799164,13.490954916421632,24.179217250435304,2024-09
Jimmy19991222/llama-3-8b-instruct-gapo-v2-rougeL-beta10-gamma0.3-lr1.0e-6-scale-log,2024-09-22,chat,8029999999.999999,24.056972059408523,13.078318211135656,23.603870657279565,2024-09
Joseph717171/Hermes-3-Llama-3.1-8B_TIES_with_Base_Embeds_Initialized_to_Special_Instruct_Toks_dtypeF32,2024-10-25,chat,8029999999.999999,23.25287703936368,12.710378614496298,23.103115177408615,2024-10
Joseph717171/Llama-3.1-SuperNova-8B-Lite_TIES_with_Base,2024-10-03,chat,8029999999.999999,30.245028049214653,16.613493789739554,29.784991375869264,2024-10
Josephgflowers/Cinder-Phi-2-V1-F16-gguf,2024-06-26,chat,2780000000.0,11.258522615146036,6.496662929946584,11.165605317858857,2024-06
Josephgflowers/Differential-Attention-Liquid-Metal-Tinyllama,2024-11-07,chat,1100000000.0,5.250959952944556,1.6258894147567364,5.3453543071071765,2024-11
Josephgflowers/TinyLlama-Cinder-Agent-v1,2024-06-26,chat,1100000000.0,6.332677189374276,2.11662110995207,6.398512253930705,2024-06
Josephgflowers/TinyLlama-v1.1-Cinders-World,2024-10-13,chat,1100000000.0,5.683002628938165,1.8105243989276671,5.75473974127058,2024-10
Josephgflowers/TinyLlama_v1.1_math_code-world-test-1,2024-09-09,chat,1100000000.0,2.0028112750677205,1.816981757828541,1.9797024128538607,2024-09
Josephgflowers/Tinyllama-STEM-Cinder-Agent-v1,2024-11-27,chat,1100000000.0,5.683635033220809,1.8487421910904085,5.612614398448745,2024-11
JungZoona/T3Q-Qwen2.5-14B-Instruct-1M-e3,,excluded,0.0,47.09154471380421,36.584221148798356,46.81309374589886,
JungZoona/T3Q-qwen2.5-14b-v1.0-e3,2025-03-13,chat,14770000000.0,47.09154471380421,36.584221148798356,46.81309374589886,2025-03
Junhoee/Qwen-Megumin,2024-11-26,chat,15231000000.0,33.992180349901545,22.990455013759288,33.569808603696465,2024-11
KSU-HW-SEC/Llama3-70b-SVA-FT-1415,2024-09-08,chat,70554000000.0,36.11923272324064,25.887985006137264,35.49384963127385,2024-09
KSU-HW-SEC/Llama3-70b-SVA-FT-500,2024-09-08,chat,70554000000.0,35.953711985827894,26.23861345841577,35.62739546027876,2024-09
KSU-HW-SEC/Llama3-70b-SVA-FT-final,2024-09-08,chat,70554000000.0,36.09383714321667,25.887985006137264,35.46845405124988,2024-09
KSU-HW-SEC/Llama3.1-70b-SVA-FT-1000step,2024-09-08,chat,70554000000.0,40.75025867079505,29.00617669877762,39.9535605997916,2024-09
Khetterman/DarkAtom-12B-v3,2024-12-09,excluded,12248000000.0,25.88038265945612,15.524809671059502,25.539104620972786,2024-12
Khetterman/Kosmos-8B-v1,2024-12-27,excluded,8029999999.999999,21.31847148009074,14.141841588342107,21.138658306102784,2024-12
Kimargin/GPT-NEO-1.3B-wiki,2024-10-24,chat,1316000000.0,5.349183189126563,2.0853275256625134,5.34734854004001,2024-10
KingNish/Qwen2.5-0.5b-Test-ft,2024-09-29,chat,494000000.0,7.865415598812703,3.03728550406865,7.402072070456196,2024-09
KingNish/Reasoning-Llama-3b-v0.1,2024-10-26,chat,3213000000.0,20.212379567792407,8.92172321608741,19.716792066725,2024-10
KingNish/qwen-1b-continued,2025-03-07,base,1277000000.0,4.792600271519794,2.400198054484069,4.695819520809838,2025-03
KingNish/qwen-1b-continued-v2.1,2025-03-08,base,1277000000.0,5.461814579103264,3.564250041457363,5.356932218714074,2025-03
KingNish/qwen-1b-continued-v2.2,2025-03-09,base,1277000000.0,4.441641963318088,1.999941473872518,4.543304075416063,2025-03
Kquant03/CognitiveFusion2-4x7B-BF16,2024-07-31,excluded,24154000000.0,15.629054867362484,9.920008392178982,15.643642671911199,2024-07
Kquant03/L3-Pneuma-8B,2024-10-16,chat,8029999999.999999,16.617570099377616,12.011342846950877,16.2586306535082,2024-10
Krystalan/DRT-o1-14B,2024-12-27,chat,14770000000.0,36.16608563724584,30.730314611350252,35.750895183076395,2024-12
Krystalan/DRT-o1-7B,2025-02-05,excluded,7616000000.0,31.402661796813607,26.24293900724207,31.120659271503953,2025-02
Kukedlc/NeuralExperiment-7b-MagicCoder-v7.5,2024-07-30,chat,7242000000.0,18.006004625989025,10.734114201235158,17.87716837202995,2024-07
Kukedlc/NeuralLLaMa-3-8b-DT-v0.1,2024-09-17,excluded,8029999999.999999,21.259598634719698,14.190041751508709,20.896239066308688,2024-09
Kukedlc/NeuralLLaMa-3-8b-ORPO-v0.3,2024-07-28,chat,8029999999.999999,17.74874162408916,9.235303959939268,17.61488597008993,2024-07
Kukedlc/NeuralSynthesis-7B-v0.1,2024-06-29,excluded,7242000000.0,20.01567678141308,12.704859359027159,20.03287487291677,2024-06
Kukedlc/NeuralSynthesis-7B-v0.3,2024-07-31,excluded,7242000000.0,20.095272707991136,12.9555740133186,20.053721428815,2024-07
Kukedlc/NeuralSynthesis-7b-v0.4-slerp,2024-07-31,excluded,7242000000.0,19.530512651958592,12.514458179470871,19.475175966008493,2024-07
Kukedlc/Qwen-2.5-7b-Spanish-o1-CoT,2024-12-04,chat,7616000000.0,28.57363943059837,21.86451969582136,27.917119706715994,2024-12
Kumar955/Hemanth-llm,2024-09-24,excluded,7242000000.0,22.14301843712773,13.084593680680884,22.073499450032745,2024-09
LEESM/llama-2-7b-hf-lora-oki100p,2024-11-08,chat,6738000000.0,8.782858998727155,4.277953610821193,8.659293583737071,2024-11
LEESM/llama-2-7b-hf-lora-oki10p,2024-11-08,chat,6738000000.0,7.168375740980447,3.1767659586340944,7.157124076101465,2024-11
LEESM/llama-3-8b-bnb-4b-kowiki231101,2024-11-08,chat,8029999999.999999,9.47249832488312,6.566883412156657,9.356393224563494,2024-11
LEESM/llama-3-Korean-Bllossom-8B-trexlab-oki10p,2024-11-08,chat,8029999999.999999,13.509662923847069,10.338467024422995,13.381085865787433,2024-11
LGAI-EXAONE/EXAONE-3.0-7.8B-Instruct,2024-08-18,chat,7800000000.0,25.733775511042666,13.96869997727149,25.466759111030402,2024-08
LGAI-EXAONE/EXAONE-3.5-2.4B-Instruct,2024-12-11,chat,2405000000.0,27.143883211239544,14.681484120905571,26.789818752382466,2024-12
LGAI-EXAONE/EXAONE-3.5-32B-Instruct,2025-01-13,chat,32003000000.0,37.60316575566284,24.10424506761782,37.33160449687885,2025-01
LGAI-EXAONE/EXAONE-3.5-7.8B-Instruct,2024-12-11,chat,7818000000.0,32.547229958748495,20.216540605598933,32.454772280092506,2024-12
LLM360/K2,2024-06-26,base,65286000000.0,14.643753289939289,10.605607015007514,14.546220747810997,2024-06
LLM360/K2-Chat,2024-06-12,chat,65286000000.0,24.38714515483088,15.839582842159396,24.29103423299383,2024-06
LLM4Binary/llm4decompile-1.3b-v2,2024-11-16,chat,1346000000.0,6.93902486034668,3.1520350362148952,6.926242442822272,2024-11
Lambent/qwen2.5-reinstruct-alternate-lumen-14B,2024-09-28,excluded,14766000000.0,38.07061834522751,26.87674678679287,33.483921434006874,2024-09
Langboat/Mengzi3-8B-Chat,2024-10-21,chat,8029999999.999999,20.28829250015946,12.326453983711415,20.345617022493293,2024-10
LenguajeNaturalAI/leniachat-gemma-2b-v0,2024-09-01,chat,2506000000.0,5.737240998088876,2.0452623986352165,5.52970289479939,2024-09
LenguajeNaturalAI/leniachat-qwen2-1.5B-v0,2024-09-30,chat,1543000000.0,8.580803348718375,4.613815409859036,8.51815500500959,2024-09
LeroyDyer/CheckPoint_A,2025-02-05,chat,7242000000.0,18.929189414483588,10.998039079943243,18.72495764003919,2025-02
LeroyDyer/CheckPoint_B,2025-02-05,chat,7242000000.0,18.53937302293864,10.617470282849274,18.37563609042328,2025-02
LeroyDyer/CheckPoint_C,2025-02-05,chat,7242000000.0,17.11316049965239,11.344052365864641,16.94168017611954,2025-02
LeroyDyer/LCARS_AI_001,2024-08-06,chat,7242000000.0,14.429205739419857,9.125572124184984,14.31993762953815,2024-08
LeroyDyer/LCARS_AI_1x4_003_SuperAI,2024-08-07,chat,24154000000.0,19.518229049313643,12.074810344067561,19.26227989595544,2024-08
LeroyDyer/LCARS_AI_StarTrek_Computer,2024-08-07,chat,7242000000.0,14.613893572975764,8.672036142786235,14.542476862949142,2024-08
LeroyDyer/LCARS_TOP_SCORE,2024-08-08,chat,7242000000.0,20.32200540421328,12.665844345311722,20.304805258597174,2024-08
LeroyDyer/Mixtral_AI_SwahiliTron_7b,2024-07-12,chat,7242000000.0,4.358661915319342,1.8502949239490116,4.356550878136888,2024-07
LeroyDyer/SpydazWebAI_Human_AGI,2024-10-16,excluded,7242000000.0,9.970349395057786,4.185468629486869,9.830009248886752,2024-10
LeroyDyer/SpydazWebAI_Human_AGI_001,2024-11-18,chat,7242000000.0,10.209095309808564,5.051566944184295,10.105817369156318,2024-11
LeroyDyer/SpydazWeb_AI_CyberTron_Ultra_7b,2024-07-12,chat,7242000000.0,13.566675630986596,10.173983900367766,13.375501413945607,2024-07
LeroyDyer/SpydazWeb_AI_HumanAGI_001_M2,2025-01-15,excluded,7242000000.0,18.993604787957786,12.098650693695385,18.988503594146227,2025-01
LeroyDyer/SpydazWeb_AI_HumanAGI_002,2025-01-15,chat,7242000000.0,21.01474000615888,14.066680485315402,20.820759069886762,2025-01
LeroyDyer/SpydazWeb_AI_HumanAI_001,2024-10-17,chat,7242000000.0,7.741907804524428,3.845834624208145,7.68657576825101,2024-10
LeroyDyer/SpydazWeb_AI_HumanAI_006,2024-11-18,chat,7242000000.0,4.896570612993905,2.3831030238732662,4.896388243340119,2024-11
LeroyDyer/SpydazWeb_AI_HumanAI_007,2024-11-18,chat,7242000000.0,10.4236168850732,4.75915869246218,10.340604660850847,2024-11
LeroyDyer/SpydazWeb_AI_HumanAI_009_CHAT,2024-11-26,chat,7242000000.0,9.615900799535378,4.674646142064731,9.52390045362385,2024-11
LeroyDyer/SpydazWeb_AI_HumanAI_010_CHAT,2024-11-26,chat,7242000000.0,8.376848844277914,4.042624152507946,8.354349645682044,2024-11
LeroyDyer/SpydazWeb_AI_HumanAI_011_INSTRUCT,2024-11-26,chat,7242000000.0,9.775896143015682,4.496224126549914,9.656059073605837,2024-11
LeroyDyer/SpydazWeb_AI_HumanAI_011_INSTRUCT_ML,2024-11-27,excluded,7242000000.0,13.939790526210038,7.566002972668982,13.952401640476019,2024-11
LeroyDyer/SpydazWeb_AI_HumanAI_011_INSTRUCT_ML_r1,2024-11-27,excluded,7242000000.0,17.981736164423843,10.52427289314702,17.870175357385353,2024-11
LeroyDyer/SpydazWeb_AI_HumanAI_012_INSTRUCT_IA,2024-12-04,chat,7242000000.0,15.1139675375779,9.761468732928835,15.196710952335241,2024-12
LeroyDyer/SpydazWeb_AI_HumanAI_012_INSTRUCT_MX,2024-12-04,excluded,7242000000.0,8.04579774103192,2.6858003518814315,8.033677690612489,2024-12
LeroyDyer/SpydazWeb_AI_HumanAI_012_INSTRUCT_XA,2024-12-04,chat,7242000000.0,15.915086092179353,10.060930765795513,16.379591705043488,2024-12
LeroyDyer/SpydazWeb_AI_HumanAI_RP,2024-11-18,chat,7242000000.0,7.78223636896281,3.3313936429275692,7.718636900808322,2024-11
LeroyDyer/SpydazWeb_AI_HumanAI_TextVision,2024-11-18,chat,7242000000.0,9.496584895881528,4.32068643699379,9.386217991757698,2024-11
LeroyDyer/SpydazWeb_HumanAI_M1,2024-10-16,excluded,7242000000.0,10.391053333653405,4.021915964654332,10.32795689483866,2024-10
LeroyDyer/SpydazWeb_HumanAI_M2,2024-10-16,excluded,7242000000.0,12.484114662749576,5.743723621043592,12.349726453031842,2024-10
LeroyDyer/SpydazWeb_HumanAI_M3,2024-10-16,excluded,7242000000.0,5.505800569799587,2.8343642592733143,5.434559548459298,2024-10
LeroyDyer/_Spydaz_Web_AI_12,2024-09-19,chat,7242000000.0,6.615158396750675,1.9003321646642832,6.576151501879791,2024-09
LeroyDyer/_Spydaz_Web_AI_14,2024-09-23,chat,7242000000.0,4.378364522899276,1.5250633199580435,4.409933155465017,2024-09
LeroyDyer/_Spydaz_Web_AI_BIBLE_002,2024-09-14,chat,7242000000.0,6.86090172693433,2.804808700429765,6.743886183227973,2024-09
LeroyDyer/_Spydaz_Web_AI_ChatML_002,2024-09-01,chat,7242000000.0,5.715725326733474,1.7136378117742324,5.740666327570736,2024-09
LeroyDyer/_Spydaz_Web_AI_ChatQA,2024-08-06,chat,7242000000.0,5.115133515206828,3.17569509282521,5.1050752380944555,2024-08
LeroyDyer/_Spydaz_Web_AI_ChatQA_003,2024-09-14,chat,7242000000.0,6.2575600117500825,2.500275585109231,6.17845979813034,2024-09
LightningRodLabs/Flashlight-v1.0,2025-01-18,chat,14660000000.0,40.5748695700393,30.178721152579197,40.27239133846288,2025-01
LightningRodLabs/Flashlight-v1.1,2025-01-24,chat,14660000000.0,40.98595152297397,30.533986584312885,40.64602512050964,2025-01
LightningRodLabs/Flashlight-v1.2,2025-01-30,chat,14766000000.0,16.37861284160058,9.756757574348878,16.31927599158636,2025-01
Lil-R/2_PRYMMAL-ECE-2B-SLERP-V1,2024-11-07,excluded,2614000000.0,21.160448654695188,11.925547989767548,20.859253708201386,2024-11
Lil-R/2_PRYMMAL-ECE-2B-SLERP-V2,2024-11-05,excluded,2614000000.0,21.073953219725933,12.220073039799782,20.737085645968914,2024-11
Lil-R/2_PRYMMAL-ECE-7B-SLERP,2024-11-04,excluded,7616000000.0,31.51530852235753,22.993937452128538,31.264660322973786,2024-11
Lil-R/2_PRYMMAL-ECE-7B-SLERP-V1,2024-10-28,excluded,7616000000.0,3.733001542831197,2.2085582543227265,3.8463647845870743,2024-10
Lil-R/2_PRYMMAL-ECE-7B-SLERP-V2,2024-10-28,excluded,7616000000.0,3.733001542831197,2.2085582543227265,3.8463647845870743,2024-10
Lil-R/2_PRYMMAL-ECE-7B-SLERP-V3,2024-10-28,excluded,7616000000.0,8.878726613265554,5.316274964483361,8.858528866895913,2024-10
Lil-R/PRYMMAL-ECE-1B-SLERP-V1,2024-10-29,excluded,1777000000.0,14.88329630475093,10.270981626284266,14.659811279331239,2024-10
Lil-R/PRYMMAL-ECE-7B-SLERP-V8,2024-10-28,excluded,7616000000.0,3.386229392038714,1.5705293392066035,3.562979440782825,2024-10
LilRg/10PRYMMAL-3B-slerp,2024-09-24,excluded,3821000000.0,21.087895754438843,17.898301004990902,20.87275732093078,2024-09
LilRg/ECE-1B-merge-PRYMMAL,2024-10-07,excluded,1777000000.0,14.497652546900952,10.009075555093599,14.22343870121366,2024-10
LilRg/ECE_Finetunning,2024-09-28,chat,16061000000.0,11.987032259556209,10.57227790836147,11.792728377883996,2024-09
LilRg/PRYMMAL-6B-slerp,2024-09-24,excluded,3293000000.0,3.23270592407536,1.5957350754585875,3.3593025784497925,2024-09
LilRg/PRYMMAL-ECE-7B-SLERP-V3,2024-10-26,excluded,7616000000.0,3.533946396700676,1.7057983821568454,3.6567263318177017,2024-10
LilRg/PRYMMAL-ECE-7B-SLERP-V4,2024-10-26,excluded,7616000000.0,3.54393840309556,1.7057983821568454,3.666718338212586,2024-10
LilRg/PRYMMAL-ECE-7B-SLERP-V5,2024-10-26,excluded,7616000000.0,3.54393840309556,1.7057983821568454,3.666718338212586,2024-10
LilRg/PRYMMAL-ECE-7B-SLERP-V6,2024-10-26,excluded,7616000000.0,3.533946396700676,1.7057983821568454,3.6567263318177017,2024-10
LilRg/PRYMMAL-ECE-7B-SLERP-V7,2024-10-26,excluded,7616000000.0,3.54393840309556,1.7057983821568454,3.666718338212586,2024-10
LilRg/PRYMMAL-slerp-Merge,2024-09-24,excluded,3821000000.0,23.42765486276747,18.46409219609061,23.258439831559947,2024-09
LimYeri/CodeMind-Llama3-8B-unsloth_v2-merged,2024-08-28,chat,8029999999.999999,22.47290731923821,10.650764730401095,22.4072370162782,2024-08
LimYeri/CodeMind-Llama3-8B-unsloth_v3-merged,2024-08-28,chat,8029999999.999999,21.90871377207617,10.096914148486176,21.729743490108657,2024-08
LimYeri/CodeMind-Llama3-8B-unsloth_v4-one-DPO-merged,2024-08-28,chat,8029999999.999999,21.711489727026887,11.104303360905778,21.752315022663648,2024-08
LimYeri/CodeMind-Llama3-8B-unsloth_v4-one-merged,2024-08-28,chat,8029999999.999999,17.61324636978146,12.771413846681416,17.387570128528555,2024-08
LimYeri/CodeMind-Llama3.1-8B-unsloth-merged,2024-08-31,chat,8029999999.999999,22.317695413728828,11.464912222848499,22.115862657411654,2024-08
Locutusque/CollectiveLM-Falcon-3-7B,2025-01-08,chat,7456000000.0,22.94962177916018,16.538446260915794,22.567574225790334,2025-01
Locutusque/Hercules-6.0-Llama-3.1-8B,2024-09-26,chat,8029999999.999999,23.836013153195413,11.799182312677015,23.002648789426964,2024-09
Locutusque/Hercules-6.1-Llama-3.1-8B,2024-10-01,chat,8029999999.999999,22.723248561634563,12.019853823557733,22.47272943959344,2024-10
Locutusque/Llama-3-NeuralHercules-5.0-8B,2024-06-26,chat,8029999999.999999,16.042475909115613,8.412045362098304,15.917872034000968,2024-06
Locutusque/Llama-3-Yggdrasil-2.0-8B,2024-06-26,excluded,8029999999.999999,20.46019749438689,11.125091993724562,20.055165930073848,2024-06
Locutusque/TinyMistral-248M-v2.5,2024-09-17,base,248000000.0,4.035439468453137,1.949585065373445,4.012135679929554,2024-09
Luni/StarDust-12b-v1,2024-09-03,excluded,12248000000.0,23.44797955440925,13.8956525890807,23.365232715838832,2024-09
Luni/StarDust-12b-v2,2024-09-03,excluded,12248000000.0,24.215076436734588,14.618519165265015,24.11247599342231,2024-09
Lunzima/NQLSG-Qwen2.5-14B-MegaFusion-v3,2025-02-18,excluded,14766000000.0,41.23204160839732,30.79222546778085,40.8908485319436,2025-02
Lunzima/NQLSG-Qwen2.5-14B-MegaFusion-v5,2025-02-20,chat,14766000000.0,40.96266321754947,29.397172320400877,40.61461756960198,2025-02
Lunzima/NQLSG-Qwen2.5-14B-MegaFusion-v6,2025-02-25,chat,14766000000.0,40.64719439278672,30.11635336929445,40.29389761247208,2025-02
Lunzima/NQLSG-Qwen2.5-14B-MegaFusion-v7-rebase,2025-02-28,excluded,14766000000.0,39.62401757502077,28.880231207441927,39.1073777236088,2025-02
Lunzima/NQLSG-Qwen2.5-14B-MegaFusion-v8,2025-03-09,excluded,14766000000.0,42.7836905135922,31.072659266052348,41.85111880150296,2025-03
Lunzima/NQLSG-Qwen2.5-14B-MegaFusion-v8.5,2025-02-28,excluded,14766000000.0,38.22998867442242,29.00369883032321,37.610423579876,2025-02
Lunzima/NQLSG-Qwen2.5-14B-MegaFusion-v8.6,2025-03-01,excluded,14766000000.0,39.62574720619401,30.728646057066534,39.12088345976203,2025-03
Lunzima/NQLSG-Qwen2.5-14B-MegaFusion-v8.7,2025-03-09,excluded,14766000000.0,43.09341097373618,31.20436608839946,41.67607222991304,2025-03
Lunzima/NQLSG-Qwen2.5-14B-MegaFusion-v8.9,2025-03-09,excluded,14766000000.0,42.523098714975845,30.94984547249305,41.431831180967826,2025-03
Lunzima/NQLSG-Qwen2.5-14B-MegaFusion-v9-stock,2025-03-07,excluded,14766000000.0,40.70544769121661,31.10152042681504,40.354955934548784,2025-03
Lyte/Llama-3.1-8B-Instruct-Reasoner-1o1_v0.3,2024-09-17,chat,8000000000.0,25.75346114088417,13.244121580232203,25.319577984456988,2024-09
Lyte/Llama-3.2-1B-Instruct-COT-RL-Expriement1-EP04,2024-09-26,chat,1236000000.0,14.64730777109662,5.079254619428601,14.373550437902475,2024-09
Lyte/Llama-3.2-3B-Overthinker,2024-10-18,chat,3213000000.0,21.16747363194216,7.5856658194189315,18.914138830981493,2024-10
M4-ai/TinyMistral-248M-v3,2024-10-18,base,248000000.0,4.20563631018843,1.450820958949676,4.130107609282085,2024-10
MEscriva/ECE-PRYMMAL-0.5B-FT-V5-MUSR-Mathis,2024-11-19,chat,630000000.0,3.918738619379433,2.6383265016708135,3.9710036765721837,2024-11
MLP-KTLim/llama-3-Korean-Bllossom-8B,2024-07-09,chat,8029999999.999999,20.39691634614766,11.594797748504567,20.219614538137662,2024-07
MTSAIR/Cotype-Nano,2024-12-01,chat,1544000000.0,13.8127563761264,7.577323085912556,13.498910992911316,2024-12
MTSAIR/MultiVerse_70B,2024-06-29,chat,72289000000.0,32.24436452801163,23.463092123481704,31.821945844223333,2024-06
Magpie-Align/Llama-3-8B-Magpie-Align-SFT-v0.1,2024-09-17,chat,8029999999.999999,15.954087586908154,7.835500961468399,15.746948291659796,2024-09
Magpie-Align/Llama-3-8B-Magpie-Align-SFT-v0.3,2024-08-06,chat,8029999999.999999,17.55322537025943,8.473457721813373,17.312265339513523,2024-08
Magpie-Align/Llama-3-8B-Magpie-Align-v0.1,2024-07-03,chat,8029999999.999999,16.473094269110153,9.434443628172648,16.430272433058327,2024-07
Magpie-Align/Llama-3-8B-Magpie-Align-v0.3,2024-08-06,chat,8029999999.999999,17.40249479320385,9.64954222141853,17.37873868757686,2024-08
Magpie-Align/Llama-3.1-8B-Magpie-Align-SFT-v0.1,2024-09-17,chat,8029999999.999999,17.975799245688165,9.703204959022951,17.822704674131156,2024-09
Magpie-Align/Llama-3.1-8B-Magpie-Align-v0.1,2024-09-17,chat,8029999999.999999,17.54685483954604,9.288820759283388,16.42046146329995,2024-09
Magpie-Align/MagpieLM-8B-Chat-v0.1,2024-09-19,chat,8029999999.999999,15.026344312964897,8.985909515016784,14.900224479882224,2024-09
Magpie-Align/MagpieLM-8B-SFT-v0.1,2024-09-19,chat,8029999999.999999,17.78392950063439,9.969147401283486,17.663053304431415,2024-09
ManoloPueblo/ContentCuisine_1-7B-slerp,2024-11-12,excluded,7242000000.0,21.05279849551743,14.122442002226276,21.026292882941654,2024-11
ManoloPueblo/LLM_MERGE_CC2,2024-11-12,excluded,7242000000.0,20.747367714260108,13.684481743911833,20.59490138794075,2024-11
ManoloPueblo/LLM_MERGE_CC3,2024-11-12,excluded,7242000000.0,21.67864029208779,14.874253742036394,21.61743474161672,2024-11
MarinaraSpaghetti/NemoReRemix-12B,2024-09-17,excluded,12248000000.0,22.03458082808498,16.39622967048066,21.973805305792265,2024-09
MarinaraSpaghetti/Nemomix-v4.0-12B,2024-08-02,excluded,12248000000.0,24.46797663801924,14.640077640505242,24.216666211204306,2024-08
Marsouuu/MiniMathExpert-2_61B-ECE-PRYMMAL-Martial,2024-10-06,excluded,2614000000.0,12.494620122547149,8.097013457016537,12.243829803178484,2024-10
Marsouuu/MiniQwenMathExpert-ECE-PRYMMAL-Martial,2024-10-07,excluded,1777000000.0,15.081989145779028,10.494479328385504,14.809008204243568,2024-10
Marsouuu/MistralBase-4x7B-MoE-ECE-PRYMMAL-Martial,2024-10-03,excluded,24160000000.0,6.761759514131008,3.7922101306348828,6.55387895228626,2024-10
Marsouuu/general3B-ECE-PRYMMAL-Martial,2024-10-23,excluded,3821000000.0,22.978904737174783,18.36606174949414,22.67142676564755,2024-10
Marsouuu/general3Bv2-ECE-PRYMMAL-Martial,2024-11-06,chat,7616000000.0,31.917859287211872,23.18418770241541,31.680582609036982,2024-11
Marsouuu/lareneg1_78B-ECE-PRYMMAL-Martial,2024-10-23,excluded,1777000000.0,15.081989145779028,10.494479328385504,14.809008204243568,2024-10
Marsouuu/lareneg3B-ECE-PRYMMAL-Martial,2024-11-06,excluded,3821000000.0,23.942055269453448,18.680728338934816,23.79354446832528,2024-11
Marsouuu/lareneg3Bv2-ECE-PRYMMAL-Martial,2024-11-06,excluded,7616000000.0,32.112665840964375,23.367216314738258,31.78927659726246,2024-11
MaziyarPanahi/Calme-4x7B-MoE-v0.1,2024-08-05,excluded,24154000000.0,20.02390332852601,12.253039040417933,19.881689335546824,2024-08
MaziyarPanahi/Calme-4x7B-MoE-v0.2,2024-08-05,excluded,24154000000.0,20.176360946073107,12.484096206446967,20.021105134974423,2024-08
MaziyarPanahi/Llama-3-70B-Instruct-v0.1,2024-06-26,chat,70554000000.0,26.33391343739024,19.453864660317812,25.835095861815304,2024-06
MaziyarPanahi/Llama-3-8B-Instruct-v0.10,2024-06-26,chat,8029999999.999999,26.79740338813341,14.142423569299497,26.640321775711133,2024-06
MaziyarPanahi/Llama-3-8B-Instruct-v0.8,2024-07-11,chat,8029999999.999999,26.888884373724007,14.589495171101355,26.686918878418865,2024-07
MaziyarPanahi/Llama-3-8B-Instruct-v0.9,2024-08-06,chat,8029999999.999999,26.786644392116216,14.11964877826581,26.583848284323036,2024-08
MaziyarPanahi/Qwen1.5-MoE-A2.7B-Wikihow,2024-09-12,chat,14316000000.0,12.325434589632,6.9425764361240105,12.170077401346669,2024-09
MaziyarPanahi/Qwen2-7B-Instruct-v0.1,2024-07-07,chat,7616000000.0,22.98150895877193,17.433380126284714,22.461445275718805,2024-07
MaziyarPanahi/Qwen2-7B-Instruct-v0.8,2024-07-07,chat,7616000000.0,19.558137588276004,14.609638459141049,19.21595520460981,2024-07
MaziyarPanahi/calme-2.1-llama3.1-70b,2024-07-24,chat,70554000000.0,40.93603260877296,26.449596140691895,40.42141645616724,2024-07
MaziyarPanahi/calme-2.1-phi3-4b,2024-06-26,chat,3821000000.0,25.985365252885945,15.062378761019444,24.517715742700283,2024-06
MaziyarPanahi/calme-2.1-phi3.5-4b,2024-08-23,chat,3821000000.0,28.000378443622285,17.75009998708231,26.72483149195017,2024-08
MaziyarPanahi/calme-2.1-qwen2-72b,2024-06-26,chat,72699000000.0,44.39894388647036,31.041524684836503,43.53427887391446,2024-06
MaziyarPanahi/calme-2.1-qwen2-7b,2024-09-18,chat,7616000000.0,23.5418799100886,17.29329623223124,23.25313471991542,2024-09
MaziyarPanahi/calme-2.1-qwen2.5-72b,2024-09-26,chat,72700000000.0,47.85672202584548,24.653299264238356,38.306673878944736,2024-09
MaziyarPanahi/calme-2.1-rys-78b,2024-08-08,chat,77965000000.0,44.64399850290042,32.65415272774248,44.55380866992363,2024-08
MaziyarPanahi/calme-2.2-llama3-70b,2024-06-26,chat,70554000000.0,38.14006369052438,24.856630557857933,37.79608154790045,2024-06
MaziyarPanahi/calme-2.2-llama3.1-70b,2024-09-09,chat,70554000000.0,43.31100681386724,30.04186076402928,43.085136674258266,2024-09
MaziyarPanahi/calme-2.2-phi3-4b,2024-06-26,chat,3821000000.0,25.23264053363112,14.446977129159478,23.235120002714037,2024-06
MaziyarPanahi/calme-2.2-qwen2-72b,2024-08-06,chat,72706000000.0,44.09009576064759,31.544936367119654,43.77491741938812,2024-08
MaziyarPanahi/calme-2.2-qwen2-7b,2024-09-18,chat,7616000000.0,23.58331943928233,17.225320052311687,23.0370597987599,2024-09
MaziyarPanahi/calme-2.2-qwen2.5-72b,2024-09-26,chat,72700000000.0,47.22457675508573,34.92091437119454,47.01502754143555,2024-09
MaziyarPanahi/calme-2.2-rys-78b,2024-08-08,chat,77965000000.0,44.38633440385336,32.29358291937135,44.091168374225134,2024-08
MaziyarPanahi/calme-2.3-llama3-70b,2024-08-30,chat,70554000000.0,37.067032265745496,24.313983047605053,36.88716078067926,2024-08
MaziyarPanahi/calme-2.3-llama3.1-70b,2024-09-18,chat,70554000000.0,43.275189943129554,29.92086171213368,42.88589694853903,2024-09
MaziyarPanahi/calme-2.3-phi3-4b,2024-06-26,chat,3821000000.0,24.981612770364112,15.942157652183248,24.62946674652187,2024-06
MaziyarPanahi/calme-2.3-qwen2-72b,2024-09-15,chat,72706000000.0,33.00083092091415,23.366967800380355,29.950636696747207,2024-09
MaziyarPanahi/calme-2.3-qwen2-7b,2024-09-18,chat,7616000000.0,23.08170100435127,16.466468154503744,22.674421729318404,2024-09
MaziyarPanahi/calme-2.3-rys-78b,2024-09-03,chat,77965000000.0,44.55737382877077,32.37107274358133,44.23220567350311,2024-09
MaziyarPanahi/calme-2.4-llama3-70b,2024-06-26,chat,70554000000.0,32.48622524876468,24.352827346925565,32.028906493486566,2024-06
MaziyarPanahi/calme-2.4-qwen2-7b,2024-09-18,chat,7616000000.0,22.85144077010553,17.00217555998196,22.310849360851325,2024-09
MaziyarPanahi/calme-2.4-rys-78b,2024-09-03,chat,77965000000.0,50.76504719022304,40.19450539169881,50.495019314190024,2024-09
MaziyarPanahi/calme-2.5-qwen2-7b,2024-09-29,chat,7616000000.0,22.6595386850518,17.674330441839302,22.286345813225523,2024-09
MaziyarPanahi/calme-2.6-qwen2-7b,2024-09-29,chat,7616000000.0,21.23233085446529,15.451542664449452,20.928370775650063,2024-09
MaziyarPanahi/calme-2.7-qwen2-7b,2024-09-18,chat,7616000000.0,22.35526715111473,16.197574606311157,21.759190481251128,2024-09
MaziyarPanahi/calme-3.1-baguette-3b,2024-11-08,chat,3085000000.0,25.581601911367752,15.20379979304805,25.124575766867984,2024-11
MaziyarPanahi/calme-3.1-instruct-3b,2024-11-08,chat,3085000000.0,21.50709063608992,14.181046012258774,21.28188663160396,2024-11
MaziyarPanahi/calme-3.1-instruct-78b,2024-11-27,chat,77965000000.0,51.28748997363473,40.3568473157361,50.78139788266597,2024-11
MaziyarPanahi/calme-3.1-llamaloi-3b,2024-11-08,chat,3213000000.0,24.0933506270088,11.205898791174592,23.57956406175017,2024-11
MaziyarPanahi/calme-3.2-baguette-3b,2024-11-08,chat,3085000000.0,26.332491008465908,15.694286523650172,25.754743006046965,2024-11
MaziyarPanahi/calme-3.2-instruct-3b,2024-11-08,chat,3086000000.0,24.62035249644337,15.102059526442346,24.14884956345073,2024-11
MaziyarPanahi/calme-3.2-instruct-78b,2024-11-28,chat,77965000000.0,52.08138397879168,41.55483349559357,51.64636541835731,2024-11
MaziyarPanahi/calme-3.3-baguette-3b,2024-11-08,chat,3086000000.0,27.40710052469249,17.085910923718693,27.003141922042357,2024-11
MaziyarPanahi/calme-3.3-instruct-3b,2024-11-08,chat,3086000000.0,27.77891097790277,17.173622476423724,27.25015425462342,2024-11
Minami-su/Amara-o1-7B-Qwen,2025-01-08,chat,7616000000.0,34.488976713679584,23.08997534815047,34.015690025847114,2025-01
Minami-su/Amara-o2-7B-Qwen,2025-01-09,chat,7616000000.0,31.034506834602485,19.630206864497374,30.59229213114223,2025-01
Minami-su/test-7B-00,2024-12-24,chat,7616000000.0,29.950834319546107,20.010894648377434,29.66756140897714,2024-12
Minami-su/test-7B-01,2024-12-24,chat,7616000000.0,30.08150931571436,20.418726292323914,29.949262185067067,2024-12
Minami-su/test-v2-7B-00,2024-12-25,chat,7616000000.0,29.484350067576724,18.835514583723707,29.08100971732256,2024-12
ModelCloud/Llama-3.2-1B-Instruct-gptqmodel-4bit-vortex-v1,2025-01-02,chat,5453000000.0,12.430004377968435,3.4867713016607427,12.106246174598237,2025-01
ModelSpace/GemmaX2-28-9B-v0.1,2025-02-24,chat,10159000000.0,5.991108905848541,6.099736839688022,6.068226388777919,2025-02
NAPS-ai/naps-gemma-2-27b-v0.1.0,2024-11-11,chat,27227000000.0,1.6796019124036488,1.727983876166717,1.705432959860349,2024-11
NAPS-ai/naps-llama-3_1-instruct-v0.5.0,2024-09-30,chat,8029999999.999999,16.000822862572466,7.178474549818163,15.773597807895598,2024-09
NCSOFT/Llama-VARCO-8B-Instruct,2024-12-21,chat,8029999999.999999,20.98350927266516,13.281532337120336,20.740849171528357,2024-12
Naveenpoliasetty/llama3-8B-V2,2024-06-26,chat,8029999999.999999,20.820686737632144,13.717364794291099,20.465951244153167,2024-06
NbAiLab/nb-llama-3.1-8B-Instruct,2024-12-10,chat,8029999999.999999,8.479797435320535,1.7955650819591888,8.219820620146608,2024-12
Nekochu/Llama-3.1-8B-German-ORPO,2024-09-24,chat,8029999999.999999,23.25405221583384,14.106768623134725,21.309741512932515,2024-09
Nexesenex/Llama_3.1_8b_DeepDive_3_R1_Prev_v1.0,2025-02-27,excluded,8029999999.999999,27.472783833453928,15.365659634417462,27.258061965310915,2025-02
Nexesenex/Llama_3.1_8b_DobHerWild_R1_v1.1R,2025-02-27,excluded,8029999999.999999,29.728397716509164,16.859690728032664,29.30024209642834,2025-02
Nexesenex/Llama_3.1_8b_DoberWild_v2.02,2025-02-28,excluded,8029999999.999999,29.47563015963895,16.20373223735854,29.07250903093164,2025-02
Nexesenex/Llama_3.1_8b_DodoWild_v2.01,2025-02-27,excluded,8031000000.000001,30.309648600363573,17.038351916546652,30.15014634202772,2025-02
Nexesenex/Llama_3.1_8b_DodoWild_v2.02,2025-02-28,excluded,8029999999.999999,30.73355916962436,17.226955161713388,30.3006134926387,2025-02
Nexesenex/Llama_3.1_8b_DodoWild_v2.03,2025-02-28,excluded,8029999999.999999,30.60438973869286,17.11053589908154,30.167947626405773,2025-02
Nexesenex/Llama_3.1_8b_Dolermed_R1_V1.01,2025-02-28,excluded,8029999999.999999,29.312043044222406,16.56117884506056,29.07561969362064,2025-02
Nexesenex/Llama_3.1_8b_Dolermed_V1.01,2025-02-28,excluded,8031000000.000001,23.45268314376055,14.86899655668266,23.4344978660223,2025-02
Nexesenex/Llama_3.1_8b_Dolerstormed_V1.04,2025-03-01,excluded,8029999999.999999,30.11303338680009,17.019360652439403,29.94443163703445,2025-03
Nexesenex/Llama_3.1_8b_Hermedive_R1_V1.01,2025-02-28,excluded,8029999999.999999,23.809186985379387,15.24855385799842,23.652357803266103,2025-02
Nexesenex/Llama_3.1_8b_Mediver_V1.01,2025-02-27,excluded,8031000000.000001,11.984272459370358,8.568151758543014,12.11076379004762,2025-02
Nexesenex/Llama_3.1_8b_Smarteaz_0.2_R1,2025-02-27,excluded,8029999999.999999,28.105107642426063,17.82203945846189,27.848204663489675,2025-02
Nexesenex/Llama_3.1_8b_Smarteaz_V1.01,2025-02-27,excluded,8029999999.999999,30.62363412318741,16.83263760550788,30.278290287392416,2025-02
Nexesenex/Llama_3.2_1b_AquaSyn_0.1,2025-02-22,excluded,1498000000.0,6.988906174606645,2.445749187317974,7.070896453768081,2025-02
Nexesenex/Llama_3.2_1b_Odyssea_V1,2025-02-22,excluded,1498000000.0,5.724136311067048,1.4800416119896747,5.721897882017006,2025-02
Nexesenex/Llama_3.2_1b_Odyssea_V1.01,2025-02-26,excluded,1498000000.0,5.655298422411647,1.5069576887013123,5.656827965679998,2025-02
Nexesenex/Llama_3.2_1b_SunOrca_V1,2025-03-06,excluded,1498000000.0,14.008724276561884,5.217106627480999,13.842221995993576,2025-03
Nexesenex/Llama_3.2_1b_Sydonia_0.1,2025-02-22,excluded,1498000000.0,5.524505982897409,1.9068956179555427,5.50473938000097,2025-02
Nexesenex/Llama_3.2_3b_Kermes_v2,2025-02-12,excluded,3213000000.0,18.49497166284455,8.72993091454081,18.420610325975943,2025-02
NikolaSigmoid/AceMath-1.5B-Instruct-dolphin-r1-200,2025-03-06,chat,928000000.0,4.389863637734279,1.6530452818343149,4.515897600457279,2025-03
NikolaSigmoid/DeepSeek-R1-Distill-Qwen-1.5B-500,2025-03-04,chat,1157000000.0,3.5788564701687924,0.8728689358830943,3.6723843414744413,2025-03
NikolaSigmoid/phi-4-14b,2025-02-28,chat,14704000000.0,29.913839706837063,29.792043719387035,29.527548865654435,2025-02
NotASI/FineTome-Llama3.2-3B-1002,2024-10-05,chat,3000000000.0,16.7624003049829,7.30087029847986,16.72283550016573,2024-10
NotASI/FineTome-v1.5-Llama3.2-1B-1007,2024-10-07,chat,1236000000.0,9.24257019295171,2.7310174723073866,8.956798068613882,2024-10
NotASI/FineTome-v1.5-Llama3.2-3B-1007,2024-10-07,chat,3213000000.0,17.113696212626593,7.38871717824867,16.839899893092415,2024-10
NousResearch/DeepHermes-3-Mistral-24B-Preview,2025-03-13,chat,23572000000.0,31.98701372074271,24.57009155527684,31.64240522256689,2025-03
NousResearch/Hermes-2-Pro-Llama-3-8B,2024-06-13,chat,8031000000.000001,22.06997572152565,12.270820628275553,21.56898585614771,2024-06
NousResearch/Hermes-2-Pro-Mistral-7B,2024-06-12,chat,7242000000.0,21.84057680720769,11.814077978475256,21.704087243762256,2024-06
NousResearch/Hermes-3-Llama-3.1-70B,2024-08-28,chat,70554000000.0,38.51477067349896,24.884119901642826,37.16628292798293,2024-08
NousResearch/Nous-Hermes-2-Mistral-7B-DPO,2024-06-12,chat,7242000000.0,21.10058697437334,10.62584808678389,20.892971767243125,2024-06
NousResearch/Yarn-Llama-2-13b-128k,2024-06-13,base,13000000000.0,8.494146676691704,5.358584293615933,8.39509595939149,2024-06
Open-Orca/Mistral-7B-OpenOrca,2024-06-12,chat,7000000000.0,17.72165111279921,8.780187327419997,17.594026989469892,2024-06
OpenBuddy/openbuddy-llama3-70b-v21.2-32k,2024-09-05,chat,70554000000.0,35.5534575981615,23.432035657115733,34.97950378842587,2024-09
OpenBuddy/openbuddy-llama3-8b-v21.1-8k,2024-08-03,chat,8029999999.999999,20.162938316635703,10.288248440630465,19.920967980986152,2024-08
OpenBuddy/openbuddy-llama3.1-70b-v22.1-131k,2024-08-24,chat,70554000000.0,41.24947292836925,23.33600684684567,35.07538606322988,2024-08
OpenBuddy/openbuddy-llama3.1-8b-v22.3-131k,2024-08-24,chat,8029999999.999999,23.317953936657844,12.539107803791305,22.791130528937817,2024-08
OpenBuddy/openbuddy-yi1.5-34b-v21.3-32k,2024-08-30,chat,34407000000.0,30.92470371318825,21.1283437034021,29.83912285095848,2024-08
OpenLeecher/llama3-8b-lima,2024-10-01,chat,8029999999.999999,15.025432287041792,7.2972316679876705,14.681877195215865,2024-10
OpenScholar/Llama-3.1_OpenScholar-8B,2024-12-03,chat,8000000000.0,25.961332257431867,15.07476874028788,25.461324714734186,2024-12
Orenguteng/Llama-3.1-8B-Lexi-Uncensored-V2,2024-08-28,chat,8029999999.999999,28.390881228317323,14.522900943035818,27.65306108359046,2024-08
Orion-zhen/phi-4-abliterated,2024-12-20,chat,14660000000.0,29.97907708859114,29.49593820025669,29.333969213916877,2024-12
PJMixers-Dev/LLaMa-3.1-Instruct-Interleaved-Zeroed-13B,2024-12-18,chat,13047000000.0,28.894562181103485,15.331657014136745,28.363004459731343,2024-12
PJMixers-Dev/LLaMa-3.1-RomboTiesTest-8B,2024-12-20,excluded,4014999999.9999995,28.818375441031588,15.331657014136745,28.286817719659453,2024-12
PJMixers-Dev/LLaMa-3.1-RomboTiesTest2-8B,2024-12-21,excluded,4014999999.9999995,28.818375441031588,15.331657014136745,28.286817719659446,2024-12
PJMixers-Dev/LLaMa-3.2-Instruct-JankMix-v0.2-SFT-3B,2024-10-14,chat,3213000000.0,21.772674131965854,11.03548378639235,21.322058197034483,2024-10
PJMixers-Dev/LLaMa-3.2-Instruct-JankMixBread-v0.1-3B,2024-10-12,excluded,3213000000.0,19.737295916446044,10.617929445029286,19.042694417099195,2024-10
PJMixers/LLaMa-3-CursedStock-v2.0-8B,2024-06-27,excluded,8029999999.999999,24.166133893343385,13.010523243361247,23.777013554850342,2024-06
Quazim0t0/Lo-Phi-14b,2025-03-09,excluded,14660000000.0,37.88897941168211,30.59163641664219,37.49245366051831,2025-03
Quazim0t0/Phi4.Turn.R1Distill.16bit,2025-01-30,chat,14660000000.0,27.502616984496523,18.55199369957723,24.168446259018733,2025-01
Quazim0t0/Phi4Basis-14B-sce,2025-02-03,excluded,14660000000.0,40.31326092128696,29.730016790401866,39.52375063361582,2025-02
Quazim0t0/graphite-14b-sce,2025-02-05,excluded,14660000000.0,29.108509572328675,21.037076928625805,26.577866023376686,2025-02
Qwen/QwQ-32B-Preview,2024-11-29,chat,32764000000.000004,34.11985336826446,23.598357009970496,30.124746776239135,2024-11
Qwen/Qwen1.5-0.5B,2024-06-13,base,620000000.0,5.3510150735736985,2.31330989313218,5.18572674810218,2024-06
Qwen/Qwen1.5-1.8B,2024-06-13,base,1837000000.0,9.269492522098927,5.333346687775088,8.878456531707716,2024-06
Qwen/Qwen1.5-110B,2024-06-13,base,111210000000.0,29.83367750486893,23.556819095890443,29.24091299341203,2024-06
Qwen/Qwen1.5-14B-Chat,2024-06-12,chat,14167000000.0,23.56610647505137,12.773943132167565,21.09801691249912,2024-06
Qwen/Qwen1.5-32B,2024-06-13,base,32512000000.0,27.2987558571606,21.230185093478084,26.463808922046496,2024-06
Qwen/Qwen1.5-32B-Chat,2024-06-12,chat,32512000000.0,29.25746822860332,17.053327310030355,26.786746044156633,2024-06
Qwen/Qwen1.5-4B-Chat,2024-06-12,chat,3950000000.0,12.627280110791752,7.172786253164623,12.25281559577319,2024-06
Qwen/Qwen1.5-MoE-A2.7B,2024-06-13,base,14316000000.0,13.945920112290064,7.628811091856013,12.501849822224928,2024-06
Qwen/Qwen2-0.5B-Instruct,2024-06-12,chat,494000000.0,6.586780633287707,2.8464783655607238,6.5275002434818665,2024-06
Qwen/Qwen2-1.5B-Instruct,2024-06-12,chat,1544000000.0,14.141936815181689,8.43822329930228,13.794888459208202,2024-06
Qwen/Qwen2-57B-A14B,2024-06-13,base,57409000000.0,25.0338731324107,18.97873941801691,24.62965315673066,2024-06
Qwen/Qwen2-7B,2024-06-09,base,7616000000.0,23.9251621404824,18.369765194822826,23.43159892128299,2024-06
Qwen/Qwen2-7B-Instruct,2024-06-12,chat,7616000000.0,27.93668778218485,14.630434244608029,24.514668007177146,2024-06
Qwen/Qwen2-Math-72B-Instruct,2024-08-19,chat,72706000000.0,38.020957002292825,25.989886504108256,34.5416977411299,2024-08
Qwen/Qwen2-VL-72B-Instruct,2024-10-20,excluded,73406000000.0,39.53661995549832,28.41715510378734,37.62815012597741,2024-10
Qwen/Qwen2-VL-7B-Instruct,2024-10-20,excluded,8291000000.0,26.493258763428177,16.357837852323634,24.026537461407575,2024-10
Qwen/Qwen2.5-1.5B-Instruct,2024-09-19,chat,1500000000.0,18.430509141644382,7.318013453288376,15.02385921306934,2024-09
Qwen/Qwen2.5-14B-Instruct,2024-09-18,chat,14770000000.0,41.30945747711163,18.739196926607452,32.1841672134881,2024-09
Qwen/Qwen2.5-32B-Instruct,2024-09-19,chat,32764000000.000004,46.59714569921449,23.45312312364647,36.22476479727658,2024-09
Qwen/Qwen2.5-3B-Instruct,2024-09-19,chat,3000000000.0,27.16175720903232,10.34264435053208,21.12070865126719,2024-09
Qwen/Qwen2.5-72B,2024-09-19,base,72706000000.0,38.441143572535815,31.91113505920322,37.52198589069056,2024-09
Qwen/Qwen2.5-7B-Instruct,2024-09-18,chat,7616000000.0,35.200108659947965,14.740795312212931,27.10052999025895,2024-09
Qwen/Qwen2.5-Math-72B-Instruct,2024-09-29,chat,72706000000.0,36.82286386234789,24.085986550567934,29.291679527029462,2024-09
Qwen/Qwen2.5-Math-7B,2024-09-21,base,7616000000.0,17.836657156289718,13.862237895977408,17.144104917079808,2024-09
RESMPDEV/Qwen2-Wukong-0.5B,2024-06-30,chat,630000000.0,4.975539710746782,1.975600490294166,4.957146817228007,2024-06
RLHFlow/ArmoRM-Llama3-8B-v0.1,2024-10-08,chat,7511000000.0,4.705487409302649,1.6726063328976044,4.766537470352711,2024-10
Replete-AI/Llama3-8B-Instruct-Replete-Adapted,2024-07-09,chat,8000000000.0,22.778517848782894,10.773714967439508,22.42311161727334,2024-07
Rombo-Org/Rombo-LLM-V2.5-Qwen-7b,2025-01-13,excluded,7616000000.0,35.259585169099566,14.418841999149858,26.675904998024073,2025-01
SaisExperiments/Gemma-2-2B-Stheno-Filtered,2024-10-08,chat,2614000000.0,15.491102762862866,8.645818165604958,15.29008476731083,2024-10
SaisExperiments/RightSheep-Llama3.2-3B,2025-01-25,chat,3213000000.0,15.85739377536482,9.185506671484834,15.757008652941298,2025-01
Sakalti/Llama3.2-3B-Uranus-1,2025-01-09,chat,3213000000.0,21.030483022816096,12.143755296120434,20.730789560585094,2025-01
Sakalti/Phi3.5-Comets-3.8B,2024-12-21,excluded,3821000000.0,5.760043006242388,2.9889972968983307,6.012005153974928,2024-12
Sakalti/Qwen2.5-1B-Instruct,2025-01-18,chat,988000000.0,4.275488298707521,1.4526217162048778,4.282548558619962,2025-01
SentientAGI/Dobby-Mini-Leashed-Llama-3.1-8B,2025-02-04,chat,8029999999.999999,29.43899218809408,16.212624946051854,29.031577512285246,2025-02
SentientAGI/Dobby-Mini-Unhinged-Llama-3.1-8B,2025-02-04,chat,8029999999.999999,27.45756521473049,14.206914112189292,26.652249734512274,2025-02
Sicarius-Prototyping/Brainy_LLAMA,2024-12-04,chat,8029999999.999999,24.22551281841119,15.297707339495602,24.03436521554791,2024-12
SicariusSicariiStuff/LLAMA-3_8B_Unaligned_BETA,2024-10-18,chat,8029999999.999999,19.14075237978403,13.035159730481055,18.827257875432615,2024-10
SicariusSicariiStuff/Phi-Line_14B,2025-02-18,chat,14660000000.0,37.56208119420943,27.21457249758668,37.254895765787936,2025-02
SicariusSicariiStuff/Qwen2.5-14B_Uncensored,2024-09-21,chat,14000000000.0,31.750334298621823,26.241244865189184,31.03639121636963,2024-09
SicariusSicariiStuff/Qwen2.5-14B_Uncensored_Instruct,2024-09-21,chat,14770000000.0,28.95879229174073,21.746586940778666,27.682087673728965,2024-09
SkyOrbis/SKY-Ko-Llama3.2-1B-lora-epoch5,2024-12-27,chat,1236000000.0,12.134493116614278,4.96213551344497,11.995665733146621,2024-12
SkyOrbis/SKY-Ko-Llama3.2-1B-lora-v2-epoch3,2024-12-27,chat,1236000000.0,12.134493116614278,4.962135513444971,11.995665733146621,2024-12
SkyOrbis/SKY-Ko-Llama3.2-3B-lora-epoch1,2024-12-27,chat,3213000000.0,20.42021662043027,11.013019039779929,19.81359926657579,2024-12
SkyOrbis/SKY-Ko-Qwen2.5-3B-Instruct,2025-01-09,chat,3086000000.0,15.791201412428553,9.72276225156383,15.171432657942985,2025-01
SkyOrbis/SKY-Ko-Qwen2.5-7B-Instruct-SFT-step-15000,2025-02-01,chat,7616000000.0,24.13133339481089,18.17969880058538,23.79444903997725,2025-02
SkyOrbis/SKY-Ko-Qwen2.5-7B-Instruct-SFT-step-5000,2025-02-04,chat,7616000000.0,24.667117533839868,18.356242901916612,24.329213842518964,2025-02
Sorawiz/Gemma-9B-Base,2025-02-12,excluded,10159000000.0,20.84248400200344,18.26097541036102,20.696830707729248,2025-02
Sorawiz/Gemma-Creative-9B-Base,2025-02-12,excluded,10159000000.0,18.29960573109928,15.343634444194484,18.266975066422425,2025-02
Sourjayon/DeepSeek-R1-ForumNXT,2025-02-03,chat,1777000000.0,11.959695622199478,5.36963255858327,9.757613092815117,2025-02
Supichi/BBAI_135_Gemma,2025-02-26,excluded,19300000000.0,5.349663435184209,3.6732708453908907,5.320379499300721,2025-02
Syed-Hasan-8503/Phi-3-mini-4K-instruct-cpo-simpo,2024-06-26,chat,3821000000.0,27.216374484698875,15.969463622072027,25.64158177294879,2024-06
T145/Meta-Llama-3.1-8B-Instruct-TIES,2024-12-22,chat,8029999999.999999,24.976590554171448,15.567512141425361,24.445039841553776,2024-12
T145/qwen-2.5-3B-merge-test,2024-11-16,chat,3397000000.0,25.975399259287943,11.571204932761626,21.05576896784098,2024-11
TIGER-Lab/AceCoder-Qwen2.5-Coder-7B-Base-Rule,2025-03-07,chat,7616000000.0,21.333370512930014,13.675051467916388,20.89950904480496,2025-03
TIGER-Lab/Qwen2.5-Math-7B-CFT,2025-03-07,chat,7616000000.0,23.521464490408093,20.0709552683349,23.143466844911487,2025-03
TTTXXX01/Mistral-7B-Base-SimPO2-5e-7,2024-09-01,chat,7242000000.0,16.417452751929584,9.335539633058493,16.310570145360504,2024-09
Tarek07/Thalassic-Alpha-LLaMa-70B,2025-01-28,excluded,70554000000.0,42.2203763514307,31.604424796338748,41.63428237409007,2025-01
Telugu-LLM-Labs/Indic-gemma-2b-finetuned-sft-Navarasa-2.0,2025-02-06,chat,2506000000.0,6.657818235070503,3.0857221902642626,6.419343958142306,2025-02
Telugu-LLM-Labs/Indic-gemma-7b-finetuned-sft-Navarasa-2.0,2025-02-06,chat,8538000000.0,13.004827801453324,7.567532094512252,12.810763243308216,2025-02
TheDrummer/Gemmasutra-9B-v1,2024-09-19,excluded,10159000000.0,22.74868519843542,18.54644672140034,22.312525563822806,2024-09
TheDrummer/Tiger-Gemma-9B-v2,2025-01-07,chat,9242000000.0,29.900202484538976,15.586129280987024,26.935628987399628,2025-01
TheTsar1209/qwen-carpmuscle-r-v0.3,2024-10-23,chat,14766000000.0,32.00049707280477,24.01229656122162,31.177027535760576,2024-10
TheTsar1209/qwen-carpmuscle-v0.1,2024-10-10,chat,14770000000.0,33.445029423216624,23.435939474815374,32.41595279874878,2024-10
TinyLlama/TinyLlama-1.1B-Chat-v0.1,2024-12-02,chat,1100000000.0,3.9575773348190606,1.4819465396194005,3.8568724002772683,2024-12
TinyLlama/TinyLlama-1.1B-Chat-v1.0,2024-08-04,chat,1100000000.0,2.818859486124847,1.8337847473764248,2.8589852744589024,2024-08
TinyLlama/TinyLlama-1.1B-intermediate-step-1431k-3T,2024-11-27,base,1100000000.0,5.230318100791095,1.3298448490821688,5.2364950438449664,2024-11
Triangle104/DS-Distilled-Hermes-Llama-3.1,2025-01-27,excluded,8029999999.999999,22.38500937029289,15.403988908566667,20.526280877530624,2025-01
Triangle104/DSR1-Distill-Llama-Lit-8B,2025-02-11,excluded,8029999999.999999,17.835032823738523,15.204392980792267,17.438900270931658,2025-02
Triangle104/DSR1-Distill-Qwen-7B-RP,2025-02-09,excluded,7613000000.0,24.099711456809,19.21911702713383,23.776076545143905,2025-02
Triangle104/Dolphin3-Llama3.2-Smart,2025-01-27,excluded,3213000000.0,14.183463389792356,7.22219253400162,13.655642388762477,2025-01
Triangle104/Llama3.1-Allades-Lit-8b,2025-02-11,excluded,8029999999.999999,11.875472634114065,7.617391256133681,11.804400572714044,2025-02
Triangle104/Mistral-Small-24b-Harmony,2025-02-20,excluded,23572000000.0,27.168346239791443,24.358393400665385,26.89131077152862,2025-02
Triangle104/Phi-4-AbliteratedRP,2025-01-27,excluded,14660000000.0,37.3749762449992,30.179961597964542,37.10248210590713,2025-01
Triangle104/Phi4-RP-o1,2025-01-30,excluded,14660000000.0,28.80908949124801,28.56068211142746,28.23404590976986,2025-01
Triangle104/Phi4-RP-o1-Ablit,2025-02-09,excluded,14660000000.0,28.67748592577745,28.776187355874765,28.38704921777797,2025-02
Triangle104/Porpoise-R1-Llama3.2-3b,2025-02-08,excluded,3213000000.0,13.62683633096472,6.69051824284902,13.439357513111766,2025-02
Triangle104/RomboHermes3-R1-Llama3.2-3b,2025-02-09,excluded,3213000000.0,14.65828137567246,9.639516105771358,14.432387368627872,2025-02
UCLA-AGI/Gemma-2-9B-It-SPPO-Iter2,2024-08-07,chat,9242000000.0,22.56307298613433,16.351129200314396,21.126155726813142,2024-08
UCLA-AGI/Gemma-2-9B-It-SPPO-Iter3,2024-07-31,chat,9242000000.0,22.65046295673854,16.61765520621073,21.50081283016156,2024-07
UCLA-AGI/Llama-3-Instruct-8B-SPPO-Iter3,2024-07-02,chat,8029999999.999999,23.69339630817469,11.817331115035593,23.171613307858937,2024-07
UCLA-AGI/Mistral7B-PairRM-SPPO,2024-09-21,chat,7242000000.0,16.44469675653773,9.000690824239987,16.4140524419931,2024-09
UCLA-AGI/Mistral7B-PairRM-SPPO-Iter2,2024-08-07,chat,7242000000.0,17.118139500757714,9.439819663629805,17.014466672238573,2024-08
UCLA-AGI/Mistral7B-PairRM-SPPO-Iter3,2024-08-07,chat,7242000000.0,16.488657432502865,9.061990781797196,16.405522170454375,2024-08
UKzExecution/LlamaExecutor-8B-3.0.5,2024-07-30,excluded,8029999999.999999,24.541079195358947,11.567314996813913,24.084721892442676,2024-07
VAGOsolutions/Llama-3-SauerkrautLM-70b-Instruct,2024-06-26,chat,70554000000.0,38.00558783767682,24.8437284438407,37.581614629182184,2024-06
VAGOsolutions/Llama-3-SauerkrautLM-8b-Instruct,2024-07-22,chat,8029999999.999999,26.66765472658618,14.256955288987585,26.306247140094115,2024-07
VAGOsolutions/Llama-3.1-SauerkrautLM-8b-Instruct,2024-07-29,chat,8029999999.999999,29.931073085077475,14.7964344380568,28.161792108917123,2024-07
VAGOsolutions/SauerkrautLM-Gemma-2b,2024-06-26,chat,2506000000.0,7.716094956089698,3.212603491468044,7.575980954241151,2024-06
VAGOsolutions/SauerkrautLM-gemma-2-9b-it,2024-08-26,chat,9242000000.0,23.14181422578697,16.85279709384008,21.681889453983306,2024-08
VIRNECT/llama-3-Korean-8B-r-v-0.1,2024-07-18,chat,16061000000.0,18.749278536149728,9.917510109876886,18.41199666902408,2024-07
ValiantLabs/Llama3.1-70B-ShiningValiant2,2024-10-30,chat,70554000000.0,36.49318385410157,27.60109897912551,35.74764662637884,2024-10
ValiantLabs/Llama3.1-8B-Fireplace2,2024-07-25,chat,8029999999.999999,18.312602016344886,8.782030557548541,18.32574250737693,2024-07
ValiantLabs/Llama3.2-3B-Esper2,2024-10-09,chat,3213000000.0,10.944295126634552,5.9895400257940405,10.634584468344686,2024-10
Weyaxi/Einstein-v6.1-Llama3-8B,2024-06-26,chat,8029999999.999999,20.169491366460083,11.970159568154582,19.836964490073065,2024-06
Weyaxi/Einstein-v6.1-developed-by-Weyaxi-Llama3-8B,2024-06-26,chat,8029999999.999999,19.31874270630133,12.137297070398589,18.885062284212417,2024-06
Weyaxi/Einstein-v7-Qwen2-7B,2024-06-26,chat,7616000000.0,24.8064180500954,17.25487085784225,23.681650953220046,2024-06
Xiaojian9992024/Llama3.2-1B-THREADRIPPER,2025-02-03,excluded,1236000000.0,14.088097956146528,4.585766239317607,13.646192927737207,2025-02
Xiaojian9992024/Llama3.2-1B-THREADRIPPER-v0.2,2025-02-03,excluded,1236000000.0,13.779234902412703,4.718071380041205,13.104448729375177,2025-02
Xiaojian9992024/Qwen2.5-THREADRIPPER-Medium-Censored,2025-02-07,excluded,14770000000.0,41.54381790411528,28.945243020612466,41.11320952225647,2025-02
Xiaojian9992024/Qwen2.5-Ultra-1.5B-25.02-Exp,2025-02-20,excluded,1544000000.0,14.446569781402497,7.189830934607409,14.216083814202593,2025-02
YOYO-AI/Qwen2.5-14B-YOYO-0505,2025-01-27,excluded,14770000000.0,39.665305547250405,27.027545876442122,35.668334912908314,2025-01
YOYO-AI/Qwen2.5-14B-YOYO-0805,2025-01-27,excluded,14770000000.0,39.665305547250405,27.027545876442122,35.668334912908314,2025-01
YOYO-AI/Qwen2.5-14B-YOYO-1010,2025-01-25,excluded,14770000000.0,40.00800921412039,27.329015128871387,35.829374816877895,2025-01
YOYO-AI/Qwen2.5-14B-YOYO-SCE,2025-01-31,excluded,14770000000.0,39.66921695193184,27.268903181242926,35.59991525679618,2025-01
YOYO-AI/Qwen2.5-14B-YOYO-V4,2025-03-03,excluded,14766000000.0,42.28551883596217,28.749232947138477,41.762589094731325,2025-03
YOYO-AI/Qwen2.5-14B-YOYO-V4-p2,2025-03-01,excluded,14766000000.0,41.58466487593814,29.086178439776273,41.08335879901761,2025-03
YOYO-AI/Qwen2.5-14B-YOYO-latest,2025-02-02,excluded,14770000000.0,40.078312739638136,29.390735595436812,37.775907241940246,2025-02
YOYO-AI/Qwen2.5-14B-YOYO-latest-V2,2025-02-18,excluded,14766000000.0,41.84546724325599,29.503939903940545,41.36505617825322,2025-02
YOYO-AI/Qwen2.5-7B-it-restore,2025-03-10,excluded,7613000000.0,35.33330306100891,23.390902847756443,34.79661475364384,2025-03
YOYO-AI/ZYH-LLM-Qwen2.5-14B,2025-02-05,excluded,14770000000.0,39.82358869327943,28.921924965078787,37.587234147065004,2025-02
YOYO-AI/ZYH-LLM-Qwen2.5-14B-V2,2025-02-08,excluded,14766000000.0,36.56636248193895,28.795093697670964,36.01866031339458,2025-02
Youlln/ECE-Qwen0.5B-FT-V2,2024-10-11,chat,494000000.0,7.574686962054336,2.9772898432800377,7.381049156454137,2024-10
Yuma42/Llama3.1-IgneousIguana-8B,2025-03-10,excluded,8029999999.999999,31.47616691324721,18.04309201571647,31.291497125061817,2025-03
ZeroXClem/Llama-3.1-8B-AthenaSky-MegaMix,2025-03-11,excluded,8029999999.999999,26.791594885986022,15.698432630862063,26.29323855093155,2025-03
ZeroXClem/Llama-3.1-8B-SuperNova-EtherealHermes,2025-03-11,excluded,8029999999.999999,28.40553977440776,16.046438206541747,28.237527366097044,2025-03
ZeroXClem/Qwen-2.5-Aether-SlerpFusion-7B,2024-11-20,excluded,7616000000.0,30.11832980281197,19.534348299364687,29.284157178176873,2024-11
ZeroXClem/Qwen2.5-7B-HomerAnvita-NerdMix,2024-11-21,excluded,7616000000.0,35.64186520551805,21.72929391538245,33.61526562010704,2024-11
abacusai/Liberated-Qwen1.5-14B,2024-09-05,chat,14000000000.0,20.50814223648692,13.799245271221904,19.426146518252054,2024-09
abacusai/bigyi-15b,2024-09-17,excluded,15058000000.0,13.051824492532411,9.382546339264668,12.841102595884237,2024-09
abideen/MedPhi-4-14B-v1,2025-01-13,chat,14660000000.0,36.53594090222929,25.12569111643566,35.38112738748064,2025-01
agentlans/Llama3.1-8B-drill,2024-12-27,excluded,8029999999.999999,26.72490725705725,13.372829336557293,26.459555189034607,2024-12
agentlans/Llama3.1-Daredevilish,2025-01-22,excluded,8029999999.999999,25.570843048894687,15.140596866033073,25.478638982970693,2025-01
agentlans/Qwen2.5-0.5B-Instruct-CrashCourse-dropout,2025-01-01,chat,494000000.0,8.433362269175692,2.9512007701575245,7.698601884518543,2025-01
akhadangi/Llama3.2.1B.0.01-First,2025-03-10,chat,1236000000.0,3.1098917488910103,1.9746571914351891,3.218833242081682,2025-03
akhadangi/Llama3.2.1B.0.1-First,2025-03-10,chat,1236000000.0,3.269240763959394,1.5802722516660408,3.2702089890140362,2025-03
akhadangi/Llama3.2.1B.BaseFiT,2025-03-10,chat,1236000000.0,3.318002610011419,2.0357777336266123,3.3278357269482086,2025-03
allenai/Llama-3.1-Tulu-3-70B,2024-11-27,chat,70554000000.0,42.33178738532094,27.17728130589362,40.730907080378465,2024-11
allenai/Llama-3.1-Tulu-3-8B-DPO,2024-11-22,chat,8000000000.0,26.463980035063702,12.030430675937016,25.36644537166513,2024-11
allenai/Llama-3.1-Tulu-3-8B-RM,2024-11-22,chat,8000000000.0,4.235057018188027,1.524282987286199,4.341279078642004,2024-11
allenai/Llama-3.1-Tulu-3-8B-SFT,2024-11-22,chat,8029999999.999999,22.596940551752763,10.236139027866063,22.310131139301074,2024-11
allknowingroger/Gemma2Slerp1-2.6B,2024-12-06,excluded,2614000000.0,20.670220538987987,11.902183344532727,20.16149716796059,2024-12
allknowingroger/Gemma2Slerp1-27B,2024-12-06,excluded,27227000000.0,36.50763943363299,23.916208612782466,35.91883403884168,2024-12
allknowingroger/Gemma2Slerp2-27B,2024-12-06,excluded,27227000000.0,37.93170029272168,24.733209297372834,37.042605531467174,2024-12
allknowingroger/Gemma2Slerp4-27B,2024-12-06,excluded,27227000000.0,37.36755448762331,23.84381949192143,36.23599726418497,2024-12
allknowingroger/GemmaSlerp5-10B,2024-11-22,excluded,10159000000.0,34.382403041414115,22.13208274452974,33.73565355085496,2024-11
allknowingroger/GemmaStock1-27B,2024-12-06,excluded,27227000000.0,37.51365913910503,24.754469193637235,37.038105287072916,2024-12
allknowingroger/Llama3.1-60B,2024-10-08,excluded,61997000000.0,9.951594488947729,7.66736489290113,10.057879061115967,2024-10
allknowingroger/MistralPhi3-11B,2024-09-02,excluded,11234000000.0,21.627095011873774,17.979286661394976,21.638809362234653,2024-09
allknowingroger/Mistralmash2-7B-s,2024-09-02,excluded,7242000000.0,21.389680975325334,13.697425794776539,21.094452255255085,2024-09
allknowingroger/Phi3mash1-17B-pass,2024-09-02,excluded,16687000000.000002,21.34996880563698,18.129252318484276,21.51232612683099,2024-09
allknowingroger/Qwen2.5-42B-AGI,2024-10-21,excluded,42516000000.0,4.47082956616707,1.3603753153715699,4.49809950395155,2024-10
allknowingroger/Qwen2.5-7B-task3,2024-11-04,excluded,7616000000.0,28.738760798626867,20.12779730909362,27.681000932152642,2024-11
allknowingroger/Qwen2.5-7B-task4,2024-11-04,excluded,7616000000.0,30.06180942847573,21.441633546957927,29.001859307340883,2024-11
allknowingroger/QwenSlerp12-7B,2024-11-22,excluded,7616000000.0,29.989027415795302,21.814206085089033,29.29891516139086,2024-11
allknowingroger/QwenSlerp4-14B,2024-12-06,excluded,14766000000.0,38.79874440145977,28.04022798122799,37.350789791087585,2024-12
allknowingroger/QwenSlerp6-14B,2024-12-06,excluded,14766000000.0,39.53457080924675,28.287487621595243,38.462392701091204,2024-12
allknowingroger/QwenStock1-14B,2024-12-06,excluded,14766000000.0,38.14564924678278,28.217654349864674,36.29878122196166,2024-12
allknowingroger/QwenStock2-14B,2024-12-06,excluded,14766000000.0,38.41917529577626,28.669075320659736,36.55688895154655,2024-12
allknowingroger/Qwenslerp3-14B,2024-10-21,excluded,14770000000.0,38.08092336696463,27.87880964843546,34.87494227879209,2024-10
allknowingroger/Qwenslerp3-7B,2024-11-04,excluded,7616000000.0,30.63274991183272,22.413425393899374,29.713106340561318,2024-11
allknowingroger/ROGERphi-7B-slerp,2024-06-26,excluded,7242000000.0,20.70747082131683,13.527989110002814,20.402066145869778,2024-06
allknowingroger/Rombos-LLM-V2.5-Qwen-42b,2024-10-21,excluded,42516000000.0,4.559640996200532,1.3327150728170372,4.544549202585248,2024-10
allknowingroger/Yi-1.5-34B,2024-10-21,excluded,34389000000.0,4.25273291237777,2.1766114433195085,4.646177675695762,2024-10
allknowingroger/Yislerp-34B,2024-09-19,excluded,34389000000.0,29.39892579588029,22.94200811556064,28.92443222987354,2024-09
allknowingroger/Yislerp2-34B,2024-10-08,excluded,34389000000.0,30.43386510728805,23.871875598569126,30.025831321620988,2024-10
allura-org/Mistral-Small-24b-Sertraline-0304,2025-03-04,chat,23572000000.0,35.369805475643055,23.680829620525635,35.018195899654316,2025-03
amazon/MegaBeam-Mistral-7B-300k,2024-10-07,chat,7242000000.0,17.022470504123003,8.316822761918113,17.072229993149264,2024-10
anakin87/gemma-2b-orpo,2024-07-06,chat,2506000000.0,7.284706228625474,3.0423773450906118,7.150737813987491,2024-07
arcee-ai/Llama-3.1-SuperNova-Lite,2024-09-17,chat,8029999999.999999,30.193463980461605,16.287968306467885,29.35112670789472,2024-09
asharsha30/LLAMA_Harsha_8_B_ORDP_10k,2024-12-01,chat,8029999999.999999,16.221361486666726,9.982477495642149,15.837948649150253,2024-12
awnr/Mistral-7B-v0.1-signtensors-1-over-4,2024-07-29,base,7000000000.0,8.747197547964134,1.7078104244392704,1.6887880684370886,2024-07
axolotl-ai-co/romulus-mistral-nemo-12b-simpo,2024-09-21,chat,12248000000.0,25.176086393973254,12.958285011557443,23.366098592621555,2024-09
bigscience/bloom-1b1,2024-06-13,base,1065000000.0,4.025155876068456,1.597817464386408,3.988038315494223,2024-06
bosonai/Higgs-Llama-3-70B,2024-09-18,chat,70554000000.0,33.525397972968115,22.680735791421007,31.924483113463094,2024-09
braindao/DeepSeek-R1-Distill-Qwen-1.5B-Blunt,2025-02-20,chat,1777000000.0,7.552804605341624,3.2974218826595,7.386679618946576,2025-02
braindao/DeepSeek-R1-Distill-Qwen-14B-Blunt,2025-03-03,chat,14770000000.0,17.9179987350434,9.259847183806528,17.658155755219553,2025-03
braindao/DeepSeek-R1-Distill-Qwen-14B-Blunt-Uncensored,2025-03-06,chat,14770000000.0,16.62442618013144,8.319898892882298,16.56073810126129,2025-03
braindao/DeepSeek-R1-Distill-Qwen-14B-Blunt-Uncensored-Blunt,2025-03-03,chat,14770000000.0,17.9423472074527,9.962821625074072,17.728944781928238,2025-03
braindao/DeepSeek-R1-Distill-Qwen-7B-Reflective,2025-03-03,chat,7616000000.0,11.718078328507309,5.417501666189021,11.693904652992861,2025-03
braindao/Qwen2.5-14B,2025-03-06,base,14770000000.0,32.436238941896505,23.598584668720456,32.004819344352576,2025-03
bunnycore/FuseCyberMix-Qwen-2.5-7B-Instruct,2024-12-20,excluded,7616000000.0,34.50574650183828,15.119646826126246,26.33085629261546,2024-12
bunnycore/Gemma2-9B-TitanFusion,2025-02-13,excluded,10159000000.0,19.47150093470061,16.93824864830038,19.336087005884128,2025-02
bunnycore/HyperLlama-3.1-8B,2024-09-05,excluded,8029999999.999999,28.44897570570595,14.589555319074915,27.813393499784823,2024-09
bunnycore/Llama-3.1-8B-TitanFusion-v3,2024-09-22,excluded,8029999999.999999,24.219132767586814,15.867723279944324,23.697432926629574,2024-09
bunnycore/Llama-3.2-3B-Deep-Test,2025-01-01,excluded,1803000000.0,3.9736733260966406,1.2131992718046323,4.2505411574946725,2025-01
bunnycore/Llama-3.2-3B-Della,2025-01-19,excluded,3607000000.0,12.217685988950697,6.434697771306502,12.089224832466448,2025-01
bunnycore/Llama-3.2-3B-Long-Think,2024-10-24,chat,3213000000.0,19.82599007647469,10.074221974618348,19.490709245658753,2024-10
bunnycore/Llama-3.2-3B-Mix-Skill,2024-10-24,chat,3607000000.0,21.73956606363181,10.321608374000268,21.101016264452806,2024-10
bunnycore/Llama-3.2-3B-ProdigyPlus,2024-10-25,chat,3607000000.0,16.356007600580043,9.29898464264314,16.079819770711552,2024-10
bunnycore/Llama-3.2-3B-ToxicKod,2025-03-11,excluded,3213000000.0,21.26912427486916,10.318407770099263,21.00369717399223,2025-03
bunnycore/Phi-3.5-mini-TitanFusion-0.1,2024-10-13,excluded,3821000000.0,26.23579178503736,17.131431150244758,25.182146994521588,2024-10
bunnycore/Phi-4-Model-Stock-v4,2025-01-25,excluded,14660000000.0,41.216841837982095,29.88675512850737,40.65883694666127,2025-01
bunnycore/Phi-4-RP-v0,2025-01-10,excluded,14660000000.0,38.21180801915013,26.216300040272493,36.99182704731242,2025-01
bunnycore/Phi-4-RR-Shoup,2025-02-02,excluded,14660000000.0,41.27997062998439,30.99354030506375,40.61266583450456,2025-02
bunnycore/Phi-4-ReasoningRP,2025-01-28,chat,14660000000.0,40.9538705823328,30.11654085547532,40.33983482337128,2025-01
bunnycore/Phi-4-Sce-exp-v0.1,2025-02-07,excluded,14660000000.0,41.33228109882298,30.93888991499777,40.576831050621095,2025-02
bunnycore/Phi-4-Stock-Ex,2025-01-16,excluded,14660000000.0,40.217464671520766,29.651836846578348,39.60563564193737,2025-01
bunnycore/Phi-4-Stock-RP,2025-01-12,chat,14660000000.0,39.044084455528825,28.53082302819963,38.36976127438199,2025-01
bunnycore/Phi-4-Trim-Exp1,2025-02-14,excluded,7503000000.0,4.501547812787733,2.7935882264276897,4.489257666542363,2025-02
bunnycore/Qwen-2.5-7B-Deep-Stock-v1,2025-01-25,excluded,7613000000.0,27.53059115286298,17.888684475582572,26.88444347958501,2025-01
bunnycore/Qwen-2.5-7B-Deep-Stock-v5,2025-02-16,excluded,7613000000.0,18.50794443275282,10.799747796249179,18.28508747879908,2025-02
bunnycore/Qwen-2.5-7B-Exp-Sce,2025-02-08,excluded,7613000000.0,33.8635495431104,21.299672928488945,33.25868969357194,2025-02
bunnycore/Qwen-2.5-7b-S1k,2025-02-20,chat,7613000000.0,34.59275371596473,23.36461110583106,34.16881983480378,2025-02
bunnycore/Qwen2.5-1.5B-Model-Stock,2025-02-28,excluded,1776000000.0,4.199522746745044,1.3588219305405231,4.349331078413927,2025-02
bunnycore/Qwen2.5-3B-Model-Stock-v2,2025-01-15,excluded,3396000000.0,27.68767938120949,10.4279837671649,21.233762955843023,2025-01
bunnycore/Qwen2.5-3B-Model-Stock-v3.2,2025-02-26,chat,3396000000.0,27.386758745448905,16.966758482729905,26.913902921724624,2025-02
bunnycore/Qwen2.5-3B-Model-Stock-v4.1,2025-02-28,excluded,3396000000.0,27.743273848475656,17.442332010857285,27.33269641178145,2025-02
bunnycore/Qwen2.5-3B-RP-Mix,2024-10-22,chat,3397000000.0,25.50520681111248,13.939295935158105,23.09598390539476,2024-10
bunnycore/Qwen2.5-7B-Instruct-Fusion,2024-11-02,excluded,7616000000.0,33.10123026617861,19.583480694038087,30.519538373019312,2024-11
bunnycore/Qwen2.5-7B-MixStock-Sce-V0.3,2025-02-14,chat,7613000000.0,11.636394077198473,8.119141101754591,11.327520286132497,2025-02
bunnycore/Qwen2.5-7B-MixStock-V0.1,2025-02-05,excluded,7613000000.0,33.68659688810528,20.346297594293734,32.51454965325685,2025-02
bunnycore/Qwen2.5-7B-R1-Bespoke-Stock,2025-01-25,excluded,7613000000.0,20.435991032043965,14.20221080363547,19.603339412298148,2025-01
bunnycore/Qwen2.5-7B-R1-Bespoke-Task,2025-01-25,excluded,7613000000.0,15.746098824658986,7.292481600265234,13.44227548777016,2025-01
bunnycore/Qwen2.5-7B-Sky-R1-Mini,2025-02-18,excluded,7616000000.0,7.371821186629208,3.4627752426205403,7.445266489153957,2025-02
bunnycore/Smol-Llama-3.2-3B,2024-12-29,excluded,3607000000.0,22.52219334493714,11.073321251823383,22.184501587056882,2024-12
byroneverson/Mistral-Small-Instruct-2409-abliterated,2024-10-13,chat,22247000000.0,28.80584571864184,14.881613682117909,26.686587897892757,2024-10
byroneverson/Yi-1.5-9B-Chat-abliterated,2024-09-17,chat,8829000000.0,26.270006043497983,15.554047821613832,24.90009540550584,2024-09
carsenk/phi3.5_mini_exp_825_uncensored,2024-08-29,chat,3821000000.0,3.6431087408611895,1.4567996563458097,3.64875341229136,2024-08
cat-searcher/gemma-2-9b-it-sppo-iter-1,2024-08-09,chat,9242000000.0,21.93864090281541,15.549154251464333,20.408981231910875,2024-08
cckm/tinymistral_950m,2025-01-13,base,955000000.0,5.219822920055284,1.346351150033617,5.299676979396686,2025-01
chujiezheng/Mistral7B-PairRM-SPPO-ExPO,2024-09-21,chat,7242000000.0,13.61714888899552,8.124984528018416,13.519630649938186,2024-09
cloudyu/Llama-3-70Bx2-MOE,2024-06-27,chat,126926000000.0,35.66646489034437,26.683616151333517,35.11491856435663,2024-06
cognitivecomputations/Dolphin3.0-Qwen2.5-0.5B,2025-03-02,chat,494000000.0,10.626273337296174,2.4229888144145164,10.48952445056708,2025-03
cognitivecomputations/Dolphin3.0-R1-Mistral-24B,2025-02-07,chat,23572000000.0,23.513141611997387,14.89250274368298,21.355188441143596,2025-02
cognitivecomputations/dolphin-2.9-llama3-8b,2024-06-12,chat,8029999999.999999,18.415461238797384,11.77726416756518,18.245220682804423,2024-06
cognitivecomputations/dolphin-2.9.1-llama-3-70b,2024-06-27,chat,70554000000.0,25.53438611403665,18.595335194273883,23.378065361302635,2024-06
cognitivecomputations/dolphin-2.9.1-yi-1.5-9b,2024-08-02,chat,8829000000.0,25.63972412430824,17.15884710860265,24.708846847635268,2024-08
cognitivecomputations/dolphin-2.9.3-mistral-7B-32k,2024-07-04,chat,7248000000.0,19.348695949526363,12.289727913156415,19.33802396124656,2024-07
cognitivecomputations/dolphin-2.9.4-gemma2-2b,2024-08-25,chat,2614000000.0,9.835205324051351,8.268792025375832,9.809896612096129,2024-08
cognitivecomputations/dolphin-2.9.4-llama3.1-8b,2024-09-17,chat,8029999999.999999,7.1318611826224165,2.0580427379982016,7.831489805933862,2024-09
cstr/llama3.1-8b-spaetzle-v90,2024-09-15,excluded,8029999999.999999,27.855367438578327,15.213099685342875,27.364379875075123,2024-09
deepseek-ai/DeepSeek-R1-Distill-Llama-8B,2025-01-20,chat,8029999999.999999,13.059950104920146,3.2499701011641604,9.39263681204841,2025-01
deepseek-ai/DeepSeek-R1-Distill-Qwen-1.5B,2025-01-20,chat,1777000000.0,10.351036796154286,1.961635761960738,7.648814874856044,2025-01
deepseek-ai/DeepSeek-R1-Distill-Qwen-7B,2025-01-20,chat,7616000000.0,14.99492256865316,5.477764004114243,11.675644437351943,2025-01
deepseek-ai/deepseek-llm-7b-base,2024-06-12,base,7000000000.0,8.227098434870664,4.360276004145216,8.074953181474523,2024-06
deepseek-ai/deepseek-moe-16b-base,2024-06-12,base,16376000000.000002,7.466333791660237,3.2451914524787724,7.447988143017649,2024-06
dnhkng/RYS-Llama-3-8B-Instruct,2024-08-07,chat,8247999999.999999,21.92277473665084,10.13223517405359,21.778272698969776,2024-08
dnhkng/RYS-Llama-3-Large-Instruct,2024-08-07,chat,73976000000.0,35.981216135127745,22.217141766679674,35.41948375360895,2024-08
dnhkng/RYS-Llama-3.1-8B-Instruct,2024-08-30,chat,8685000000.0,26.763955214988574,13.22084718672644,26.267825202183715,2024-08
duyhv1411/Llama-3.2-3B-en-vi,2025-03-06,chat,1236000000.0,10.861408814252767,3.089875284136211,10.852774441096761,2025-03
dwikitheduck/gemma-2-2b-id-inst,2024-11-24,chat,2000000000.0,14.849648233221265,7.8891765506921026,14.099788743437625,2024-11
ehristoforu/Gemma2-9B-it-psy10k-mental_health,2024-07-31,chat,9242000000.0,27.19248947734485,16.3836092862651,26.214641024061784,2024-07
ehristoforu/Gemma2-9b-it-train6,2024-07-31,chat,9242000000.0,30.5339867395368,17.03789677313859,28.57993982792747,2024-07
ehristoforu/QwenQwen2.5-7B-IT,2025-01-30,chat,7613000000.0,35.58121845476433,14.65924379644544,26.94751327360364,2025-01
ehristoforu/coolqwen-3b-it,2025-01-02,chat,3085000000.0,28.654353578279625,12.09243647034546,22.50838758311899,2025-01
ehristoforu/qwen2.5-test-32b-it,2024-12-07,chat,32764000000.000004,47.36835680458376,27.047050211351316,38.64068547822032,2024-12
ehristoforu/rufalcon3-3b-it,2025-01-02,chat,3228000000.0,20.64141899254107,10.547685702790607,20.322825566648138,2025-01
ehristoforu/ruphi-4b,2025-01-02,chat,3821000000.0,4.080739303536478,1.203852964792589,4.141789364586539,2025-01
ell44ot/gemma-2b-def,2024-11-28,base,1546000000.0,8.12291928068411,4.065284317263461,8.08638421004743,2024-11
ewre324/Thinker-Qwen2.5-0.5B-Instruct-Reasoning,2025-01-07,chat,494000000.0,8.066116427700267,3.6394711909029724,7.796710758438406,2025-01
facebook/opt-1.3b,2024-06-12,base,1300000000.0,5.276689334204645,1.3077789233800878,5.26305095752873,2024-06
facebook/opt-30b,2024-06-12,base,30000000000.0,6.276874107966858,2.1542322113270096,6.173583172140528,2024-06
failspy/Meta-Llama-3-70B-Instruct-abliterated-v3.5,2024-08-30,chat,70554000000.0,30.12935413704135,16.93802037366611,29.89341171004129,2024-08
failspy/Phi-3-medium-4k-instruct-abliterated-v3,2024-07-29,chat,13960000000.0,31.85112078051007,20.669768458565233,31.53333544983296,2024-07
fhai50032/Unaligned-Thinker-PHI-4,2025-01-17,chat,14660000000.0,28.89926817829444,28.403897437608745,28.495495691804347,2025-01
flammenai/Mahou-1.2a-mistral-7B,2024-09-03,chat,7242000000.0,19.578990668864712,11.057143544281354,19.276796819473425,2024-09
flammenai/Mahou-1.5-mistral-nemo-12B,2024-10-07,chat,12248000000.0,26.88532589921436,14.654718921230337,26.170527741617057,2024-10
fluently-lm/Llama-TI-8B,2024-12-07,chat,8029999999.999999,21.06211976017516,16.222426187533483,20.795719543855114,2024-12
fluently-lm/Llama-TI-8B-Instruct,2025-01-16,chat,8029999999.999999,29.67161684095501,16.381215477446805,29.258431721857942,2025-01
fluently-sets/FalconThink3-10B-IT,2024-12-29,chat,10306000000.0,34.620674425220905,22.364869605743483,34.17213276713369,2024-12
freewheelin/free-evo-qwen72b-v0.8-re,2024-09-15,chat,72288000000.0,32.4749309635116,23.28699191173624,31.91137494583829,2024-09
fulim/FineLlama-3.1-8B,2024-12-15,chat,8000000000.0,13.250843761720356,10.91714231709228,13.046798439042941,2024-12
gaverfraxz/Meta-Llama-3.1-8B-Instruct-HalfAbliterated-DELLA,2024-09-23,excluded,8029999999.999999,12.108403733798744,5.125787501828212,11.87193978450381,2024-09
gaverfraxz/Meta-Llama-3.1-8B-Instruct-HalfAbliterated-TIES,2024-09-19,excluded,8029999999.999999,20.99904174519205,12.952943148997399,20.62587284942458,2024-09
gbueno86/Brinebreath-Llama-3.1-70B,2024-08-29,excluded,70554000000.0,36.25499179659365,27.628096253208817,35.9655182683929,2024-08
gmonsoon/gemma2-9b-sahabatai-v1-instruct-BaseTIES,2024-11-17,excluded,9242000000.0,33.8045690236527,21.341884088244353,33.288877885151656,2024-11
godlikehhd/ifd_new_correct_all_sample_2500_qwen,2024-12-31,chat,1544000000.0,15.324012443597336,9.44860926606892,14.764458912781912,2024-12
godlikehhd/ifd_new_qwen_2500,2024-12-31,chat,1544000000.0,15.886984394789131,10.444346441259235,15.34353235837054,2024-12
godlikehhd/qwen-2.5-1.5b-cherry,2024-12-29,chat,772000000.0,14.683674027867731,9.732699486544456,14.297627888001621,2024-12
google/codegemma-1.1-2b,2024-08-12,base,2506000000.0,7.133867903047553,3.2016497790848573,7.223306026701631,2024-08
google/gemma-1.1-2b-it,2024-06-12,chat,2506000000.0,8.053373854341979,2.889638661036625,7.743888576677913,2024-06
google/gemma-2-27b-it,2024-08-07,chat,27227000000.0,36.17428251510342,19.015244661042424,32.380764596394016,2024-08
google/gemma-2-2b,2024-07-31,base,2614000000.0,10.129463155055184,6.9327680885483565,10.15045413893978,2024-07
google/gemma-2-2b-it,2024-07-31,chat,2614000000.0,17.046939294966545,7.473036870152487,16.925424168202344,2024-07
google/gemma-2-2b-jpn-it,2024-10-11,base,2614000000.0,17.11540570593849,9.01797499701617,17.006560669853503,2024-10
google/gemma-7b-it,2024-06-12,chat,8538000000.0,13.067087110466217,1.4341721185566148,1.9901386808816972,2024-06
google/recurrentgemma-9b,2024-07-04,base,9000000000.0,13.709460856107864,8.627713719181354,13.103370699659965,2024-07
google/recurrentgemma-9b-it,2024-07-05,chat,9000000000.0,19.218115006306835,9.63586586934396,17.84904759801831,2024-07
grimjim/DeepSauerHuatuoSkywork-R1-o1-Llama-3.1-8B,2025-01-30,excluded,8029999999.999999,26.940480296007976,19.149722127635464,26.610059149268846,2025-01
grimjim/Gigantes-v2-gemma2-9b-it,2024-12-29,excluded,9242000000.0,33.876785775265446,20.091309099139227,31.338754571466644,2024-12
grimjim/Gigantes-v3-gemma2-9b-it,2024-12-29,excluded,9242000000.0,33.49043715511172,20.53107678945792,31.01601414324965,2024-12
grimjim/HuatuoSkywork-o1-Llama-3.1-8B,2025-01-03,excluded,8029999999.999999,24.47799926837126,17.374166091410796,23.368036003354742,2025-01
grimjim/Llama-3-Instruct-8B-SPPO-Iter3-SimPO-merge,2024-06-29,excluded,8029999999.999999,20.83668391168813,14.151144626324385,20.495946593011816,2024-06
grimjim/Llama-3.1-Bonsaikraft-8B-Instruct,2025-01-25,excluded,8029999999.999999,22.8566402455144,15.386397782228828,22.631773374772994,2025-01
grimjim/Llama-Nephilim-Metamorphosis-v2-8B,2025-01-02,excluded,8029999999.999999,23.00221313012307,15.205306248171425,22.574649816834473,2025-01
grimjim/Magot-v2-Gemma2-8k-9B,2024-12-30,excluded,9242000000.0,32.97995555494225,18.368860181984797,29.727999493442425,2024-12
grimjim/llama-3-Nephilim-v2-8B,2024-09-18,excluded,8029999999.999999,20.60024991305908,14.033812209590135,20.03275146561782,2024-09
grimjim/llama-3-Nephilim-v2.1-8B,2024-09-18,excluded,8029999999.999999,20.43496712781404,13.909492398128947,19.96489670869547,2024-09
grimjim/llama-3-Nephilim-v3-8B,2024-08-26,excluded,8029999999.999999,20.600988872221105,14.035989783918717,20.286742005755638,2024-08
gz987/qwen2.5-7b-cabs-v0.4,2025-02-18,excluded,7616000000.0,36.88194596713293,25.49788360956653,36.571840308489236,2025-02
hotmailuser/FalconSlerp2-7B,2024-12-23,excluded,7456000000.0,31.286856255059003,21.130782257861007,30.606421469308692,2024-12
hotmailuser/FalconSlerp3-7B,2024-12-23,excluded,7456000000.0,31.531501918893497,21.373557541222272,30.677814054993668,2024-12
hotmailuser/Gemma2Crono-27B,2024-12-02,excluded,27227000000.0,36.28874920037128,23.85626650012059,35.66998208791311,2024-12
hotmailuser/Gemma2atlas-27B,2024-12-01,excluded,27227000000.0,35.809591577124344,23.463006450275437,35.47502653531567,2024-12
hotmailuser/Llama-Hermes-slerp-8B,2024-12-23,excluded,8029999999.999999,19.59642323585999,13.375805830345453,19.381045575815335,2024-12
hotmailuser/LlamaStock-8B,2025-01-08,excluded,8029999999.999999,24.411960823539555,17.480698957078797,24.272497477194367,2025-01
hotmailuser/Qwen2.5-HomerSlerp-7B,2024-12-07,excluded,7616000000.0,29.43258692955959,22.738935127807054,29.14018863007972,2024-12
hotmailuser/QwenSlerp-14B,2025-01-08,excluded,14766000000.0,40.34991665759889,29.11839307173319,39.46354702878321,2025-01
hotmailuser/QwenSlerp-7B,2024-12-23,excluded,7616000000.0,30.08674999761204,22.47828169037939,29.254797861728083,2024-12
hotmailuser/QwenSlerp2-14B,2025-01-08,excluded,14766000000.0,40.85962754388034,29.450431928121233,39.803112396649325,2025-01
hotmailuser/QwenSparse-7B,2025-01-08,excluded,7616000000.0,3.4771858660491386,1.7383805558413405,3.368922209085523,2025-01
hotmailuser/QwenStock-1.7B,2025-01-08,excluded,1777000000.0,16.75925374781586,11.32505257892828,16.27734270557009,2025-01
hotmailuser/QwenStock1-14B,2025-01-08,excluded,14766000000.0,39.99889430195756,29.14010179014379,38.86544131055854,2025-01
huihui-ai/DeepSeek-R1-Distill-Qwen-14B-abliterated-v2,2025-01-29,chat,14770000000.0,17.525034419590085,7.599909020803139,13.989897551570465,2025-01
iFaz/llama31_8B_en_emo_v4,2025-02-28,chat,4777000000.0,17.153620627087744,11.460369228479518,17.016125362965607,2025-02
iFaz/llama32_1B_en_emo_v1,2025-01-14,chat,765000000.0,10.934841101081998,3.3711891604264235,10.61416754355954,2025-01
iFaz/llama32_3B_en_emo_2000_stp,2025-03-07,chat,1848000000.0,23.911624360048616,11.014894497441322,23.541562704198636,2025-03
iFaz/llama32_3B_en_emo_300_stp,2025-03-07,chat,1848000000.0,23.75197000352155,11.291345280125183,23.525246552005,2025-03
iFaz/llama32_3B_en_emo_5000_stp,2025-03-08,chat,1848000000.0,23.22281886664426,11.037053833334964,22.98901443017587,2025-03
iFaz/llama32_3B_en_emo_v3,2025-02-28,chat,1848000000.0,18.26359573830477,8.24365853781589,18.11857717869803,2025-02
ifable/gemma-2-Ifable-9B,2024-09-25,chat,9242000000.0,23.56844886390901,18.118422104399396,22.551732572108854,2024-09
jayasuryajsk/Qwen2.5-3B-reasoner,2025-02-07,chat,3086000000.0,22.088475922135004,15.566289630566713,21.77553492715935,2025-02
jebish7/Llama-3-Nanda-10B-Chat,2025-02-08,base,9985000000.0,18.064509209714284,13.064005508878122,17.922572285407533,2025-02
jebish7/Llama-3.1-8B-Instruct,2025-02-06,base,8029999999.999999,24.02231249174472,15.377286094444765,23.638487702256988,2025-02
jebish7/gemma-2-9b-it,2025-02-06,base,9242000000.0,21.76298915231794,19.273503991752623,21.068001789800306,2025-02
jeffmeloy/Qwen2.5-7B-minperplexity-2,2024-12-03,chat,7000000000.0,30.04145905845039,16.863466675119724,25.077652602269286,2024-12
jeffmeloy/Qwen2.5-7B-nerd-uncensored-v0.9,2024-11-13,chat,7616000000.0,31.896915034467217,21.99087669699691,31.032637359832243,2024-11
jeffmeloy/Qwen2.5-7B-nerd-uncensored-v1.0,2024-11-14,excluded,7616000000.0,36.19369887340693,15.967817607400715,28.264000195781513,2024-11
jeffmeloy/Qwen2.5-7B-nerd-uncensored-v1.1,2024-11-09,chat,7616000000.0,24.68428340568832,12.805429713549893,23.583285822376183,2024-11
jeffmeloy/Qwen2.5-7B-nerd-uncensored-v1.2,2024-11-09,chat,7616000000.0,23.39859502000825,15.75556742630452,23.16568871455813,2024-11
jeffmeloy/Qwen2.5-7B-nerd-uncensored-v1.3,2024-11-09,chat,7000000000.0,24.06198639675365,16.384689849300187,23.76073623557046,2024-11
jeffmeloy/Qwen2.5-7B-nerd-uncensored-v1.5,2024-11-17,chat,7616000000.0,31.834944840883523,22.435478651821157,30.809677663246077,2024-11
jeffmeloy/Qwen2.5-7B-olm-v1.2,2025-01-01,chat,7616000000.0,28.53753917623895,22.279716871752495,28.106799134622516,2025-01
jeffmeloy/Qwen2.5-7B-olm-v1.3,2025-01-18,chat,7616000000.0,29.2967667117791,22.858009895775343,28.856678720322794,2025-01
jeffmeloy/Qwen2.5-7B-olm-v1.5,2025-02-27,excluded,7616000000.0,29.23575275519298,22.205069756799343,28.987093251605184,2025-02
jiangxinyang-shanda/Homer-LLama3-8B,2024-11-08,chat,8029999999.999999,19.91583079813962,11.935825879752333,18.77248603777324,2024-11
jlzhou/Qwen2.5-3B-Infinity-Instruct-0625,2025-02-07,chat,3086000000.0,18.5491918072634,11.101632053404705,16.68016579420556,2025-02
johnsutor/Llama-3-8B-Instruct_breadcrumbs-density-0.1-gamma-0.01,2024-06-26,excluded,8029999999.999999,22.442126802141008,15.833483370099655,22.31504119639441,2024-06
johnsutor/Llama-3-8B-Instruct_breadcrumbs-density-0.1-gamma-0.1,2024-06-26,excluded,8029999999.999999,21.44635595224064,14.368166806236077,20.97423678731393,2024-06
johnsutor/Llama-3-8B-Instruct_breadcrumbs-density-0.5-gamma-0.01,2024-06-26,excluded,8029999999.999999,19.44753152983463,14.643780908632836,19.43618449333135,2024-06
johnsutor/Llama-3-8B-Instruct_breadcrumbs-density-0.5-gamma-0.1,2024-06-26,excluded,8029999999.999999,22.37114529020572,15.264409926231556,22.052472450170733,2024-06
johnsutor/Llama-3-8B-Instruct_breadcrumbs-density-0.7-gamma-0.01,2024-06-26,excluded,8029999999.999999,18.480197691407646,14.301970428985822,18.45487618989993,2024-06
johnsutor/Llama-3-8B-Instruct_breadcrumbs-density-0.7-gamma-0.1,2024-06-26,excluded,8029999999.999999,21.77274590923878,14.895396314700685,21.58549465787372,2024-06
johnsutor/Llama-3-8B-Instruct_breadcrumbs_ties-density-0.1-gamma-0.01,2024-06-26,excluded,8029999999.999999,22.174229898217675,15.446225998068128,22.059365427497717,2024-06
johnsutor/Llama-3-8B-Instruct_breadcrumbs_ties-density-0.5-gamma-0.01,2024-06-26,excluded,8029999999.999999,20.250340892451284,14.566926207873065,20.038313956401403,2024-06
johnsutor/Llama-3-8B-Instruct_breadcrumbs_ties-density-0.5-gamma-0.1,2024-06-26,excluded,8029999999.999999,21.442231277824096,14.790558259139056,21.08298214898725,2024-06
johnsutor/Llama-3-8B-Instruct_breadcrumbs_ties-density-0.7-gamma-0.01,2024-06-26,excluded,8029999999.999999,19.28808146621785,14.626623037197175,19.12891935268938,2024-06
johnsutor/Llama-3-8B-Instruct_breadcrumbs_ties-density-0.9-gamma-0.01,2024-06-26,excluded,8029999999.999999,19.06061039400886,14.372315448870324,18.91327217336218,2024-06
johnsutor/Llama-3-8B-Instruct_breadcrumbs_ties-density-0.9-gamma-0.1,2024-06-26,excluded,8029999999.999999,21.36149715883409,14.521386535130373,21.03939314702286,2024-06
johnsutor/Llama-3-8B-Instruct_linear,2024-06-26,excluded,8029999999.999999,21.370872595590694,14.241090180422376,20.94582795265569,2024-06
johnsutor/Llama-3-8B-Instruct_ties-density-0.1,2024-06-26,excluded,8029999999.999999,20.42851214060437,13.65530772135184,20.087867704801145,2024-06
johnsutor/Llama-3-8B-Instruct_ties-density-0.7,2024-06-26,excluded,8029999999.999999,18.056542734095075,12.050439346952869,17.90922695788829,2024-06
kayfour/T3Q-Qwen2.5-7B-it-KOR-Safe,2025-02-20,chat,7616000000.0,32.418098677759176,23.342244501118127,32.23873640537083,2025-02
keeeeenw/MicroLlama,2024-09-15,base,305000000.0,5.266088341806957,1.8071978502937396,5.108299301409006,2024-09
kevin009/llamaRAGdrama,2024-06-26,chat,7242000000.0,13.348717196012394,8.897987421762098,13.155484504755213,2024-06
khoantap/llama-3-8b-stock-merge,2025-01-21,chat,8029999999.999999,23.933563133579472,15.845768164249607,23.46790493769863,2025-01
khoantap/llama-linear-0.5-0.5-1-merge,2025-01-21,chat,8029999999.999999,25.90696272224101,16.806378153277787,25.436466414000243,2025-01
khoantap/llama-linear-0.5-1-0.5-merge,2025-01-21,chat,8029999999.999999,25.550040759082293,15.727532312341062,25.277978488410096,2025-01
khoantap/llama-slerp-merge,2025-01-21,excluded,8029999999.999999,24.169846243728667,14.549259072486647,24.03410506980519,2025-01
khulaifi95/Llama-3.1-8B-Reason-Blend-888k,2024-12-27,chat,8029999999.999999,21.101958513598035,10.425183210252923,20.8204437406722,2024-12
kms7530/chemeng_llama-3-8b-Instruct-bnb-4bit_24_1_100_1,2024-10-14,chat,9300000000.0,17.99671713302148,8.056204174814836,17.41253026685729,2024-10
kms7530/chemeng_qwen-math-7b_24_1_100_1_nonmath,2024-11-22,chat,15231000000.0,16.982090044361417,13.153398430608615,16.151483087440482,2024-11
langgptai/Qwen-las-v0.1,2024-06-27,chat,7901000000.0,11.633178497007412,6.097409454297406,11.448126366960407,2024-06
langgptai/qwen1.5-7b-chat-sa-v0.1,2024-06-27,chat,15443000000.0,16.580170752646193,9.338617886458474,16.391489322129292,2024-06
lars1234/Mistral-Small-24B-Instruct-2501-writer,2025-03-07,chat,23572000000.0,39.85579031723165,29.704836301509342,39.56279026669311,2025-03
lemon07r/Gemma-2-Ataraxy-9B,2024-08-27,chat,10159000000.0,23.711508058895607,18.15051028247394,22.38625780619005,2024-08
lemon07r/Gemma-2-Ataraxy-Advanced-9B,2024-09-30,chat,10159000000.0,28.34483988750465,16.313268659994275,25.119169431858158,2024-09
lemon07r/Gemma-2-Ataraxy-v3j-9B,2024-10-09,chat,9242000000.0,23.98724578545613,14.124462640823857,21.119947970228832,2024-10
lemon07r/Gemma-2-Ataraxy-v4-Advanced-9B,2024-10-14,excluded,10159000000.0,33.40277377153587,19.48518733054467,30.8029081629856,2024-10
lemon07r/Gemma-2-Ataraxy-v4b-9B,2024-10-22,chat,10159000000.0,33.46834927886008,20.008387557851755,30.971003225247628,2024-10
lemon07r/Gemma-2-Ataraxy-v4c-9B,2024-10-16,excluded,10159000000.0,33.406962694028415,21.12541989541795,32.29603182550572,2024-10
lemon07r/Llama-3-RedMagic4-8B,2024-06-26,chat,8029999999.999999,19.430990497953943,11.044498591393536,19.215023516101652,2024-06
lemon07r/llama-3-NeuralMahou-8b,2024-06-26,chat,8029999999.999999,19.846074213837827,11.449174990980252,19.5122850304486,2024-06
lightblue/suzume-llama-3-8B-multilingual,2024-07-30,chat,8029999999.999999,23.98630635028447,12.126294326088518,23.64095389600947,2024-07
lightblue/suzume-llama-3-8B-multilingual-orpo-borda-half,2024-06-29,chat,8029999999.999999,21.50979670721306,10.331869841848109,21.23015391008078,2024-06
lightblue/suzume-llama-3-8B-multilingual-orpo-borda-top25,2024-06-29,chat,8029999999.999999,23.684768112420983,11.694708600634355,23.151737936436966,2024-06
lkoenig/BBAI_200_Gemma,2025-02-26,excluded,19300000000.0,5.086148057258666,3.524418103142117,5.228864370276993,2025-02
lkoenig/BBAI_456_QwenKoen,2025-03-01,excluded,7616000000.0,29.811925443075086,23.235292489541976,29.562144735625278,2025-03
lkoenig/BBAI_7B_KoenQwenDyan,2025-03-08,excluded,7616000000.0,32.02495361134858,23.37706912204065,31.801782018457203,2025-03
lkoenig/BBAI_7B_Qwen2.5koen,2025-03-01,excluded,7616000000.0,29.836311993118755,23.03895233278613,29.522926746007826,2025-03
lkoenig/BBAI_7B_QwenDyanKoenLo,2025-03-08,excluded,7616000000.0,30.01758177649708,23.352645298012664,29.851067530653204,2025-03
llmat/Mistral-v0.3-7B-ORPO,2024-09-02,chat,7248000000.0,12.399290010550857,5.445927398681301,12.009472900854647,2024-09
magnifi/Phi3_intent_v56_3_w_unknown_5_lr_0.002,2025-03-10,chat,3821000000.0,7.1244683931064765,4.053441800422833,7.09710455841602,2025-03
maldv/badger-lambda-llama-3-8b,2024-06-26,excluded,8029999999.999999,20.943850248259498,12.61611269070532,20.593359506104953,2024-06
marcuscedricridia/Hush-Qwen2.5-7B-MST,2025-03-09,excluded,7613000000.0,33.66195961349608,21.593771281326408,33.04697751591459,2025-03
marcuscedricridia/Hush-Qwen2.5-7B-MST-v1.3,2025-03-09,excluded,7613000000.0,35.73029750670216,25.021246256996598,35.33774043270114,2025-03
marcuscedricridia/Hush-Qwen2.5-7B-Preview,2025-03-07,excluded,7613000000.0,35.12716296399811,22.477065351445106,34.745207425421334,2025-03
marcuscedricridia/Hush-Qwen2.5-7B-RP-v1.4-1M,2025-03-10,excluded,7613000000.0,33.31791936262957,20.89261732148727,32.856167987867295,2025-03
marcuscedricridia/Hush-Qwen2.5-7B-v1.1,2025-03-08,excluded,7613000000.0,35.47835434931775,23.17004839460217,35.151423232128195,2025-03
marcuscedricridia/Hush-Qwen2.5-7B-v1.3,2025-03-08,excluded,7613000000.0,33.93143365739242,21.228299291975198,33.446628739771896,2025-03
marcuscedricridia/Qwen2.5-7B-Preview,2025-03-09,chat,7613000000.0,33.62064174853305,21.51807058390536,33.28481572493179,2025-03
marcuscedricridia/Yell-Qwen2.5-7B-Preview-v1.1,2025-03-08,excluded,7613000000.0,26.093952629179142,16.329952659445066,25.680006148972666,2025-03
mattshumer/Reflection-Llama-3.1-70B,2024-12-25,chat,70554000000.0,24.392555308681647,23.004727257101347,22.77026781413704,2024-12
meditsolutions/Llama-3.2-SUN-1B-chat,2024-11-07,chat,1498000000.0,13.641365564259702,4.642875121872674,13.375580131712958,2024-11
meditsolutions/Llama-3.2-SUN-2.4B-checkpoint-34800,2024-10-05,chat,2209000000.0,8.193102548827737,4.245038820716107,8.075043722087623,2024-10
meditsolutions/Llama-3.2-SUN-2.5B-chat,2024-10-26,chat,2472000000.0,13.98771014319157,4.031097383643225,13.196932812851347,2024-10
meta-llama/Llama-2-13b-hf,2024-06-12,base,13016000000.0,11.065185981273997,6.3683679770371535,10.912508820510796,2024-06
meta-llama/Llama-2-70b-chat-hf,2024-06-12,chat,68977000000.0,13.073695775827504,4.601895210171538,12.67280046964261,2024-06
meta-llama/Llama-2-70b-hf,2024-06-12,base,68977000000.0,18.372598605703004,12.793945624418077,18.138803230063516,2024-06
meta-llama/Llama-2-7b-chat-hf,2024-08-30,base,6738000000.0,9.609483264152257,2.85233042603673,9.562898314827024,2024-08
meta-llama/Llama-3.1-70B,2024-07-23,base,70554000000.0,26.200215843375947,23.233934525360464,25.84860095140481,2024-07
meta-llama/Llama-3.1-70B-Instruct,2024-08-15,chat,70554000000.0,43.409948245645786,22.486649149394424,35.97574404218286,2024-08
meta-llama/Llama-3.1-8B-Instruct,2025-02-06,base,8029999999.999999,23.763729445470883,15.402680883261974,23.449859435307385,2025-02
meta-llama/Llama-3.2-1B,2024-09-23,base,1240000000.0,4.195140014045501,1.5021322239173611,4.026158771844644,2024-09
meta-llama/Llama-3.2-3B-Instruct,2024-09-27,chat,3213000000.0,24.204650807793456,10.985236618057426,23.319140347969732,2024-09
meta-llama/Meta-Llama-3-70B,2024-06-12,base,70554000000.0,26.705350171613343,23.55096032925747,26.220638876982918,2024-06
meta-llama/Meta-Llama-3-70B-Instruct,2024-06-12,chat,70554000000.0,36.37222412927012,22.616044404311914,35.857039436239404,2024-06
meta-llama/Meta-Llama-3-8B-Instruct,2024-06-12,chat,8029999999.999999,23.90873569393684,11.259825296080983,23.748384492923858,2024-06
microsoft/Phi-3-medium-128k-instruct,2024-08-21,chat,13960000000.0,32.026356176108685,21.31963175091088,31.267003083284045,2024-08
microsoft/Phi-3-medium-4k-instruct,2024-06-12,chat,13960000000.0,33.09765943937642,21.349573971161792,32.49365021357474,2024-06
microsoft/Phi-3-mini-128k-instruct,2024-08-21,chat,3821000000.0,26.34380993186564,15.423264256905878,25.543056761226403,2024-08
microsoft/Phi-4-mini-instruct,2025-02-28,chat,3836000000.0,29.412433568419846,16.822014443622198,29.250696404039928,2025-02
microsoft/phi-1,2024-06-13,base,1418000000.0,5.574318195377169,1.9672231366127435,5.469549109905366,2024-06
microsoft/phi-1_5,2024-06-09,base,1418000000.0,7.170966845799231,3.921583666551743,7.026666074058823,2024-06
microsoft/phi-4,2025-01-08,base,14660000000.0,29.48341679122318,29.22035050509535,28.99655751809905,2025-01
migtissera/Tess-3-Mistral-Nemo-12B,2024-09-16,chat,12248000000.0,16.720173026027776,10.532656581334958,16.61043013418218,2024-09
minghaowu/Qwen1.5-1.8B-OpenHermes-2.5,2024-09-12,chat,1837000000.0,8.684751175879422,3.6921160766277437,8.33535885507496,2024-09
mistral-community/Mixtral-8x22B-v0.1,,excluded,0.0,16.827390145446955,12.569067899272182,16.827390145446955,
mistralai/Codestral-22B-v0.1,2024-09-28,base,22247000000.0,23.27991740686463,12.707662801331935,22.80720153979707,2024-09
mistralai/Mistral-7B-Instruct-v0.1,2024-06-27,chat,7242000000.0,12.771229395030618,5.9198947116123914,13.729092156578218,2024-06
mistralai/Mistral-7B-Instruct-v0.3,2024-06-12,chat,7248000000.0,19.225098776905867,9.674692371509229,18.98366762749806,2024-06
mistralai/Mistral-7B-v0.3,2024-06-12,base,7248000000.0,14.229760590840252,2.2698019100383555,4.006209045319747,2024-06
mistralai/Mistral-Large-Instruct-2411,2024-11-19,chat,122610000000.0,46.524214355965,24.216851058642582,38.250391804065295,2024-11
mistralai/Mistral-Nemo-Instruct-2407,2024-08-29,chat,12248000000.0,24.66559994130468,12.082261311264835,22.275045022789403,2024-08
mistralai/Mistral-Small-Instruct-2409,2024-09-19,chat,22050000000.0,26.26274897641828,14.761247422782759,26.092618599274065,2024-09
mistralai/Mixtral-8x22B-Instruct-v0.1,2024-06-12,chat,140621000000.0,33.88568028808198,22.0382919867437,33.785137804043316,2024-06
mistralai/Mixtral-8x22B-v0.1,2024-06-12,base,140621000000.0,25.74093627522265,20.574413775933394,25.374454480901342,2024-06
mistralai/Mixtral-8x7B-v0.1,2024-08-20,base,46703000000.0,19.56528101279984,14.750986860886206,19.004011324900898,2024-08
mkurman/llama-3.2-MEDIT-3B-o1,2025-01-07,chat,3607000000.0,17.028893537984814,9.142079026187751,16.52555088977566,2025-01
mkurman/phi-4-MedIT-11B-exp-1,2025-01-10,chat,11514000000.0,24.60723512531726,14.284343988420645,23.976461967891726,2025-01
mkxu/llama-3-8b-po1,2024-11-29,chat,8029999999.999999,19.76700219170176,13.494219732865428,19.642418118698732,2024-11
mlabonne/BigQwen2.5-52B-Instruct,2024-09-25,excluded,52268000000.0,43.55000484859215,25.4107743712989,37.055966429801686,2024-09
mlabonne/ChimeraLlama-3-8B-v2,2024-08-25,excluded,8029999999.999999,20.120505180125026,12.608048579699494,19.818066136933883,2024-08
mlabonne/OrpoLlama-3-8B,2024-06-12,chat,8029999999.999999,15.157036730116474,8.715159683781165,14.85703581464797,2024-06
mlabonne/phixtral-2x2_8,2024-06-12,excluded,4458000000.0,15.553113591688318,9.165793130022628,15.336121671222086,2024-06
mlx-community/Josiefied-Qwen2.5-0.5B-Instruct-abliterated-v1-float32,2025-01-07,chat,494000000.0,9.708088086359409,2.9223716820463617,8.440485566509254,2025-01
mlx-community/Mistral-Small-24B-Instruct-2501-bf16,2025-02-06,chat,23572000000.0,38.66942426997438,28.387783275976354,38.0082329293507,2025-02
mmnga/Llama-3-70B-japanese-suzume-vector-v0.1,2024-09-19,chat,70554000000.0,30.38004447303165,22.724868415004266,30.21582632608984,2024-09
mobiuslabsgmbh/DeepSeek-R1-ReDistill-Llama3-8B-v1.1,2025-02-16,chat,8029999999.999999,15.806892418961333,10.151939291015843,15.753594403882662,2025-02
mobiuslabsgmbh/DeepSeek-R1-ReDistill-Qwen-7B-v1.1,2025-02-16,chat,7616000000.0,17.737904923149653,12.449790525694395,17.4467489723506,2025-02
monsterapi/Llama-3_1-8B-Instruct-orca-ORPO,2024-08-30,chat,16061000000.0,4.832138103419669,1.188117746405171,4.89318816446973,2024-08
monsterapi/gemma-2-2b-LoRA-MonsterInstruct,2024-08-05,chat,2614000000.0,12.519872991689503,5.580513798484448,11.862688398438623,2024-08
mukaj/Llama-3.1-Hawkish-8B,2024-12-18,chat,8029999999.999999,26.581501102977555,11.70561796346389,23.205433740909182,2024-12
natong19/Mistral-Nemo-Instruct-2407-abliterated,2024-09-21,chat,12248000000.0,25.01762542054813,13.212439889420018,23.65788515555967,2024-09
natong19/Qwen2-7B-Instruct-abliterated,2024-07-29,chat,7616000000.0,28.51534160052497,15.328376902949756,25.30585977209722,2024-07
nazimali/Mistral-Nemo-Kurdish-Instruct,2024-10-14,chat,12248000000.0,18.555957634452803,10.266770469061536,18.541605803823813,2024-10
nbeerbower/Dumpling-Qwen2.5-1.5B,2025-01-29,chat,1544000000.0,15.625094396198312,8.154207123266998,14.472967979096937,2025-01
nbeerbower/Dumpling-Qwen2.5-14B,2025-02-15,chat,14770000000.0,34.79872132286164,24.744072566798565,34.260938267850584,2025-02
nbeerbower/Gemma2-Gutenberg-Doppel-9B,2024-10-01,chat,9242000000.0,32.54244427540016,18.400546878351836,29.706874228446466,2024-10
nbeerbower/Gutensuppe-mistral-nemo-12B,2024-09-03,chat,12248000000.0,22.29422199063106,17.226524931082384,21.814795144202225,2024-09
nbeerbower/Hermes2-Gutenberg2-Mistral-7B,2024-10-01,chat,7242000000.0,19.363860758860653,12.895525472304726,19.332602239652623,2024-10
nbeerbower/Llama-3.1-Nemotron-lorablated-70B,2024-11-27,chat,70554000000.0,40.87645031021374,21.01656295243757,33.374214234343434,2024-11
nbeerbower/Mahou-1.5-mistral-nemo-12B-lorablated,2024-10-19,excluded,12248000000.0,27.050923083044733,14.635913154093805,26.35270674572076,2024-10
nbeerbower/Mistral-Gutenberg-Doppel-7B-FFT,2024-11-18,chat,7242000000.0,18.33827572865676,8.472106168428498,18.22053153622769,2024-11
nbeerbower/Mistral-Nemo-Moderne-12B-FFT-experimental,2024-11-26,chat,12248000000.0,18.11946550214844,11.216555335508264,17.35324315032282,2024-11
nbeerbower/Mistral-Nemo-Prism-12B,2024-11-12,chat,12248000000.0,27.924007108863105,15.846035510100066,27.411013312023787,2024-11
nbeerbower/Mistral-Nemo-Prism-12B-v2,2024-11-26,chat,12248000000.0,28.07046513725069,15.78559556486917,27.56931012933836,2024-11
nbeerbower/Mistral-Small-Drummer-22B,2024-10-01,chat,22247000000.0,29.81940879761473,18.27180307681209,29.25492254714121,2024-10
nbeerbower/Mistral-Small-Gutenberg-Doppel-22B,2024-09-25,chat,22247000000.0,27.972039733086746,18.560966398446805,27.293382667801797,2024-09
nbeerbower/Qwen2.5-Gutenberg-Doppel-14B,2024-11-11,chat,14770000000.0,41.327794892427,18.833743342294728,32.26106442425754,2024-11
nbeerbower/Stella-mistral-nemo-12B-v2,2024-09-14,chat,12248000000.0,22.49330971799377,17.12219251756871,22.306817125071184,2024-09
nbeerbower/gemma2-gutenberg-27B,2024-09-23,chat,27227000000.0,10.4236638747709,4.623129221058786,10.008366069057299,2024-09
nbeerbower/gemma2-gutenberg-9B,2024-08-03,chat,9242000000.0,23.71924645280773,18.63028582653671,22.53999259247038,2024-08
nbeerbower/mistral-nemo-cc-12B,2024-09-14,chat,12248000000.0,17.20341027317436,14.390687152998986,17.0900164683479,2024-09
nbeerbower/mistral-nemo-gutenberg-12B-v3,2024-09-03,chat,12248000000.0,19.29051213358064,15.193245028965595,19.021234065473305,2024-09
nbeerbower/mistral-nemo-gutenberg2-12B-test,2024-09-25,chat,12248000000.0,20.97057995062581,15.100118753410424,20.634364583591193,2024-09
nbeerbower/mistral-nemo-kartoffel-12B,2025-01-12,chat,12248000000.0,28.21995794267338,15.997790384928612,27.76568784635768,2025-01
nbeerbower/mistral-nemo-wissenschaft-12B,2024-08-30,chat,12248000000.0,25.50992586494861,13.83225367457968,24.41919401549545,2024-08
necva/IE-cont-Llama3.1-8B,2025-03-06,chat,8029999999.999999,5.093186530380667,1.7261369494527685,5.119017577837366,2025-03
neopolita/jessi-v0.1-bf16-falcon3-7b-instruct,2025-01-08,excluded,7456000000.0,34.92479232482063,22.652575617230188,34.05752376152654,2025-01
neopolita/jessi-v0.1-qwen2.5-7b-instruct,2025-01-26,excluded,7616000000.0,32.77563297433888,20.470278395556534,30.088901661974926,2025-01
neopolita/jessi-v0.2-falcon3-10b-instruct,2025-01-21,excluded,10306000000.0,34.10450143941555,21.285320090331616,33.68415983389903,2025-01
neopolita/jessi-v0.2-falcon3-7b-instruct,2025-01-08,excluded,7456000000.0,29.040362033793667,18.77216379240318,27.51144277215043,2025-01
netcat420/DeepSeek-R1-MFANN-TIES-unretrained-7b,2025-01-22,excluded,7616000000.0,5.947003320776368,1.3901154353542222,5.930133587402913,2025-01
netcat420/MFANN-Llama3.1-Abliterated-SLERP-TIES-V3,2024-11-26,chat,8029999999.999999,19.222030340557662,12.515909879307582,19.328052859499877,2024-11
netcat420/MFANN-Llama3.1-Abliterated-Slerp-TIES,2024-10-29,excluded,8029999999.999999,19.24800486274757,12.048199287787478,18.9388852580223,2024-10
netcat420/MFANN-Llama3.1-Abliterated-Slerp-V3.2,2024-10-29,excluded,8029999999.999999,19.05371896057877,12.064420023063077,18.698110421553217,2024-10
netcat420/MFANN-llama3.1-abliterated-v2,2024-10-07,excluded,8029999999.999999,19.77111132997354,12.302156632041243,19.351949958487463,2024-10
netcat420/MFANN-phigments-slerp-V3.3,2025-02-06,excluded,2780000000.0,17.167734327311486,11.046861762665195,16.975977598974413,2025-02
netcat420/Qwen2.5-Coder-Scholar-7B-Abliterated-MFANN,2025-01-01,chat,7616000000.0,25.39674192004996,12.593874531526556,22.18443209909896,2025-01
netcat420/Qwen2.5-DeepSeek-R1-MFANN-Slerp-7b,2025-01-23,excluded,7616000000.0,8.630087573410409,3.7347509043232083,8.361149252813476,2025-01
netcat420/qwen2.5-MFANN-7b-SLERPv1.1,2025-02-03,excluded,7616000000.0,27.98224762603196,14.679759305086876,25.53273062717966,2025-02
newsbang/Homer-v1.0-Qwen2.5-72B,2024-12-16,chat,72706000000.0,47.464376408361055,36.59835671776611,47.05718015317407,2024-12
newsbang/Homer-v1.0-Qwen2.5-7B,2024-12-04,chat,7616000000.0,32.62357604568507,22.07479252838718,31.76337273542306,2024-12
nhyha/N3N_gemma-2-9b-it_20241110_2026,2024-11-12,chat,10159000000.0,29.119584296103525,18.139377423642358,28.579756760997064,2024-11
nhyha/merge_Qwen2.5-7B-Instruct_20241023_0314,2024-11-04,chat,7616000000.0,31.4495497347518,20.692960759748015,29.205974359337254,2024-11
nisten/franqwenstein-35b,2024-10-03,excluded,34714000000.0,36.57133162829882,31.067643622524706,35.7244019973993,2024-10
nisten/tqwendo-36b,2024-12-21,chat,35690000000.0,37.04172043230399,26.034417720005155,36.38147110873775,2024-12
nlpguy/Mistral-NeMo-Minitron-Upscale-v3,2024-10-04,base,12451000000.0,5.202259190321894,2.9617605899361674,5.04434460915709,2024-10
noname0202/gemma-2-2b-it-ties,2025-01-29,excluded,2614000000.0,10.06382335103593,7.430562200195808,9.586826050676974,2025-01
noname0202/gemma-2-9b-sft-jp-en-zh-v1,2025-01-05,chat,9242000000.0,16.85196649387241,10.631853775766158,15.74451594833316,2025-01
noname0202/gemma-2-9b-sft-jp-en-zh-v2,2025-01-05,chat,9242000000.0,19.13081989964549,11.019302043781334,17.807735252518547,2025-01
noname0202/llama-math-1b-r16-0to512tokens-test,2025-01-25,chat,1236000000.0,13.804072106791525,4.4502780748162625,13.324588945451715,2025-01
noname0202/llama-math-1b-r32-0to512tokens-test,2025-01-24,chat,1236000000.0,14.371257364913582,4.561989166091564,13.787596466009964,2025-01
noname0202/llama-math-1b-r32-test,2025-01-24,chat,1236000000.0,14.418127068599686,4.625176814063077,14.074547500877152,2025-01
notbdq/Qwen2.5-14B-Instruct-1M-GRPO-Reasoning,2025-02-05,chat,14770000000.0,41.559026792386994,18.43926828005384,32.78121631401078,2025-02
nvidia/Mistral-NeMo-Minitron-8B-Base,2024-08-22,chat,7880000000.0,17.697925857529604,13.917285861917792,17.531678978986186,2024-08
oopere/Llama-FinSent-S,2025-02-08,chat,914000000.0,5.811805794594786,2.2244174245631583,5.8110699475007905,2025-02
oopere/pruned20-llama-1b,2024-11-16,excluded,1075000000.0,4.989519628599489,1.5767515589880192,4.922288878041243,2024-11
oopere/pruned20-llama-3.2-3b,2024-12-12,base,2790000000.0,5.656559779770029,2.5007435529233115,5.589275359543924,2024-12
oopere/pruned40-llama-1b,2024-11-26,base,914000000.0,6.608357202270273,2.972541639646928,6.526002466508355,2024-11
oopere/pruned40-llama-3.2-1B,2025-02-19,base,914000000.0,6.877693765654211,3.4195243916836775,6.917987349529361,2025-02
oopere/pruned60-llama-1b,2024-11-25,base,753000000.0,5.46756672622325,2.504045856197097,5.490852436820139,2024-11
orai-nlp/Llama-eus-8B,2024-09-30,base,8029999999.999999,13.943754358263163,10.100476543805522,13.683941546387043,2024-09
pankajmathur/orca_mini_phi-4,2025-01-22,chat,14660000000.0,40.67628242552744,28.244530762362487,39.93855229103316,2025-01
princeton-nlp/Llama-3-8B-ProLong-64k-Base,2024-10-16,base,8029999999.999999,21.65219829915355,11.19762985164824,13.56942609391856,2024-10
princeton-nlp/Llama-3-8B-ProLong-64k-Instruct,2024-10-16,chat,8029999999.999999,23.020991799409,12.18696722706026,18.732249427897543,2024-10
princeton-nlp/Llama-3-Base-8B-SFT-DPO,2024-10-07,chat,8029999999.999999,18.376219112296344,11.354657731951185,17.956686325238806,2024-10
princeton-nlp/Llama-3-Base-8B-SFT-IPO,2024-10-07,chat,8029999999.999999,18.722473272112868,11.024220117404347,18.213959130790276,2024-10
princeton-nlp/Llama-3-Base-8B-SFT-KTO,2024-10-07,chat,8029999999.999999,18.6446163938307,10.60080929226715,17.98770191054306,2024-10
princeton-nlp/Llama-3-Base-8B-SFT-ORPO,2024-10-07,chat,8029999999.999999,19.268325889820545,11.733175150712787,19.058141087025316,2024-10
princeton-nlp/Llama-3-Base-8B-SFT-RDPO,2024-10-07,chat,8029999999.999999,19.142302231808696,11.439995399233926,18.631319535038564,2024-10
princeton-nlp/Llama-3-Base-8B-SFT-RRHF,2024-10-07,chat,8029999999.999999,16.28272427355282,10.445105123764497,15.96221241345887,2024-10
princeton-nlp/Llama-3-Base-8B-SFT-SLiC-HF,2024-10-07,chat,8029999999.999999,19.7431134910636,11.61310464983524,19.492070729797103,2024-10
princeton-nlp/Llama-3-Instruct-8B-CPO-v0.2,2024-09-28,chat,8029999999.999999,24.883954972962343,12.194861937946811,24.61571091026223,2024-09
princeton-nlp/Llama-3-Instruct-8B-DPO,2024-09-28,chat,8029999999.999999,23.49823972598104,11.606238468875894,22.700115858302397,2024-09
princeton-nlp/Llama-3-Instruct-8B-RDPO,2024-09-28,chat,8029999999.999999,23.603754396673683,11.595253851637946,22.55827187738878,2024-09
princeton-nlp/Llama-3-Instruct-8B-RRHF-v0.2,2024-10-07,chat,8029999999.999999,23.75375059997253,11.620124037824462,23.647185556250054,2024-10
princeton-nlp/Llama-3-Instruct-8B-SimPO,2024-09-28,chat,8029999999.999999,23.664165370275043,12.243988123817948,22.61913299533078,2024-09
princeton-nlp/Mistral-7B-Base-SFT-CPO,2024-10-07,chat,7242000000.0,17.3989699937128,9.356852973154297,17.175182612478817,2024-10
princeton-nlp/Mistral-7B-Base-SFT-DPO,2024-10-07,chat,7242000000.0,16.311853642274055,8.720319660322,16.124133054932493,2024-10
princeton-nlp/Mistral-7B-Base-SFT-RDPO,2024-10-07,chat,7242000000.0,16.4909336267166,8.589390586539338,16.484803287203217,2024-10
princeton-nlp/Mistral-7B-Base-SFT-SLiC-HF,2024-10-07,chat,7242000000.0,19.005885681302413,10.354575901568348,18.858168652557204,2024-10
princeton-nlp/Mistral-7B-Base-SFT-SimPO,2024-09-21,chat,7242000000.0,17.032014558172765,9.067788540708491,16.92739919549989,2024-09
princeton-nlp/Mistral-7B-Instruct-DPO,2024-10-07,chat,7242000000.0,16.56219551319486,7.6677764781578395,16.521325414303302,2024-10
princeton-nlp/Mistral-7B-Instruct-IPO,2024-10-07,chat,7242000000.0,17.71968449150264,9.277180798810178,17.72706787458221,2024-10
princeton-nlp/Mistral-7B-Instruct-KTO,2024-10-07,chat,7242000000.0,16.702591779643708,8.531385279003239,16.699439038550782,2024-10
princeton-nlp/Mistral-7B-Instruct-SLiC-HF,2024-10-16,chat,7242000000.0,16.389143637193502,7.79307420160331,16.505706576306597,2024-10
princeton-nlp/Sheared-LLaMA-1.3B,2024-07-29,base,1300000000.0,5.580925572139816,1.9154799604208173,5.5299345588648885,2024-07
princeton-nlp/gemma-2-9b-it-DPO,2024-09-19,chat,9242000000.0,20.818727391139728,14.743673129618193,19.368749548612023,2024-09
princeton-nlp/gemma-2-9b-it-SimPO,2024-08-10,chat,9242000000.0,22.3449346084354,16.294873188565173,21.149990994171194,2024-08
prithivMLmods/Galactic-Qwen-14B-Exp2,2025-03-13,chat,14766000000.0,43.56371836153858,33.611741319477886,43.14877245687009,2025-03
prithivMLmods/Llama-3.1-8B-Open-SFT,2025-01-12,chat,8029999999.999999,21.04370403547396,14.21931652736426,20.91361241251272,2025-01
prithivMLmods/Llama-3.2-6B-AlgoCode,2025-01-12,chat,6339000000.0,9.301000017101474,6.083396619669314,9.257344417798983,2025-01
prithivMLmods/Llama-Express.1-Math,2025-01-25,chat,1236000000.0,12.170622691501343,3.4636294619497696,11.935510139263055,2025-01
prithivMLmods/Magellanic-Qwen-25B-R999,2025-03-04,chat,24962000000.0,4.9765268528155335,2.0526168169237815,5.0714919842889294,2025-03
prithivMLmods/Phi-4-Empathetic,2025-01-12,chat,14660000000.0,28.208396720096133,27.917275524631236,27.868396521709087,2025-01
prithivMLmods/Phi-4-Math-IO,2025-01-12,chat,14660000000.0,31.821782745368303,25.27471329449657,25.772636108530694,2025-01
prithivMLmods/Phi-4-o1,2025-01-09,chat,14660000000.0,30.20428963456544,30.28304235031439,29.84798089544858,2025-01
prithivMLmods/Phi4-Super,2025-01-23,chat,14660000000.0,30.387370956217424,30.304772414003317,30.039986569820414,2025-01
prithivMLmods/Primal-Opus-14B-Optimus-v1,2025-02-03,chat,14766000000.0,36.0644115881976,28.072404818716407,35.439207862064706,2025-02
prithivMLmods/Primal-Opus-14B-Optimus-v2,2025-02-27,chat,14766000000.0,40.91271332337514,31.48169560681428,40.57890617335853,2025-02
prithivMLmods/Qwen2.5-14B-DeepSeek-R1-1M,2025-02-01,excluded,14770000000.0,34.33386526785314,30.535059974268254,34.4472797501229,2025-02
qingy2019/LLaMa_3.2_3B_Catalysts,2024-10-29,chat,3000000000.0,19.930930685006384,11.184739868132537,19.295924987260868,2024-10
qingy2019/OpenMath2-Llama3.1-8B,2024-11-23,chat,8000000000.0,12.751664730325508,5.231919283530431,9.079811802903668,2024-11
qingy2019/Qwen2.5-Ultimate-14B-Instruct,2024-12-02,excluded,14766000000.0,29.44018136092509,22.19612198610449,28.917785897290905,2024-12
qingy2024/QwEnlarge-16B-Instruct,2025-03-06,chat,15871000000.0,37.70013676666704,24.87442097095642,37.08870507167206,2025-03
qingy2024/Qwen2.5-4B,2025-01-16,base,4168000000.0,14.27535656814343,10.613177862061212,13.868734142054137,2025-01
qingy2024/Qwen2.5-Coder-Draft-1.5B-Instruct,2025-01-31,chat,1544000000.0,14.636502505800076,5.551076693780231,12.225614257396355,2025-01
qingy2024/Qwen2.5-Math-14B-Instruct-Preview,2024-12-10,chat,14770000000.0,39.91810674601417,18.713393147439813,31.92173408517536,2024-12
qingy2024/Qwen2.6-14B-Instruct,2024-12-04,excluded,14766000000.0,36.25438494517895,25.882007929481194,35.01638647976811,2024-12
qq8933/OpenLongCoT-Base-Gemma2-2B,2024-11-12,chat,3204000000.0,5.473141918546371,1.881260661869671,5.079946293487211,2024-11
rasyosef/Phi-1_5-Instruct-v0.1,2024-07-25,chat,1415000000.0,6.864747864349624,2.8383748742361754,6.68578171976509,2024-07
rasyosef/phi-2-instruct-apo,2024-09-17,chat,2775000000.0,12.547052522669906,5.99015394460463,12.01098916622912,2024-09
recoilme/Gemma-2-Ataraxy-Gemmasutra-9B-slerp,2024-09-12,chat,10159000000.0,29.873991757144,17.285834682981687,29.685995547678107,2024-09
rhysjones/phi-2-orange-v2,2024-06-28,chat,2780000000.0,15.324185096371076,8.18665767116312,14.583112108610704,2024-06
riaz/FineLlama-3.1-8B,2024-10-12,chat,8029999999.999999,17.660648060300424,10.182755304571165,17.45143215807955,2024-10
rombodawg/Rombos-Coder-V2.5-Qwen-14b,2025-02-06,chat,14770000000.0,32.44560837708102,19.187381330668188,31.29951360642182,2025-02
rombodawg/Rombos-LLM-V2.5-Qwen-0.5b,2024-09-29,chat,630000000.0,9.38591999487923,3.935629330304174,8.615242953463797,2024-09
rombodawg/Rombos-LLM-V2.5-Qwen-14b,2024-09-29,chat,14770000000.0,39.50095591766085,26.036451346160227,34.471418870450314,2024-09
rombodawg/Rombos-LLM-V2.5-Qwen-32b,2024-10-07,chat,32764000000.000004,45.83301184834238,34.78846761247833,43.80940856084475,2024-10
rombodawg/Rombos-LLM-V2.5.1-Qwen-3b,2024-10-08,excluded,3397000000.0,13.357124972053429,9.333257783490838,13.06620294801443,2024-10
rombodawg/rombos_Replete-Coder-Llama3-8B,2024-10-14,chat,8029999999.999999,11.971032787867795,4.022925700352128,11.78264064817264,2024-10
rsh345/mistral-ft-optimized-1218-NeuralHermes-2.5-Mistral-7B,2025-01-27,excluded,7242000000.0,21.02740291549346,14.084067031752529,20.973726501937364,2025-01
sabersaleh/Llama2-7B-SimPO,2024-11-30,chat,7000000000.0,7.610783251808889,4.923122298919886,7.381702931065405,2024-11
sabersaleh/Llama3,2024-11-29,chat,8029999999.999999,17.458608830485915,12.187009401758266,17.413963906022918,2024-11
sabersalehk/Llama3-001-300,2024-12-03,chat,8029999999.999999,17.12107684025811,11.76990921276698,16.956660868740073,2024-12
sabersalehk/Llama3_01_300,2024-12-03,chat,8029999999.999999,16.69882386756007,11.80314296505633,16.493235030776283,2024-12
sequelbox/Llama3.1-70B-PlumChat,2024-11-27,excluded,70554000000.0,37.409205844366646,28.423003582836827,36.77356482308207,2024-11
sequelbox/Llama3.1-8B-MOTH,2024-09-19,chat,8029999999.999999,20.83650360825358,11.568923178740725,20.13072395798806,2024-09
sequelbox/Llama3.1-8B-PlumCode,2024-10-03,chat,8029999999.999999,9.82399989942098,7.0278255469242215,9.693782538836716,2024-10
sequelbox/Llama3.1-8B-PlumMath,2024-10-03,chat,8029999999.999999,13.936685074512214,10.206155160818627,13.472631313824563,2024-10
sethuiyer/Llama-3.1-8B-Experimental-1208-Instruct,2025-01-18,chat,8029999999.999999,23.509819826801674,12.920762656106596,23.056237042835555,2025-01
sethuiyer/Llamaverse-3.1-8B-Instruct,2025-01-14,excluded,8029999999.999999,26.19209991300966,15.207425317099815,25.84384098344912,2025-01
sethuiyer/Qwen2.5-7B-Anvita,2024-10-27,excluded,7616000000.0,29.89836212098824,18.604608992526835,28.929163773229583,2024-10
shastraai/Shastra-LLAMA2-Math-Commonsense-SFT,2024-10-27,excluded,6738000000.0,10.49075907778522,5.760495779136956,10.806057418865722,2024-10
shivank21/mistral_dpo_self,2025-02-05,chat,7913000000.0,9.824435617463962,4.477334950604753,9.848754871393286,2025-02
siqi00/Mistral-7B-DFT,2025-02-05,chat,7242000000.0,20.75522180931725,11.638327013147103,20.744011524522787,2025-02
skymizer/Llama2-7b-sft-chat-custom-template-dpo,2024-07-01,chat,6738000000.0,10.140548181946365,6.383565910436411,10.039318513389542,2024-07
someon98/qwen-CoMa-0.5b,2024-12-29,chat,630000000.0,5.858059919414088,2.3836654548751848,5.950881386857911,2024-12
sometimesanotion/Qwen2.5-14B-Vimarckoso-v2,2024-12-26,excluded,14000000000.0,36.185823403667726,29.274649011386554,35.64281909178521,2024-12
sometimesanotion/Qwen2.5-14B-Vimarckoso-v3,2024-12-27,excluded,14000000000.0,41.02652166075893,29.0173631336317,39.71530354441738,2024-12
sometimesanotion/Qwen2.5-14B-Vimarckoso-v3-IF-Variant,2024-12-28,excluded,14000000000.0,34.41237931041414,24.317493473441218,33.42784529002547,2024-12
sometimesanotion/Qwen2.5-7B-Gordion-v0.1-Prose,2025-02-08,excluded,7613000000.0,30.518790394446103,22.121949858280466,30.156674900751863,2025-02
sometimesanotion/Qwentessential-14B-v1,2025-02-16,excluded,14766000000.0,40.27876153100695,30.999373980773704,40.03207452129078,2025-02
sometimesanotion/Qwentinuum-14B-v1,2024-12-21,excluded,14000000000.0,37.151308752643104,28.824523679059467,36.16436234150333,2024-12
sometimesanotion/Qwentinuum-14B-v2,2024-12-21,excluded,14000000000.0,37.91575826840247,28.88192812246842,36.76638555719497,2024-12
sometimesanotion/Qwentinuum-14B-v6,2024-12-22,excluded,14000000000.0,39.59946867765128,29.700348008266804,38.88499751128527,2024-12
sometimesanotion/Qwentinuum-14B-v7,2024-12-22,excluded,14000000000.0,39.15035648193577,29.517612906765873,38.37711817520131,2024-12
sometimesanotion/Qwentinuum-14B-v8,2024-12-22,excluded,14000000000.0,38.48492951696213,29.722146356117364,37.28900913816247,2024-12
sometimesanotion/Qwenvergence-14B-v0.6-004-model_stock,2025-01-01,excluded,14000000000.0,40.603760450568224,28.594152772755983,38.68023250856648,2025-01
sometimesanotion/Qwenvergence-14B-v3,2024-12-21,excluded,14000000000.0,37.51730006937248,29.526451109885315,36.639225762199516,2024-12
sometimesanotion/Qwenvergence-14B-v3-Prose,2024-12-21,excluded,14766000000.0,37.52186681948957,29.98857517026363,36.9049746963799,2024-12
sometimesanotion/Qwenvergence-14B-v3-Reason,2024-12-21,chat,14000000000.0,37.613265274956085,28.769833229380588,36.674479939512736,2024-12
sometimesanotion/Qwenvergence-14B-v8,2025-01-16,excluded,14766000000.0,39.212221774327226,29.535014497151035,37.90720121706659,2025-01
sometimesanotion/Qwenvergence-14B-v9,2025-01-17,excluded,14766000000.0,39.81487420685213,29.766859976600912,39.08960742043627,2025-01
spmurrayzzz/Mistral-Syndicate-7B,2024-06-27,chat,7242000000.0,14.012817664482595,9.55226658717201,13.743581831792145,2024-06
ssmits/Qwen2.5-95B-Instruct,2024-09-26,chat,94648000000.0,45.257345532181205,23.71388944951217,37.38443203956018,2024-09
suayptalha/DeepSeek-R1-Distill-Llama-3B,2025-02-24,chat,3213000000.0,23.27368245692195,11.092339816291002,22.94108431259445,2025-02
suayptalha/Komodo-Llama-3.2-3B-v2-fp16,2024-11-19,chat,3000000000.0,20.317372826484497,8.520868373364051,19.36723273538895,2024-11
sumink/Qwenftmodel,2024-12-05,chat,1544000000.0,10.104913951155991,6.756516890120307,9.745843712519116,2024-12
sumink/bbhqwen,2025-02-25,chat,3086000000.0,7.833827413484496,5.557555708324587,7.867931486738408,2025-02
sumink/bbhqwen2,2025-02-25,chat,3086000000.0,6.258601237356344,4.210156345196136,6.3789263765148885,2025-02
sumink/bbhqwen4,2025-02-25,chat,3086000000.0,5.656083792655539,3.7484486225855824,5.730204256122372,2025-02
sumink/bbhqwen5,2025-02-25,chat,3086000000.0,5.199436501746352,3.011577240985503,5.2230560145451035,2025-02
sumink/bbhqwen6,2025-02-25,chat,3086000000.0,4.366128533965068,1.2142658274295237,4.3279909618679415,2025-02
synergetic/FrankenQwen2.5-14B,2024-11-30,chat,16972000000.000002,18.126546386620493,14.749851246010437,18.07026601248031,2024-11
tangledgroup/tangled-llama-pints-1.5b-v0.1-instruct,2024-08-29,chat,1500000000.0,4.366498008182751,1.640324471272638,4.187332208962284,2024-08
tanliboy/lambda-qwen2.5-14b-dpo-test,2024-09-20,chat,14770000000.0,42.61740082662664,20.034540798091964,33.53571645712638,2024-09
tanliboy/lambda-qwen2.5-32b-dpo-test,2024-09-30,chat,32764000000.000004,45.92459258818872,23.334832239997656,35.74295595030831,2024-09
tensopolis/falcon3-10b-tensopolis-v1,2025-03-08,excluded,10306000000.0,35.588967109820835,19.862004085017297,29.039924738015777,2025-03
tensopolis/mistral-small-2501-tensopolis-v1,2025-02-08,excluded,23572000000.0,39.24515046605988,26.081510705590233,38.905169545783345,2025-02
tensopolis/phi-4-tensopolis-v1,2025-03-09,excluded,14660000000.0,40.45533321662008,29.45006356526803,39.832579024335466,2025-03
tensopolis/qwen2.5-14b-tensopolis-v1,2025-03-09,excluded,14770000000.0,41.14159022263494,18.399743116290438,32.078853691506254,2025-03
tensopolis/qwen2.5-7b-tensopolis-v1,2025-03-07,excluded,7616000000.0,35.49167672948769,20.66612427394681,32.1212563777918,2025-03
theo77186/Qwen2.5-Coder-7B-Instruct-20241106,2025-01-19,chat,7616000000.0,28.33079885828984,12.26069764772303,22.4012875521,2025-01
theprint/CleverBoi-Llama-3.1-8B-Instruct,2024-09-13,chat,16061000000.0,13.970394725475051,10.546235080254611,13.410073784134664,2024-09
theprint/CleverBoi-Llama-3.1-8B-v2,2024-09-22,chat,9300000000.0,14.145587569893708,10.500913037775549,13.824963355461788,2024-09
theprint/ReWiz-Llama-3.1-8B-v2,2024-11-03,chat,9300000000.0,15.893327785890378,12.15680396920161,15.63193464067287,2024-11
thomas-yanxin/XinYuan-Qwen2-1_5B,2024-09-04,chat,1777000000.0,11.515091263493494,6.224044568673214,11.236522184536632,2024-09
tianyil1/MistralForCausalLM_Cal_DPO,2025-01-25,chat,7242000000.0,18.088644447193257,9.002855120750114,18.0300204991895,2025-01
tiiuae/Falcon3-10B-Base,2024-12-12,base,10306000000.0,27.61785087949368,21.921818759458368,27.15657587673454,2024-12
tiiuae/Falcon3-1B-Instruct,2024-12-16,chat,1669000000.0,16.164597322515025,5.873593439989168,15.282829603959684,2024-12
tiiuae/Falcon3-3B-Base,2024-12-13,base,3228000000.0,15.738743193619,11.055360266928508,15.570436387498832,2024-12
tiiuae/Falcon3-7B-Instruct,2024-12-16,chat,7456000000.0,36.404684964282325,23.196296992462507,34.7552854102793,2024-12
tiiuae/Falcon3-Mamba-7B-Instruct,2024-12-13,chat,7273000000.0,28.109654708582763,15.60895731281714,27.319330343128527,2024-12
tiiuae/falcon-11B,2024-06-09,base,11103000000.0,13.851902586180216,8.151448841697336,13.818705834468838,2024-06
tiiuae/falcon-40b,2024-06-09,base,40000000000.0,11.40130446230009,6.890212939220828,11.325877297561565,2024-06
tiiuae/falcon-mamba-7b,2024-07-23,base,7000000000.0,15.179238027611218,9.171751773653284,14.896676358604532,2024-07
tinycompany/ShawtyIsBad-bgem3,2025-03-08,base,1436000000.0,12.610397878155718,8.023269439730898,12.270647757216947,2025-03
tinycompany/ShawtyIsBad-e5-large,2025-03-08,base,1436000000.0,12.316339936795012,8.001392397833383,12.007047921780686,2025-03
tinycompany/ShawtyIsBad-nomic1.5,2025-03-08,base,1436000000.0,12.504999335501656,8.111386711889493,12.189335530712368,2025-03
tugstugi/Qwen2.5-7B-Instruct-QwQ-v0.1,2025-01-19,chat,7616000000.0,28.42790067536457,14.543962586474466,24.254000251085202,2025-01
unsloth/Llama-3.2-1B-Instruct-no-system-message,2025-01-24,chat,1236000000.0,14.363515028823208,4.4113012291740565,13.553619966354605,2025-01
unsloth/phi-4-unsloth-bnb-4bit,2025-01-09,chat,8483000000.000001,39.21645140571378,23.294812263722903,34.537007142293355,2025-01
uukuguy/speechless-code-mistral-7b-v1.0,2024-06-26,chat,7000000000.0,18.19259169032542,11.776297659648577,17.97743211852991,2024-06
uukuguy/speechless-instruct-mistral-7b-v0.2,2024-06-26,chat,7242000000.0,18.10671348498029,12.296109123698733,17.855445220191292,2024-06
uukuguy/speechless-llama2-hermes-orca-platypus-wizardlm-13b,2024-06-26,chat,13016000000.0,18.701595895131856,10.917235178194847,18.56859969885926,2024-06
v000000/Qwen2.5-14B-Gutenberg-1e-Delta,2024-09-28,chat,14770000000.0,40.87901381911441,18.68494954439503,32.11327077381013,2024-09
v000000/Qwen2.5-Lumen-14B,2024-09-20,chat,14770000000.0,41.13785114892261,18.817755514491672,32.20156508554754,2024-09
vhab10/Llama-3.1-8B-Base-Instruct-SLERP,2024-09-29,excluded,8029999999.999999,19.27479354795199,13.83244800616554,18.774738160007544,2024-09
vhab10/Llama-3.2-Instruct-3B-TIES,2024-11-23,excluded,1848000000.0,17.33432617767801,9.43502698747498,17.18070659178704,2024-11
vhab10/llama-3-8b-merged-linear,2024-09-26,excluded,4650000000.0,23.91136833689406,14.403567095239032,23.65038105052552,2024-09
vicgalle/Configurable-Hermes-2-Pro-Llama-3-8B,2024-07-24,chat,8031000000.000001,22.56595247127864,12.003040273551683,22.106125643695883,2024-07
vicgalle/Humanish-RP-Llama-3.1-8B,2024-08-03,chat,8029999999.999999,25.423199454688373,13.673359363819026,24.938845824240087,2024-08
vicgalle/Roleplay-Llama-3-8B,2024-06-26,chat,8029999999.999999,24.020182936148974,11.53320892478778,23.84293880642927,2024-06
vonjack/Qwen2.5-Coder-0.5B-Merged,2024-11-19,chat,630000000.0,6.979693269720411,1.6481142441490526,6.606404044011224,2024-11
wave-on-discord/qwent-7b,2024-09-30,excluded,7616000000.0,8.797033099146908,5.160638848350992,8.811881833619418,2024-09
weathermanj/Menda-3b-Optim-100,2025-03-10,chat,3086000000.0,27.957516413922587,17.584659083465052,27.433896135108824,2025-03
win10/EVA-Norns-Qwen2.5-v0.1,2024-11-18,excluded,7616000000.0,26.432796717883942,14.37923728258009,24.528336432804192,2024-11
win10/Norns-Qwen2.5-12B,2024-11-17,excluded,12277000000.0,17.708127562863925,7.789937624522206,16.43678909733424,2024-11
win10/Norns-Qwen2.5-7B,2024-11-18,excluded,7616000000.0,26.380789509358355,14.466117490470983,24.430880495058656,2024-11
win10/Qwen2.5-2B-Instruct,2024-12-20,excluded,2900000000.0,10.57067746533664,6.865576561633036,10.278654705782802,2024-12
wzhouad/gemma-2-9b-it-WPO-HB,2025-01-07,chat,9242000000.0,24.97756909058171,13.013885911042964,22.48817020795287,2025-01
x0000001/Deepseek-Lumen-R1-Qwen2.5-14B,2025-01-29,chat,14770000000.0,26.028524707214856,14.916660257580558,21.624543468311636,2025-01
xinchen9/Llama3.1_8B_Instruct_CoT,2024-09-19,chat,8029999999.999999,16.316624597778073,10.671067035678966,15.446146083537077,2024-09
xinchen9/Llama3.1_CoT_V1,2024-09-07,chat,8029999999.999999,14.734826092960333,10.510060740048619,14.313553664316775,2024-09
xinchen9/Mistral-7B-CoT,2024-09-23,chat,7242000000.0,11.26567589705759,6.404865437286697,11.336916638960359,2024-09
xkp24/Llama-3-8B-Instruct-SPPO-Iter2_gp_2b-table,2024-09-30,chat,8029999999.999999,22.639173242532337,11.038303089052448,22.051024824213343,2024-09
xkp24/Llama-3-8B-Instruct-SPPO-Iter2_gp_8b-table,2024-09-30,chat,8029999999.999999,23.07373460043833,11.761897021036562,22.73190150516498,2024-09
xkp24/Llama-3-8B-Instruct-SPPO-score-Iter2_gp_8b-table-0.002,2024-10-01,chat,8029999999.999999,23.12157632033239,11.943124058788477,22.540180849943805,2024-10
xukp20/Llama-3-8B-Instruct-SPPO-Iter3_bt_2b-table,2024-09-29,chat,8029999999.999999,21.35765886697308,11.262565160937331,20.84597903538443,2024-09
xukp20/Llama-3-8B-Instruct-SPPO-Iter3_bt_8b-table,2024-09-29,chat,8029999999.999999,24.132871091204738,12.008945488001107,23.73606291937071,2024-09
xukp20/Llama-3-8B-Instruct-SPPO-Iter3_gp_2b-table,2024-09-29,chat,8029999999.999999,22.08358104722241,11.604014874063145,21.567641657144446,2024-09
yam-peleg/Hebrew-Mistral-7B,2024-07-11,chat,7504000000.0,13.302117179699644,9.552636216351889,13.142887551100394,2024-07
yfzp/Llama-3-8B-Instruct-SPPO-Iter1_bt_2b-table,2024-09-30,chat,8029999999.999999,23.61656457033402,11.633306911358085,22.824484947993025,2024-09
yfzp/Llama-3-8B-Instruct-SPPO-Iter1_bt_8b-table,2024-09-30,chat,8029999999.999999,24.97848128342916,12.6007428242226,24.725628440752065,2024-09
yfzp/Llama-3-8B-Instruct-SPPO-Iter1_gp_2b-table,2024-09-29,chat,8029999999.999999,23.457640244691195,11.684190100977805,23.002384217409645,2024-09
yfzp/Llama-3-8B-Instruct-SPPO-Iter1_gp_8b-table,2024-09-29,chat,8029999999.999999,24.08979336766512,11.978636758443841,23.786627689088586,2024-09
yfzp/Llama-3-8B-Instruct-SPPO-score-Iter1_bt_2b-table-0.001,2024-09-30,chat,8029999999.999999,23.246034978048385,11.488556988259585,22.270211200707724,2024-09
yfzp/Llama-3-8B-Instruct-SPPO-score-Iter1_gp_2b-table-0.001,2024-09-29,chat,8029999999.999999,22.724716099715508,11.326524920137917,22.195292996354706,2024-09
yfzp/Llama-3-8B-Instruct-SPPO-score-Iter1_gp_8b-table-0.002,2024-09-29,chat,8029999999.999999,23.749108318905765,11.680432703317281,23.356825378846864,2024-09
yifAI/Llama-3-8B-Instruct-SPPO-score-Iter3_gp_8b-table-0.002,2024-09-30,chat,8029999999.999999,22.73807535003498,11.880947945950545,22.47398840514217,2024-09
ymcki/gemma-2-2b-ORPO-jpn-it-abliterated-18,2024-11-16,chat,2614000000.0,15.288362728327092,7.14918791605699,14.72412276167442,2024-11
ymcki/gemma-2-2b-ORPO-jpn-it-abliterated-18-merge,2024-11-16,chat,2614000000.0,16.505537805625195,6.751867566269026,14.19128078240131,2024-11
ymcki/gemma-2-2b-jpn-it-abliterated-17,2024-10-18,chat,2614000000.0,15.64497618709844,1.1854061599525143,1.3073417811702122,2024-10
ymcki/gemma-2-2b-jpn-it-abliterated-17-18-24,2024-11-06,chat,2614000000.0,14.44776069045957,5.938218164577623,14.085603953027134,2024-11
ymcki/gemma-2-2b-jpn-it-abliterated-17-ORPO-alpaca,2024-10-27,chat,2614000000.0,12.53043213387293,7.0839920654191815,12.007889485721153,2024-10
yuvraj17/Llama3-8B-SuperNova-Spectrum-Hermes-DPO,2024-09-30,chat,8029999999.999999,18.088167586242665,10.742244237695864,17.975730008610892,2024-09
yuvraj17/Llama3-8B-SuperNova-Spectrum-dare_ties,2024-09-23,excluded,8029999999.999999,19.17256512798472,12.372122411540198,18.854883550161972,2024-09
yuvraj17/Llama3-8B-abliterated-Spectrum-slerp,2024-09-23,excluded,8029999999.999999,17.72531595014861,13.002642540323503,17.457826457764522,2024-09
zake7749/gemma-2-2b-it-chinese-kyara-dpo,2024-10-17,chat,2614000000.0,19.62411186744714,10.576011558475093,19.173313460072773,2024-10
zelk12/MT-Gen1-gemma-2-9B,2024-10-23,excluded,10159000000.0,34.51416587215041,19.592858184775288,32.54312305096398,2024-10
zelk12/MT-Gen2-GI-gemma-2-9B,2024-11-28,excluded,10159000000.0,34.7634808902102,20.19327290378883,33.05972932154763,2024-11
zelk12/MT-Gen2-gemma-2-9B,2024-11-10,excluded,10159000000.0,34.81518978196506,20.483929447765686,33.31775427648231,2024-11
zelk12/MT-Gen3-gemma-2-9B,2024-11-30,excluded,10159000000.0,34.862851201023894,19.544220537687785,32.67074661187545,2024-11
zelk12/MT-Gen6-gemma-2-9B,2025-01-23,excluded,10159000000.0,19.816468872767587,16.14923736038113,18.540444816905747,2025-01
zelk12/MT-Gen7-gemma-2-9B,2025-02-15,excluded,10159000000.0,20.39180070971448,17.868468120689958,20.325177853090317,2025-02
zelk12/MT-Merge-gemma-2-9B,2024-10-22,excluded,10159000000.0,34.87860604484159,19.776502618443207,32.90569060881662,2024-10
zelk12/MT-Merge2-MU-gemma-2-MTg2MT1g2-9B,2024-11-28,excluded,10159000000.0,34.891868837941765,20.29627009805169,33.27031236698922,2024-11
zelk12/MT-Merge4-gemma-2-9B,2024-12-21,excluded,10159000000.0,34.59930867791183,21.071599685192563,33.78181938054913,2024-12
zelk12/MT-Merge6-gemma-2-9B,2025-02-13,excluded,10159000000.0,20.20346619991928,17.706286897436847,20.041530555460213,2025-02
zelk12/MT1-Gen2-gemma-2-9B,2024-11-11,excluded,10159000000.0,35.005439602301884,19.987621980486413,32.91729337266531,2024-11
zelk12/MT1-Gen5-gemma-2-9B,2024-12-24,excluded,10159000000.0,33.556617199966034,18.0388158786917,30.58700830957699,2024-12
zelk12/MT1-gemma-2-9B,2024-10-14,excluded,10159000000.0,34.86746462523027,20.221890456896336,33.137240338617225,2024-10
zelk12/MT2-Gen1-gemma-2-9B,2024-10-27,excluded,10159000000.0,34.46173377708927,19.48899706907787,32.3048148524567,2024-10
zelk12/MT2-Gen2-gemma-2-9B,2024-11-12,excluded,10159000000.0,34.64186698980044,20.309875986067212,33.16773660674094,2024-11
zelk12/MT2-Gen3-gemma-2-9B,2024-12-04,excluded,10159000000.0,34.26447113111225,19.993964326183512,32.68606336750048,2024-12
zelk12/MT2-Gen4-gemma-2-9B,2024-12-15,excluded,10159000000.0,34.202321593914604,18.91144697024135,31.737943596687263,2024-12
zelk12/MT2-Gen5-gemma-2-9B,2024-12-25,excluded,10159000000.0,34.04923355550058,19.11933992307517,31.551270169149507,2024-12
zelk12/MT2-Gen6-gemma-2-9B,2025-02-05,excluded,10159000000.0,20.837841635914646,17.265189983014977,19.529311801226594,2025-02
zelk12/MT2-Max-Merge_02012025163610-gemma-2-9B,2025-01-07,excluded,10159000000.0,34.675340724715895,20.525009974335763,33.47657453363509,2025-01
zelk12/MT3-Gen1-gemma-2-9B,2024-10-28,excluded,10159000000.0,34.08858123026874,18.161967181251047,30.974525911158,2024-10
zelk12/MT3-Gen2-gemma-2-9B,2024-11-20,excluded,10159000000.0,34.34982932139744,18.243883678803677,31.030588312997203,2024-11
zelk12/MT3-Gen3-gemma-2-9B,2024-12-07,excluded,10159000000.0,34.43703358555928,19.366634104623003,32.1307365928606,2024-12
zelk12/MT3-Gen4-gemma-2-9B,2024-12-16,excluded,10159000000.0,34.517532467321914,21.641144469685358,34.14714666343696,2024-12
zelk12/MT3-Gen5-gemma-2-9B,2024-12-26,excluded,10159000000.0,34.7576818343369,19.083225254853975,32.04264896962409,2024-12
zelk12/MT3-Gen5-gemma-2-9B_v1,2024-12-27,excluded,10159000000.0,34.734556510838615,19.64131768712553,32.65782607233372,2024-12
zelk12/MT3-Gen6-gemma-2-9B,2025-02-12,excluded,10159000000.0,21.10285538804693,18.468802820607724,20.984008080557924,2025-02
zelk12/MT3-Max-Merge_02012025163610-gemma-2-9B,2025-01-09,excluded,10159000000.0,22.46770825046867,19.21236897617716,21.93848883730596,2025-01
zelk12/MT3-gemma-2-9B,2024-10-16,excluded,10159000000.0,34.21556543403697,19.173396195991174,31.96738391547415,2024-10
zelk12/MT4-Gen2-gemma-2-9B,2024-11-22,excluded,10159000000.0,35.05354383653148,20.312265861006807,33.47734060623387,2024-11
zelk12/MT4-Gen3-gemma-2-9B,2024-12-08,excluded,10159000000.0,34.3726822248935,20.115666091154015,32.92707075483112,2024-12
zelk12/MT4-Gen5-gemma-2-9B,2024-12-28,excluded,10159000000.0,34.72051149657049,20.586454956754444,33.22814293022455,2024-12
zelk12/MT4-gemma-2-9B,2024-10-20,excluded,10159000000.0,34.02640198293455,20.106681907152197,32.84035054486659,2024-10
zelk12/MT5-Gen1-gemma-2-9B,2024-10-31,excluded,10159000000.0,34.44043157912841,19.015891832175864,31.757048448855794,2024-10
zelk12/MT5-Gen2-gemma-2-9B,2024-11-23,excluded,10159000000.0,34.55154984197392,19.392152619992665,32.38117321793538,2024-11
zelk12/MT5-Gen3-gemma-2-9B,2024-12-08,excluded,10159000000.0,34.48864530182997,19.752257486891146,32.54087671471257,2024-12
zelk12/MT5-gemma-2-9B,2024-10-21,excluded,10159000000.0,34.77304917830787,19.201481006310182,32.305213095182324,2024-10
zelk12/MTM-Merge-gemma-2-9B,2025-01-01,excluded,10159000000.0,34.61498534418492,20.804154489164084,33.46769764990359,2025-01
zelk12/Rv0.4DMv1t0.25-gemma-2-9B,2024-12-31,excluded,10159000000.0,34.11401781690754,20.844218341895388,33.11266997059118,2024-12
zelk12/Test01012025155054t0.5_gemma-2,2025-01-01,excluded,3817000000.0,3.591417057729718,1.0464907089900308,3.5914170577297178,2025-01
zelk12/gemma-2-S2MTM-9B,2024-12-11,excluded,10159000000.0,33.89283041556518,18.475306904409987,31.064497938897954,2024-12
zelk12/recoilme-gemma-2-Gutenberg-Doppel-9B-v0.1,2024-10-07,excluded,10159000000.0,33.904825121052134,18.771018299654266,31.310665513230653,2024-10
zelk12/recoilme-gemma-2-Ifable-9B-v0.1,2024-10-07,excluded,10159000000.0,34.40699088269145,18.928926881753913,31.91480850502516,2024-10
zelk12/recoilme-gemma-2-psy10k-mental_healt-9B-v0.1,2024-10-07,excluded,10159000000.0,32.586530614782504,19.438579288915566,31.803838274197705,2024-10
zetasepic/Qwen2.5-32B-Instruct-abliterated-v2,2024-12-07,chat,32764000000.000004,46.88867299768722,24.48989897429666,37.04764396584178,2024-12
zetasepic/Qwen2.5-72B-Instruct-abliterated,2024-11-08,chat,72706000000.0,46.33795303791254,34.93866513805865,44.91875643361137,2024-11
